user_id,percentage,Student_Rank
3,100.00,1
4,100.00,1
4,100.00,1
4,100.00,1
5,100.00,1
6,100.00,1
8,100.00,1
12,100.00,1
12,100.00,1
12,100.00,1
16,100.00,1
16,100.00,1
18,100.00,1
18,100.00,1
20,100.00,1
21,100.00,1
21,100.00,1
22,100.00,1
23,100.00,1
23,100.00,1
25,100.00,1
29,100.00,1
29,100.00,1
32,100.00,1
33,100.00,1
34,100.00,1
35,100.00,1
35,100.00,1
36,100.00,1
42,100.00,1
44,100.00,1
48,100.00,1
51,100.00,1
52,100.00,1
53,100.00,1
53,100.00,1
53,100.00,1
54,100.00,1
54,100.00,1
54,100.00,1
55,100.00,1
56,100.00,1
58,100.00,1
60,100.00,1
65,100.00,1
66,100.00,1
66,100.00,1
67,100.00,1
68,100.00,1
68,100.00,1
70,100.00,1
70,100.00,1
70,100.00,1
71,100.00,1
72,100.00,1
72,100.00,1
74,100.00,1
74,100.00,1
74,100.00,1
78,100.00,1
78,100.00,1
79,100.00,1
80,100.00,1
81,100.00,1
84,100.00,1
84,100.00,1
85,100.00,1
86,100.00,1
87,100.00,1
88,100.00,1
90,100.00,1
90,100.00,1
91,100.00,1
91,100.00,1
94,100.00,1
94,100.00,1
95,100.00,1
97,100.00,1
98,100.00,1
99,100.00,1
102,100.00,1
103,100.00,1
106,100.00,1
108,100.00,1
109,100.00,1
109,100.00,1
110,100.00,1
111,100.00,1
114,100.00,1
114,100.00,1
115,100.00,1
116,100.00,1
119,100.00,1
120,100.00,1
120,100.00,1
123,100.00,1
124,100.00,1
125,100.00,1
125,100.00,1
127,100.00,1
130,100.00,1
131,100.00,1
131,100.00,1
133,100.00,1
134,100.00,1
134,100.00,1
135,100.00,1
137,100.00,1
139,100.00,1
140,100.00,1
141,100.00,1
142,100.00,1
144,100.00,1
148,100.00,1
149,100.00,1
149,100.00,1
149,100.00,1
150,100.00,1
150,100.00,1
151,100.00,1
153,100.00,1
154,100.00,1
154,100.00,1
154,100.00,1
155,100.00,1
155,100.00,1
4,100.00,1
4,100.00,1
4,100.00,1
5,100.00,1
6,100.00,1
8,100.00,1
12,100.00,1
12,100.00,1
12,100.00,1
16,100.00,1
16,100.00,1
18,100.00,1
18,100.00,1
20,100.00,1
21,100.00,1
21,100.00,1
22,100.00,1
23,100.00,1
23,100.00,1
25,100.00,1
29,100.00,1
29,100.00,1
32,100.00,1
33,100.00,1
34,100.00,1
35,100.00,1
35,100.00,1
36,100.00,1
42,100.00,1
44,100.00,1
48,100.00,1
51,100.00,1
52,100.00,1
53,100.00,1
53,100.00,1
53,100.00,1
54,100.00,1
54,100.00,1
54,100.00,1
55,100.00,1
56,100.00,1
58,100.00,1
60,100.00,1
65,100.00,1
66,100.00,1
66,100.00,1
67,100.00,1
68,100.00,1
68,100.00,1
70,100.00,1
70,100.00,1
70,100.00,1
71,100.00,1
72,100.00,1
72,100.00,1
74,100.00,1
74,100.00,1
74,100.00,1
78,100.00,1
78,100.00,1
79,100.00,1
80,100.00,1
81,100.00,1
84,100.00,1
84,100.00,1
85,100.00,1
86,100.00,1
87,100.00,1
88,100.00,1
90,100.00,1
90,100.00,1
91,100.00,1
91,100.00,1
94,100.00,1
94,100.00,1
95,100.00,1
97,100.00,1
98,100.00,1
99,100.00,1
102,100.00,1
103,100.00,1
106,100.00,1
108,100.00,1
109,100.00,1
109,100.00,1
110,100.00,1
111,100.00,1
114,100.00,1
114,100.00,1
115,100.00,1
116,100.00,1
119,100.00,1
120,100.00,1
120,100.00,1
123,100.00,1
124,100.00,1
125,100.00,1
125,100.00,1
127,100.00,1
130,100.00,1
131,100.00,1
131,100.00,1
133,100.00,1
134,100.00,1
134,100.00,1
135,100.00,1
137,100.00,1
139,100.00,1
140,100.00,1
141,100.00,1
142,100.00,1
144,100.00,1
148,100.00,1
149,100.00,1
149,100.00,1
149,100.00,1
150,100.00,1
150,100.00,1
151,100.00,1
153,100.00,1
154,100.00,1
154,100.00,1
154,100.00,1
155,100.00,1
155,100.00,1
165,100.00,1
165,100.00,1
165,100.00,1
166,100.00,1
166,100.00,1
167,100.00,1
168,100.00,1
168,100.00,1
170,100.00,1
171,100.00,1
175,100.00,1
175,100.00,1
178,100.00,1
180,100.00,1
182,100.00,1
182,100.00,1
183,100.00,1
184,100.00,1
187,100.00,1
188,100.00,1
189,100.00,1
191,100.00,1
192,100.00,1
193,100.00,1
196,100.00,1
198,100.00,1
199,100.00,1
200,100.00,1
200,100.00,1
201,100.00,1
201,100.00,1
201,100.00,1
203,100.00,1
205,100.00,1
206,100.00,1
207,100.00,1
209,100.00,1
210,100.00,1
213,100.00,1
215,100.00,1
216,100.00,1
216,100.00,1
217,100.00,1
218,100.00,1
218,100.00,1
219,100.00,1
219,100.00,1
220,100.00,1
220,100.00,1
221,100.00,1
221,100.00,1
222,100.00,1
223,100.00,1
226,100.00,1
227,100.00,1
229,100.00,1
230,100.00,1
233,100.00,1
234,100.00,1
235,100.00,1
235,100.00,1
236,100.00,1
237,100.00,1
237,100.00,1
238,100.00,1
239,100.00,1
240,100.00,1
240,100.00,1
241,100.00,1
242,100.00,1
245,100.00,1
246,100.00,1
247,100.00,1
247,100.00,1
249,100.00,1
251,100.00,1
253,100.00,1
254,100.00,1
255,100.00,1
255,100.00,1
256,100.00,1
257,100.00,1
259,100.00,1
259,100.00,1
264,100.00,1
264,100.00,1
266,100.00,1
266,100.00,1
268,100.00,1
271,100.00,1
274,100.00,1
276,100.00,1
277,100.00,1
277,100.00,1
279,100.00,1
282,100.00,1
283,100.00,1
283,100.00,1
284,100.00,1
286,100.00,1
289,100.00,1
289,100.00,1
290,100.00,1
291,100.00,1
293,100.00,1
293,100.00,1
297,100.00,1
298,100.00,1
298,100.00,1
300,100.00,1
302,100.00,1
303,100.00,1
304,100.00,1
306,100.00,1
308,100.00,1
311,100.00,1
311,100.00,1
311,100.00,1
311,100.00,1
312,100.00,1
315,100.00,1
316,100.00,1
318,100.00,1
318,100.00,1
321,100.00,1
323,100.00,1
323,100.00,1
323,100.00,1
326,100.00,1
326,100.00,1
327,100.00,1
329,100.00,1
330,100.00,1
331,100.00,1
334,100.00,1
334,100.00,1
336,100.00,1
337,100.00,1
339,100.00,1
339,100.00,1
342,100.00,1
343,100.00,1
345,100.00,1
348,100.00,1
350,100.00,1
351,100.00,1
353,100.00,1
356,100.00,1
357,100.00,1
357,100.00,1
359,100.00,1
359,100.00,1
360,100.00,1
361,100.00,1
361,100.00,1
362,100.00,1
363,100.00,1
365,100.00,1
366,100.00,1
369,100.00,1
371,100.00,1
373,100.00,1
373,100.00,1
374,100.00,1
375,100.00,1
376,100.00,1
376,100.00,1
377,100.00,1
378,100.00,1
379,100.00,1
379,100.00,1
381,100.00,1
381,100.00,1
383,100.00,1
385,100.00,1
386,100.00,1
387,100.00,1
388,100.00,1
391,100.00,1
391,100.00,1
391,100.00,1
391,100.00,1
394,100.00,1
400,100.00,1
400,100.00,1
401,100.00,1
402,100.00,1
402,100.00,1
403,100.00,1
403,100.00,1
403,100.00,1
404,100.00,1
405,100.00,1
405,100.00,1
405,100.00,1
407,100.00,1
407,100.00,1
409,100.00,1
409,100.00,1
410,100.00,1
412,100.00,1
412,100.00,1
413,100.00,1
414,100.00,1
416,100.00,1
416,100.00,1
416,100.00,1
420,100.00,1
423,100.00,1
423,100.00,1
424,100.00,1
426,100.00,1
427,100.00,1
428,100.00,1
430,100.00,1
430,100.00,1
432,100.00,1
432,100.00,1
433,100.00,1
434,100.00,1
436,100.00,1
436,100.00,1
440,100.00,1
441,100.00,1
441,100.00,1
441,100.00,1
444,100.00,1
446,100.00,1
448,100.00,1
448,100.00,1
450,100.00,1
450,100.00,1
451,100.00,1
451,100.00,1
451,100.00,1
452,100.00,1
457,100.00,1
458,100.00,1
458,100.00,1
459,100.00,1
460,100.00,1
463,100.00,1
463,100.00,1
464,100.00,1
466,100.00,1
466,100.00,1
470,100.00,1
471,100.00,1
471,100.00,1
471,100.00,1
472,100.00,1
473,100.00,1
473,100.00,1
474,100.00,1
474,100.00,1
475,100.00,1
475,100.00,1
476,100.00,1
476,100.00,1
478,100.00,1
480,100.00,1
480,100.00,1
481,100.00,1
483,100.00,1
484,100.00,1
486,100.00,1
486,100.00,1
489,100.00,1
491,100.00,1
491,100.00,1
492,100.00,1
499,100.00,1
502,100.00,1
503,100.00,1
503,100.00,1
505,100.00,1
506,100.00,1
506,100.00,1
508,100.00,1
509,100.00,1
509,100.00,1
510,100.00,1
511,100.00,1
511,100.00,1
514,100.00,1
516,100.00,1
517,100.00,1
517,100.00,1
518,100.00,1
523,100.00,1
524,100.00,1
524,100.00,1
525,100.00,1
525,100.00,1
530,100.00,1
530,100.00,1
531,100.00,1
531,100.00,1
534,100.00,1
535,100.00,1
535,100.00,1
537,100.00,1
540,100.00,1
542,100.00,1
542,100.00,1
542,100.00,1
542,100.00,1
542,100.00,1
542,100.00,1
544,100.00,1
548,100.00,1
548,100.00,1
550,100.00,1
550,100.00,1
555,100.00,1
556,100.00,1
558,100.00,1
560,100.00,1
561,100.00,1
563,100.00,1
564,100.00,1
565,100.00,1
566,100.00,1
568,100.00,1
571,100.00,1
573,100.00,1
575,100.00,1
577,100.00,1
578,100.00,1
579,100.00,1
581,100.00,1
582,100.00,1
582,100.00,1
584,100.00,1
586,100.00,1
586,100.00,1
590,100.00,1
591,100.00,1
593,100.00,1
593,100.00,1
594,100.00,1
594,100.00,1
596,100.00,1
596,100.00,1
596,100.00,1
597,100.00,1
598,100.00,1
598,100.00,1
599,100.00,1
602,100.00,1
603,100.00,1
603,100.00,1
604,100.00,1
606,100.00,1
606,100.00,1
608,100.00,1
609,100.00,1
609,100.00,1
611,100.00,1
611,100.00,1
612,100.00,1
614,100.00,1
616,100.00,1
617,100.00,1
618,100.00,1
619,100.00,1
619,100.00,1
620,100.00,1
624,100.00,1
624,100.00,1
628,100.00,1
629,100.00,1
630,100.00,1
633,100.00,1
634,100.00,1
634,100.00,1
636,100.00,1
636,100.00,1
638,100.00,1
639,100.00,1
643,100.00,1
645,100.00,1
650,100.00,1
650,100.00,1
654,100.00,1
654,100.00,1
655,100.00,1
656,100.00,1
656,100.00,1
656,100.00,1
657,100.00,1
657,100.00,1
658,100.00,1
659,100.00,1
660,100.00,1
662,100.00,1
662,100.00,1
663,100.00,1
664,100.00,1
665,100.00,1
665,100.00,1
666,100.00,1
669,100.00,1
670,100.00,1
670,100.00,1
672,100.00,1
676,100.00,1
676,100.00,1
677,100.00,1
677,100.00,1
677,100.00,1
679,100.00,1
679,100.00,1
683,100.00,1
684,100.00,1
686,100.00,1
686,100.00,1
687,100.00,1
687,100.00,1
691,100.00,1
692,100.00,1
693,100.00,1
694,100.00,1
695,100.00,1
697,100.00,1
699,100.00,1
699,100.00,1
701,100.00,1
703,100.00,1
706,100.00,1
706,100.00,1
711,100.00,1
713,100.00,1
713,100.00,1
714,100.00,1
714,100.00,1
714,100.00,1
717,100.00,1
717,100.00,1
717,100.00,1
718,100.00,1
722,100.00,1
722,100.00,1
723,100.00,1
723,100.00,1
723,100.00,1
725,100.00,1
725,100.00,1
726,100.00,1
729,100.00,1
730,100.00,1
730,100.00,1
731,100.00,1
732,100.00,1
733,100.00,1
733,100.00,1
734,100.00,1
734,100.00,1
738,100.00,1
739,100.00,1
740,100.00,1
745,100.00,1
746,100.00,1
749,100.00,1
750,100.00,1
752,100.00,1
753,100.00,1
755,100.00,1
757,100.00,1
758,100.00,1
760,100.00,1
760,100.00,1
760,100.00,1
761,100.00,1
761,100.00,1
764,100.00,1
764,100.00,1
766,100.00,1
766,100.00,1
768,100.00,1
770,100.00,1
770,100.00,1
772,100.00,1
773,100.00,1
774,100.00,1
776,100.00,1
782,100.00,1
786,100.00,1
787,100.00,1
788,100.00,1
790,100.00,1
790,100.00,1
792,100.00,1
794,100.00,1
794,100.00,1
796,100.00,1
797,100.00,1
799,100.00,1
800,100.00,1
802,100.00,1
804,100.00,1
805,100.00,1
806,100.00,1
807,100.00,1
808,100.00,1
809,100.00,1
810,100.00,1
815,100.00,1
816,100.00,1
816,100.00,1
819,100.00,1
821,100.00,1
822,100.00,1
823,100.00,1
823,100.00,1
824,100.00,1
825,100.00,1
827,100.00,1
828,100.00,1
830,100.00,1
830,100.00,1
831,100.00,1
832,100.00,1
834,100.00,1
834,100.00,1
834,100.00,1
835,100.00,1
836,100.00,1
838,100.00,1
839,100.00,1
840,100.00,1
842,100.00,1
846,100.00,1
846,100.00,1
846,100.00,1
846,100.00,1
847,100.00,1
848,100.00,1
849,100.00,1
850,100.00,1
851,100.00,1
852,100.00,1
854,100.00,1
854,100.00,1
857,100.00,1
858,100.00,1
858,100.00,1
859,100.00,1
860,100.00,1
867,100.00,1
867,100.00,1
872,100.00,1
872,100.00,1
873,100.00,1
874,100.00,1
875,100.00,1
876,100.00,1
877,100.00,1
878,100.00,1
880,100.00,1
881,100.00,1
881,100.00,1
882,100.00,1
882,100.00,1
884,100.00,1
885,100.00,1
886,100.00,1
888,100.00,1
889,100.00,1
889,100.00,1
894,100.00,1
894,100.00,1
895,100.00,1
896,100.00,1
896,100.00,1
896,100.00,1
897,100.00,1
899,100.00,1
900,100.00,1
902,100.00,1
903,100.00,1
903,100.00,1
903,100.00,1
904,100.00,1
906,100.00,1
906,100.00,1
909,100.00,1
910,100.00,1
910,100.00,1
911,100.00,1
914,100.00,1
915,100.00,1
916,100.00,1
916,100.00,1
917,100.00,1
917,100.00,1
918,100.00,1
919,100.00,1
920,100.00,1
921,100.00,1
921,100.00,1
922,100.00,1
924,100.00,1
925,100.00,1
926,100.00,1
926,100.00,1
928,100.00,1
928,100.00,1
929,100.00,1
931,100.00,1
936,100.00,1
936,100.00,1
936,100.00,1
940,100.00,1
940,100.00,1
941,100.00,1
941,100.00,1
944,100.00,1
944,100.00,1
946,100.00,1
947,100.00,1
947,100.00,1
949,100.00,1
950,100.00,1
951,100.00,1
951,100.00,1
954,100.00,1
954,100.00,1
958,100.00,1
959,100.00,1
960,100.00,1
960,100.00,1
961,100.00,1
963,100.00,1
966,100.00,1
967,100.00,1
968,100.00,1
971,100.00,1
971,100.00,1
975,100.00,1
975,100.00,1
977,100.00,1
978,100.00,1
980,100.00,1
982,100.00,1
987,100.00,1
987,100.00,1
987,100.00,1
988,100.00,1
990,100.00,1
991,100.00,1
992,100.00,1
992,100.00,1
993,100.00,1
996,100.00,1
996,100.00,1
996,100.00,1
996,100.00,1
997,100.00,1
998,100.00,1
998,100.00,1
1000,100.00,1
6,95.00,914
1,95.00,914
1,95.00,914
2,95.00,914
3,95.00,914
3,95.00,914
5,95.00,914
6,95.00,914
8,95.00,914
10,95.00,914
11,95.00,914
11,95.00,914
13,95.00,914
14,95.00,914
15,95.00,914
18,95.00,914
19,95.00,914
19,95.00,914
23,95.00,914
25,95.00,914
25,95.00,914
25,95.00,914
27,95.00,914
29,95.00,914
31,95.00,914
31,95.00,914
36,95.00,914
36,95.00,914
36,95.00,914
37,95.00,914
37,95.00,914
41,95.00,914
44,95.00,914
46,95.00,914
46,95.00,914
49,95.00,914
49,95.00,914
50,95.00,914
52,95.00,914
53,95.00,914
54,95.00,914
54,95.00,914
58,95.00,914
60,95.00,914
60,95.00,914
60,95.00,914
60,95.00,914
62,95.00,914
62,95.00,914
63,95.00,914
66,95.00,914
69,95.00,914
69,95.00,914
70,95.00,914
71,95.00,914
73,95.00,914
73,95.00,914
75,95.00,914
76,95.00,914
76,95.00,914
78,95.00,914
79,95.00,914
79,95.00,914
81,95.00,914
85,95.00,914
87,95.00,914
88,95.00,914
88,95.00,914
89,95.00,914
90,95.00,914
90,95.00,914
93,95.00,914
93,95.00,914
94,95.00,914
97,95.00,914
98,95.00,914
98,95.00,914
99,95.00,914
100,95.00,914
101,95.00,914
101,95.00,914
102,95.00,914
102,95.00,914
103,95.00,914
103,95.00,914
103,95.00,914
105,95.00,914
105,95.00,914
111,95.00,914
113,95.00,914
113,95.00,914
114,95.00,914
116,95.00,914
117,95.00,914
117,95.00,914
118,95.00,914
122,95.00,914
126,95.00,914
127,95.00,914
128,95.00,914
129,95.00,914
130,95.00,914
131,95.00,914
133,95.00,914
134,95.00,914
134,95.00,914
136,95.00,914
137,95.00,914
138,95.00,914
140,95.00,914
140,95.00,914
141,95.00,914
146,95.00,914
147,95.00,914
148,95.00,914
148,95.00,914
150,95.00,914
152,95.00,914
152,95.00,914
154,95.00,914
155,95.00,914
156,95.00,914
158,95.00,914
160,95.00,914
160,95.00,914
161,95.00,914
161,95.00,914
1,95.00,914
1,95.00,914
2,95.00,914
3,95.00,914
3,95.00,914
5,95.00,914
6,95.00,914
8,95.00,914
10,95.00,914
11,95.00,914
11,95.00,914
13,95.00,914
14,95.00,914
15,95.00,914
18,95.00,914
19,95.00,914
19,95.00,914
23,95.00,914
25,95.00,914
25,95.00,914
25,95.00,914
27,95.00,914
29,95.00,914
31,95.00,914
31,95.00,914
36,95.00,914
36,95.00,914
36,95.00,914
37,95.00,914
37,95.00,914
41,95.00,914
44,95.00,914
46,95.00,914
46,95.00,914
49,95.00,914
49,95.00,914
50,95.00,914
52,95.00,914
53,95.00,914
54,95.00,914
54,95.00,914
58,95.00,914
60,95.00,914
60,95.00,914
60,95.00,914
60,95.00,914
62,95.00,914
62,95.00,914
63,95.00,914
66,95.00,914
69,95.00,914
69,95.00,914
70,95.00,914
71,95.00,914
73,95.00,914
73,95.00,914
75,95.00,914
76,95.00,914
76,95.00,914
78,95.00,914
79,95.00,914
79,95.00,914
81,95.00,914
85,95.00,914
87,95.00,914
88,95.00,914
88,95.00,914
89,95.00,914
90,95.00,914
90,95.00,914
93,95.00,914
93,95.00,914
94,95.00,914
97,95.00,914
98,95.00,914
98,95.00,914
99,95.00,914
100,95.00,914
101,95.00,914
101,95.00,914
102,95.00,914
102,95.00,914
103,95.00,914
103,95.00,914
103,95.00,914
105,95.00,914
105,95.00,914
111,95.00,914
113,95.00,914
113,95.00,914
114,95.00,914
116,95.00,914
117,95.00,914
117,95.00,914
118,95.00,914
122,95.00,914
126,95.00,914
127,95.00,914
128,95.00,914
129,95.00,914
130,95.00,914
131,95.00,914
133,95.00,914
134,95.00,914
134,95.00,914
136,95.00,914
137,95.00,914
138,95.00,914
140,95.00,914
140,95.00,914
141,95.00,914
146,95.00,914
147,95.00,914
148,95.00,914
148,95.00,914
150,95.00,914
152,95.00,914
152,95.00,914
154,95.00,914
155,95.00,914
156,95.00,914
158,95.00,914
160,95.00,914
160,95.00,914
161,95.00,914
161,95.00,914
162,95.00,914
169,95.00,914
169,95.00,914
171,95.00,914
172,95.00,914
174,95.00,914
175,95.00,914
175,95.00,914
176,95.00,914
178,95.00,914
178,95.00,914
180,95.00,914
183,95.00,914
184,95.00,914
185,95.00,914
186,95.00,914
187,95.00,914
192,95.00,914
193,95.00,914
194,95.00,914
195,95.00,914
196,95.00,914
197,95.00,914
199,95.00,914
205,95.00,914
207,95.00,914
208,95.00,914
211,95.00,914
212,95.00,914
212,95.00,914
213,95.00,914
214,95.00,914
216,95.00,914
218,95.00,914
218,95.00,914
219,95.00,914
219,95.00,914
223,95.00,914
226,95.00,914
227,95.00,914
227,95.00,914
228,95.00,914
231,95.00,914
234,95.00,914
235,95.00,914
235,95.00,914
237,95.00,914
237,95.00,914
241,95.00,914
241,95.00,914
242,95.00,914
244,95.00,914
244,95.00,914
244,95.00,914
246,95.00,914
250,95.00,914
251,95.00,914
251,95.00,914
252,95.00,914
253,95.00,914
254,95.00,914
254,95.00,914
254,95.00,914
257,95.00,914
257,95.00,914
260,95.00,914
263,95.00,914
266,95.00,914
268,95.00,914
268,95.00,914
271,95.00,914
274,95.00,914
278,95.00,914
280,95.00,914
281,95.00,914
282,95.00,914
282,95.00,914
283,95.00,914
284,95.00,914
285,95.00,914
286,95.00,914
287,95.00,914
287,95.00,914
287,95.00,914
289,95.00,914
289,95.00,914
291,95.00,914
291,95.00,914
291,95.00,914
292,95.00,914
293,95.00,914
294,95.00,914
294,95.00,914
295,95.00,914
296,95.00,914
299,95.00,914
299,95.00,914
300,95.00,914
303,95.00,914
303,95.00,914
303,95.00,914
307,95.00,914
307,95.00,914
308,95.00,914
309,95.00,914
310,95.00,914
310,95.00,914
312,95.00,914
314,95.00,914
316,95.00,914
316,95.00,914
317,95.00,914
319,95.00,914
321,95.00,914
321,95.00,914
323,95.00,914
325,95.00,914
325,95.00,914
326,95.00,914
328,95.00,914
330,95.00,914
331,95.00,914
333,95.00,914
335,95.00,914
336,95.00,914
336,95.00,914
336,95.00,914
337,95.00,914
339,95.00,914
340,95.00,914
340,95.00,914
342,95.00,914
342,95.00,914
343,95.00,914
343,95.00,914
345,95.00,914
348,95.00,914
348,95.00,914
351,95.00,914
352,95.00,914
354,95.00,914
356,95.00,914
357,95.00,914
357,95.00,914
357,95.00,914
358,95.00,914
361,95.00,914
362,95.00,914
362,95.00,914
366,95.00,914
369,95.00,914
372,95.00,914
372,95.00,914
373,95.00,914
375,95.00,914
375,95.00,914
375,95.00,914
377,95.00,914
378,95.00,914
379,95.00,914
382,95.00,914
382,95.00,914
383,95.00,914
384,95.00,914
386,95.00,914
386,95.00,914
386,95.00,914
387,95.00,914
389,95.00,914
390,95.00,914
391,95.00,914
394,95.00,914
395,95.00,914
397,95.00,914
400,95.00,914
402,95.00,914
403,95.00,914
404,95.00,914
406,95.00,914
406,95.00,914
406,95.00,914
408,95.00,914
410,95.00,914
410,95.00,914
412,95.00,914
412,95.00,914
413,95.00,914
413,95.00,914
414,95.00,914
417,95.00,914
419,95.00,914
419,95.00,914
420,95.00,914
421,95.00,914
422,95.00,914
423,95.00,914
425,95.00,914
425,95.00,914
427,95.00,914
428,95.00,914
428,95.00,914
429,95.00,914
434,95.00,914
434,95.00,914
437,95.00,914
437,95.00,914
439,95.00,914
439,95.00,914
439,95.00,914
439,95.00,914
440,95.00,914
441,95.00,914
441,95.00,914
442,95.00,914
444,95.00,914
444,95.00,914
446,95.00,914
446,95.00,914
447,95.00,914
450,95.00,914
451,95.00,914
452,95.00,914
453,95.00,914
453,95.00,914
454,95.00,914
455,95.00,914
455,95.00,914
457,95.00,914
457,95.00,914
461,95.00,914
461,95.00,914
461,95.00,914
463,95.00,914
467,95.00,914
471,95.00,914
475,95.00,914
477,95.00,914
477,95.00,914
477,95.00,914
477,95.00,914
480,95.00,914
481,95.00,914
482,95.00,914
483,95.00,914
483,95.00,914
484,95.00,914
485,95.00,914
485,95.00,914
485,95.00,914
485,95.00,914
487,95.00,914
488,95.00,914
488,95.00,914
489,95.00,914
490,95.00,914
490,95.00,914
493,95.00,914
494,95.00,914
495,95.00,914
496,95.00,914
496,95.00,914
502,95.00,914
505,95.00,914
508,95.00,914
509,95.00,914
513,95.00,914
513,95.00,914
514,95.00,914
515,95.00,914
515,95.00,914
516,95.00,914
517,95.00,914
518,95.00,914
520,95.00,914
522,95.00,914
522,95.00,914
526,95.00,914
526,95.00,914
530,95.00,914
531,95.00,914
532,95.00,914
533,95.00,914
533,95.00,914
533,95.00,914
535,95.00,914
535,95.00,914
536,95.00,914
540,95.00,914
544,95.00,914
545,95.00,914
545,95.00,914
547,95.00,914
549,95.00,914
549,95.00,914
550,95.00,914
552,95.00,914
552,95.00,914
553,95.00,914
554,95.00,914
555,95.00,914
556,95.00,914
557,95.00,914
559,95.00,914
559,95.00,914
561,95.00,914
562,95.00,914
563,95.00,914
564,95.00,914
564,95.00,914
566,95.00,914
567,95.00,914
568,95.00,914
568,95.00,914
569,95.00,914
569,95.00,914
569,95.00,914
574,95.00,914
577,95.00,914
578,95.00,914
579,95.00,914
580,95.00,914
580,95.00,914
580,95.00,914
581,95.00,914
583,95.00,914
584,95.00,914
584,95.00,914
586,95.00,914
587,95.00,914
587,95.00,914
587,95.00,914
588,95.00,914
588,95.00,914
588,95.00,914
589,95.00,914
590,95.00,914
590,95.00,914
591,95.00,914
591,95.00,914
593,95.00,914
595,95.00,914
595,95.00,914
596,95.00,914
596,95.00,914
597,95.00,914
598,95.00,914
598,95.00,914
599,95.00,914
599,95.00,914
600,95.00,914
602,95.00,914
604,95.00,914
609,95.00,914
612,95.00,914
612,95.00,914
613,95.00,914
613,95.00,914
616,95.00,914
616,95.00,914
617,95.00,914
619,95.00,914
620,95.00,914
622,95.00,914
622,95.00,914
622,95.00,914
625,95.00,914
627,95.00,914
629,95.00,914
629,95.00,914
630,95.00,914
632,95.00,914
632,95.00,914
635,95.00,914
637,95.00,914
637,95.00,914
640,95.00,914
640,95.00,914
644,95.00,914
645,95.00,914
649,95.00,914
649,95.00,914
651,95.00,914
656,95.00,914
657,95.00,914
657,95.00,914
659,95.00,914
659,95.00,914
660,95.00,914
664,95.00,914
664,95.00,914
664,95.00,914
665,95.00,914
666,95.00,914
666,95.00,914
668,95.00,914
669,95.00,914
671,95.00,914
673,95.00,914
673,95.00,914
673,95.00,914
677,95.00,914
679,95.00,914
680,95.00,914
681,95.00,914
682,95.00,914
682,95.00,914
682,95.00,914
688,95.00,914
688,95.00,914
691,95.00,914
692,95.00,914
693,95.00,914
694,95.00,914
696,95.00,914
696,95.00,914
700,95.00,914
702,95.00,914
703,95.00,914
704,95.00,914
704,95.00,914
705,95.00,914
705,95.00,914
707,95.00,914
709,95.00,914
710,95.00,914
713,95.00,914
716,95.00,914
716,95.00,914
717,95.00,914
718,95.00,914
719,95.00,914
721,95.00,914
721,95.00,914
723,95.00,914
725,95.00,914
725,95.00,914
726,95.00,914
727,95.00,914
727,95.00,914
730,95.00,914
730,95.00,914
732,95.00,914
734,95.00,914
734,95.00,914
735,95.00,914
735,95.00,914
736,95.00,914
736,95.00,914
738,95.00,914
739,95.00,914
743,95.00,914
744,95.00,914
745,95.00,914
746,95.00,914
746,95.00,914
747,95.00,914
748,95.00,914
749,95.00,914
749,95.00,914
752,95.00,914
753,95.00,914
754,95.00,914
755,95.00,914
758,95.00,914
758,95.00,914
759,95.00,914
759,95.00,914
759,95.00,914
761,95.00,914
763,95.00,914
763,95.00,914
765,95.00,914
766,95.00,914
768,95.00,914
772,95.00,914
772,95.00,914
773,95.00,914
774,95.00,914
775,95.00,914
775,95.00,914
775,95.00,914
776,95.00,914
779,95.00,914
780,95.00,914
781,95.00,914
783,95.00,914
786,95.00,914
786,95.00,914
788,95.00,914
788,95.00,914
789,95.00,914
789,95.00,914
792,95.00,914
792,95.00,914
794,95.00,914
795,95.00,914
796,95.00,914
796,95.00,914
797,95.00,914
797,95.00,914
798,95.00,914
801,95.00,914
801,95.00,914
802,95.00,914
803,95.00,914
804,95.00,914
804,95.00,914
804,95.00,914
804,95.00,914
805,95.00,914
805,95.00,914
805,95.00,914
807,95.00,914
808,95.00,914
814,95.00,914
814,95.00,914
815,95.00,914
817,95.00,914
818,95.00,914
818,95.00,914
819,95.00,914
819,95.00,914
819,95.00,914
821,95.00,914
821,95.00,914
822,95.00,914
824,95.00,914
826,95.00,914
828,95.00,914
829,95.00,914
832,95.00,914
832,95.00,914
835,95.00,914
836,95.00,914
837,95.00,914
838,95.00,914
842,95.00,914
844,95.00,914
845,95.00,914
845,95.00,914
846,95.00,914
847,95.00,914
848,95.00,914
849,95.00,914
851,95.00,914
854,95.00,914
854,95.00,914
855,95.00,914
855,95.00,914
861,95.00,914
862,95.00,914
863,95.00,914
863,95.00,914
866,95.00,914
867,95.00,914
869,95.00,914
869,95.00,914
870,95.00,914
871,95.00,914
871,95.00,914
871,95.00,914
873,95.00,914
875,95.00,914
876,95.00,914
876,95.00,914
876,95.00,914
878,95.00,914
879,95.00,914
880,95.00,914
881,95.00,914
883,95.00,914
883,95.00,914
885,95.00,914
885,95.00,914
889,95.00,914
889,95.00,914
890,95.00,914
892,95.00,914
893,95.00,914
894,95.00,914
896,95.00,914
899,95.00,914
900,95.00,914
902,95.00,914
902,95.00,914
903,95.00,914
904,95.00,914
907,95.00,914
907,95.00,914
908,95.00,914
909,95.00,914
911,95.00,914
912,95.00,914
912,95.00,914
913,95.00,914
916,95.00,914
918,95.00,914
921,95.00,914
921,95.00,914
922,95.00,914
923,95.00,914
923,95.00,914
929,95.00,914
930,95.00,914
931,95.00,914
932,95.00,914
934,95.00,914
935,95.00,914
938,95.00,914
938,95.00,914
940,95.00,914
941,95.00,914
942,95.00,914
942,95.00,914
943,95.00,914
943,95.00,914
944,95.00,914
945,95.00,914
945,95.00,914
946,95.00,914
947,95.00,914
949,95.00,914
949,95.00,914
950,95.00,914
951,95.00,914
951,95.00,914
953,95.00,914
954,95.00,914
955,95.00,914
957,95.00,914
959,95.00,914
962,95.00,914
962,95.00,914
962,95.00,914
964,95.00,914
966,95.00,914
967,95.00,914
968,95.00,914
968,95.00,914
968,95.00,914
973,95.00,914
974,95.00,914
975,95.00,914
975,95.00,914
976,95.00,914
978,95.00,914
980,95.00,914
982,95.00,914
983,95.00,914
984,95.00,914
984,95.00,914
985,95.00,914
988,95.00,914
988,95.00,914
991,95.00,914
991,95.00,914
992,95.00,914
993,95.00,914
994,95.00,914
994,95.00,914
994,95.00,914
995,95.00,914
995,95.00,914
1000,95.00,914
1000,95.00,914
3,90.00,1832
1,90.00,1832
2,90.00,1832
3,90.00,1832
7,90.00,1832
8,90.00,1832
9,90.00,1832
10,90.00,1832
10,90.00,1832
10,90.00,1832
10,90.00,1832
11,90.00,1832
12,90.00,1832
13,90.00,1832
14,90.00,1832
16,90.00,1832
16,90.00,1832
18,90.00,1832
18,90.00,1832
18,90.00,1832
20,90.00,1832
20,90.00,1832
24,90.00,1832
25,90.00,1832
25,90.00,1832
27,90.00,1832
28,90.00,1832
30,90.00,1832
31,90.00,1832
31,90.00,1832
31,90.00,1832
33,90.00,1832
36,90.00,1832
39,90.00,1832
40,90.00,1832
41,90.00,1832
42,90.00,1832
42,90.00,1832
45,90.00,1832
45,90.00,1832
45,90.00,1832
47,90.00,1832
47,90.00,1832
48,90.00,1832
48,90.00,1832
51,90.00,1832
51,90.00,1832
54,90.00,1832
56,90.00,1832
57,90.00,1832
57,90.00,1832
60,90.00,1832
61,90.00,1832
61,90.00,1832
61,90.00,1832
62,90.00,1832
63,90.00,1832
63,90.00,1832
65,90.00,1832
65,90.00,1832
66,90.00,1832
67,90.00,1832
67,90.00,1832
67,90.00,1832
69,90.00,1832
70,90.00,1832
72,90.00,1832
74,90.00,1832
75,90.00,1832
81,90.00,1832
81,90.00,1832
82,90.00,1832
82,90.00,1832
85,90.00,1832
85,90.00,1832
87,90.00,1832
89,90.00,1832
90,90.00,1832
90,90.00,1832
91,90.00,1832
92,90.00,1832
93,90.00,1832
93,90.00,1832
96,90.00,1832
99,90.00,1832
100,90.00,1832
106,90.00,1832
108,90.00,1832
108,90.00,1832
111,90.00,1832
112,90.00,1832
114,90.00,1832
114,90.00,1832
115,90.00,1832
115,90.00,1832
119,90.00,1832
119,90.00,1832
120,90.00,1832
121,90.00,1832
122,90.00,1832
123,90.00,1832
124,90.00,1832
125,90.00,1832
127,90.00,1832
128,90.00,1832
132,90.00,1832
135,90.00,1832
135,90.00,1832
137,90.00,1832
138,90.00,1832
138,90.00,1832
138,90.00,1832
139,90.00,1832
139,90.00,1832
140,90.00,1832
142,90.00,1832
143,90.00,1832
144,90.00,1832
144,90.00,1832
145,90.00,1832
146,90.00,1832
147,90.00,1832
148,90.00,1832
149,90.00,1832
150,90.00,1832
150,90.00,1832
150,90.00,1832
151,90.00,1832
151,90.00,1832
151,90.00,1832
155,90.00,1832
155,90.00,1832
156,90.00,1832
156,90.00,1832
157,90.00,1832
157,90.00,1832
158,90.00,1832
158,90.00,1832
159,90.00,1832
160,90.00,1832
1,90.00,1832
2,90.00,1832
3,90.00,1832
7,90.00,1832
8,90.00,1832
9,90.00,1832
10,90.00,1832
10,90.00,1832
10,90.00,1832
10,90.00,1832
11,90.00,1832
12,90.00,1832
13,90.00,1832
14,90.00,1832
16,90.00,1832
16,90.00,1832
18,90.00,1832
18,90.00,1832
18,90.00,1832
20,90.00,1832
20,90.00,1832
24,90.00,1832
25,90.00,1832
25,90.00,1832
27,90.00,1832
28,90.00,1832
30,90.00,1832
31,90.00,1832
31,90.00,1832
31,90.00,1832
33,90.00,1832
36,90.00,1832
39,90.00,1832
40,90.00,1832
41,90.00,1832
42,90.00,1832
42,90.00,1832
45,90.00,1832
45,90.00,1832
45,90.00,1832
47,90.00,1832
47,90.00,1832
48,90.00,1832
48,90.00,1832
51,90.00,1832
51,90.00,1832
54,90.00,1832
56,90.00,1832
57,90.00,1832
57,90.00,1832
60,90.00,1832
61,90.00,1832
61,90.00,1832
61,90.00,1832
62,90.00,1832
63,90.00,1832
63,90.00,1832
65,90.00,1832
65,90.00,1832
66,90.00,1832
67,90.00,1832
67,90.00,1832
67,90.00,1832
69,90.00,1832
70,90.00,1832
72,90.00,1832
74,90.00,1832
75,90.00,1832
81,90.00,1832
81,90.00,1832
82,90.00,1832
82,90.00,1832
85,90.00,1832
85,90.00,1832
87,90.00,1832
89,90.00,1832
90,90.00,1832
90,90.00,1832
91,90.00,1832
92,90.00,1832
93,90.00,1832
93,90.00,1832
96,90.00,1832
99,90.00,1832
100,90.00,1832
106,90.00,1832
108,90.00,1832
108,90.00,1832
111,90.00,1832
112,90.00,1832
114,90.00,1832
114,90.00,1832
115,90.00,1832
115,90.00,1832
119,90.00,1832
119,90.00,1832
120,90.00,1832
121,90.00,1832
122,90.00,1832
123,90.00,1832
124,90.00,1832
125,90.00,1832
127,90.00,1832
128,90.00,1832
132,90.00,1832
135,90.00,1832
135,90.00,1832
137,90.00,1832
138,90.00,1832
138,90.00,1832
138,90.00,1832
139,90.00,1832
139,90.00,1832
140,90.00,1832
142,90.00,1832
143,90.00,1832
144,90.00,1832
144,90.00,1832
145,90.00,1832
146,90.00,1832
147,90.00,1832
148,90.00,1832
149,90.00,1832
150,90.00,1832
150,90.00,1832
150,90.00,1832
151,90.00,1832
151,90.00,1832
151,90.00,1832
155,90.00,1832
155,90.00,1832
156,90.00,1832
156,90.00,1832
157,90.00,1832
157,90.00,1832
158,90.00,1832
158,90.00,1832
159,90.00,1832
160,90.00,1832
161,90.00,1832
163,90.00,1832
163,90.00,1832
164,90.00,1832
164,90.00,1832
164,90.00,1832
167,90.00,1832
171,90.00,1832
171,90.00,1832
172,90.00,1832
173,90.00,1832
175,90.00,1832
175,90.00,1832
177,90.00,1832
177,90.00,1832
179,90.00,1832
180,90.00,1832
181,90.00,1832
183,90.00,1832
183,90.00,1832
183,90.00,1832
185,90.00,1832
185,90.00,1832
188,90.00,1832
188,90.00,1832
190,90.00,1832
190,90.00,1832
190,90.00,1832
193,90.00,1832
195,90.00,1832
198,90.00,1832
199,90.00,1832
200,90.00,1832
201,90.00,1832
201,90.00,1832
202,90.00,1832
202,90.00,1832
202,90.00,1832
203,90.00,1832
204,90.00,1832
206,90.00,1832
207,90.00,1832
209,90.00,1832
210,90.00,1832
210,90.00,1832
210,90.00,1832
211,90.00,1832
211,90.00,1832
212,90.00,1832
212,90.00,1832
213,90.00,1832
213,90.00,1832
214,90.00,1832
214,90.00,1832
214,90.00,1832
217,90.00,1832
219,90.00,1832
221,90.00,1832
222,90.00,1832
226,90.00,1832
229,90.00,1832
230,90.00,1832
232,90.00,1832
232,90.00,1832
234,90.00,1832
235,90.00,1832
235,90.00,1832
236,90.00,1832
236,90.00,1832
237,90.00,1832
239,90.00,1832
240,90.00,1832
243,90.00,1832
245,90.00,1832
245,90.00,1832
245,90.00,1832
246,90.00,1832
247,90.00,1832
247,90.00,1832
248,90.00,1832
249,90.00,1832
253,90.00,1832
253,90.00,1832
254,90.00,1832
258,90.00,1832
258,90.00,1832
259,90.00,1832
261,90.00,1832
262,90.00,1832
262,90.00,1832
263,90.00,1832
264,90.00,1832
264,90.00,1832
265,90.00,1832
265,90.00,1832
265,90.00,1832
266,90.00,1832
273,90.00,1832
273,90.00,1832
276,90.00,1832
282,90.00,1832
282,90.00,1832
283,90.00,1832
284,90.00,1832
285,90.00,1832
288,90.00,1832
289,90.00,1832
289,90.00,1832
289,90.00,1832
292,90.00,1832
294,90.00,1832
295,90.00,1832
296,90.00,1832
297,90.00,1832
297,90.00,1832
298,90.00,1832
298,90.00,1832
299,90.00,1832
301,90.00,1832
303,90.00,1832
304,90.00,1832
304,90.00,1832
305,90.00,1832
307,90.00,1832
308,90.00,1832
308,90.00,1832
309,90.00,1832
311,90.00,1832
311,90.00,1832
314,90.00,1832
316,90.00,1832
318,90.00,1832
319,90.00,1832
319,90.00,1832
320,90.00,1832
320,90.00,1832
321,90.00,1832
323,90.00,1832
324,90.00,1832
327,90.00,1832
327,90.00,1832
328,90.00,1832
329,90.00,1832
329,90.00,1832
329,90.00,1832
333,90.00,1832
334,90.00,1832
335,90.00,1832
338,90.00,1832
342,90.00,1832
342,90.00,1832
342,90.00,1832
344,90.00,1832
344,90.00,1832
345,90.00,1832
346,90.00,1832
346,90.00,1832
347,90.00,1832
348,90.00,1832
351,90.00,1832
351,90.00,1832
351,90.00,1832
352,90.00,1832
353,90.00,1832
354,90.00,1832
355,90.00,1832
357,90.00,1832
359,90.00,1832
360,90.00,1832
361,90.00,1832
362,90.00,1832
367,90.00,1832
369,90.00,1832
371,90.00,1832
373,90.00,1832
374,90.00,1832
376,90.00,1832
376,90.00,1832
377,90.00,1832
379,90.00,1832
380,90.00,1832
380,90.00,1832
380,90.00,1832
380,90.00,1832
380,90.00,1832
381,90.00,1832
383,90.00,1832
387,90.00,1832
387,90.00,1832
389,90.00,1832
389,90.00,1832
389,90.00,1832
392,90.00,1832
393,90.00,1832
394,90.00,1832
395,90.00,1832
397,90.00,1832
397,90.00,1832
399,90.00,1832
399,90.00,1832
404,90.00,1832
406,90.00,1832
409,90.00,1832
409,90.00,1832
410,90.00,1832
411,90.00,1832
411,90.00,1832
412,90.00,1832
414,90.00,1832
414,90.00,1832
416,90.00,1832
416,90.00,1832
418,90.00,1832
418,90.00,1832
419,90.00,1832
419,90.00,1832
419,90.00,1832
420,90.00,1832
421,90.00,1832
424,90.00,1832
424,90.00,1832
425,90.00,1832
425,90.00,1832
426,90.00,1832
427,90.00,1832
429,90.00,1832
430,90.00,1832
431,90.00,1832
432,90.00,1832
434,90.00,1832
435,90.00,1832
436,90.00,1832
437,90.00,1832
437,90.00,1832
437,90.00,1832
438,90.00,1832
439,90.00,1832
442,90.00,1832
444,90.00,1832
446,90.00,1832
447,90.00,1832
452,90.00,1832
453,90.00,1832
455,90.00,1832
456,90.00,1832
460,90.00,1832
462,90.00,1832
465,90.00,1832
465,90.00,1832
465,90.00,1832
466,90.00,1832
468,90.00,1832
469,90.00,1832
470,90.00,1832
471,90.00,1832
475,90.00,1832
482,90.00,1832
483,90.00,1832
483,90.00,1832
484,90.00,1832
487,90.00,1832
488,90.00,1832
488,90.00,1832
488,90.00,1832
491,90.00,1832
492,90.00,1832
494,90.00,1832
496,90.00,1832
498,90.00,1832
498,90.00,1832
499,90.00,1832
500,90.00,1832
500,90.00,1832
502,90.00,1832
502,90.00,1832
504,90.00,1832
505,90.00,1832
507,90.00,1832
507,90.00,1832
512,90.00,1832
513,90.00,1832
515,90.00,1832
516,90.00,1832
520,90.00,1832
520,90.00,1832
523,90.00,1832
523,90.00,1832
524,90.00,1832
524,90.00,1832
525,90.00,1832
526,90.00,1832
527,90.00,1832
528,90.00,1832
528,90.00,1832
528,90.00,1832
529,90.00,1832
529,90.00,1832
530,90.00,1832
531,90.00,1832
531,90.00,1832
532,90.00,1832
533,90.00,1832
533,90.00,1832
534,90.00,1832
534,90.00,1832
536,90.00,1832
536,90.00,1832
538,90.00,1832
539,90.00,1832
541,90.00,1832
541,90.00,1832
543,90.00,1832
545,90.00,1832
545,90.00,1832
547,90.00,1832
550,90.00,1832
550,90.00,1832
551,90.00,1832
551,90.00,1832
553,90.00,1832
553,90.00,1832
553,90.00,1832
554,90.00,1832
558,90.00,1832
558,90.00,1832
559,90.00,1832
560,90.00,1832
561,90.00,1832
561,90.00,1832
564,90.00,1832
565,90.00,1832
566,90.00,1832
567,90.00,1832
568,90.00,1832
568,90.00,1832
569,90.00,1832
570,90.00,1832
570,90.00,1832
570,90.00,1832
571,90.00,1832
572,90.00,1832
574,90.00,1832
575,90.00,1832
576,90.00,1832
576,90.00,1832
577,90.00,1832
578,90.00,1832
579,90.00,1832
582,90.00,1832
582,90.00,1832
583,90.00,1832
585,90.00,1832
588,90.00,1832
589,90.00,1832
589,90.00,1832
589,90.00,1832
590,90.00,1832
591,90.00,1832
591,90.00,1832
592,90.00,1832
593,90.00,1832
595,90.00,1832
595,90.00,1832
596,90.00,1832
597,90.00,1832
598,90.00,1832
598,90.00,1832
600,90.00,1832
602,90.00,1832
603,90.00,1832
605,90.00,1832
607,90.00,1832
607,90.00,1832
607,90.00,1832
608,90.00,1832
610,90.00,1832
611,90.00,1832
611,90.00,1832
611,90.00,1832
612,90.00,1832
613,90.00,1832
613,90.00,1832
615,90.00,1832
616,90.00,1832
616,90.00,1832
617,90.00,1832
618,90.00,1832
620,90.00,1832
620,90.00,1832
620,90.00,1832
623,90.00,1832
624,90.00,1832
624,90.00,1832
625,90.00,1832
626,90.00,1832
626,90.00,1832
627,90.00,1832
629,90.00,1832
630,90.00,1832
631,90.00,1832
632,90.00,1832
632,90.00,1832
634,90.00,1832
636,90.00,1832
636,90.00,1832
637,90.00,1832
639,90.00,1832
640,90.00,1832
640,90.00,1832
641,90.00,1832
641,90.00,1832
644,90.00,1832
645,90.00,1832
645,90.00,1832
646,90.00,1832
647,90.00,1832
648,90.00,1832
649,90.00,1832
651,90.00,1832
651,90.00,1832
653,90.00,1832
654,90.00,1832
655,90.00,1832
655,90.00,1832
660,90.00,1832
661,90.00,1832
662,90.00,1832
664,90.00,1832
666,90.00,1832
666,90.00,1832
668,90.00,1832
669,90.00,1832
670,90.00,1832
671,90.00,1832
671,90.00,1832
672,90.00,1832
678,90.00,1832
679,90.00,1832
679,90.00,1832
680,90.00,1832
682,90.00,1832
684,90.00,1832
684,90.00,1832
687,90.00,1832
689,90.00,1832
692,90.00,1832
694,90.00,1832
696,90.00,1832
698,90.00,1832
698,90.00,1832
698,90.00,1832
699,90.00,1832
700,90.00,1832
701,90.00,1832
701,90.00,1832
702,90.00,1832
703,90.00,1832
704,90.00,1832
707,90.00,1832
708,90.00,1832
708,90.00,1832
710,90.00,1832
710,90.00,1832
711,90.00,1832
711,90.00,1832
716,90.00,1832
716,90.00,1832
717,90.00,1832
718,90.00,1832
719,90.00,1832
726,90.00,1832
726,90.00,1832
727,90.00,1832
728,90.00,1832
728,90.00,1832
729,90.00,1832
731,90.00,1832
732,90.00,1832
732,90.00,1832
733,90.00,1832
738,90.00,1832
739,90.00,1832
740,90.00,1832
741,90.00,1832
741,90.00,1832
743,90.00,1832
743,90.00,1832
744,90.00,1832
745,90.00,1832
748,90.00,1832
748,90.00,1832
749,90.00,1832
749,90.00,1832
750,90.00,1832
751,90.00,1832
752,90.00,1832
759,90.00,1832
761,90.00,1832
761,90.00,1832
762,90.00,1832
763,90.00,1832
767,90.00,1832
768,90.00,1832
769,90.00,1832
770,90.00,1832
771,90.00,1832
775,90.00,1832
776,90.00,1832
777,90.00,1832
777,90.00,1832
778,90.00,1832
778,90.00,1832
778,90.00,1832
781,90.00,1832
781,90.00,1832
782,90.00,1832
783,90.00,1832
784,90.00,1832
784,90.00,1832
784,90.00,1832
785,90.00,1832
786,90.00,1832
787,90.00,1832
789,90.00,1832
791,90.00,1832
792,90.00,1832
794,90.00,1832
797,90.00,1832
799,90.00,1832
801,90.00,1832
804,90.00,1832
805,90.00,1832
807,90.00,1832
808,90.00,1832
810,90.00,1832
812,90.00,1832
812,90.00,1832
813,90.00,1832
814,90.00,1832
814,90.00,1832
818,90.00,1832
821,90.00,1832
822,90.00,1832
824,90.00,1832
824,90.00,1832
825,90.00,1832
827,90.00,1832
827,90.00,1832
827,90.00,1832
829,90.00,1832
829,90.00,1832
831,90.00,1832
836,90.00,1832
837,90.00,1832
838,90.00,1832
839,90.00,1832
840,90.00,1832
843,90.00,1832
845,90.00,1832
846,90.00,1832
847,90.00,1832
847,90.00,1832
849,90.00,1832
852,90.00,1832
855,90.00,1832
855,90.00,1832
857,90.00,1832
857,90.00,1832
858,90.00,1832
858,90.00,1832
859,90.00,1832
860,90.00,1832
860,90.00,1832
863,90.00,1832
864,90.00,1832
865,90.00,1832
866,90.00,1832
866,90.00,1832
867,90.00,1832
873,90.00,1832
873,90.00,1832
873,90.00,1832
873,90.00,1832
873,90.00,1832
877,90.00,1832
877,90.00,1832
880,90.00,1832
883,90.00,1832
883,90.00,1832
884,90.00,1832
885,90.00,1832
886,90.00,1832
887,90.00,1832
887,90.00,1832
888,90.00,1832
888,90.00,1832
889,90.00,1832
889,90.00,1832
890,90.00,1832
890,90.00,1832
891,90.00,1832
893,90.00,1832
893,90.00,1832
894,90.00,1832
894,90.00,1832
895,90.00,1832
895,90.00,1832
896,90.00,1832
898,90.00,1832
899,90.00,1832
901,90.00,1832
901,90.00,1832
901,90.00,1832
905,90.00,1832
905,90.00,1832
905,90.00,1832
906,90.00,1832
907,90.00,1832
907,90.00,1832
908,90.00,1832
909,90.00,1832
911,90.00,1832
911,90.00,1832
912,90.00,1832
913,90.00,1832
913,90.00,1832
914,90.00,1832
916,90.00,1832
917,90.00,1832
920,90.00,1832
921,90.00,1832
922,90.00,1832
924,90.00,1832
926,90.00,1832
926,90.00,1832
927,90.00,1832
927,90.00,1832
927,90.00,1832
931,90.00,1832
934,90.00,1832
936,90.00,1832
942,90.00,1832
943,90.00,1832
945,90.00,1832
945,90.00,1832
945,90.00,1832
947,90.00,1832
948,90.00,1832
949,90.00,1832
950,90.00,1832
952,90.00,1832
953,90.00,1832
954,90.00,1832
956,90.00,1832
956,90.00,1832
957,90.00,1832
958,90.00,1832
959,90.00,1832
959,90.00,1832
959,90.00,1832
963,90.00,1832
964,90.00,1832
967,90.00,1832
967,90.00,1832
969,90.00,1832
970,90.00,1832
971,90.00,1832
972,90.00,1832
973,90.00,1832
977,90.00,1832
981,90.00,1832
981,90.00,1832
981,90.00,1832
981,90.00,1832
982,90.00,1832
983,90.00,1832
983,90.00,1832
986,90.00,1832
986,90.00,1832
987,90.00,1832
988,90.00,1832
988,90.00,1832
997,90.00,1832
998,90.00,1832
999,90.00,1832
3,85.00,2796
2,85.00,2796
3,85.00,2796
4,85.00,2796
6,85.00,2796
7,85.00,2796
7,85.00,2796
10,85.00,2796
13,85.00,2796
15,85.00,2796
15,85.00,2796
17,85.00,2796
17,85.00,2796
20,85.00,2796
21,85.00,2796
22,85.00,2796
24,85.00,2796
26,85.00,2796
27,85.00,2796
29,85.00,2796
29,85.00,2796
37,85.00,2796
38,85.00,2796
39,85.00,2796
39,85.00,2796
40,85.00,2796
40,85.00,2796
40,85.00,2796
40,85.00,2796
40,85.00,2796
42,85.00,2796
43,85.00,2796
44,85.00,2796
46,85.00,2796
50,85.00,2796
52,85.00,2796
58,85.00,2796
58,85.00,2796
59,85.00,2796
59,85.00,2796
61,85.00,2796
64,85.00,2796
64,85.00,2796
65,85.00,2796
65,85.00,2796
67,85.00,2796
68,85.00,2796
69,85.00,2796
72,85.00,2796
73,85.00,2796
78,85.00,2796
78,85.00,2796
80,85.00,2796
81,85.00,2796
82,85.00,2796
82,85.00,2796
86,85.00,2796
87,85.00,2796
88,85.00,2796
88,85.00,2796
88,85.00,2796
89,85.00,2796
89,85.00,2796
90,85.00,2796
91,85.00,2796
94,85.00,2796
94,85.00,2796
95,85.00,2796
95,85.00,2796
97,85.00,2796
100,85.00,2796
103,85.00,2796
104,85.00,2796
106,85.00,2796
108,85.00,2796
108,85.00,2796
109,85.00,2796
109,85.00,2796
109,85.00,2796
110,85.00,2796
111,85.00,2796
111,85.00,2796
111,85.00,2796
113,85.00,2796
115,85.00,2796
116,85.00,2796
116,85.00,2796
118,85.00,2796
118,85.00,2796
119,85.00,2796
119,85.00,2796
120,85.00,2796
121,85.00,2796
125,85.00,2796
127,85.00,2796
130,85.00,2796
132,85.00,2796
132,85.00,2796
133,85.00,2796
136,85.00,2796
137,85.00,2796
139,85.00,2796
142,85.00,2796
143,85.00,2796
143,85.00,2796
143,85.00,2796
145,85.00,2796
147,85.00,2796
147,85.00,2796
148,85.00,2796
148,85.00,2796
149,85.00,2796
150,85.00,2796
151,85.00,2796
157,85.00,2796
158,85.00,2796
158,85.00,2796
161,85.00,2796
2,85.00,2796
3,85.00,2796
4,85.00,2796
6,85.00,2796
7,85.00,2796
7,85.00,2796
10,85.00,2796
13,85.00,2796
15,85.00,2796
15,85.00,2796
17,85.00,2796
17,85.00,2796
20,85.00,2796
21,85.00,2796
22,85.00,2796
24,85.00,2796
26,85.00,2796
27,85.00,2796
29,85.00,2796
29,85.00,2796
37,85.00,2796
38,85.00,2796
39,85.00,2796
39,85.00,2796
40,85.00,2796
40,85.00,2796
40,85.00,2796
40,85.00,2796
40,85.00,2796
42,85.00,2796
43,85.00,2796
44,85.00,2796
46,85.00,2796
50,85.00,2796
52,85.00,2796
58,85.00,2796
58,85.00,2796
59,85.00,2796
59,85.00,2796
61,85.00,2796
64,85.00,2796
64,85.00,2796
65,85.00,2796
65,85.00,2796
67,85.00,2796
68,85.00,2796
69,85.00,2796
72,85.00,2796
73,85.00,2796
78,85.00,2796
78,85.00,2796
80,85.00,2796
81,85.00,2796
82,85.00,2796
82,85.00,2796
86,85.00,2796
87,85.00,2796
88,85.00,2796
88,85.00,2796
88,85.00,2796
89,85.00,2796
89,85.00,2796
90,85.00,2796
91,85.00,2796
94,85.00,2796
94,85.00,2796
95,85.00,2796
95,85.00,2796
97,85.00,2796
100,85.00,2796
103,85.00,2796
104,85.00,2796
106,85.00,2796
108,85.00,2796
108,85.00,2796
109,85.00,2796
109,85.00,2796
109,85.00,2796
110,85.00,2796
111,85.00,2796
111,85.00,2796
111,85.00,2796
113,85.00,2796
115,85.00,2796
116,85.00,2796
116,85.00,2796
118,85.00,2796
118,85.00,2796
119,85.00,2796
119,85.00,2796
120,85.00,2796
121,85.00,2796
125,85.00,2796
127,85.00,2796
130,85.00,2796
132,85.00,2796
132,85.00,2796
133,85.00,2796
136,85.00,2796
137,85.00,2796
139,85.00,2796
142,85.00,2796
143,85.00,2796
143,85.00,2796
143,85.00,2796
145,85.00,2796
147,85.00,2796
147,85.00,2796
148,85.00,2796
148,85.00,2796
149,85.00,2796
150,85.00,2796
151,85.00,2796
157,85.00,2796
158,85.00,2796
158,85.00,2796
161,85.00,2796
162,85.00,2796
164,85.00,2796
165,85.00,2796
166,85.00,2796
166,85.00,2796
168,85.00,2796
170,85.00,2796
171,85.00,2796
173,85.00,2796
173,85.00,2796
173,85.00,2796
174,85.00,2796
174,85.00,2796
179,85.00,2796
180,85.00,2796
181,85.00,2796
182,85.00,2796
183,85.00,2796
183,85.00,2796
183,85.00,2796
185,85.00,2796
187,85.00,2796
187,85.00,2796
188,85.00,2796
189,85.00,2796
190,85.00,2796
191,85.00,2796
194,85.00,2796
195,85.00,2796
196,85.00,2796
197,85.00,2796
200,85.00,2796
201,85.00,2796
201,85.00,2796
202,85.00,2796
202,85.00,2796
203,85.00,2796
205,85.00,2796
205,85.00,2796
205,85.00,2796
206,85.00,2796
206,85.00,2796
208,85.00,2796
209,85.00,2796
211,85.00,2796
211,85.00,2796
212,85.00,2796
217,85.00,2796
217,85.00,2796
218,85.00,2796
219,85.00,2796
221,85.00,2796
222,85.00,2796
227,85.00,2796
228,85.00,2796
230,85.00,2796
230,85.00,2796
231,85.00,2796
231,85.00,2796
232,85.00,2796
235,85.00,2796
242,85.00,2796
244,85.00,2796
245,85.00,2796
246,85.00,2796
248,85.00,2796
248,85.00,2796
249,85.00,2796
251,85.00,2796
256,85.00,2796
256,85.00,2796
257,85.00,2796
259,85.00,2796
262,85.00,2796
262,85.00,2796
262,85.00,2796
263,85.00,2796
263,85.00,2796
263,85.00,2796
264,85.00,2796
264,85.00,2796
265,85.00,2796
267,85.00,2796
270,85.00,2796
270,85.00,2796
272,85.00,2796
273,85.00,2796
275,85.00,2796
276,85.00,2796
276,85.00,2796
278,85.00,2796
279,85.00,2796
280,85.00,2796
280,85.00,2796
280,85.00,2796
281,85.00,2796
282,85.00,2796
283,85.00,2796
283,85.00,2796
283,85.00,2796
284,85.00,2796
284,85.00,2796
285,85.00,2796
286,85.00,2796
289,85.00,2796
292,85.00,2796
295,85.00,2796
295,85.00,2796
299,85.00,2796
301,85.00,2796
301,85.00,2796
304,85.00,2796
304,85.00,2796
307,85.00,2796
307,85.00,2796
309,85.00,2796
310,85.00,2796
311,85.00,2796
312,85.00,2796
313,85.00,2796
314,85.00,2796
315,85.00,2796
317,85.00,2796
323,85.00,2796
324,85.00,2796
324,85.00,2796
326,85.00,2796
327,85.00,2796
327,85.00,2796
328,85.00,2796
334,85.00,2796
334,85.00,2796
335,85.00,2796
336,85.00,2796
340,85.00,2796
340,85.00,2796
340,85.00,2796
341,85.00,2796
346,85.00,2796
346,85.00,2796
349,85.00,2796
350,85.00,2796
353,85.00,2796
354,85.00,2796
355,85.00,2796
355,85.00,2796
356,85.00,2796
356,85.00,2796
359,85.00,2796
359,85.00,2796
359,85.00,2796
361,85.00,2796
361,85.00,2796
365,85.00,2796
365,85.00,2796
367,85.00,2796
369,85.00,2796
369,85.00,2796
370,85.00,2796
371,85.00,2796
372,85.00,2796
373,85.00,2796
374,85.00,2796
374,85.00,2796
377,85.00,2796
378,85.00,2796
379,85.00,2796
380,85.00,2796
380,85.00,2796
382,85.00,2796
382,85.00,2796
383,85.00,2796
390,85.00,2796
390,85.00,2796
391,85.00,2796
393,85.00,2796
393,85.00,2796
393,85.00,2796
394,85.00,2796
394,85.00,2796
394,85.00,2796
396,85.00,2796
396,85.00,2796
398,85.00,2796
400,85.00,2796
401,85.00,2796
402,85.00,2796
406,85.00,2796
406,85.00,2796
406,85.00,2796
407,85.00,2796
408,85.00,2796
408,85.00,2796
411,85.00,2796
413,85.00,2796
415,85.00,2796
415,85.00,2796
421,85.00,2796
424,85.00,2796
424,85.00,2796
426,85.00,2796
426,85.00,2796
428,85.00,2796
428,85.00,2796
428,85.00,2796
429,85.00,2796
431,85.00,2796
432,85.00,2796
433,85.00,2796
435,85.00,2796
436,85.00,2796
438,85.00,2796
438,85.00,2796
442,85.00,2796
443,85.00,2796
444,85.00,2796
447,85.00,2796
449,85.00,2796
450,85.00,2796
450,85.00,2796
455,85.00,2796
456,85.00,2796
456,85.00,2796
458,85.00,2796
461,85.00,2796
465,85.00,2796
465,85.00,2796
467,85.00,2796
469,85.00,2796
469,85.00,2796
469,85.00,2796
472,85.00,2796
473,85.00,2796
474,85.00,2796
476,85.00,2796
476,85.00,2796
477,85.00,2796
477,85.00,2796
477,85.00,2796
478,85.00,2796
479,85.00,2796
480,85.00,2796
481,85.00,2796
482,85.00,2796
484,85.00,2796
484,85.00,2796
485,85.00,2796
486,85.00,2796
486,85.00,2796
486,85.00,2796
487,85.00,2796
491,85.00,2796
494,85.00,2796
494,85.00,2796
495,85.00,2796
497,85.00,2796
498,85.00,2796
502,85.00,2796
503,85.00,2796
504,85.00,2796
505,85.00,2796
505,85.00,2796
505,85.00,2796
507,85.00,2796
509,85.00,2796
509,85.00,2796
510,85.00,2796
510,85.00,2796
510,85.00,2796
511,85.00,2796
512,85.00,2796
512,85.00,2796
513,85.00,2796
513,85.00,2796
516,85.00,2796
518,85.00,2796
521,85.00,2796
521,85.00,2796
523,85.00,2796
525,85.00,2796
525,85.00,2796
527,85.00,2796
527,85.00,2796
528,85.00,2796
528,85.00,2796
531,85.00,2796
532,85.00,2796
533,85.00,2796
537,85.00,2796
538,85.00,2796
538,85.00,2796
538,85.00,2796
540,85.00,2796
542,85.00,2796
543,85.00,2796
546,85.00,2796
547,85.00,2796
549,85.00,2796
551,85.00,2796
551,85.00,2796
554,85.00,2796
554,85.00,2796
555,85.00,2796
555,85.00,2796
558,85.00,2796
562,85.00,2796
565,85.00,2796
565,85.00,2796
565,85.00,2796
566,85.00,2796
568,85.00,2796
568,85.00,2796
569,85.00,2796
570,85.00,2796
573,85.00,2796
575,85.00,2796
575,85.00,2796
577,85.00,2796
577,85.00,2796
580,85.00,2796
582,85.00,2796
583,85.00,2796
584,85.00,2796
584,85.00,2796
585,85.00,2796
585,85.00,2796
586,85.00,2796
587,85.00,2796
588,85.00,2796
590,85.00,2796
591,85.00,2796
594,85.00,2796
598,85.00,2796
599,85.00,2796
599,85.00,2796
601,85.00,2796
602,85.00,2796
603,85.00,2796
603,85.00,2796
606,85.00,2796
607,85.00,2796
607,85.00,2796
614,85.00,2796
616,85.00,2796
617,85.00,2796
618,85.00,2796
621,85.00,2796
621,85.00,2796
623,85.00,2796
624,85.00,2796
625,85.00,2796
626,85.00,2796
627,85.00,2796
627,85.00,2796
628,85.00,2796
628,85.00,2796
631,85.00,2796
633,85.00,2796
633,85.00,2796
633,85.00,2796
634,85.00,2796
636,85.00,2796
637,85.00,2796
637,85.00,2796
641,85.00,2796
641,85.00,2796
641,85.00,2796
643,85.00,2796
644,85.00,2796
646,85.00,2796
647,85.00,2796
647,85.00,2796
647,85.00,2796
648,85.00,2796
648,85.00,2796
649,85.00,2796
650,85.00,2796
650,85.00,2796
650,85.00,2796
651,85.00,2796
651,85.00,2796
653,85.00,2796
653,85.00,2796
653,85.00,2796
654,85.00,2796
657,85.00,2796
657,85.00,2796
658,85.00,2796
659,85.00,2796
661,85.00,2796
661,85.00,2796
661,85.00,2796
663,85.00,2796
666,85.00,2796
667,85.00,2796
668,85.00,2796
668,85.00,2796
669,85.00,2796
670,85.00,2796
671,85.00,2796
672,85.00,2796
674,85.00,2796
674,85.00,2796
675,85.00,2796
676,85.00,2796
677,85.00,2796
678,85.00,2796
681,85.00,2796
683,85.00,2796
684,85.00,2796
685,85.00,2796
685,85.00,2796
686,85.00,2796
689,85.00,2796
689,85.00,2796
690,85.00,2796
692,85.00,2796
692,85.00,2796
695,85.00,2796
698,85.00,2796
698,85.00,2796
698,85.00,2796
700,85.00,2796
701,85.00,2796
701,85.00,2796
702,85.00,2796
703,85.00,2796
707,85.00,2796
710,85.00,2796
710,85.00,2796
710,85.00,2796
714,85.00,2796
717,85.00,2796
719,85.00,2796
719,85.00,2796
729,85.00,2796
730,85.00,2796
731,85.00,2796
732,85.00,2796
736,85.00,2796
737,85.00,2796
739,85.00,2796
739,85.00,2796
740,85.00,2796
743,85.00,2796
743,85.00,2796
743,85.00,2796
744,85.00,2796
746,85.00,2796
748,85.00,2796
749,85.00,2796
751,85.00,2796
752,85.00,2796
752,85.00,2796
754,85.00,2796
756,85.00,2796
756,85.00,2796
757,85.00,2796
757,85.00,2796
758,85.00,2796
759,85.00,2796
759,85.00,2796
760,85.00,2796
761,85.00,2796
762,85.00,2796
764,85.00,2796
764,85.00,2796
765,85.00,2796
767,85.00,2796
767,85.00,2796
769,85.00,2796
770,85.00,2796
770,85.00,2796
771,85.00,2796
772,85.00,2796
775,85.00,2796
775,85.00,2796
777,85.00,2796
779,85.00,2796
784,85.00,2796
784,85.00,2796
785,85.00,2796
786,85.00,2796
787,85.00,2796
790,85.00,2796
790,85.00,2796
791,85.00,2796
791,85.00,2796
791,85.00,2796
791,85.00,2796
792,85.00,2796
795,85.00,2796
796,85.00,2796
797,85.00,2796
797,85.00,2796
797,85.00,2796
800,85.00,2796
802,85.00,2796
803,85.00,2796
806,85.00,2796
807,85.00,2796
809,85.00,2796
810,85.00,2796
810,85.00,2796
811,85.00,2796
811,85.00,2796
811,85.00,2796
813,85.00,2796
813,85.00,2796
814,85.00,2796
814,85.00,2796
815,85.00,2796
815,85.00,2796
818,85.00,2796
818,85.00,2796
819,85.00,2796
819,85.00,2796
820,85.00,2796
820,85.00,2796
820,85.00,2796
820,85.00,2796
821,85.00,2796
823,85.00,2796
826,85.00,2796
826,85.00,2796
829,85.00,2796
829,85.00,2796
831,85.00,2796
831,85.00,2796
831,85.00,2796
837,85.00,2796
839,85.00,2796
841,85.00,2796
842,85.00,2796
843,85.00,2796
844,85.00,2796
845,85.00,2796
845,85.00,2796
846,85.00,2796
848,85.00,2796
851,85.00,2796
851,85.00,2796
852,85.00,2796
853,85.00,2796
854,85.00,2796
854,85.00,2796
855,85.00,2796
856,85.00,2796
856,85.00,2796
857,85.00,2796
857,85.00,2796
858,85.00,2796
859,85.00,2796
859,85.00,2796
860,85.00,2796
861,85.00,2796
861,85.00,2796
863,85.00,2796
867,85.00,2796
868,85.00,2796
869,85.00,2796
869,85.00,2796
870,85.00,2796
870,85.00,2796
871,85.00,2796
872,85.00,2796
874,85.00,2796
874,85.00,2796
875,85.00,2796
876,85.00,2796
876,85.00,2796
877,85.00,2796
877,85.00,2796
878,85.00,2796
879,85.00,2796
880,85.00,2796
880,85.00,2796
882,85.00,2796
883,85.00,2796
887,85.00,2796
888,85.00,2796
889,85.00,2796
892,85.00,2796
893,85.00,2796
893,85.00,2796
893,85.00,2796
894,85.00,2796
898,85.00,2796
899,85.00,2796
900,85.00,2796
902,85.00,2796
904,85.00,2796
909,85.00,2796
912,85.00,2796
913,85.00,2796
914,85.00,2796
915,85.00,2796
915,85.00,2796
915,85.00,2796
917,85.00,2796
917,85.00,2796
919,85.00,2796
920,85.00,2796
921,85.00,2796
923,85.00,2796
923,85.00,2796
924,85.00,2796
925,85.00,2796
928,85.00,2796
930,85.00,2796
930,85.00,2796
932,85.00,2796
933,85.00,2796
935,85.00,2796
936,85.00,2796
936,85.00,2796
937,85.00,2796
937,85.00,2796
939,85.00,2796
939,85.00,2796
939,85.00,2796
943,85.00,2796
943,85.00,2796
946,85.00,2796
946,85.00,2796
947,85.00,2796
948,85.00,2796
950,85.00,2796
953,85.00,2796
958,85.00,2796
959,85.00,2796
960,85.00,2796
962,85.00,2796
963,85.00,2796
967,85.00,2796
968,85.00,2796
969,85.00,2796
970,85.00,2796
970,85.00,2796
972,85.00,2796
972,85.00,2796
976,85.00,2796
976,85.00,2796
977,85.00,2796
978,85.00,2796
979,85.00,2796
982,85.00,2796
983,85.00,2796
983,85.00,2796
984,85.00,2796
984,85.00,2796
987,85.00,2796
989,85.00,2796
991,85.00,2796
993,85.00,2796
997,85.00,2796
999,85.00,2796
999,85.00,2796
1000,85.00,2796
1000,85.00,2796
5,80.00,3691
2,80.00,3691
3,80.00,3691
3,80.00,3691
3,80.00,3691
7,80.00,3691
7,80.00,3691
10,80.00,3691
11,80.00,3691
14,80.00,3691
14,80.00,3691
15,80.00,3691
17,80.00,3691
17,80.00,3691
18,80.00,3691
19,80.00,3691
20,80.00,3691
20,80.00,3691
21,80.00,3691
21,80.00,3691
23,80.00,3691
24,80.00,3691
24,80.00,3691
24,80.00,3691
26,80.00,3691
27,80.00,3691
28,80.00,3691
29,80.00,3691
32,80.00,3691
33,80.00,3691
34,80.00,3691
36,80.00,3691
37,80.00,3691
38,80.00,3691
38,80.00,3691
38,80.00,3691
40,80.00,3691
43,80.00,3691
43,80.00,3691
44,80.00,3691
45,80.00,3691
45,80.00,3691
46,80.00,3691
47,80.00,3691
49,80.00,3691
49,80.00,3691
50,80.00,3691
50,80.00,3691
52,80.00,3691
57,80.00,3691
57,80.00,3691
59,80.00,3691
60,80.00,3691
60,80.00,3691
62,80.00,3691
63,80.00,3691
64,80.00,3691
66,80.00,3691
66,80.00,3691
71,80.00,3691
71,80.00,3691
72,80.00,3691
72,80.00,3691
73,80.00,3691
73,80.00,3691
74,80.00,3691
76,80.00,3691
77,80.00,3691
79,80.00,3691
79,80.00,3691
82,80.00,3691
85,80.00,3691
91,80.00,3691
92,80.00,3691
93,80.00,3691
94,80.00,3691
97,80.00,3691
97,80.00,3691
98,80.00,3691
100,80.00,3691
100,80.00,3691
101,80.00,3691
102,80.00,3691
104,80.00,3691
105,80.00,3691
105,80.00,3691
109,80.00,3691
110,80.00,3691
112,80.00,3691
115,80.00,3691
117,80.00,3691
118,80.00,3691
120,80.00,3691
123,80.00,3691
124,80.00,3691
124,80.00,3691
125,80.00,3691
126,80.00,3691
127,80.00,3691
127,80.00,3691
129,80.00,3691
129,80.00,3691
130,80.00,3691
131,80.00,3691
132,80.00,3691
133,80.00,3691
133,80.00,3691
135,80.00,3691
136,80.00,3691
138,80.00,3691
139,80.00,3691
142,80.00,3691
145,80.00,3691
153,80.00,3691
153,80.00,3691
153,80.00,3691
155,80.00,3691
156,80.00,3691
158,80.00,3691
160,80.00,3691
161,80.00,3691
2,80.00,3691
3,80.00,3691
3,80.00,3691
3,80.00,3691
7,80.00,3691
7,80.00,3691
10,80.00,3691
11,80.00,3691
14,80.00,3691
14,80.00,3691
15,80.00,3691
17,80.00,3691
17,80.00,3691
18,80.00,3691
19,80.00,3691
20,80.00,3691
20,80.00,3691
21,80.00,3691
21,80.00,3691
23,80.00,3691
24,80.00,3691
24,80.00,3691
24,80.00,3691
26,80.00,3691
27,80.00,3691
28,80.00,3691
29,80.00,3691
32,80.00,3691
33,80.00,3691
34,80.00,3691
36,80.00,3691
37,80.00,3691
38,80.00,3691
38,80.00,3691
38,80.00,3691
40,80.00,3691
43,80.00,3691
43,80.00,3691
44,80.00,3691
45,80.00,3691
45,80.00,3691
46,80.00,3691
47,80.00,3691
49,80.00,3691
49,80.00,3691
50,80.00,3691
50,80.00,3691
52,80.00,3691
57,80.00,3691
57,80.00,3691
59,80.00,3691
60,80.00,3691
60,80.00,3691
62,80.00,3691
63,80.00,3691
64,80.00,3691
66,80.00,3691
66,80.00,3691
71,80.00,3691
71,80.00,3691
72,80.00,3691
72,80.00,3691
73,80.00,3691
73,80.00,3691
74,80.00,3691
76,80.00,3691
77,80.00,3691
79,80.00,3691
79,80.00,3691
82,80.00,3691
85,80.00,3691
91,80.00,3691
92,80.00,3691
93,80.00,3691
94,80.00,3691
97,80.00,3691
97,80.00,3691
98,80.00,3691
100,80.00,3691
100,80.00,3691
101,80.00,3691
102,80.00,3691
104,80.00,3691
105,80.00,3691
105,80.00,3691
109,80.00,3691
110,80.00,3691
112,80.00,3691
115,80.00,3691
117,80.00,3691
118,80.00,3691
120,80.00,3691
123,80.00,3691
124,80.00,3691
124,80.00,3691
125,80.00,3691
126,80.00,3691
127,80.00,3691
127,80.00,3691
129,80.00,3691
129,80.00,3691
130,80.00,3691
131,80.00,3691
132,80.00,3691
133,80.00,3691
133,80.00,3691
135,80.00,3691
136,80.00,3691
138,80.00,3691
139,80.00,3691
142,80.00,3691
145,80.00,3691
153,80.00,3691
153,80.00,3691
153,80.00,3691
155,80.00,3691
156,80.00,3691
158,80.00,3691
160,80.00,3691
161,80.00,3691
163,80.00,3691
166,80.00,3691
167,80.00,3691
169,80.00,3691
170,80.00,3691
170,80.00,3691
171,80.00,3691
174,80.00,3691
174,80.00,3691
174,80.00,3691
175,80.00,3691
179,80.00,3691
179,80.00,3691
179,80.00,3691
181,80.00,3691
182,80.00,3691
182,80.00,3691
183,80.00,3691
186,80.00,3691
189,80.00,3691
190,80.00,3691
193,80.00,3691
193,80.00,3691
193,80.00,3691
197,80.00,3691
198,80.00,3691
198,80.00,3691
198,80.00,3691
203,80.00,3691
205,80.00,3691
205,80.00,3691
206,80.00,3691
207,80.00,3691
208,80.00,3691
208,80.00,3691
210,80.00,3691
213,80.00,3691
214,80.00,3691
214,80.00,3691
216,80.00,3691
216,80.00,3691
216,80.00,3691
220,80.00,3691
221,80.00,3691
221,80.00,3691
223,80.00,3691
223,80.00,3691
224,80.00,3691
225,80.00,3691
228,80.00,3691
228,80.00,3691
230,80.00,3691
231,80.00,3691
232,80.00,3691
233,80.00,3691
233,80.00,3691
233,80.00,3691
233,80.00,3691
233,80.00,3691
236,80.00,3691
238,80.00,3691
239,80.00,3691
242,80.00,3691
243,80.00,3691
246,80.00,3691
249,80.00,3691
250,80.00,3691
250,80.00,3691
253,80.00,3691
253,80.00,3691
254,80.00,3691
256,80.00,3691
256,80.00,3691
257,80.00,3691
258,80.00,3691
259,80.00,3691
259,80.00,3691
260,80.00,3691
261,80.00,3691
261,80.00,3691
262,80.00,3691
262,80.00,3691
265,80.00,3691
268,80.00,3691
269,80.00,3691
271,80.00,3691
272,80.00,3691
273,80.00,3691
275,80.00,3691
275,80.00,3691
276,80.00,3691
276,80.00,3691
277,80.00,3691
278,80.00,3691
278,80.00,3691
279,80.00,3691
279,80.00,3691
280,80.00,3691
281,80.00,3691
281,80.00,3691
284,80.00,3691
286,80.00,3691
287,80.00,3691
287,80.00,3691
288,80.00,3691
288,80.00,3691
288,80.00,3691
290,80.00,3691
291,80.00,3691
292,80.00,3691
294,80.00,3691
294,80.00,3691
296,80.00,3691
297,80.00,3691
299,80.00,3691
301,80.00,3691
301,80.00,3691
302,80.00,3691
305,80.00,3691
308,80.00,3691
310,80.00,3691
311,80.00,3691
312,80.00,3691
312,80.00,3691
313,80.00,3691
313,80.00,3691
313,80.00,3691
313,80.00,3691
314,80.00,3691
315,80.00,3691
315,80.00,3691
317,80.00,3691
320,80.00,3691
320,80.00,3691
320,80.00,3691
322,80.00,3691
322,80.00,3691
325,80.00,3691
326,80.00,3691
327,80.00,3691
328,80.00,3691
329,80.00,3691
330,80.00,3691
331,80.00,3691
332,80.00,3691
332,80.00,3691
332,80.00,3691
333,80.00,3691
335,80.00,3691
337,80.00,3691
338,80.00,3691
338,80.00,3691
340,80.00,3691
342,80.00,3691
343,80.00,3691
344,80.00,3691
344,80.00,3691
346,80.00,3691
347,80.00,3691
347,80.00,3691
347,80.00,3691
348,80.00,3691
348,80.00,3691
349,80.00,3691
349,80.00,3691
352,80.00,3691
353,80.00,3691
355,80.00,3691
357,80.00,3691
358,80.00,3691
360,80.00,3691
364,80.00,3691
364,80.00,3691
364,80.00,3691
365,80.00,3691
366,80.00,3691
367,80.00,3691
374,80.00,3691
375,80.00,3691
378,80.00,3691
378,80.00,3691
378,80.00,3691
379,80.00,3691
382,80.00,3691
382,80.00,3691
382,80.00,3691
383,80.00,3691
385,80.00,3691
388,80.00,3691
388,80.00,3691
388,80.00,3691
391,80.00,3691
392,80.00,3691
396,80.00,3691
397,80.00,3691
397,80.00,3691
399,80.00,3691
399,80.00,3691
401,80.00,3691
402,80.00,3691
402,80.00,3691
403,80.00,3691
403,80.00,3691
403,80.00,3691
407,80.00,3691
408,80.00,3691
408,80.00,3691
412,80.00,3691
414,80.00,3691
415,80.00,3691
421,80.00,3691
424,80.00,3691
428,80.00,3691
429,80.00,3691
429,80.00,3691
431,80.00,3691
432,80.00,3691
434,80.00,3691
434,80.00,3691
435,80.00,3691
435,80.00,3691
436,80.00,3691
436,80.00,3691
440,80.00,3691
440,80.00,3691
442,80.00,3691
443,80.00,3691
444,80.00,3691
446,80.00,3691
447,80.00,3691
448,80.00,3691
449,80.00,3691
451,80.00,3691
452,80.00,3691
453,80.00,3691
454,80.00,3691
455,80.00,3691
459,80.00,3691
462,80.00,3691
463,80.00,3691
463,80.00,3691
469,80.00,3691
471,80.00,3691
471,80.00,3691
472,80.00,3691
472,80.00,3691
474,80.00,3691
475,80.00,3691
478,80.00,3691
479,80.00,3691
481,80.00,3691
484,80.00,3691
491,80.00,3691
493,80.00,3691
496,80.00,3691
496,80.00,3691
497,80.00,3691
500,80.00,3691
503,80.00,3691
503,80.00,3691
503,80.00,3691
504,80.00,3691
505,80.00,3691
505,80.00,3691
508,80.00,3691
508,80.00,3691
509,80.00,3691
509,80.00,3691
511,80.00,3691
517,80.00,3691
517,80.00,3691
518,80.00,3691
518,80.00,3691
520,80.00,3691
521,80.00,3691
524,80.00,3691
527,80.00,3691
528,80.00,3691
528,80.00,3691
530,80.00,3691
533,80.00,3691
534,80.00,3691
534,80.00,3691
535,80.00,3691
538,80.00,3691
539,80.00,3691
544,80.00,3691
544,80.00,3691
546,80.00,3691
547,80.00,3691
547,80.00,3691
549,80.00,3691
551,80.00,3691
552,80.00,3691
554,80.00,3691
554,80.00,3691
556,80.00,3691
557,80.00,3691
558,80.00,3691
568,80.00,3691
569,80.00,3691
569,80.00,3691
570,80.00,3691
571,80.00,3691
572,80.00,3691
572,80.00,3691
575,80.00,3691
575,80.00,3691
576,80.00,3691
576,80.00,3691
577,80.00,3691
579,80.00,3691
579,80.00,3691
583,80.00,3691
583,80.00,3691
583,80.00,3691
584,80.00,3691
585,80.00,3691
587,80.00,3691
587,80.00,3691
588,80.00,3691
589,80.00,3691
589,80.00,3691
590,80.00,3691
591,80.00,3691
592,80.00,3691
594,80.00,3691
595,80.00,3691
595,80.00,3691
595,80.00,3691
597,80.00,3691
599,80.00,3691
600,80.00,3691
601,80.00,3691
603,80.00,3691
604,80.00,3691
604,80.00,3691
604,80.00,3691
605,80.00,3691
605,80.00,3691
606,80.00,3691
606,80.00,3691
608,80.00,3691
609,80.00,3691
609,80.00,3691
609,80.00,3691
610,80.00,3691
611,80.00,3691
611,80.00,3691
612,80.00,3691
614,80.00,3691
616,80.00,3691
617,80.00,3691
619,80.00,3691
619,80.00,3691
621,80.00,3691
621,80.00,3691
621,80.00,3691
622,80.00,3691
623,80.00,3691
624,80.00,3691
624,80.00,3691
631,80.00,3691
631,80.00,3691
632,80.00,3691
633,80.00,3691
633,80.00,3691
634,80.00,3691
635,80.00,3691
635,80.00,3691
635,80.00,3691
636,80.00,3691
639,80.00,3691
640,80.00,3691
641,80.00,3691
642,80.00,3691
642,80.00,3691
643,80.00,3691
644,80.00,3691
647,80.00,3691
648,80.00,3691
651,80.00,3691
652,80.00,3691
652,80.00,3691
654,80.00,3691
654,80.00,3691
655,80.00,3691
655,80.00,3691
656,80.00,3691
658,80.00,3691
659,80.00,3691
659,80.00,3691
661,80.00,3691
662,80.00,3691
662,80.00,3691
663,80.00,3691
663,80.00,3691
665,80.00,3691
665,80.00,3691
668,80.00,3691
670,80.00,3691
670,80.00,3691
670,80.00,3691
673,80.00,3691
673,80.00,3691
674,80.00,3691
675,80.00,3691
675,80.00,3691
675,80.00,3691
676,80.00,3691
676,80.00,3691
680,80.00,3691
680,80.00,3691
681,80.00,3691
684,80.00,3691
686,80.00,3691
686,80.00,3691
687,80.00,3691
687,80.00,3691
688,80.00,3691
690,80.00,3691
693,80.00,3691
694,80.00,3691
694,80.00,3691
695,80.00,3691
697,80.00,3691
697,80.00,3691
699,80.00,3691
699,80.00,3691
703,80.00,3691
706,80.00,3691
706,80.00,3691
708,80.00,3691
709,80.00,3691
709,80.00,3691
709,80.00,3691
710,80.00,3691
711,80.00,3691
711,80.00,3691
712,80.00,3691
713,80.00,3691
715,80.00,3691
715,80.00,3691
717,80.00,3691
718,80.00,3691
720,80.00,3691
724,80.00,3691
726,80.00,3691
727,80.00,3691
727,80.00,3691
733,80.00,3691
733,80.00,3691
735,80.00,3691
735,80.00,3691
736,80.00,3691
737,80.00,3691
737,80.00,3691
738,80.00,3691
738,80.00,3691
740,80.00,3691
740,80.00,3691
740,80.00,3691
741,80.00,3691
743,80.00,3691
745,80.00,3691
746,80.00,3691
747,80.00,3691
747,80.00,3691
748,80.00,3691
748,80.00,3691
748,80.00,3691
750,80.00,3691
750,80.00,3691
751,80.00,3691
751,80.00,3691
752,80.00,3691
753,80.00,3691
754,80.00,3691
755,80.00,3691
755,80.00,3691
756,80.00,3691
762,80.00,3691
762,80.00,3691
763,80.00,3691
764,80.00,3691
765,80.00,3691
766,80.00,3691
767,80.00,3691
767,80.00,3691
768,80.00,3691
774,80.00,3691
774,80.00,3691
774,80.00,3691
774,80.00,3691
776,80.00,3691
779,80.00,3691
779,80.00,3691
780,80.00,3691
780,80.00,3691
780,80.00,3691
782,80.00,3691
783,80.00,3691
784,80.00,3691
785,80.00,3691
786,80.00,3691
787,80.00,3691
788,80.00,3691
788,80.00,3691
792,80.00,3691
797,80.00,3691
797,80.00,3691
798,80.00,3691
798,80.00,3691
798,80.00,3691
799,80.00,3691
799,80.00,3691
801,80.00,3691
801,80.00,3691
802,80.00,3691
805,80.00,3691
806,80.00,3691
806,80.00,3691
809,80.00,3691
811,80.00,3691
812,80.00,3691
815,80.00,3691
816,80.00,3691
817,80.00,3691
817,80.00,3691
818,80.00,3691
820,80.00,3691
821,80.00,3691
823,80.00,3691
825,80.00,3691
825,80.00,3691
828,80.00,3691
828,80.00,3691
829,80.00,3691
829,80.00,3691
831,80.00,3691
833,80.00,3691
834,80.00,3691
835,80.00,3691
835,80.00,3691
836,80.00,3691
837,80.00,3691
838,80.00,3691
840,80.00,3691
841,80.00,3691
841,80.00,3691
841,80.00,3691
841,80.00,3691
843,80.00,3691
846,80.00,3691
851,80.00,3691
852,80.00,3691
852,80.00,3691
853,80.00,3691
854,80.00,3691
856,80.00,3691
859,80.00,3691
861,80.00,3691
862,80.00,3691
862,80.00,3691
864,80.00,3691
865,80.00,3691
868,80.00,3691
868,80.00,3691
869,80.00,3691
870,80.00,3691
871,80.00,3691
872,80.00,3691
872,80.00,3691
873,80.00,3691
874,80.00,3691
875,80.00,3691
878,80.00,3691
881,80.00,3691
885,80.00,3691
886,80.00,3691
887,80.00,3691
887,80.00,3691
890,80.00,3691
890,80.00,3691
891,80.00,3691
899,80.00,3691
902,80.00,3691
903,80.00,3691
904,80.00,3691
905,80.00,3691
906,80.00,3691
909,80.00,3691
910,80.00,3691
911,80.00,3691
912,80.00,3691
917,80.00,3691
919,80.00,3691
922,80.00,3691
924,80.00,3691
925,80.00,3691
925,80.00,3691
925,80.00,3691
929,80.00,3691
930,80.00,3691
937,80.00,3691
937,80.00,3691
940,80.00,3691
940,80.00,3691
941,80.00,3691
946,80.00,3691
946,80.00,3691
947,80.00,3691
949,80.00,3691
949,80.00,3691
950,80.00,3691
951,80.00,3691
952,80.00,3691
953,80.00,3691
953,80.00,3691
953,80.00,3691
956,80.00,3691
956,80.00,3691
958,80.00,3691
959,80.00,3691
959,80.00,3691
962,80.00,3691
964,80.00,3691
965,80.00,3691
965,80.00,3691
966,80.00,3691
967,80.00,3691
969,80.00,3691
970,80.00,3691
971,80.00,3691
972,80.00,3691
972,80.00,3691
974,80.00,3691
977,80.00,3691
978,80.00,3691
979,80.00,3691
980,80.00,3691
984,80.00,3691
986,80.00,3691
987,80.00,3691
988,80.00,3691
989,80.00,3691
989,80.00,3691
990,80.00,3691
991,80.00,3691
991,80.00,3691
991,80.00,3691
991,80.00,3691
993,80.00,3691
997,80.00,3691
1000,80.00,3691
4,75.00,4587
4,75.00,4587
6,75.00,4587
9,75.00,4587
11,75.00,4587
13,75.00,4587
14,75.00,4587
15,75.00,4587
17,75.00,4587
19,75.00,4587
22,75.00,4587
23,75.00,4587
24,75.00,4587
26,75.00,4587
26,75.00,4587
28,75.00,4587
29,75.00,4587
29,75.00,4587
30,75.00,4587
32,75.00,4587
33,75.00,4587
33,75.00,4587
34,75.00,4587
34,75.00,4587
35,75.00,4587
36,75.00,4587
38,75.00,4587
42,75.00,4587
42,75.00,4587
44,75.00,4587
47,75.00,4587
49,75.00,4587
55,75.00,4587
55,75.00,4587
65,75.00,4587
65,75.00,4587
65,75.00,4587
66,75.00,4587
68,75.00,4587
69,75.00,4587
69,75.00,4587
71,75.00,4587
72,75.00,4587
72,75.00,4587
73,75.00,4587
73,75.00,4587
73,75.00,4587
74,75.00,4587
74,75.00,4587
75,75.00,4587
77,75.00,4587
78,75.00,4587
80,75.00,4587
80,75.00,4587
81,75.00,4587
83,75.00,4587
83,75.00,4587
84,75.00,4587
86,75.00,4587
87,75.00,4587
92,75.00,4587
93,75.00,4587
94,75.00,4587
94,75.00,4587
95,75.00,4587
95,75.00,4587
96,75.00,4587
96,75.00,4587
98,75.00,4587
99,75.00,4587
99,75.00,4587
99,75.00,4587
100,75.00,4587
101,75.00,4587
103,75.00,4587
106,75.00,4587
106,75.00,4587
106,75.00,4587
107,75.00,4587
107,75.00,4587
107,75.00,4587
110,75.00,4587
110,75.00,4587
113,75.00,4587
113,75.00,4587
114,75.00,4587
117,75.00,4587
117,75.00,4587
118,75.00,4587
118,75.00,4587
120,75.00,4587
120,75.00,4587
121,75.00,4587
121,75.00,4587
122,75.00,4587
123,75.00,4587
124,75.00,4587
125,75.00,4587
125,75.00,4587
126,75.00,4587
126,75.00,4587
128,75.00,4587
128,75.00,4587
129,75.00,4587
129,75.00,4587
129,75.00,4587
132,75.00,4587
132,75.00,4587
132,75.00,4587
133,75.00,4587
134,75.00,4587
135,75.00,4587
136,75.00,4587
136,75.00,4587
137,75.00,4587
139,75.00,4587
140,75.00,4587
143,75.00,4587
144,75.00,4587
144,75.00,4587
145,75.00,4587
145,75.00,4587
146,75.00,4587
146,75.00,4587
149,75.00,4587
151,75.00,4587
153,75.00,4587
154,75.00,4587
156,75.00,4587
157,75.00,4587
158,75.00,4587
159,75.00,4587
160,75.00,4587
4,75.00,4587
6,75.00,4587
9,75.00,4587
11,75.00,4587
13,75.00,4587
14,75.00,4587
15,75.00,4587
17,75.00,4587
19,75.00,4587
22,75.00,4587
23,75.00,4587
24,75.00,4587
26,75.00,4587
26,75.00,4587
28,75.00,4587
29,75.00,4587
29,75.00,4587
30,75.00,4587
32,75.00,4587
33,75.00,4587
33,75.00,4587
34,75.00,4587
34,75.00,4587
35,75.00,4587
36,75.00,4587
38,75.00,4587
42,75.00,4587
42,75.00,4587
44,75.00,4587
47,75.00,4587
49,75.00,4587
55,75.00,4587
55,75.00,4587
65,75.00,4587
65,75.00,4587
65,75.00,4587
66,75.00,4587
68,75.00,4587
69,75.00,4587
69,75.00,4587
71,75.00,4587
72,75.00,4587
72,75.00,4587
73,75.00,4587
73,75.00,4587
73,75.00,4587
74,75.00,4587
74,75.00,4587
75,75.00,4587
77,75.00,4587
78,75.00,4587
80,75.00,4587
80,75.00,4587
81,75.00,4587
83,75.00,4587
83,75.00,4587
84,75.00,4587
86,75.00,4587
87,75.00,4587
92,75.00,4587
93,75.00,4587
94,75.00,4587
94,75.00,4587
95,75.00,4587
95,75.00,4587
96,75.00,4587
96,75.00,4587
98,75.00,4587
99,75.00,4587
99,75.00,4587
99,75.00,4587
100,75.00,4587
101,75.00,4587
103,75.00,4587
106,75.00,4587
106,75.00,4587
106,75.00,4587
107,75.00,4587
107,75.00,4587
107,75.00,4587
110,75.00,4587
110,75.00,4587
113,75.00,4587
113,75.00,4587
114,75.00,4587
117,75.00,4587
117,75.00,4587
118,75.00,4587
118,75.00,4587
120,75.00,4587
120,75.00,4587
121,75.00,4587
121,75.00,4587
122,75.00,4587
123,75.00,4587
124,75.00,4587
125,75.00,4587
125,75.00,4587
126,75.00,4587
126,75.00,4587
128,75.00,4587
128,75.00,4587
129,75.00,4587
129,75.00,4587
129,75.00,4587
132,75.00,4587
132,75.00,4587
132,75.00,4587
133,75.00,4587
134,75.00,4587
135,75.00,4587
136,75.00,4587
136,75.00,4587
137,75.00,4587
139,75.00,4587
140,75.00,4587
143,75.00,4587
144,75.00,4587
144,75.00,4587
145,75.00,4587
145,75.00,4587
146,75.00,4587
146,75.00,4587
149,75.00,4587
151,75.00,4587
153,75.00,4587
154,75.00,4587
156,75.00,4587
157,75.00,4587
158,75.00,4587
159,75.00,4587
160,75.00,4587
161,75.00,4587
162,75.00,4587
162,75.00,4587
164,75.00,4587
170,75.00,4587
170,75.00,4587
170,75.00,4587
171,75.00,4587
172,75.00,4587
172,75.00,4587
172,75.00,4587
174,75.00,4587
176,75.00,4587
176,75.00,4587
177,75.00,4587
181,75.00,4587
186,75.00,4587
188,75.00,4587
188,75.00,4587
189,75.00,4587
190,75.00,4587
192,75.00,4587
194,75.00,4587
196,75.00,4587
201,75.00,4587
201,75.00,4587
201,75.00,4587
202,75.00,4587
203,75.00,4587
203,75.00,4587
204,75.00,4587
204,75.00,4587
205,75.00,4587
206,75.00,4587
206,75.00,4587
207,75.00,4587
208,75.00,4587
208,75.00,4587
215,75.00,4587
218,75.00,4587
219,75.00,4587
220,75.00,4587
220,75.00,4587
221,75.00,4587
221,75.00,4587
222,75.00,4587
224,75.00,4587
224,75.00,4587
227,75.00,4587
227,75.00,4587
227,75.00,4587
230,75.00,4587
230,75.00,4587
233,75.00,4587
236,75.00,4587
237,75.00,4587
237,75.00,4587
239,75.00,4587
241,75.00,4587
241,75.00,4587
241,75.00,4587
243,75.00,4587
244,75.00,4587
244,75.00,4587
247,75.00,4587
248,75.00,4587
249,75.00,4587
250,75.00,4587
251,75.00,4587
252,75.00,4587
252,75.00,4587
252,75.00,4587
255,75.00,4587
256,75.00,4587
257,75.00,4587
258,75.00,4587
258,75.00,4587
265,75.00,4587
266,75.00,4587
266,75.00,4587
267,75.00,4587
267,75.00,4587
267,75.00,4587
269,75.00,4587
269,75.00,4587
271,75.00,4587
271,75.00,4587
271,75.00,4587
272,75.00,4587
272,75.00,4587
273,75.00,4587
273,75.00,4587
276,75.00,4587
279,75.00,4587
279,75.00,4587
281,75.00,4587
281,75.00,4587
283,75.00,4587
284,75.00,4587
285,75.00,4587
287,75.00,4587
288,75.00,4587
288,75.00,4587
290,75.00,4587
291,75.00,4587
291,75.00,4587
293,75.00,4587
294,75.00,4587
296,75.00,4587
297,75.00,4587
298,75.00,4587
300,75.00,4587
301,75.00,4587
302,75.00,4587
302,75.00,4587
303,75.00,4587
305,75.00,4587
306,75.00,4587
308,75.00,4587
310,75.00,4587
310,75.00,4587
310,75.00,4587
312,75.00,4587
314,75.00,4587
314,75.00,4587
314,75.00,4587
315,75.00,4587
315,75.00,4587
316,75.00,4587
318,75.00,4587
319,75.00,4587
321,75.00,4587
322,75.00,4587
324,75.00,4587
325,75.00,4587
329,75.00,4587
331,75.00,4587
331,75.00,4587
333,75.00,4587
335,75.00,4587
336,75.00,4587
337,75.00,4587
338,75.00,4587
338,75.00,4587
339,75.00,4587
341,75.00,4587
342,75.00,4587
343,75.00,4587
343,75.00,4587
344,75.00,4587
346,75.00,4587
346,75.00,4587
347,75.00,4587
350,75.00,4587
352,75.00,4587
353,75.00,4587
354,75.00,4587
360,75.00,4587
360,75.00,4587
363,75.00,4587
364,75.00,4587
368,75.00,4587
368,75.00,4587
369,75.00,4587
370,75.00,4587
371,75.00,4587
372,75.00,4587
373,75.00,4587
375,75.00,4587
375,75.00,4587
376,75.00,4587
377,75.00,4587
378,75.00,4587
382,75.00,4587
383,75.00,4587
384,75.00,4587
385,75.00,4587
385,75.00,4587
385,75.00,4587
386,75.00,4587
386,75.00,4587
388,75.00,4587
390,75.00,4587
392,75.00,4587
392,75.00,4587
394,75.00,4587
397,75.00,4587
397,75.00,4587
398,75.00,4587
398,75.00,4587
399,75.00,4587
399,75.00,4587
400,75.00,4587
400,75.00,4587
401,75.00,4587
402,75.00,4587
403,75.00,4587
404,75.00,4587
405,75.00,4587
411,75.00,4587
411,75.00,4587
413,75.00,4587
413,75.00,4587
413,75.00,4587
415,75.00,4587
416,75.00,4587
417,75.00,4587
417,75.00,4587
417,75.00,4587
420,75.00,4587
421,75.00,4587
422,75.00,4587
425,75.00,4587
426,75.00,4587
430,75.00,4587
431,75.00,4587
432,75.00,4587
438,75.00,4587
440,75.00,4587
442,75.00,4587
443,75.00,4587
443,75.00,4587
445,75.00,4587
448,75.00,4587
449,75.00,4587
450,75.00,4587
450,75.00,4587
454,75.00,4587
455,75.00,4587
457,75.00,4587
459,75.00,4587
459,75.00,4587
460,75.00,4587
460,75.00,4587
463,75.00,4587
463,75.00,4587
466,75.00,4587
467,75.00,4587
467,75.00,4587
468,75.00,4587
469,75.00,4587
470,75.00,4587
472,75.00,4587
472,75.00,4587
474,75.00,4587
478,75.00,4587
478,75.00,4587
479,75.00,4587
483,75.00,4587
487,75.00,4587
488,75.00,4587
490,75.00,4587
490,75.00,4587
491,75.00,4587
492,75.00,4587
494,75.00,4587
497,75.00,4587
498,75.00,4587
499,75.00,4587
499,75.00,4587
500,75.00,4587
501,75.00,4587
501,75.00,4587
501,75.00,4587
504,75.00,4587
504,75.00,4587
506,75.00,4587
509,75.00,4587
512,75.00,4587
512,75.00,4587
514,75.00,4587
515,75.00,4587
515,75.00,4587
516,75.00,4587
517,75.00,4587
519,75.00,4587
520,75.00,4587
521,75.00,4587
521,75.00,4587
521,75.00,4587
524,75.00,4587
526,75.00,4587
527,75.00,4587
529,75.00,4587
532,75.00,4587
534,75.00,4587
535,75.00,4587
537,75.00,4587
537,75.00,4587
538,75.00,4587
540,75.00,4587
540,75.00,4587
541,75.00,4587
542,75.00,4587
543,75.00,4587
547,75.00,4587
548,75.00,4587
552,75.00,4587
552,75.00,4587
555,75.00,4587
557,75.00,4587
557,75.00,4587
558,75.00,4587
559,75.00,4587
560,75.00,4587
562,75.00,4587
563,75.00,4587
563,75.00,4587
565,75.00,4587
565,75.00,4587
566,75.00,4587
566,75.00,4587
567,75.00,4587
570,75.00,4587
571,75.00,4587
571,75.00,4587
571,75.00,4587
573,75.00,4587
573,75.00,4587
573,75.00,4587
573,75.00,4587
574,75.00,4587
574,75.00,4587
576,75.00,4587
577,75.00,4587
577,75.00,4587
578,75.00,4587
580,75.00,4587
581,75.00,4587
582,75.00,4587
582,75.00,4587
583,75.00,4587
584,75.00,4587
586,75.00,4587
590,75.00,4587
594,75.00,4587
598,75.00,4587
599,75.00,4587
602,75.00,4587
603,75.00,4587
606,75.00,4587
607,75.00,4587
609,75.00,4587
610,75.00,4587
613,75.00,4587
615,75.00,4587
618,75.00,4587
619,75.00,4587
624,75.00,4587
625,75.00,4587
627,75.00,4587
627,75.00,4587
630,75.00,4587
630,75.00,4587
630,75.00,4587
630,75.00,4587
634,75.00,4587
635,75.00,4587
637,75.00,4587
637,75.00,4587
638,75.00,4587
639,75.00,4587
639,75.00,4587
642,75.00,4587
643,75.00,4587
643,75.00,4587
645,75.00,4587
646,75.00,4587
646,75.00,4587
649,75.00,4587
649,75.00,4587
649,75.00,4587
651,75.00,4587
653,75.00,4587
654,75.00,4587
656,75.00,4587
658,75.00,4587
662,75.00,4587
663,75.00,4587
664,75.00,4587
667,75.00,4587
669,75.00,4587
669,75.00,4587
674,75.00,4587
677,75.00,4587
677,75.00,4587
678,75.00,4587
678,75.00,4587
678,75.00,4587
681,75.00,4587
682,75.00,4587
684,75.00,4587
685,75.00,4587
685,75.00,4587
685,75.00,4587
687,75.00,4587
688,75.00,4587
688,75.00,4587
690,75.00,4587
690,75.00,4587
691,75.00,4587
693,75.00,4587
694,75.00,4587
695,75.00,4587
696,75.00,4587
696,75.00,4587
699,75.00,4587
700,75.00,4587
700,75.00,4587
703,75.00,4587
703,75.00,4587
705,75.00,4587
708,75.00,4587
709,75.00,4587
709,75.00,4587
709,75.00,4587
710,75.00,4587
711,75.00,4587
712,75.00,4587
713,75.00,4587
713,75.00,4587
714,75.00,4587
719,75.00,4587
719,75.00,4587
719,75.00,4587
721,75.00,4587
722,75.00,4587
722,75.00,4587
722,75.00,4587
724,75.00,4587
725,75.00,4587
726,75.00,4587
726,75.00,4587
728,75.00,4587
730,75.00,4587
731,75.00,4587
733,75.00,4587
734,75.00,4587
735,75.00,4587
735,75.00,4587
736,75.00,4587
736,75.00,4587
737,75.00,4587
738,75.00,4587
740,75.00,4587
742,75.00,4587
743,75.00,4587
744,75.00,4587
745,75.00,4587
749,75.00,4587
751,75.00,4587
753,75.00,4587
753,75.00,4587
756,75.00,4587
758,75.00,4587
759,75.00,4587
763,75.00,4587
765,75.00,4587
767,75.00,4587
767,75.00,4587
771,75.00,4587
771,75.00,4587
773,75.00,4587
773,75.00,4587
775,75.00,4587
777,75.00,4587
779,75.00,4587
780,75.00,4587
781,75.00,4587
785,75.00,4587
789,75.00,4587
792,75.00,4587
792,75.00,4587
793,75.00,4587
793,75.00,4587
795,75.00,4587
795,75.00,4587
795,75.00,4587
798,75.00,4587
798,75.00,4587
799,75.00,4587
800,75.00,4587
801,75.00,4587
801,75.00,4587
802,75.00,4587
803,75.00,4587
803,75.00,4587
805,75.00,4587
808,75.00,4587
809,75.00,4587
809,75.00,4587
809,75.00,4587
810,75.00,4587
810,75.00,4587
810,75.00,4587
811,75.00,4587
815,75.00,4587
817,75.00,4587
819,75.00,4587
820,75.00,4587
821,75.00,4587
821,75.00,4587
822,75.00,4587
827,75.00,4587
827,75.00,4587
827,75.00,4587
828,75.00,4587
828,75.00,4587
832,75.00,4587
833,75.00,4587
834,75.00,4587
834,75.00,4587
835,75.00,4587
836,75.00,4587
838,75.00,4587
840,75.00,4587
843,75.00,4587
843,75.00,4587
845,75.00,4587
846,75.00,4587
847,75.00,4587
847,75.00,4587
848,75.00,4587
848,75.00,4587
849,75.00,4587
849,75.00,4587
850,75.00,4587
850,75.00,4587
850,75.00,4587
852,75.00,4587
853,75.00,4587
855,75.00,4587
856,75.00,4587
856,75.00,4587
857,75.00,4587
859,75.00,4587
860,75.00,4587
864,75.00,4587
866,75.00,4587
867,75.00,4587
868,75.00,4587
868,75.00,4587
869,75.00,4587
870,75.00,4587
871,75.00,4587
872,75.00,4587
873,75.00,4587
874,75.00,4587
874,75.00,4587
875,75.00,4587
877,75.00,4587
878,75.00,4587
880,75.00,4587
881,75.00,4587
882,75.00,4587
883,75.00,4587
884,75.00,4587
884,75.00,4587
885,75.00,4587
885,75.00,4587
886,75.00,4587
889,75.00,4587
891,75.00,4587
895,75.00,4587
895,75.00,4587
898,75.00,4587
898,75.00,4587
898,75.00,4587
899,75.00,4587
900,75.00,4587
901,75.00,4587
902,75.00,4587
903,75.00,4587
904,75.00,4587
906,75.00,4587
908,75.00,4587
908,75.00,4587
909,75.00,4587
910,75.00,4587
910,75.00,4587
911,75.00,4587
913,75.00,4587
913,75.00,4587
914,75.00,4587
915,75.00,4587
919,75.00,4587
920,75.00,4587
922,75.00,4587
922,75.00,4587
923,75.00,4587
926,75.00,4587
927,75.00,4587
927,75.00,4587
928,75.00,4587
929,75.00,4587
930,75.00,4587
932,75.00,4587
932,75.00,4587
933,75.00,4587
934,75.00,4587
935,75.00,4587
935,75.00,4587
937,75.00,4587
938,75.00,4587
938,75.00,4587
940,75.00,4587
940,75.00,4587
941,75.00,4587
941,75.00,4587
943,75.00,4587
943,75.00,4587
944,75.00,4587
944,75.00,4587
945,75.00,4587
948,75.00,4587
950,75.00,4587
952,75.00,4587
952,75.00,4587
953,75.00,4587
953,75.00,4587
954,75.00,4587
956,75.00,4587
957,75.00,4587
957,75.00,4587
959,75.00,4587
960,75.00,4587
960,75.00,4587
961,75.00,4587
961,75.00,4587
964,75.00,4587
965,75.00,4587
966,75.00,4587
966,75.00,4587
967,75.00,4587
968,75.00,4587
968,75.00,4587
970,75.00,4587
971,75.00,4587
972,75.00,4587
974,75.00,4587
975,75.00,4587
975,75.00,4587
976,75.00,4587
978,75.00,4587
979,75.00,4587
979,75.00,4587
980,75.00,4587
981,75.00,4587
981,75.00,4587
982,75.00,4587
983,75.00,4587
983,75.00,4587
985,75.00,4587
990,75.00,4587
992,75.00,4587
993,75.00,4587
993,75.00,4587
996,75.00,4587
997,75.00,4587
6,70.00,5511
2,70.00,5511
4,70.00,5511
5,70.00,5511
6,70.00,5511
7,70.00,5511
9,70.00,5511
11,70.00,5511
12,70.00,5511
13,70.00,5511
15,70.00,5511
15,70.00,5511
16,70.00,5511
17,70.00,5511
17,70.00,5511
19,70.00,5511
24,70.00,5511
25,70.00,5511
30,70.00,5511
30,70.00,5511
30,70.00,5511
30,70.00,5511
31,70.00,5511
32,70.00,5511
34,70.00,5511
35,70.00,5511
35,70.00,5511
35,70.00,5511
36,70.00,5511
39,70.00,5511
40,70.00,5511
41,70.00,5511
48,70.00,5511
49,70.00,5511
50,70.00,5511
52,70.00,5511
53,70.00,5511
53,70.00,5511
55,70.00,5511
56,70.00,5511
57,70.00,5511
58,70.00,5511
59,70.00,5511
59,70.00,5511
60,70.00,5511
61,70.00,5511
62,70.00,5511
62,70.00,5511
63,70.00,5511
63,70.00,5511
64,70.00,5511
64,70.00,5511
69,70.00,5511
69,70.00,5511
69,70.00,5511
70,70.00,5511
73,70.00,5511
76,70.00,5511
77,70.00,5511
77,70.00,5511
77,70.00,5511
78,70.00,5511
78,70.00,5511
78,70.00,5511
79,70.00,5511
79,70.00,5511
80,70.00,5511
80,70.00,5511
81,70.00,5511
82,70.00,5511
82,70.00,5511
83,70.00,5511
84,70.00,5511
84,70.00,5511
89,70.00,5511
89,70.00,5511
91,70.00,5511
92,70.00,5511
92,70.00,5511
93,70.00,5511
94,70.00,5511
96,70.00,5511
98,70.00,5511
100,70.00,5511
101,70.00,5511
107,70.00,5511
109,70.00,5511
110,70.00,5511
110,70.00,5511
113,70.00,5511
115,70.00,5511
117,70.00,5511
118,70.00,5511
121,70.00,5511
121,70.00,5511
122,70.00,5511
123,70.00,5511
124,70.00,5511
124,70.00,5511
128,70.00,5511
129,70.00,5511
130,70.00,5511
131,70.00,5511
133,70.00,5511
134,70.00,5511
134,70.00,5511
135,70.00,5511
135,70.00,5511
137,70.00,5511
138,70.00,5511
138,70.00,5511
140,70.00,5511
142,70.00,5511
142,70.00,5511
143,70.00,5511
146,70.00,5511
146,70.00,5511
147,70.00,5511
148,70.00,5511
152,70.00,5511
155,70.00,5511
156,70.00,5511
157,70.00,5511
159,70.00,5511
160,70.00,5511
161,70.00,5511
2,70.00,5511
4,70.00,5511
5,70.00,5511
6,70.00,5511
7,70.00,5511
9,70.00,5511
11,70.00,5511
12,70.00,5511
13,70.00,5511
15,70.00,5511
15,70.00,5511
16,70.00,5511
17,70.00,5511
17,70.00,5511
19,70.00,5511
24,70.00,5511
25,70.00,5511
30,70.00,5511
30,70.00,5511
30,70.00,5511
30,70.00,5511
31,70.00,5511
32,70.00,5511
34,70.00,5511
35,70.00,5511
35,70.00,5511
35,70.00,5511
36,70.00,5511
39,70.00,5511
40,70.00,5511
41,70.00,5511
48,70.00,5511
49,70.00,5511
50,70.00,5511
52,70.00,5511
53,70.00,5511
53,70.00,5511
55,70.00,5511
56,70.00,5511
57,70.00,5511
58,70.00,5511
59,70.00,5511
59,70.00,5511
60,70.00,5511
61,70.00,5511
62,70.00,5511
62,70.00,5511
63,70.00,5511
63,70.00,5511
64,70.00,5511
64,70.00,5511
69,70.00,5511
69,70.00,5511
69,70.00,5511
70,70.00,5511
73,70.00,5511
76,70.00,5511
77,70.00,5511
77,70.00,5511
77,70.00,5511
78,70.00,5511
78,70.00,5511
78,70.00,5511
79,70.00,5511
79,70.00,5511
80,70.00,5511
80,70.00,5511
81,70.00,5511
82,70.00,5511
82,70.00,5511
83,70.00,5511
84,70.00,5511
84,70.00,5511
89,70.00,5511
89,70.00,5511
91,70.00,5511
92,70.00,5511
92,70.00,5511
93,70.00,5511
94,70.00,5511
96,70.00,5511
98,70.00,5511
100,70.00,5511
101,70.00,5511
107,70.00,5511
109,70.00,5511
110,70.00,5511
110,70.00,5511
113,70.00,5511
115,70.00,5511
117,70.00,5511
118,70.00,5511
121,70.00,5511
121,70.00,5511
122,70.00,5511
123,70.00,5511
124,70.00,5511
124,70.00,5511
128,70.00,5511
129,70.00,5511
130,70.00,5511
131,70.00,5511
133,70.00,5511
134,70.00,5511
134,70.00,5511
135,70.00,5511
135,70.00,5511
137,70.00,5511
138,70.00,5511
138,70.00,5511
140,70.00,5511
142,70.00,5511
142,70.00,5511
143,70.00,5511
146,70.00,5511
146,70.00,5511
147,70.00,5511
148,70.00,5511
152,70.00,5511
155,70.00,5511
156,70.00,5511
157,70.00,5511
159,70.00,5511
160,70.00,5511
161,70.00,5511
161,70.00,5511
162,70.00,5511
163,70.00,5511
169,70.00,5511
172,70.00,5511
172,70.00,5511
174,70.00,5511
175,70.00,5511
176,70.00,5511
176,70.00,5511
176,70.00,5511
176,70.00,5511
177,70.00,5511
178,70.00,5511
179,70.00,5511
180,70.00,5511
182,70.00,5511
185,70.00,5511
186,70.00,5511
186,70.00,5511
188,70.00,5511
189,70.00,5511
189,70.00,5511
191,70.00,5511
192,70.00,5511
193,70.00,5511
194,70.00,5511
194,70.00,5511
195,70.00,5511
195,70.00,5511
195,70.00,5511
195,70.00,5511
196,70.00,5511
197,70.00,5511
197,70.00,5511
197,70.00,5511
205,70.00,5511
209,70.00,5511
209,70.00,5511
210,70.00,5511
212,70.00,5511
213,70.00,5511
214,70.00,5511
217,70.00,5511
218,70.00,5511
221,70.00,5511
222,70.00,5511
224,70.00,5511
225,70.00,5511
225,70.00,5511
225,70.00,5511
228,70.00,5511
229,70.00,5511
231,70.00,5511
232,70.00,5511
233,70.00,5511
234,70.00,5511
239,70.00,5511
240,70.00,5511
240,70.00,5511
241,70.00,5511
242,70.00,5511
242,70.00,5511
244,70.00,5511
245,70.00,5511
246,70.00,5511
248,70.00,5511
249,70.00,5511
250,70.00,5511
257,70.00,5511
257,70.00,5511
257,70.00,5511
259,70.00,5511
265,70.00,5511
266,70.00,5511
267,70.00,5511
268,70.00,5511
270,70.00,5511
270,70.00,5511
272,70.00,5511
274,70.00,5511
274,70.00,5511
275,70.00,5511
276,70.00,5511
277,70.00,5511
278,70.00,5511
280,70.00,5511
282,70.00,5511
284,70.00,5511
286,70.00,5511
286,70.00,5511
286,70.00,5511
288,70.00,5511
292,70.00,5511
292,70.00,5511
296,70.00,5511
297,70.00,5511
299,70.00,5511
300,70.00,5511
304,70.00,5511
304,70.00,5511
305,70.00,5511
306,70.00,5511
308,70.00,5511
310,70.00,5511
315,70.00,5511
316,70.00,5511
317,70.00,5511
318,70.00,5511
319,70.00,5511
319,70.00,5511
319,70.00,5511
319,70.00,5511
320,70.00,5511
322,70.00,5511
322,70.00,5511
323,70.00,5511
325,70.00,5511
328,70.00,5511
329,70.00,5511
329,70.00,5511
330,70.00,5511
330,70.00,5511
330,70.00,5511
332,70.00,5511
332,70.00,5511
332,70.00,5511
334,70.00,5511
337,70.00,5511
337,70.00,5511
339,70.00,5511
341,70.00,5511
341,70.00,5511
345,70.00,5511
347,70.00,5511
348,70.00,5511
350,70.00,5511
350,70.00,5511
352,70.00,5511
352,70.00,5511
352,70.00,5511
353,70.00,5511
356,70.00,5511
356,70.00,5511
357,70.00,5511
358,70.00,5511
359,70.00,5511
360,70.00,5511
360,70.00,5511
361,70.00,5511
362,70.00,5511
363,70.00,5511
364,70.00,5511
365,70.00,5511
366,70.00,5511
366,70.00,5511
366,70.00,5511
367,70.00,5511
368,70.00,5511
368,70.00,5511
370,70.00,5511
370,70.00,5511
371,70.00,5511
372,70.00,5511
373,70.00,5511
374,70.00,5511
376,70.00,5511
377,70.00,5511
377,70.00,5511
378,70.00,5511
378,70.00,5511
381,70.00,5511
381,70.00,5511
383,70.00,5511
384,70.00,5511
388,70.00,5511
389,70.00,5511
389,70.00,5511
389,70.00,5511
390,70.00,5511
390,70.00,5511
393,70.00,5511
393,70.00,5511
396,70.00,5511
396,70.00,5511
396,70.00,5511
396,70.00,5511
399,70.00,5511
399,70.00,5511
399,70.00,5511
404,70.00,5511
406,70.00,5511
409,70.00,5511
410,70.00,5511
411,70.00,5511
411,70.00,5511
412,70.00,5511
414,70.00,5511
414,70.00,5511
417,70.00,5511
419,70.00,5511
420,70.00,5511
422,70.00,5511
422,70.00,5511
423,70.00,5511
425,70.00,5511
427,70.00,5511
427,70.00,5511
429,70.00,5511
430,70.00,5511
431,70.00,5511
432,70.00,5511
433,70.00,5511
434,70.00,5511
434,70.00,5511
434,70.00,5511
436,70.00,5511
437,70.00,5511
438,70.00,5511
442,70.00,5511
445,70.00,5511
446,70.00,5511
446,70.00,5511
448,70.00,5511
451,70.00,5511
453,70.00,5511
453,70.00,5511
454,70.00,5511
456,70.00,5511
456,70.00,5511
457,70.00,5511
459,70.00,5511
462,70.00,5511
462,70.00,5511
464,70.00,5511
467,70.00,5511
467,70.00,5511
467,70.00,5511
468,70.00,5511
469,70.00,5511
470,70.00,5511
470,70.00,5511
471,70.00,5511
472,70.00,5511
476,70.00,5511
482,70.00,5511
483,70.00,5511
484,70.00,5511
486,70.00,5511
490,70.00,5511
490,70.00,5511
490,70.00,5511
491,70.00,5511
491,70.00,5511
493,70.00,5511
494,70.00,5511
495,70.00,5511
495,70.00,5511
497,70.00,5511
497,70.00,5511
499,70.00,5511
500,70.00,5511
500,70.00,5511
503,70.00,5511
503,70.00,5511
504,70.00,5511
504,70.00,5511
507,70.00,5511
507,70.00,5511
508,70.00,5511
508,70.00,5511
509,70.00,5511
510,70.00,5511
511,70.00,5511
511,70.00,5511
512,70.00,5511
513,70.00,5511
513,70.00,5511
516,70.00,5511
517,70.00,5511
518,70.00,5511
520,70.00,5511
522,70.00,5511
524,70.00,5511
526,70.00,5511
526,70.00,5511
527,70.00,5511
531,70.00,5511
532,70.00,5511
532,70.00,5511
532,70.00,5511
537,70.00,5511
539,70.00,5511
539,70.00,5511
540,70.00,5511
543,70.00,5511
543,70.00,5511
543,70.00,5511
543,70.00,5511
543,70.00,5511
546,70.00,5511
547,70.00,5511
548,70.00,5511
550,70.00,5511
552,70.00,5511
552,70.00,5511
553,70.00,5511
554,70.00,5511
556,70.00,5511
561,70.00,5511
563,70.00,5511
563,70.00,5511
563,70.00,5511
564,70.00,5511
565,70.00,5511
566,70.00,5511
567,70.00,5511
569,70.00,5511
570,70.00,5511
572,70.00,5511
573,70.00,5511
574,70.00,5511
574,70.00,5511
580,70.00,5511
581,70.00,5511
582,70.00,5511
584,70.00,5511
585,70.00,5511
585,70.00,5511
585,70.00,5511
586,70.00,5511
587,70.00,5511
591,70.00,5511
591,70.00,5511
592,70.00,5511
595,70.00,5511
596,70.00,5511
596,70.00,5511
597,70.00,5511
600,70.00,5511
601,70.00,5511
605,70.00,5511
605,70.00,5511
608,70.00,5511
608,70.00,5511
612,70.00,5511
612,70.00,5511
615,70.00,5511
615,70.00,5511
615,70.00,5511
615,70.00,5511
615,70.00,5511
618,70.00,5511
618,70.00,5511
619,70.00,5511
621,70.00,5511
622,70.00,5511
628,70.00,5511
629,70.00,5511
633,70.00,5511
634,70.00,5511
635,70.00,5511
639,70.00,5511
641,70.00,5511
641,70.00,5511
642,70.00,5511
642,70.00,5511
645,70.00,5511
646,70.00,5511
648,70.00,5511
650,70.00,5511
652,70.00,5511
652,70.00,5511
653,70.00,5511
655,70.00,5511
655,70.00,5511
656,70.00,5511
656,70.00,5511
657,70.00,5511
658,70.00,5511
660,70.00,5511
660,70.00,5511
661,70.00,5511
661,70.00,5511
662,70.00,5511
662,70.00,5511
664,70.00,5511
665,70.00,5511
666,70.00,5511
667,70.00,5511
668,70.00,5511
668,70.00,5511
672,70.00,5511
672,70.00,5511
672,70.00,5511
674,70.00,5511
675,70.00,5511
677,70.00,5511
678,70.00,5511
679,70.00,5511
680,70.00,5511
686,70.00,5511
687,70.00,5511
687,70.00,5511
689,70.00,5511
691,70.00,5511
691,70.00,5511
691,70.00,5511
693,70.00,5511
693,70.00,5511
694,70.00,5511
695,70.00,5511
698,70.00,5511
700,70.00,5511
701,70.00,5511
701,70.00,5511
703,70.00,5511
704,70.00,5511
705,70.00,5511
706,70.00,5511
707,70.00,5511
710,70.00,5511
712,70.00,5511
714,70.00,5511
715,70.00,5511
715,70.00,5511
715,70.00,5511
716,70.00,5511
716,70.00,5511
716,70.00,5511
718,70.00,5511
722,70.00,5511
724,70.00,5511
724,70.00,5511
725,70.00,5511
726,70.00,5511
729,70.00,5511
730,70.00,5511
734,70.00,5511
738,70.00,5511
740,70.00,5511
741,70.00,5511
743,70.00,5511
745,70.00,5511
747,70.00,5511
749,70.00,5511
750,70.00,5511
750,70.00,5511
752,70.00,5511
752,70.00,5511
753,70.00,5511
753,70.00,5511
758,70.00,5511
760,70.00,5511
760,70.00,5511
761,70.00,5511
762,70.00,5511
763,70.00,5511
764,70.00,5511
764,70.00,5511
765,70.00,5511
766,70.00,5511
766,70.00,5511
767,70.00,5511
768,70.00,5511
769,70.00,5511
769,70.00,5511
775,70.00,5511
777,70.00,5511
778,70.00,5511
778,70.00,5511
781,70.00,5511
782,70.00,5511
783,70.00,5511
784,70.00,5511
784,70.00,5511
785,70.00,5511
787,70.00,5511
789,70.00,5511
789,70.00,5511
793,70.00,5511
794,70.00,5511
794,70.00,5511
796,70.00,5511
796,70.00,5511
796,70.00,5511
796,70.00,5511
798,70.00,5511
799,70.00,5511
800,70.00,5511
800,70.00,5511
802,70.00,5511
802,70.00,5511
805,70.00,5511
806,70.00,5511
806,70.00,5511
807,70.00,5511
811,70.00,5511
814,70.00,5511
816,70.00,5511
816,70.00,5511
817,70.00,5511
819,70.00,5511
823,70.00,5511
823,70.00,5511
826,70.00,5511
828,70.00,5511
830,70.00,5511
831,70.00,5511
832,70.00,5511
837,70.00,5511
844,70.00,5511
844,70.00,5511
844,70.00,5511
849,70.00,5511
851,70.00,5511
852,70.00,5511
852,70.00,5511
853,70.00,5511
854,70.00,5511
854,70.00,5511
856,70.00,5511
857,70.00,5511
859,70.00,5511
861,70.00,5511
861,70.00,5511
863,70.00,5511
863,70.00,5511
864,70.00,5511
864,70.00,5511
864,70.00,5511
864,70.00,5511
865,70.00,5511
865,70.00,5511
866,70.00,5511
867,70.00,5511
867,70.00,5511
868,70.00,5511
868,70.00,5511
869,70.00,5511
870,70.00,5511
875,70.00,5511
882,70.00,5511
882,70.00,5511
884,70.00,5511
885,70.00,5511
885,70.00,5511
886,70.00,5511
886,70.00,5511
887,70.00,5511
889,70.00,5511
891,70.00,5511
894,70.00,5511
896,70.00,5511
897,70.00,5511
897,70.00,5511
898,70.00,5511
899,70.00,5511
901,70.00,5511
902,70.00,5511
903,70.00,5511
903,70.00,5511
904,70.00,5511
905,70.00,5511
907,70.00,5511
907,70.00,5511
909,70.00,5511
911,70.00,5511
916,70.00,5511
916,70.00,5511
918,70.00,5511
920,70.00,5511
921,70.00,5511
923,70.00,5511
924,70.00,5511
928,70.00,5511
930,70.00,5511
932,70.00,5511
932,70.00,5511
933,70.00,5511
933,70.00,5511
935,70.00,5511
937,70.00,5511
938,70.00,5511
939,70.00,5511
939,70.00,5511
940,70.00,5511
940,70.00,5511
942,70.00,5511
944,70.00,5511
945,70.00,5511
946,70.00,5511
948,70.00,5511
952,70.00,5511
955,70.00,5511
956,70.00,5511
957,70.00,5511
958,70.00,5511
966,70.00,5511
969,70.00,5511
972,70.00,5511
973,70.00,5511
973,70.00,5511
973,70.00,5511
975,70.00,5511
975,70.00,5511
976,70.00,5511
977,70.00,5511
977,70.00,5511
978,70.00,5511
979,70.00,5511
981,70.00,5511
983,70.00,5511
986,70.00,5511
990,70.00,5511
992,70.00,5511
995,70.00,5511
996,70.00,5511
5,65.00,6380
5,65.00,6380
6,65.00,6380
6,65.00,6380
7,65.00,6380
9,65.00,6380
9,65.00,6380
9,65.00,6380
12,65.00,6380
12,65.00,6380
13,65.00,6380
15,65.00,6380
18,65.00,6380
21,65.00,6380
21,65.00,6380
22,65.00,6380
25,65.00,6380
26,65.00,6380
28,65.00,6380
30,65.00,6380
31,65.00,6380
37,65.00,6380
41,65.00,6380
41,65.00,6380
42,65.00,6380
43,65.00,6380
44,65.00,6380
47,65.00,6380
48,65.00,6380
50,65.00,6380
51,65.00,6380
51,65.00,6380
52,65.00,6380
53,65.00,6380
55,65.00,6380
56,65.00,6380
57,65.00,6380
57,65.00,6380
58,65.00,6380
59,65.00,6380
61,65.00,6380
61,65.00,6380
61,65.00,6380
62,65.00,6380
65,65.00,6380
67,65.00,6380
72,65.00,6380
75,65.00,6380
76,65.00,6380
77,65.00,6380
79,65.00,6380
81,65.00,6380
83,65.00,6380
83,65.00,6380
84,65.00,6380
85,65.00,6380
87,65.00,6380
91,65.00,6380
91,65.00,6380
92,65.00,6380
92,65.00,6380
95,65.00,6380
96,65.00,6380
96,65.00,6380
96,65.00,6380
97,65.00,6380
100,65.00,6380
101,65.00,6380
101,65.00,6380
101,65.00,6380
102,65.00,6380
104,65.00,6380
107,65.00,6380
118,65.00,6380
121,65.00,6380
122,65.00,6380
122,65.00,6380
122,65.00,6380
123,65.00,6380
123,65.00,6380
125,65.00,6380
131,65.00,6380
132,65.00,6380
132,65.00,6380
133,65.00,6380
134,65.00,6380
136,65.00,6380
137,65.00,6380
138,65.00,6380
138,65.00,6380
141,65.00,6380
141,65.00,6380
142,65.00,6380
145,65.00,6380
147,65.00,6380
149,65.00,6380
152,65.00,6380
152,65.00,6380
153,65.00,6380
154,65.00,6380
155,65.00,6380
156,65.00,6380
157,65.00,6380
158,65.00,6380
160,65.00,6380
5,65.00,6380
5,65.00,6380
6,65.00,6380
6,65.00,6380
7,65.00,6380
9,65.00,6380
9,65.00,6380
9,65.00,6380
12,65.00,6380
12,65.00,6380
13,65.00,6380
15,65.00,6380
18,65.00,6380
21,65.00,6380
21,65.00,6380
22,65.00,6380
25,65.00,6380
26,65.00,6380
28,65.00,6380
30,65.00,6380
31,65.00,6380
37,65.00,6380
41,65.00,6380
41,65.00,6380
42,65.00,6380
43,65.00,6380
44,65.00,6380
47,65.00,6380
48,65.00,6380
50,65.00,6380
51,65.00,6380
51,65.00,6380
52,65.00,6380
53,65.00,6380
55,65.00,6380
56,65.00,6380
57,65.00,6380
57,65.00,6380
58,65.00,6380
59,65.00,6380
61,65.00,6380
61,65.00,6380
61,65.00,6380
62,65.00,6380
65,65.00,6380
67,65.00,6380
72,65.00,6380
75,65.00,6380
76,65.00,6380
77,65.00,6380
79,65.00,6380
81,65.00,6380
83,65.00,6380
83,65.00,6380
84,65.00,6380
85,65.00,6380
87,65.00,6380
91,65.00,6380
91,65.00,6380
92,65.00,6380
92,65.00,6380
95,65.00,6380
96,65.00,6380
96,65.00,6380
96,65.00,6380
97,65.00,6380
100,65.00,6380
101,65.00,6380
101,65.00,6380
101,65.00,6380
102,65.00,6380
104,65.00,6380
107,65.00,6380
118,65.00,6380
121,65.00,6380
122,65.00,6380
122,65.00,6380
122,65.00,6380
123,65.00,6380
123,65.00,6380
125,65.00,6380
131,65.00,6380
132,65.00,6380
132,65.00,6380
133,65.00,6380
134,65.00,6380
136,65.00,6380
137,65.00,6380
138,65.00,6380
138,65.00,6380
141,65.00,6380
141,65.00,6380
142,65.00,6380
145,65.00,6380
147,65.00,6380
149,65.00,6380
152,65.00,6380
152,65.00,6380
153,65.00,6380
154,65.00,6380
155,65.00,6380
156,65.00,6380
157,65.00,6380
158,65.00,6380
160,65.00,6380
162,65.00,6380
163,65.00,6380
163,65.00,6380
163,65.00,6380
165,65.00,6380
166,65.00,6380
168,65.00,6380
168,65.00,6380
170,65.00,6380
173,65.00,6380
174,65.00,6380
176,65.00,6380
177,65.00,6380
177,65.00,6380
177,65.00,6380
178,65.00,6380
179,65.00,6380
180,65.00,6380
180,65.00,6380
181,65.00,6380
182,65.00,6380
184,65.00,6380
184,65.00,6380
186,65.00,6380
186,65.00,6380
187,65.00,6380
189,65.00,6380
192,65.00,6380
193,65.00,6380
194,65.00,6380
196,65.00,6380
196,65.00,6380
197,65.00,6380
198,65.00,6380
199,65.00,6380
199,65.00,6380
202,65.00,6380
202,65.00,6380
203,65.00,6380
204,65.00,6380
206,65.00,6380
207,65.00,6380
209,65.00,6380
209,65.00,6380
209,65.00,6380
210,65.00,6380
210,65.00,6380
211,65.00,6380
212,65.00,6380
213,65.00,6380
214,65.00,6380
215,65.00,6380
215,65.00,6380
217,65.00,6380
219,65.00,6380
220,65.00,6380
223,65.00,6380
224,65.00,6380
225,65.00,6380
225,65.00,6380
226,65.00,6380
226,65.00,6380
231,65.00,6380
232,65.00,6380
234,65.00,6380
234,65.00,6380
234,65.00,6380
235,65.00,6380
236,65.00,6380
236,65.00,6380
238,65.00,6380
239,65.00,6380
240,65.00,6380
240,65.00,6380
241,65.00,6380
241,65.00,6380
243,65.00,6380
243,65.00,6380
244,65.00,6380
245,65.00,6380
246,65.00,6380
247,65.00,6380
248,65.00,6380
248,65.00,6380
248,65.00,6380
249,65.00,6380
249,65.00,6380
253,65.00,6380
253,65.00,6380
254,65.00,6380
255,65.00,6380
256,65.00,6380
258,65.00,6380
258,65.00,6380
260,65.00,6380
261,65.00,6380
263,65.00,6380
267,65.00,6380
268,65.00,6380
268,65.00,6380
268,65.00,6380
268,65.00,6380
269,65.00,6380
270,65.00,6380
271,65.00,6380
272,65.00,6380
274,65.00,6380
274,65.00,6380
275,65.00,6380
277,65.00,6380
277,65.00,6380
277,65.00,6380
279,65.00,6380
279,65.00,6380
280,65.00,6380
280,65.00,6380
281,65.00,6380
281,65.00,6380
286,65.00,6380
287,65.00,6380
288,65.00,6380
288,65.00,6380
289,65.00,6380
291,65.00,6380
291,65.00,6380
292,65.00,6380
293,65.00,6380
296,65.00,6380
298,65.00,6380
301,65.00,6380
302,65.00,6380
303,65.00,6380
305,65.00,6380
305,65.00,6380
306,65.00,6380
307,65.00,6380
309,65.00,6380
310,65.00,6380
312,65.00,6380
313,65.00,6380
317,65.00,6380
319,65.00,6380
320,65.00,6380
322,65.00,6380
326,65.00,6380
327,65.00,6380
329,65.00,6380
330,65.00,6380
333,65.00,6380
333,65.00,6380
335,65.00,6380
337,65.00,6380
338,65.00,6380
338,65.00,6380
339,65.00,6380
339,65.00,6380
339,65.00,6380
341,65.00,6380
342,65.00,6380
343,65.00,6380
346,65.00,6380
350,65.00,6380
350,65.00,6380
353,65.00,6380
355,65.00,6380
357,65.00,6380
358,65.00,6380
358,65.00,6380
359,65.00,6380
360,65.00,6380
363,65.00,6380
363,65.00,6380
363,65.00,6380
365,65.00,6380
366,65.00,6380
369,65.00,6380
370,65.00,6380
371,65.00,6380
371,65.00,6380
371,65.00,6380
372,65.00,6380
372,65.00,6380
373,65.00,6380
374,65.00,6380
379,65.00,6380
380,65.00,6380
381,65.00,6380
383,65.00,6380
383,65.00,6380
384,65.00,6380
385,65.00,6380
385,65.00,6380
386,65.00,6380
387,65.00,6380
388,65.00,6380
392,65.00,6380
392,65.00,6380
393,65.00,6380
393,65.00,6380
393,65.00,6380
395,65.00,6380
395,65.00,6380
398,65.00,6380
398,65.00,6380
403,65.00,6380
405,65.00,6380
406,65.00,6380
407,65.00,6380
408,65.00,6380
410,65.00,6380
412,65.00,6380
413,65.00,6380
414,65.00,6380
415,65.00,6380
415,65.00,6380
416,65.00,6380
418,65.00,6380
419,65.00,6380
422,65.00,6380
423,65.00,6380
423,65.00,6380
425,65.00,6380
427,65.00,6380
427,65.00,6380
431,65.00,6380
431,65.00,6380
432,65.00,6380
436,65.00,6380
440,65.00,6380
440,65.00,6380
441,65.00,6380
443,65.00,6380
443,65.00,6380
445,65.00,6380
446,65.00,6380
447,65.00,6380
447,65.00,6380
449,65.00,6380
449,65.00,6380
450,65.00,6380
452,65.00,6380
452,65.00,6380
455,65.00,6380
457,65.00,6380
457,65.00,6380
457,65.00,6380
459,65.00,6380
459,65.00,6380
461,65.00,6380
462,65.00,6380
464,65.00,6380
466,65.00,6380
468,65.00,6380
472,65.00,6380
472,65.00,6380
472,65.00,6380
473,65.00,6380
474,65.00,6380
476,65.00,6380
476,65.00,6380
477,65.00,6380
477,65.00,6380
479,65.00,6380
480,65.00,6380
480,65.00,6380
481,65.00,6380
482,65.00,6380
482,65.00,6380
482,65.00,6380
483,65.00,6380
484,65.00,6380
486,65.00,6380
487,65.00,6380
487,65.00,6380
488,65.00,6380
488,65.00,6380
489,65.00,6380
491,65.00,6380
492,65.00,6380
493,65.00,6380
494,65.00,6380
495,65.00,6380
497,65.00,6380
500,65.00,6380
501,65.00,6380
502,65.00,6380
507,65.00,6380
508,65.00,6380
511,65.00,6380
513,65.00,6380
514,65.00,6380
514,65.00,6380
516,65.00,6380
517,65.00,6380
519,65.00,6380
520,65.00,6380
521,65.00,6380
522,65.00,6380
522,65.00,6380
526,65.00,6380
528,65.00,6380
529,65.00,6380
529,65.00,6380
531,65.00,6380
533,65.00,6380
534,65.00,6380
536,65.00,6380
536,65.00,6380
537,65.00,6380
537,65.00,6380
539,65.00,6380
540,65.00,6380
541,65.00,6380
541,65.00,6380
544,65.00,6380
544,65.00,6380
545,65.00,6380
547,65.00,6380
548,65.00,6380
548,65.00,6380
550,65.00,6380
556,65.00,6380
557,65.00,6380
560,65.00,6380
560,65.00,6380
562,65.00,6380
562,65.00,6380
562,65.00,6380
562,65.00,6380
566,65.00,6380
567,65.00,6380
568,65.00,6380
570,65.00,6380
572,65.00,6380
572,65.00,6380
574,65.00,6380
576,65.00,6380
576,65.00,6380
577,65.00,6380
577,65.00,6380
578,65.00,6380
578,65.00,6380
579,65.00,6380
581,65.00,6380
585,65.00,6380
586,65.00,6380
588,65.00,6380
589,65.00,6380
590,65.00,6380
590,65.00,6380
594,65.00,6380
597,65.00,6380
598,65.00,6380
601,65.00,6380
602,65.00,6380
603,65.00,6380
604,65.00,6380
605,65.00,6380
605,65.00,6380
606,65.00,6380
606,65.00,6380
607,65.00,6380
608,65.00,6380
609,65.00,6380
610,65.00,6380
613,65.00,6380
615,65.00,6380
617,65.00,6380
620,65.00,6380
622,65.00,6380
626,65.00,6380
626,65.00,6380
627,65.00,6380
627,65.00,6380
628,65.00,6380
628,65.00,6380
628,65.00,6380
629,65.00,6380
630,65.00,6380
630,65.00,6380
634,65.00,6380
635,65.00,6380
638,65.00,6380
638,65.00,6380
639,65.00,6380
640,65.00,6380
641,65.00,6380
642,65.00,6380
642,65.00,6380
644,65.00,6380
645,65.00,6380
651,65.00,6380
655,65.00,6380
656,65.00,6380
660,65.00,6380
660,65.00,6380
661,65.00,6380
663,65.00,6380
663,65.00,6380
665,65.00,6380
667,65.00,6380
671,65.00,6380
672,65.00,6380
674,65.00,6380
674,65.00,6380
676,65.00,6380
677,65.00,6380
679,65.00,6380
679,65.00,6380
681,65.00,6380
681,65.00,6380
681,65.00,6380
683,65.00,6380
685,65.00,6380
685,65.00,6380
687,65.00,6380
688,65.00,6380
689,65.00,6380
689,65.00,6380
690,65.00,6380
690,65.00,6380
691,65.00,6380
691,65.00,6380
695,65.00,6380
697,65.00,6380
697,65.00,6380
697,65.00,6380
697,65.00,6380
698,65.00,6380
699,65.00,6380
699,65.00,6380
701,65.00,6380
702,65.00,6380
702,65.00,6380
702,65.00,6380
703,65.00,6380
708,65.00,6380
709,65.00,6380
711,65.00,6380
712,65.00,6380
713,65.00,6380
715,65.00,6380
720,65.00,6380
722,65.00,6380
722,65.00,6380
723,65.00,6380
727,65.00,6380
728,65.00,6380
729,65.00,6380
731,65.00,6380
732,65.00,6380
732,65.00,6380
733,65.00,6380
734,65.00,6380
734,65.00,6380
736,65.00,6380
736,65.00,6380
738,65.00,6380
739,65.00,6380
739,65.00,6380
741,65.00,6380
741,65.00,6380
744,65.00,6380
745,65.00,6380
745,65.00,6380
749,65.00,6380
750,65.00,6380
751,65.00,6380
751,65.00,6380
751,65.00,6380
751,65.00,6380
752,65.00,6380
753,65.00,6380
755,65.00,6380
756,65.00,6380
757,65.00,6380
758,65.00,6380
760,65.00,6380
760,65.00,6380
762,65.00,6380
763,65.00,6380
765,65.00,6380
768,65.00,6380
769,65.00,6380
769,65.00,6380
769,65.00,6380
770,65.00,6380
770,65.00,6380
771,65.00,6380
773,65.00,6380
773,65.00,6380
778,65.00,6380
779,65.00,6380
780,65.00,6380
781,65.00,6380
781,65.00,6380
781,65.00,6380
783,65.00,6380
785,65.00,6380
787,65.00,6380
788,65.00,6380
789,65.00,6380
791,65.00,6380
793,65.00,6380
795,65.00,6380
796,65.00,6380
802,65.00,6380
803,65.00,6380
805,65.00,6380
806,65.00,6380
812,65.00,6380
813,65.00,6380
815,65.00,6380
816,65.00,6380
816,65.00,6380
817,65.00,6380
820,65.00,6380
820,65.00,6380
823,65.00,6380
823,65.00,6380
825,65.00,6380
825,65.00,6380
826,65.00,6380
826,65.00,6380
826,65.00,6380
828,65.00,6380
829,65.00,6380
830,65.00,6380
830,65.00,6380
830,65.00,6380
832,65.00,6380
833,65.00,6380
833,65.00,6380
835,65.00,6380
835,65.00,6380
838,65.00,6380
839,65.00,6380
840,65.00,6380
841,65.00,6380
842,65.00,6380
843,65.00,6380
845,65.00,6380
845,65.00,6380
848,65.00,6380
849,65.00,6380
849,65.00,6380
850,65.00,6380
850,65.00,6380
851,65.00,6380
853,65.00,6380
854,65.00,6380
856,65.00,6380
857,65.00,6380
860,65.00,6380
861,65.00,6380
862,65.00,6380
862,65.00,6380
863,65.00,6380
865,65.00,6380
868,65.00,6380
870,65.00,6380
871,65.00,6380
874,65.00,6380
875,65.00,6380
875,65.00,6380
880,65.00,6380
881,65.00,6380
883,65.00,6380
887,65.00,6380
887,65.00,6380
888,65.00,6380
890,65.00,6380
890,65.00,6380
891,65.00,6380
896,65.00,6380
897,65.00,6380
902,65.00,6380
904,65.00,6380
904,65.00,6380
905,65.00,6380
905,65.00,6380
907,65.00,6380
910,65.00,6380
910,65.00,6380
916,65.00,6380
916,65.00,6380
917,65.00,6380
918,65.00,6380
919,65.00,6380
924,65.00,6380
925,65.00,6380
928,65.00,6380
928,65.00,6380
930,65.00,6380
931,65.00,6380
931,65.00,6380
933,65.00,6380
934,65.00,6380
934,65.00,6380
936,65.00,6380
938,65.00,6380
942,65.00,6380
944,65.00,6380
945,65.00,6380
947,65.00,6380
948,65.00,6380
948,65.00,6380
948,65.00,6380
949,65.00,6380
950,65.00,6380
951,65.00,6380
951,65.00,6380
952,65.00,6380
952,65.00,6380
954,65.00,6380
957,65.00,6380
958,65.00,6380
958,65.00,6380
959,65.00,6380
961,65.00,6380
961,65.00,6380
963,65.00,6380
964,65.00,6380
964,65.00,6380
965,65.00,6380
965,65.00,6380
966,65.00,6380
967,65.00,6380
968,65.00,6380
970,65.00,6380
970,65.00,6380
972,65.00,6380
973,65.00,6380
973,65.00,6380
973,65.00,6380
974,65.00,6380
974,65.00,6380
977,65.00,6380
983,65.00,6380
984,65.00,6380
985,65.00,6380
985,65.00,6380
986,65.00,6380
986,65.00,6380
988,65.00,6380
988,65.00,6380
989,65.00,6380
989,65.00,6380
990,65.00,6380
990,65.00,6380
993,65.00,6380
993,65.00,6380
994,65.00,6380
999,65.00,6380
1000,65.00,6380
1000,65.00,6380
5,60.00,7246
1,60.00,7246
4,60.00,7246
5,60.00,7246
6,60.00,7246
7,60.00,7246
8,60.00,7246
9,60.00,7246
10,60.00,7246
11,60.00,7246
13,60.00,7246
14,60.00,7246
14,60.00,7246
17,60.00,7246
18,60.00,7246
19,60.00,7246
19,60.00,7246
20,60.00,7246
22,60.00,7246
24,60.00,7246
25,60.00,7246
28,60.00,7246
33,60.00,7246
35,60.00,7246
36,60.00,7246
37,60.00,7246
41,60.00,7246
41,60.00,7246
42,60.00,7246
43,60.00,7246
44,60.00,7246
44,60.00,7246
45,60.00,7246
45,60.00,7246
46,60.00,7246
46,60.00,7246
47,60.00,7246
47,60.00,7246
48,60.00,7246
48,60.00,7246
51,60.00,7246
54,60.00,7246
55,60.00,7246
56,60.00,7246
56,60.00,7246
57,60.00,7246
58,60.00,7246
59,60.00,7246
62,60.00,7246
62,60.00,7246
63,60.00,7246
64,60.00,7246
64,60.00,7246
64,60.00,7246
66,60.00,7246
67,60.00,7246
74,60.00,7246
74,60.00,7246
75,60.00,7246
75,60.00,7246
75,60.00,7246
79,60.00,7246
80,60.00,7246
83,60.00,7246
84,60.00,7246
84,60.00,7246
87,60.00,7246
88,60.00,7246
89,60.00,7246
90,60.00,7246
93,60.00,7246
94,60.00,7246
95,60.00,7246
97,60.00,7246
97,60.00,7246
97,60.00,7246
99,60.00,7246
100,60.00,7246
101,60.00,7246
101,60.00,7246
102,60.00,7246
103,60.00,7246
104,60.00,7246
104,60.00,7246
104,60.00,7246
105,60.00,7246
105,60.00,7246
106,60.00,7246
107,60.00,7246
108,60.00,7246
110,60.00,7246
110,60.00,7246
112,60.00,7246
113,60.00,7246
113,60.00,7246
114,60.00,7246
114,60.00,7246
116,60.00,7246
116,60.00,7246
117,60.00,7246
117,60.00,7246
117,60.00,7246
119,60.00,7246
120,60.00,7246
121,60.00,7246
122,60.00,7246
123,60.00,7246
126,60.00,7246
126,60.00,7246
127,60.00,7246
129,60.00,7246
129,60.00,7246
130,60.00,7246
131,60.00,7246
131,60.00,7246
131,60.00,7246
137,60.00,7246
139,60.00,7246
141,60.00,7246
141,60.00,7246
144,60.00,7246
144,60.00,7246
145,60.00,7246
145,60.00,7246
146,60.00,7246
146,60.00,7246
147,60.00,7246
147,60.00,7246
148,60.00,7246
149,60.00,7246
150,60.00,7246
151,60.00,7246
152,60.00,7246
153,60.00,7246
153,60.00,7246
154,60.00,7246
156,60.00,7246
157,60.00,7246
159,60.00,7246
159,60.00,7246
1,60.00,7246
4,60.00,7246
5,60.00,7246
6,60.00,7246
7,60.00,7246
8,60.00,7246
9,60.00,7246
10,60.00,7246
11,60.00,7246
13,60.00,7246
14,60.00,7246
14,60.00,7246
17,60.00,7246
18,60.00,7246
19,60.00,7246
19,60.00,7246
20,60.00,7246
22,60.00,7246
24,60.00,7246
25,60.00,7246
28,60.00,7246
33,60.00,7246
35,60.00,7246
36,60.00,7246
37,60.00,7246
41,60.00,7246
41,60.00,7246
42,60.00,7246
43,60.00,7246
44,60.00,7246
44,60.00,7246
45,60.00,7246
45,60.00,7246
46,60.00,7246
46,60.00,7246
47,60.00,7246
47,60.00,7246
48,60.00,7246
48,60.00,7246
51,60.00,7246
54,60.00,7246
55,60.00,7246
56,60.00,7246
56,60.00,7246
57,60.00,7246
58,60.00,7246
59,60.00,7246
62,60.00,7246
62,60.00,7246
63,60.00,7246
64,60.00,7246
64,60.00,7246
64,60.00,7246
66,60.00,7246
67,60.00,7246
74,60.00,7246
74,60.00,7246
75,60.00,7246
75,60.00,7246
75,60.00,7246
79,60.00,7246
80,60.00,7246
83,60.00,7246
84,60.00,7246
84,60.00,7246
87,60.00,7246
88,60.00,7246
89,60.00,7246
90,60.00,7246
93,60.00,7246
94,60.00,7246
95,60.00,7246
97,60.00,7246
97,60.00,7246
97,60.00,7246
99,60.00,7246
100,60.00,7246
101,60.00,7246
101,60.00,7246
102,60.00,7246
103,60.00,7246
104,60.00,7246
104,60.00,7246
104,60.00,7246
105,60.00,7246
105,60.00,7246
106,60.00,7246
107,60.00,7246
108,60.00,7246
110,60.00,7246
110,60.00,7246
112,60.00,7246
113,60.00,7246
113,60.00,7246
114,60.00,7246
114,60.00,7246
116,60.00,7246
116,60.00,7246
117,60.00,7246
117,60.00,7246
117,60.00,7246
119,60.00,7246
120,60.00,7246
121,60.00,7246
122,60.00,7246
123,60.00,7246
126,60.00,7246
126,60.00,7246
127,60.00,7246
129,60.00,7246
129,60.00,7246
130,60.00,7246
131,60.00,7246
131,60.00,7246
131,60.00,7246
137,60.00,7246
139,60.00,7246
141,60.00,7246
141,60.00,7246
144,60.00,7246
144,60.00,7246
145,60.00,7246
145,60.00,7246
146,60.00,7246
146,60.00,7246
147,60.00,7246
147,60.00,7246
148,60.00,7246
149,60.00,7246
150,60.00,7246
151,60.00,7246
152,60.00,7246
153,60.00,7246
153,60.00,7246
154,60.00,7246
156,60.00,7246
157,60.00,7246
159,60.00,7246
159,60.00,7246
162,60.00,7246
163,60.00,7246
167,60.00,7246
167,60.00,7246
169,60.00,7246
171,60.00,7246
173,60.00,7246
174,60.00,7246
177,60.00,7246
180,60.00,7246
180,60.00,7246
182,60.00,7246
184,60.00,7246
184,60.00,7246
184,60.00,7246
187,60.00,7246
188,60.00,7246
189,60.00,7246
190,60.00,7246
190,60.00,7246
191,60.00,7246
192,60.00,7246
192,60.00,7246
195,60.00,7246
197,60.00,7246
200,60.00,7246
203,60.00,7246
203,60.00,7246
204,60.00,7246
204,60.00,7246
209,60.00,7246
211,60.00,7246
211,60.00,7246
212,60.00,7246
213,60.00,7246
215,60.00,7246
216,60.00,7246
219,60.00,7246
220,60.00,7246
221,60.00,7246
222,60.00,7246
223,60.00,7246
224,60.00,7246
227,60.00,7246
228,60.00,7246
229,60.00,7246
229,60.00,7246
231,60.00,7246
234,60.00,7246
238,60.00,7246
238,60.00,7246
239,60.00,7246
239,60.00,7246
240,60.00,7246
242,60.00,7246
243,60.00,7246
243,60.00,7246
243,60.00,7246
245,60.00,7246
250,60.00,7246
251,60.00,7246
251,60.00,7246
251,60.00,7246
253,60.00,7246
254,60.00,7246
257,60.00,7246
260,60.00,7246
261,60.00,7246
261,60.00,7246
261,60.00,7246
262,60.00,7246
264,60.00,7246
265,60.00,7246
265,60.00,7246
266,60.00,7246
269,60.00,7246
270,60.00,7246
271,60.00,7246
273,60.00,7246
273,60.00,7246
274,60.00,7246
275,60.00,7246
276,60.00,7246
280,60.00,7246
281,60.00,7246
282,60.00,7246
283,60.00,7246
289,60.00,7246
290,60.00,7246
290,60.00,7246
290,60.00,7246
290,60.00,7246
292,60.00,7246
292,60.00,7246
293,60.00,7246
293,60.00,7246
294,60.00,7246
294,60.00,7246
295,60.00,7246
298,60.00,7246
298,60.00,7246
300,60.00,7246
301,60.00,7246
301,60.00,7246
302,60.00,7246
303,60.00,7246
304,60.00,7246
306,60.00,7246
306,60.00,7246
306,60.00,7246
307,60.00,7246
308,60.00,7246
309,60.00,7246
309,60.00,7246
316,60.00,7246
316,60.00,7246
318,60.00,7246
321,60.00,7246
322,60.00,7246
326,60.00,7246
327,60.00,7246
328,60.00,7246
328,60.00,7246
330,60.00,7246
331,60.00,7246
332,60.00,7246
334,60.00,7246
335,60.00,7246
337,60.00,7246
338,60.00,7246
338,60.00,7246
340,60.00,7246
341,60.00,7246
342,60.00,7246
348,60.00,7246
348,60.00,7246
349,60.00,7246
350,60.00,7246
351,60.00,7246
354,60.00,7246
354,60.00,7246
356,60.00,7246
359,60.00,7246
361,60.00,7246
362,60.00,7246
363,60.00,7246
364,60.00,7246
366,60.00,7246
367,60.00,7246
367,60.00,7246
368,60.00,7246
368,60.00,7246
368,60.00,7246
369,60.00,7246
370,60.00,7246
371,60.00,7246
372,60.00,7246
373,60.00,7246
375,60.00,7246
376,60.00,7246
377,60.00,7246
381,60.00,7246
384,60.00,7246
385,60.00,7246
386,60.00,7246
391,60.00,7246
392,60.00,7246
394,60.00,7246
395,60.00,7246
397,60.00,7246
401,60.00,7246
401,60.00,7246
401,60.00,7246
402,60.00,7246
404,60.00,7246
405,60.00,7246
407,60.00,7246
408,60.00,7246
408,60.00,7246
408,60.00,7246
409,60.00,7246
411,60.00,7246
412,60.00,7246
415,60.00,7246
415,60.00,7246
418,60.00,7246
418,60.00,7246
418,60.00,7246
419,60.00,7246
423,60.00,7246
427,60.00,7246
428,60.00,7246
429,60.00,7246
430,60.00,7246
433,60.00,7246
434,60.00,7246
435,60.00,7246
435,60.00,7246
437,60.00,7246
438,60.00,7246
440,60.00,7246
441,60.00,7246
442,60.00,7246
442,60.00,7246
443,60.00,7246
447,60.00,7246
448,60.00,7246
449,60.00,7246
449,60.00,7246
450,60.00,7246
453,60.00,7246
454,60.00,7246
456,60.00,7246
457,60.00,7246
457,60.00,7246
460,60.00,7246
460,60.00,7246
460,60.00,7246
462,60.00,7246
462,60.00,7246
465,60.00,7246
468,60.00,7246
468,60.00,7246
469,60.00,7246
470,60.00,7246
473,60.00,7246
473,60.00,7246
475,60.00,7246
478,60.00,7246
482,60.00,7246
485,60.00,7246
485,60.00,7246
489,60.00,7246
489,60.00,7246
492,60.00,7246
493,60.00,7246
496,60.00,7246
496,60.00,7246
496,60.00,7246
498,60.00,7246
499,60.00,7246
499,60.00,7246
500,60.00,7246
501,60.00,7246
501,60.00,7246
501,60.00,7246
504,60.00,7246
507,60.00,7246
508,60.00,7246
511,60.00,7246
511,60.00,7246
512,60.00,7246
514,60.00,7246
514,60.00,7246
514,60.00,7246
515,60.00,7246
515,60.00,7246
516,60.00,7246
518,60.00,7246
520,60.00,7246
522,60.00,7246
522,60.00,7246
524,60.00,7246
525,60.00,7246
526,60.00,7246
526,60.00,7246
526,60.00,7246
527,60.00,7246
528,60.00,7246
528,60.00,7246
529,60.00,7246
529,60.00,7246
529,60.00,7246
530,60.00,7246
532,60.00,7246
532,60.00,7246
534,60.00,7246
535,60.00,7246
535,60.00,7246
536,60.00,7246
537,60.00,7246
537,60.00,7246
539,60.00,7246
541,60.00,7246
546,60.00,7246
546,60.00,7246
547,60.00,7246
547,60.00,7246
550,60.00,7246
552,60.00,7246
553,60.00,7246
554,60.00,7246
555,60.00,7246
556,60.00,7246
556,60.00,7246
559,60.00,7246
559,60.00,7246
559,60.00,7246
560,60.00,7246
562,60.00,7246
563,60.00,7246
567,60.00,7246
572,60.00,7246
575,60.00,7246
579,60.00,7246
580,60.00,7246
586,60.00,7246
586,60.00,7246
587,60.00,7246
589,60.00,7246
591,60.00,7246
593,60.00,7246
593,60.00,7246
593,60.00,7246
594,60.00,7246
596,60.00,7246
597,60.00,7246
599,60.00,7246
601,60.00,7246
601,60.00,7246
601,60.00,7246
603,60.00,7246
606,60.00,7246
608,60.00,7246
609,60.00,7246
610,60.00,7246
614,60.00,7246
615,60.00,7246
617,60.00,7246
618,60.00,7246
618,60.00,7246
620,60.00,7246
620,60.00,7246
622,60.00,7246
623,60.00,7246
625,60.00,7246
625,60.00,7246
626,60.00,7246
627,60.00,7246
629,60.00,7246
630,60.00,7246
631,60.00,7246
632,60.00,7246
633,60.00,7246
635,60.00,7246
638,60.00,7246
640,60.00,7246
640,60.00,7246
642,60.00,7246
644,60.00,7246
648,60.00,7246
649,60.00,7246
651,60.00,7246
657,60.00,7246
658,60.00,7246
658,60.00,7246
661,60.00,7246
661,60.00,7246
662,60.00,7246
663,60.00,7246
663,60.00,7246
667,60.00,7246
668,60.00,7246
670,60.00,7246
672,60.00,7246
673,60.00,7246
674,60.00,7246
675,60.00,7246
676,60.00,7246
676,60.00,7246
676,60.00,7246
678,60.00,7246
680,60.00,7246
680,60.00,7246
682,60.00,7246
683,60.00,7246
685,60.00,7246
686,60.00,7246
689,60.00,7246
690,60.00,7246
690,60.00,7246
691,60.00,7246
692,60.00,7246
695,60.00,7246
695,60.00,7246
696,60.00,7246
697,60.00,7246
697,60.00,7246
699,60.00,7246
700,60.00,7246
702,60.00,7246
702,60.00,7246
703,60.00,7246
704,60.00,7246
706,60.00,7246
707,60.00,7246
707,60.00,7246
709,60.00,7246
711,60.00,7246
712,60.00,7246
712,60.00,7246
712,60.00,7246
713,60.00,7246
714,60.00,7246
714,60.00,7246
716,60.00,7246
717,60.00,7246
717,60.00,7246
718,60.00,7246
719,60.00,7246
719,60.00,7246
720,60.00,7246
721,60.00,7246
722,60.00,7246
723,60.00,7246
724,60.00,7246
727,60.00,7246
728,60.00,7246
728,60.00,7246
729,60.00,7246
735,60.00,7246
735,60.00,7246
737,60.00,7246
737,60.00,7246
737,60.00,7246
741,60.00,7246
743,60.00,7246
746,60.00,7246
746,60.00,7246
753,60.00,7246
754,60.00,7246
754,60.00,7246
755,60.00,7246
755,60.00,7246
757,60.00,7246
757,60.00,7246
757,60.00,7246
759,60.00,7246
762,60.00,7246
764,60.00,7246
766,60.00,7246
768,60.00,7246
770,60.00,7246
772,60.00,7246
773,60.00,7246
774,60.00,7246
776,60.00,7246
776,60.00,7246
777,60.00,7246
777,60.00,7246
778,60.00,7246
780,60.00,7246
782,60.00,7246
782,60.00,7246
782,60.00,7246
783,60.00,7246
785,60.00,7246
786,60.00,7246
789,60.00,7246
789,60.00,7246
790,60.00,7246
794,60.00,7246
799,60.00,7246
800,60.00,7246
800,60.00,7246
800,60.00,7246
803,60.00,7246
808,60.00,7246
808,60.00,7246
808,60.00,7246
809,60.00,7246
811,60.00,7246
813,60.00,7246
814,60.00,7246
816,60.00,7246
817,60.00,7246
817,60.00,7246
819,60.00,7246
820,60.00,7246
822,60.00,7246
824,60.00,7246
824,60.00,7246
825,60.00,7246
825,60.00,7246
828,60.00,7246
830,60.00,7246
832,60.00,7246
832,60.00,7246
833,60.00,7246
833,60.00,7246
835,60.00,7246
837,60.00,7246
838,60.00,7246
839,60.00,7246
839,60.00,7246
839,60.00,7246
840,60.00,7246
840,60.00,7246
842,60.00,7246
842,60.00,7246
843,60.00,7246
845,60.00,7246
847,60.00,7246
848,60.00,7246
850,60.00,7246
852,60.00,7246
856,60.00,7246
859,60.00,7246
860,60.00,7246
860,60.00,7246
862,60.00,7246
863,60.00,7246
865,60.00,7246
870,60.00,7246
872,60.00,7246
874,60.00,7246
875,60.00,7246
875,60.00,7246
876,60.00,7246
876,60.00,7246
877,60.00,7246
878,60.00,7246
879,60.00,7246
879,60.00,7246
879,60.00,7246
879,60.00,7246
879,60.00,7246
881,60.00,7246
884,60.00,7246
884,60.00,7246
886,60.00,7246
886,60.00,7246
888,60.00,7246
888,60.00,7246
888,60.00,7246
888,60.00,7246
892,60.00,7246
892,60.00,7246
895,60.00,7246
895,60.00,7246
895,60.00,7246
896,60.00,7246
897,60.00,7246
897,60.00,7246
897,60.00,7246
900,60.00,7246
900,60.00,7246
901,60.00,7246
905,60.00,7246
906,60.00,7246
907,60.00,7246
909,60.00,7246
914,60.00,7246
918,60.00,7246
921,60.00,7246
922,60.00,7246
924,60.00,7246
926,60.00,7246
928,60.00,7246
928,60.00,7246
934,60.00,7246
935,60.00,7246
936,60.00,7246
938,60.00,7246
942,60.00,7246
943,60.00,7246
946,60.00,7246
946,60.00,7246
951,60.00,7246
952,60.00,7246
953,60.00,7246
955,60.00,7246
955,60.00,7246
956,60.00,7246
957,60.00,7246
960,60.00,7246
960,60.00,7246
960,60.00,7246
961,60.00,7246
961,60.00,7246
962,60.00,7246
964,60.00,7246
965,60.00,7246
967,60.00,7246
967,60.00,7246
969,60.00,7246
971,60.00,7246
974,60.00,7246
974,60.00,7246
975,60.00,7246
976,60.00,7246
978,60.00,7246
979,60.00,7246
979,60.00,7246
979,60.00,7246
980,60.00,7246
980,60.00,7246
981,60.00,7246
982,60.00,7246
983,60.00,7246
984,60.00,7246
985,60.00,7246
986,60.00,7246
986,60.00,7246
988,60.00,7246
988,60.00,7246
989,60.00,7246
993,60.00,7246
994,60.00,7246
995,60.00,7246
998,60.00,7246
998,60.00,7246
1000,60.00,7246
1,55.00,8138
1,55.00,8138
2,55.00,8138
3,55.00,8138
3,55.00,8138
4,55.00,8138
5,55.00,8138
8,55.00,8138
8,55.00,8138
8,55.00,8138
9,55.00,8138
11,55.00,8138
11,55.00,8138
12,55.00,8138
13,55.00,8138
13,55.00,8138
14,55.00,8138
15,55.00,8138
20,55.00,8138
22,55.00,8138
22,55.00,8138
24,55.00,8138
25,55.00,8138
26,55.00,8138
26,55.00,8138
27,55.00,8138
27,55.00,8138
27,55.00,8138
28,55.00,8138
28,55.00,8138
29,55.00,8138
30,55.00,8138
32,55.00,8138
32,55.00,8138
32,55.00,8138
33,55.00,8138
34,55.00,8138
34,55.00,8138
37,55.00,8138
37,55.00,8138
39,55.00,8138
39,55.00,8138
41,55.00,8138
41,55.00,8138
43,55.00,8138
44,55.00,8138
46,55.00,8138
47,55.00,8138
51,55.00,8138
51,55.00,8138
52,55.00,8138
54,55.00,8138
55,55.00,8138
55,55.00,8138
55,55.00,8138
56,55.00,8138
56,55.00,8138
59,55.00,8138
61,55.00,8138
63,55.00,8138
64,55.00,8138
65,55.00,8138
67,55.00,8138
67,55.00,8138
68,55.00,8138
68,55.00,8138
69,55.00,8138
70,55.00,8138
71,55.00,8138
71,55.00,8138
74,55.00,8138
75,55.00,8138
75,55.00,8138
76,55.00,8138
77,55.00,8138
77,55.00,8138
80,55.00,8138
80,55.00,8138
83,55.00,8138
85,55.00,8138
86,55.00,8138
86,55.00,8138
86,55.00,8138
87,55.00,8138
89,55.00,8138
90,55.00,8138
95,55.00,8138
95,55.00,8138
96,55.00,8138
98,55.00,8138
98,55.00,8138
98,55.00,8138
99,55.00,8138
100,55.00,8138
102,55.00,8138
102,55.00,8138
103,55.00,8138
103,55.00,8138
104,55.00,8138
104,55.00,8138
109,55.00,8138
110,55.00,8138
111,55.00,8138
111,55.00,8138
112,55.00,8138
113,55.00,8138
114,55.00,8138
115,55.00,8138
115,55.00,8138
119,55.00,8138
125,55.00,8138
126,55.00,8138
127,55.00,8138
128,55.00,8138
129,55.00,8138
130,55.00,8138
133,55.00,8138
133,55.00,8138
134,55.00,8138
139,55.00,8138
140,55.00,8138
142,55.00,8138
143,55.00,8138
144,55.00,8138
146,55.00,8138
147,55.00,8138
149,55.00,8138
149,55.00,8138
150,55.00,8138
152,55.00,8138
155,55.00,8138
157,55.00,8138
158,55.00,8138
160,55.00,8138
1,55.00,8138
1,55.00,8138
2,55.00,8138
3,55.00,8138
3,55.00,8138
4,55.00,8138
5,55.00,8138
8,55.00,8138
8,55.00,8138
8,55.00,8138
9,55.00,8138
11,55.00,8138
11,55.00,8138
12,55.00,8138
13,55.00,8138
13,55.00,8138
14,55.00,8138
15,55.00,8138
20,55.00,8138
22,55.00,8138
22,55.00,8138
24,55.00,8138
25,55.00,8138
26,55.00,8138
26,55.00,8138
27,55.00,8138
27,55.00,8138
27,55.00,8138
28,55.00,8138
28,55.00,8138
29,55.00,8138
30,55.00,8138
32,55.00,8138
32,55.00,8138
32,55.00,8138
33,55.00,8138
34,55.00,8138
34,55.00,8138
37,55.00,8138
37,55.00,8138
39,55.00,8138
39,55.00,8138
41,55.00,8138
41,55.00,8138
43,55.00,8138
44,55.00,8138
46,55.00,8138
47,55.00,8138
51,55.00,8138
51,55.00,8138
52,55.00,8138
54,55.00,8138
55,55.00,8138
55,55.00,8138
55,55.00,8138
56,55.00,8138
56,55.00,8138
59,55.00,8138
61,55.00,8138
63,55.00,8138
64,55.00,8138
65,55.00,8138
67,55.00,8138
67,55.00,8138
68,55.00,8138
68,55.00,8138
69,55.00,8138
70,55.00,8138
71,55.00,8138
71,55.00,8138
74,55.00,8138
75,55.00,8138
75,55.00,8138
76,55.00,8138
77,55.00,8138
77,55.00,8138
80,55.00,8138
80,55.00,8138
83,55.00,8138
85,55.00,8138
86,55.00,8138
86,55.00,8138
86,55.00,8138
87,55.00,8138
89,55.00,8138
90,55.00,8138
95,55.00,8138
95,55.00,8138
96,55.00,8138
98,55.00,8138
98,55.00,8138
98,55.00,8138
99,55.00,8138
100,55.00,8138
102,55.00,8138
102,55.00,8138
103,55.00,8138
103,55.00,8138
104,55.00,8138
104,55.00,8138
109,55.00,8138
110,55.00,8138
111,55.00,8138
111,55.00,8138
112,55.00,8138
113,55.00,8138
114,55.00,8138
115,55.00,8138
115,55.00,8138
119,55.00,8138
125,55.00,8138
126,55.00,8138
127,55.00,8138
128,55.00,8138
129,55.00,8138
130,55.00,8138
133,55.00,8138
133,55.00,8138
134,55.00,8138
139,55.00,8138
140,55.00,8138
142,55.00,8138
143,55.00,8138
144,55.00,8138
146,55.00,8138
147,55.00,8138
149,55.00,8138
149,55.00,8138
150,55.00,8138
152,55.00,8138
155,55.00,8138
157,55.00,8138
158,55.00,8138
160,55.00,8138
162,55.00,8138
162,55.00,8138
164,55.00,8138
164,55.00,8138
165,55.00,8138
165,55.00,8138
166,55.00,8138
166,55.00,8138
166,55.00,8138
168,55.00,8138
170,55.00,8138
176,55.00,8138
176,55.00,8138
181,55.00,8138
181,55.00,8138
182,55.00,8138
186,55.00,8138
189,55.00,8138
191,55.00,8138
191,55.00,8138
191,55.00,8138
193,55.00,8138
197,55.00,8138
198,55.00,8138
199,55.00,8138
199,55.00,8138
200,55.00,8138
206,55.00,8138
208,55.00,8138
215,55.00,8138
215,55.00,8138
215,55.00,8138
219,55.00,8138
220,55.00,8138
220,55.00,8138
220,55.00,8138
222,55.00,8138
224,55.00,8138
225,55.00,8138
225,55.00,8138
228,55.00,8138
229,55.00,8138
229,55.00,8138
231,55.00,8138
232,55.00,8138
235,55.00,8138
238,55.00,8138
238,55.00,8138
239,55.00,8138
247,55.00,8138
250,55.00,8138
251,55.00,8138
252,55.00,8138
255,55.00,8138
255,55.00,8138
255,55.00,8138
260,55.00,8138
261,55.00,8138
264,55.00,8138
266,55.00,8138
267,55.00,8138
269,55.00,8138
269,55.00,8138
270,55.00,8138
271,55.00,8138
272,55.00,8138
272,55.00,8138
275,55.00,8138
278,55.00,8138
283,55.00,8138
285,55.00,8138
285,55.00,8138
286,55.00,8138
287,55.00,8138
290,55.00,8138
290,55.00,8138
290,55.00,8138
291,55.00,8138
294,55.00,8138
294,55.00,8138
295,55.00,8138
295,55.00,8138
296,55.00,8138
296,55.00,8138
298,55.00,8138
299,55.00,8138
302,55.00,8138
304,55.00,8138
306,55.00,8138
306,55.00,8138
307,55.00,8138
309,55.00,8138
309,55.00,8138
311,55.00,8138
311,55.00,8138
313,55.00,8138
314,55.00,8138
317,55.00,8138
321,55.00,8138
322,55.00,8138
322,55.00,8138
323,55.00,8138
324,55.00,8138
324,55.00,8138
325,55.00,8138
325,55.00,8138
325,55.00,8138
326,55.00,8138
327,55.00,8138
328,55.00,8138
331,55.00,8138
331,55.00,8138
332,55.00,8138
332,55.00,8138
333,55.00,8138
334,55.00,8138
335,55.00,8138
335,55.00,8138
336,55.00,8138
336,55.00,8138
336,55.00,8138
337,55.00,8138
337,55.00,8138
339,55.00,8138
340,55.00,8138
341,55.00,8138
341,55.00,8138
341,55.00,8138
345,55.00,8138
346,55.00,8138
349,55.00,8138
349,55.00,8138
350,55.00,8138
351,55.00,8138
354,55.00,8138
354,55.00,8138
355,55.00,8138
356,55.00,8138
358,55.00,8138
360,55.00,8138
361,55.00,8138
367,55.00,8138
369,55.00,8138
370,55.00,8138
372,55.00,8138
373,55.00,8138
374,55.00,8138
375,55.00,8138
376,55.00,8138
379,55.00,8138
382,55.00,8138
382,55.00,8138
385,55.00,8138
387,55.00,8138
388,55.00,8138
390,55.00,8138
390,55.00,8138
390,55.00,8138
392,55.00,8138
395,55.00,8138
399,55.00,8138
400,55.00,8138
401,55.00,8138
404,55.00,8138
404,55.00,8138
405,55.00,8138
405,55.00,8138
407,55.00,8138
407,55.00,8138
410,55.00,8138
410,55.00,8138
414,55.00,8138
415,55.00,8138
417,55.00,8138
420,55.00,8138
420,55.00,8138
421,55.00,8138
422,55.00,8138
425,55.00,8138
426,55.00,8138
427,55.00,8138
428,55.00,8138
429,55.00,8138
429,55.00,8138
430,55.00,8138
430,55.00,8138
433,55.00,8138
436,55.00,8138
437,55.00,8138
438,55.00,8138
444,55.00,8138
445,55.00,8138
446,55.00,8138
446,55.00,8138
448,55.00,8138
449,55.00,8138
450,55.00,8138
451,55.00,8138
451,55.00,8138
452,55.00,8138
453,55.00,8138
453,55.00,8138
454,55.00,8138
456,55.00,8138
458,55.00,8138
458,55.00,8138
459,55.00,8138
461,55.00,8138
461,55.00,8138
463,55.00,8138
464,55.00,8138
464,55.00,8138
466,55.00,8138
468,55.00,8138
469,55.00,8138
470,55.00,8138
471,55.00,8138
473,55.00,8138
474,55.00,8138
475,55.00,8138
475,55.00,8138
475,55.00,8138
476,55.00,8138
478,55.00,8138
479,55.00,8138
479,55.00,8138
480,55.00,8138
484,55.00,8138
486,55.00,8138
487,55.00,8138
489,55.00,8138
489,55.00,8138
492,55.00,8138
495,55.00,8138
495,55.00,8138
496,55.00,8138
498,55.00,8138
498,55.00,8138
501,55.00,8138
503,55.00,8138
504,55.00,8138
506,55.00,8138
506,55.00,8138
507,55.00,8138
513,55.00,8138
515,55.00,8138
516,55.00,8138
517,55.00,8138
519,55.00,8138
519,55.00,8138
519,55.00,8138
520,55.00,8138
521,55.00,8138
523,55.00,8138
523,55.00,8138
523,55.00,8138
523,55.00,8138
525,55.00,8138
527,55.00,8138
530,55.00,8138
530,55.00,8138
533,55.00,8138
533,55.00,8138
536,55.00,8138
536,55.00,8138
538,55.00,8138
539,55.00,8138
541,55.00,8138
544,55.00,8138
545,55.00,8138
545,55.00,8138
545,55.00,8138
548,55.00,8138
549,55.00,8138
549,55.00,8138
549,55.00,8138
553,55.00,8138
555,55.00,8138
556,55.00,8138
556,55.00,8138
557,55.00,8138
557,55.00,8138
559,55.00,8138
568,55.00,8138
569,55.00,8138
572,55.00,8138
572,55.00,8138
573,55.00,8138
576,55.00,8138
576,55.00,8138
578,55.00,8138
580,55.00,8138
581,55.00,8138
581,55.00,8138
581,55.00,8138
586,55.00,8138
588,55.00,8138
588,55.00,8138
588,55.00,8138
592,55.00,8138
594,55.00,8138
595,55.00,8138
595,55.00,8138
597,55.00,8138
598,55.00,8138
599,55.00,8138
599,55.00,8138
604,55.00,8138
605,55.00,8138
605,55.00,8138
606,55.00,8138
607,55.00,8138
608,55.00,8138
610,55.00,8138
611,55.00,8138
612,55.00,8138
612,55.00,8138
614,55.00,8138
619,55.00,8138
622,55.00,8138
622,55.00,8138
623,55.00,8138
623,55.00,8138
625,55.00,8138
626,55.00,8138
627,55.00,8138
629,55.00,8138
629,55.00,8138
631,55.00,8138
633,55.00,8138
634,55.00,8138
636,55.00,8138
638,55.00,8138
638,55.00,8138
638,55.00,8138
639,55.00,8138
642,55.00,8138
643,55.00,8138
644,55.00,8138
645,55.00,8138
646,55.00,8138
646,55.00,8138
649,55.00,8138
650,55.00,8138
652,55.00,8138
652,55.00,8138
656,55.00,8138
658,55.00,8138
658,55.00,8138
660,55.00,8138
662,55.00,8138
664,55.00,8138
665,55.00,8138
667,55.00,8138
669,55.00,8138
670,55.00,8138
671,55.00,8138
671,55.00,8138
673,55.00,8138
674,55.00,8138
674,55.00,8138
677,55.00,8138
679,55.00,8138
679,55.00,8138
680,55.00,8138
681,55.00,8138
682,55.00,8138
682,55.00,8138
682,55.00,8138
683,55.00,8138
683,55.00,8138
683,55.00,8138
683,55.00,8138
683,55.00,8138
686,55.00,8138
689,55.00,8138
690,55.00,8138
691,55.00,8138
692,55.00,8138
693,55.00,8138
693,55.00,8138
696,55.00,8138
698,55.00,8138
702,55.00,8138
704,55.00,8138
705,55.00,8138
707,55.00,8138
707,55.00,8138
711,55.00,8138
714,55.00,8138
715,55.00,8138
715,55.00,8138
716,55.00,8138
717,55.00,8138
718,55.00,8138
720,55.00,8138
721,55.00,8138
722,55.00,8138
724,55.00,8138
725,55.00,8138
725,55.00,8138
725,55.00,8138
726,55.00,8138
728,55.00,8138
728,55.00,8138
729,55.00,8138
730,55.00,8138
731,55.00,8138
733,55.00,8138
734,55.00,8138
736,55.00,8138
739,55.00,8138
740,55.00,8138
742,55.00,8138
742,55.00,8138
744,55.00,8138
744,55.00,8138
747,55.00,8138
747,55.00,8138
747,55.00,8138
748,55.00,8138
748,55.00,8138
752,55.00,8138
753,55.00,8138
755,55.00,8138
755,55.00,8138
757,55.00,8138
757,55.00,8138
758,55.00,8138
761,55.00,8138
763,55.00,8138
764,55.00,8138
767,55.00,8138
767,55.00,8138
768,55.00,8138
768,55.00,8138
769,55.00,8138
771,55.00,8138
771,55.00,8138
772,55.00,8138
774,55.00,8138
774,55.00,8138
774,55.00,8138
776,55.00,8138
778,55.00,8138
779,55.00,8138
780,55.00,8138
782,55.00,8138
783,55.00,8138
784,55.00,8138
784,55.00,8138
785,55.00,8138
786,55.00,8138
790,55.00,8138
791,55.00,8138
791,55.00,8138
791,55.00,8138
793,55.00,8138
793,55.00,8138
794,55.00,8138
794,55.00,8138
795,55.00,8138
795,55.00,8138
798,55.00,8138
799,55.00,8138
803,55.00,8138
809,55.00,8138
810,55.00,8138
810,55.00,8138
811,55.00,8138
812,55.00,8138
818,55.00,8138
818,55.00,8138
821,55.00,8138
822,55.00,8138
823,55.00,8138
824,55.00,8138
824,55.00,8138
826,55.00,8138
829,55.00,8138
833,55.00,8138
833,55.00,8138
834,55.00,8138
835,55.00,8138
836,55.00,8138
839,55.00,8138
839,55.00,8138
839,55.00,8138
841,55.00,8138
842,55.00,8138
845,55.00,8138
848,55.00,8138
848,55.00,8138
853,55.00,8138
853,55.00,8138
853,55.00,8138
855,55.00,8138
858,55.00,8138
860,55.00,8138
860,55.00,8138
863,55.00,8138
864,55.00,8138
865,55.00,8138
868,55.00,8138
869,55.00,8138
872,55.00,8138
881,55.00,8138
882,55.00,8138
883,55.00,8138
885,55.00,8138
889,55.00,8138
890,55.00,8138
892,55.00,8138
892,55.00,8138
893,55.00,8138
898,55.00,8138
899,55.00,8138
903,55.00,8138
906,55.00,8138
907,55.00,8138
908,55.00,8138
908,55.00,8138
909,55.00,8138
911,55.00,8138
912,55.00,8138
913,55.00,8138
915,55.00,8138
916,55.00,8138
917,55.00,8138
919,55.00,8138
922,55.00,8138
923,55.00,8138
924,55.00,8138
925,55.00,8138
925,55.00,8138
926,55.00,8138
926,55.00,8138
928,55.00,8138
930,55.00,8138
931,55.00,8138
931,55.00,8138
931,55.00,8138
932,55.00,8138
932,55.00,8138
932,55.00,8138
933,55.00,8138
934,55.00,8138
934,55.00,8138
936,55.00,8138
937,55.00,8138
937,55.00,8138
938,55.00,8138
938,55.00,8138
939,55.00,8138
941,55.00,8138
942,55.00,8138
942,55.00,8138
947,55.00,8138
949,55.00,8138
950,55.00,8138
951,55.00,8138
951,55.00,8138
954,55.00,8138
956,55.00,8138
957,55.00,8138
958,55.00,8138
961,55.00,8138
963,55.00,8138
964,55.00,8138
969,55.00,8138
970,55.00,8138
971,55.00,8138
971,55.00,8138
972,55.00,8138
974,55.00,8138
976,55.00,8138
978,55.00,8138
980,55.00,8138
982,55.00,8138
987,55.00,8138
990,55.00,8138
991,55.00,8138
991,55.00,8138
994,55.00,8138
995,55.00,8138
995,55.00,8138
997,55.00,8138
999,55.00,8138
999,55.00,8138
3,50.00,8995
1,50.00,8995
4,50.00,8995
5,50.00,8995
9,50.00,8995
10,50.00,8995
11,50.00,8995
14,50.00,8995
14,50.00,8995
15,50.00,8995
16,50.00,8995
16,50.00,8995
19,50.00,8995
20,50.00,8995
21,50.00,8995
21,50.00,8995
23,50.00,8995
23,50.00,8995
24,50.00,8995
29,50.00,8995
32,50.00,8995
32,50.00,8995
34,50.00,8995
35,50.00,8995
36,50.00,8995
38,50.00,8995
39,50.00,8995
41,50.00,8995
43,50.00,8995
44,50.00,8995
45,50.00,8995
46,50.00,8995
48,50.00,8995
49,50.00,8995
50,50.00,8995
50,50.00,8995
50,50.00,8995
52,50.00,8995
52,50.00,8995
53,50.00,8995
53,50.00,8995
54,50.00,8995
58,50.00,8995
63,50.00,8995
63,50.00,8995
66,50.00,8995
68,50.00,8995
70,50.00,8995
71,50.00,8995
72,50.00,8995
73,50.00,8995
76,50.00,8995
76,50.00,8995
76,50.00,8995
81,50.00,8995
81,50.00,8995
83,50.00,8995
83,50.00,8995
86,50.00,8995
86,50.00,8995
87,50.00,8995
88,50.00,8995
93,50.00,8995
93,50.00,8995
96,50.00,8995
103,50.00,8995
104,50.00,8995
105,50.00,8995
106,50.00,8995
107,50.00,8995
108,50.00,8995
108,50.00,8995
112,50.00,8995
112,50.00,8995
112,50.00,8995
115,50.00,8995
116,50.00,8995
116,50.00,8995
120,50.00,8995
121,50.00,8995
122,50.00,8995
126,50.00,8995
127,50.00,8995
128,50.00,8995
130,50.00,8995
130,50.00,8995
132,50.00,8995
135,50.00,8995
135,50.00,8995
136,50.00,8995
137,50.00,8995
141,50.00,8995
142,50.00,8995
142,50.00,8995
143,50.00,8995
143,50.00,8995
144,50.00,8995
145,50.00,8995
150,50.00,8995
152,50.00,8995
152,50.00,8995
153,50.00,8995
153,50.00,8995
154,50.00,8995
159,50.00,8995
160,50.00,8995
161,50.00,8995
1,50.00,8995
4,50.00,8995
5,50.00,8995
9,50.00,8995
10,50.00,8995
11,50.00,8995
14,50.00,8995
14,50.00,8995
15,50.00,8995
16,50.00,8995
16,50.00,8995
19,50.00,8995
20,50.00,8995
21,50.00,8995
21,50.00,8995
23,50.00,8995
23,50.00,8995
24,50.00,8995
29,50.00,8995
32,50.00,8995
32,50.00,8995
34,50.00,8995
35,50.00,8995
36,50.00,8995
38,50.00,8995
39,50.00,8995
41,50.00,8995
43,50.00,8995
44,50.00,8995
45,50.00,8995
46,50.00,8995
48,50.00,8995
49,50.00,8995
50,50.00,8995
50,50.00,8995
50,50.00,8995
52,50.00,8995
52,50.00,8995
53,50.00,8995
53,50.00,8995
54,50.00,8995
58,50.00,8995
63,50.00,8995
63,50.00,8995
66,50.00,8995
68,50.00,8995
70,50.00,8995
71,50.00,8995
72,50.00,8995
73,50.00,8995
76,50.00,8995
76,50.00,8995
76,50.00,8995
81,50.00,8995
81,50.00,8995
83,50.00,8995
83,50.00,8995
86,50.00,8995
86,50.00,8995
87,50.00,8995
88,50.00,8995
93,50.00,8995
93,50.00,8995
96,50.00,8995
103,50.00,8995
104,50.00,8995
105,50.00,8995
106,50.00,8995
107,50.00,8995
108,50.00,8995
108,50.00,8995
112,50.00,8995
112,50.00,8995
112,50.00,8995
115,50.00,8995
116,50.00,8995
116,50.00,8995
120,50.00,8995
121,50.00,8995
122,50.00,8995
126,50.00,8995
127,50.00,8995
128,50.00,8995
130,50.00,8995
130,50.00,8995
132,50.00,8995
135,50.00,8995
135,50.00,8995
136,50.00,8995
137,50.00,8995
141,50.00,8995
142,50.00,8995
142,50.00,8995
143,50.00,8995
143,50.00,8995
144,50.00,8995
145,50.00,8995
150,50.00,8995
152,50.00,8995
152,50.00,8995
153,50.00,8995
153,50.00,8995
154,50.00,8995
159,50.00,8995
160,50.00,8995
161,50.00,8995
165,50.00,8995
166,50.00,8995
167,50.00,8995
167,50.00,8995
167,50.00,8995
168,50.00,8995
169,50.00,8995
169,50.00,8995
173,50.00,8995
173,50.00,8995
177,50.00,8995
179,50.00,8995
181,50.00,8995
184,50.00,8995
185,50.00,8995
185,50.00,8995
185,50.00,8995
186,50.00,8995
187,50.00,8995
187,50.00,8995
191,50.00,8995
192,50.00,8995
193,50.00,8995
196,50.00,8995
198,50.00,8995
199,50.00,8995
199,50.00,8995
200,50.00,8995
200,50.00,8995
200,50.00,8995
202,50.00,8995
207,50.00,8995
208,50.00,8995
208,50.00,8995
211,50.00,8995
212,50.00,8995
212,50.00,8995
213,50.00,8995
215,50.00,8995
215,50.00,8995
216,50.00,8995
217,50.00,8995
217,50.00,8995
217,50.00,8995
218,50.00,8995
218,50.00,8995
222,50.00,8995
222,50.00,8995
223,50.00,8995
224,50.00,8995
226,50.00,8995
226,50.00,8995
227,50.00,8995
228,50.00,8995
231,50.00,8995
232,50.00,8995
236,50.00,8995
236,50.00,8995
237,50.00,8995
237,50.00,8995
241,50.00,8995
242,50.00,8995
244,50.00,8995
246,50.00,8995
246,50.00,8995
247,50.00,8995
248,50.00,8995
249,50.00,8995
250,50.00,8995
252,50.00,8995
252,50.00,8995
254,50.00,8995
254,50.00,8995
255,50.00,8995
256,50.00,8995
258,50.00,8995
259,50.00,8995
259,50.00,8995
259,50.00,8995
260,50.00,8995
260,50.00,8995
260,50.00,8995
261,50.00,8995
262,50.00,8995
263,50.00,8995
263,50.00,8995
267,50.00,8995
267,50.00,8995
268,50.00,8995
269,50.00,8995
270,50.00,8995
271,50.00,8995
274,50.00,8995
277,50.00,8995
277,50.00,8995
278,50.00,8995
279,50.00,8995
279,50.00,8995
280,50.00,8995
284,50.00,8995
285,50.00,8995
286,50.00,8995
287,50.00,8995
288,50.00,8995
293,50.00,8995
295,50.00,8995
297,50.00,8995
297,50.00,8995
299,50.00,8995
300,50.00,8995
300,50.00,8995
302,50.00,8995
302,50.00,8995
303,50.00,8995
304,50.00,8995
305,50.00,8995
305,50.00,8995
308,50.00,8995
309,50.00,8995
310,50.00,8995
313,50.00,8995
313,50.00,8995
315,50.00,8995
318,50.00,8995
318,50.00,8995
320,50.00,8995
320,50.00,8995
321,50.00,8995
322,50.00,8995
326,50.00,8995
327,50.00,8995
328,50.00,8995
330,50.00,8995
330,50.00,8995
331,50.00,8995
332,50.00,8995
340,50.00,8995
341,50.00,8995
343,50.00,8995
343,50.00,8995
343,50.00,8995
344,50.00,8995
345,50.00,8995
345,50.00,8995
349,50.00,8995
349,50.00,8995
352,50.00,8995
355,50.00,8995
355,50.00,8995
356,50.00,8995
357,50.00,8995
360,50.00,8995
362,50.00,8995
362,50.00,8995
364,50.00,8995
364,50.00,8995
367,50.00,8995
367,50.00,8995
367,50.00,8995
368,50.00,8995
368,50.00,8995
370,50.00,8995
371,50.00,8995
372,50.00,8995
374,50.00,8995
376,50.00,8995
377,50.00,8995
380,50.00,8995
383,50.00,8995
384,50.00,8995
387,50.00,8995
388,50.00,8995
388,50.00,8995
389,50.00,8995
389,50.00,8995
392,50.00,8995
394,50.00,8995
395,50.00,8995
395,50.00,8995
396,50.00,8995
396,50.00,8995
396,50.00,8995
397,50.00,8995
397,50.00,8995
398,50.00,8995
398,50.00,8995
398,50.00,8995
400,50.00,8995
401,50.00,8995
406,50.00,8995
407,50.00,8995
408,50.00,8995
409,50.00,8995
409,50.00,8995
410,50.00,8995
410,50.00,8995
411,50.00,8995
415,50.00,8995
417,50.00,8995
418,50.00,8995
418,50.00,8995
419,50.00,8995
421,50.00,8995
422,50.00,8995
423,50.00,8995
424,50.00,8995
424,50.00,8995
425,50.00,8995
425,50.00,8995
426,50.00,8995
427,50.00,8995
431,50.00,8995
432,50.00,8995
435,50.00,8995
436,50.00,8995
439,50.00,8995
439,50.00,8995
440,50.00,8995
440,50.00,8995
441,50.00,8995
443,50.00,8995
443,50.00,8995
445,50.00,8995
445,50.00,8995
448,50.00,8995
451,50.00,8995
454,50.00,8995
455,50.00,8995
456,50.00,8995
458,50.00,8995
458,50.00,8995
459,50.00,8995
460,50.00,8995
461,50.00,8995
462,50.00,8995
464,50.00,8995
464,50.00,8995
466,50.00,8995
467,50.00,8995
468,50.00,8995
468,50.00,8995
468,50.00,8995
470,50.00,8995
473,50.00,8995
474,50.00,8995
476,50.00,8995
476,50.00,8995
478,50.00,8995
478,50.00,8995
480,50.00,8995
480,50.00,8995
481,50.00,8995
481,50.00,8995
482,50.00,8995
483,50.00,8995
483,50.00,8995
484,50.00,8995
485,50.00,8995
485,50.00,8995
486,50.00,8995
487,50.00,8995
488,50.00,8995
490,50.00,8995
492,50.00,8995
493,50.00,8995
493,50.00,8995
494,50.00,8995
495,50.00,8995
497,50.00,8995
499,50.00,8995
500,50.00,8995
501,50.00,8995
502,50.00,8995
505,50.00,8995
506,50.00,8995
506,50.00,8995
506,50.00,8995
507,50.00,8995
510,50.00,8995
510,50.00,8995
512,50.00,8995
512,50.00,8995
515,50.00,8995
518,50.00,8995
518,50.00,8995
519,50.00,8995
521,50.00,8995
522,50.00,8995
523,50.00,8995
525,50.00,8995
525,50.00,8995
530,50.00,8995
531,50.00,8995
534,50.00,8995
534,50.00,8995
535,50.00,8995
536,50.00,8995
539,50.00,8995
539,50.00,8995
540,50.00,8995
540,50.00,8995
541,50.00,8995
542,50.00,8995
542,50.00,8995
543,50.00,8995
546,50.00,8995
546,50.00,8995
548,50.00,8995
548,50.00,8995
549,50.00,8995
549,50.00,8995
553,50.00,8995
554,50.00,8995
556,50.00,8995
558,50.00,8995
560,50.00,8995
561,50.00,8995
562,50.00,8995
563,50.00,8995
564,50.00,8995
564,50.00,8995
564,50.00,8995
565,50.00,8995
566,50.00,8995
570,50.00,8995
571,50.00,8995
571,50.00,8995
579,50.00,8995
580,50.00,8995
583,50.00,8995
584,50.00,8995
584,50.00,8995
585,50.00,8995
587,50.00,8995
587,50.00,8995
589,50.00,8995
589,50.00,8995
592,50.00,8995
593,50.00,8995
593,50.00,8995
600,50.00,8995
600,50.00,8995
600,50.00,8995
601,50.00,8995
601,50.00,8995
602,50.00,8995
602,50.00,8995
604,50.00,8995
604,50.00,8995
610,50.00,8995
613,50.00,8995
614,50.00,8995
619,50.00,8995
619,50.00,8995
620,50.00,8995
621,50.00,8995
623,50.00,8995
623,50.00,8995
623,50.00,8995
624,50.00,8995
626,50.00,8995
628,50.00,8995
628,50.00,8995
629,50.00,8995
631,50.00,8995
631,50.00,8995
634,50.00,8995
635,50.00,8995
636,50.00,8995
636,50.00,8995
637,50.00,8995
637,50.00,8995
637,50.00,8995
641,50.00,8995
643,50.00,8995
643,50.00,8995
644,50.00,8995
644,50.00,8995
644,50.00,8995
646,50.00,8995
647,50.00,8995
647,50.00,8995
647,50.00,8995
647,50.00,8995
648,50.00,8995
648,50.00,8995
650,50.00,8995
650,50.00,8995
650,50.00,8995
651,50.00,8995
652,50.00,8995
653,50.00,8995
653,50.00,8995
654,50.00,8995
657,50.00,8995
660,50.00,8995
663,50.00,8995
664,50.00,8995
665,50.00,8995
666,50.00,8995
667,50.00,8995
669,50.00,8995
671,50.00,8995
672,50.00,8995
675,50.00,8995
681,50.00,8995
682,50.00,8995
683,50.00,8995
685,50.00,8995
686,50.00,8995
688,50.00,8995
689,50.00,8995
690,50.00,8995
692,50.00,8995
692,50.00,8995
693,50.00,8995
693,50.00,8995
694,50.00,8995
694,50.00,8995
696,50.00,8995
699,50.00,8995
700,50.00,8995
700,50.00,8995
702,50.00,8995
704,50.00,8995
704,50.00,8995
704,50.00,8995
705,50.00,8995
707,50.00,8995
708,50.00,8995
708,50.00,8995
708,50.00,8995
709,50.00,8995
710,50.00,8995
712,50.00,8995
713,50.00,8995
715,50.00,8995
718,50.00,8995
718,50.00,8995
720,50.00,8995
720,50.00,8995
721,50.00,8995
721,50.00,8995
723,50.00,8995
724,50.00,8995
727,50.00,8995
729,50.00,8995
731,50.00,8995
731,50.00,8995
732,50.00,8995
733,50.00,8995
735,50.00,8995
736,50.00,8995
737,50.00,8995
737,50.00,8995
738,50.00,8995
740,50.00,8995
742,50.00,8995
742,50.00,8995
748,50.00,8995
750,50.00,8995
750,50.00,8995
751,50.00,8995
754,50.00,8995
756,50.00,8995
756,50.00,8995
756,50.00,8995
758,50.00,8995
762,50.00,8995
763,50.00,8995
765,50.00,8995
765,50.00,8995
766,50.00,8995
766,50.00,8995
770,50.00,8995
771,50.00,8995
771,50.00,8995
772,50.00,8995
775,50.00,8995
776,50.00,8995
779,50.00,8995
781,50.00,8995
783,50.00,8995
783,50.00,8995
785,50.00,8995
785,50.00,8995
786,50.00,8995
786,50.00,8995
787,50.00,8995
787,50.00,8995
787,50.00,8995
788,50.00,8995
788,50.00,8995
789,50.00,8995
790,50.00,8995
790,50.00,8995
792,50.00,8995
793,50.00,8995
793,50.00,8995
793,50.00,8995
795,50.00,8995
800,50.00,8995
801,50.00,8995
802,50.00,8995
802,50.00,8995
803,50.00,8995
804,50.00,8995
806,50.00,8995
806,50.00,8995
807,50.00,8995
807,50.00,8995
807,50.00,8995
807,50.00,8995
808,50.00,8995
808,50.00,8995
812,50.00,8995
812,50.00,8995
813,50.00,8995
814,50.00,8995
814,50.00,8995
815,50.00,8995
817,50.00,8995
820,50.00,8995
821,50.00,8995
826,50.00,8995
827,50.00,8995
827,50.00,8995
830,50.00,8995
831,50.00,8995
831,50.00,8995
833,50.00,8995
835,50.00,8995
836,50.00,8995
836,50.00,8995
840,50.00,8995
840,50.00,8995
842,50.00,8995
842,50.00,8995
843,50.00,8995
844,50.00,8995
847,50.00,8995
848,50.00,8995
849,50.00,8995
850,50.00,8995
851,50.00,8995
853,50.00,8995
855,50.00,8995
856,50.00,8995
858,50.00,8995
859,50.00,8995
859,50.00,8995
861,50.00,8995
864,50.00,8995
864,50.00,8995
865,50.00,8995
865,50.00,8995
865,50.00,8995
866,50.00,8995
866,50.00,8995
867,50.00,8995
868,50.00,8995
869,50.00,8995
871,50.00,8995
876,50.00,8995
877,50.00,8995
878,50.00,8995
879,50.00,8995
880,50.00,8995
880,50.00,8995
880,50.00,8995
881,50.00,8995
882,50.00,8995
882,50.00,8995
883,50.00,8995
884,50.00,8995
886,50.00,8995
890,50.00,8995
894,50.00,8995
894,50.00,8995
895,50.00,8995
896,50.00,8995
897,50.00,8995
898,50.00,8995
899,50.00,8995
901,50.00,8995
902,50.00,8995
906,50.00,8995
908,50.00,8995
912,50.00,8995
912,50.00,8995
913,50.00,8995
914,50.00,8995
914,50.00,8995
917,50.00,8995
918,50.00,8995
918,50.00,8995
918,50.00,8995
919,50.00,8995
919,50.00,8995
920,50.00,8995
921,50.00,8995
922,50.00,8995
922,50.00,8995
923,50.00,8995
923,50.00,8995
927,50.00,8995
927,50.00,8995
927,50.00,8995
929,50.00,8995
929,50.00,8995
933,50.00,8995
933,50.00,8995
933,50.00,8995
934,50.00,8995
935,50.00,8995
935,50.00,8995
936,50.00,8995
937,50.00,8995
939,50.00,8995
942,50.00,8995
943,50.00,8995
944,50.00,8995
944,50.00,8995
949,50.00,8995
950,50.00,8995
955,50.00,8995
955,50.00,8995
955,50.00,8995
956,50.00,8995
957,50.00,8995
960,50.00,8995
960,50.00,8995
961,50.00,8995
962,50.00,8995
962,50.00,8995
962,50.00,8995
962,50.00,8995
963,50.00,8995
963,50.00,8995
963,50.00,8995
964,50.00,8995
965,50.00,8995
965,50.00,8995
966,50.00,8995
966,50.00,8995
968,50.00,8995
969,50.00,8995
973,50.00,8995
975,50.00,8995
976,50.00,8995
976,50.00,8995
978,50.00,8995
978,50.00,8995
979,50.00,8995
980,50.00,8995
981,50.00,8995
984,50.00,8995
985,50.00,8995
985,50.00,8995
985,50.00,8995
987,50.00,8995
987,50.00,8995
989,50.00,8995
989,50.00,8995
990,50.00,8995
990,50.00,8995
992,50.00,8995
993,50.00,8995
994,50.00,8995
994,50.00,8995
995,50.00,8995
995,50.00,8995
995,50.00,8995
999,50.00,8995
999,50.00,8995
1000,50.00,8995
1,45.00,9884
1,45.00,9884
2,45.00,9884
2,45.00,9884
5,45.00,9884
5,45.00,9884
6,45.00,9884
7,45.00,9884
7,45.00,9884
8,45.00,9884
8,45.00,9884
9,45.00,9884
10,45.00,9884
13,45.00,9884
16,45.00,9884
16,45.00,9884
17,45.00,9884
18,45.00,9884
19,45.00,9884
20,45.00,9884
22,45.00,9884
23,45.00,9884
23,45.00,9884
23,45.00,9884
26,45.00,9884
26,45.00,9884
27,45.00,9884
28,45.00,9884
28,45.00,9884
30,45.00,9884
30,45.00,9884
31,45.00,9884
32,45.00,9884
33,45.00,9884
33,45.00,9884
34,45.00,9884
38,45.00,9884
39,45.00,9884
39,45.00,9884
39,45.00,9884
40,45.00,9884
42,45.00,9884
43,45.00,9884
43,45.00,9884
43,45.00,9884
45,45.00,9884
46,45.00,9884
46,45.00,9884
47,45.00,9884
49,45.00,9884
49,45.00,9884
52,45.00,9884
54,45.00,9884
56,45.00,9884
57,45.00,9884
58,45.00,9884
59,45.00,9884
61,45.00,9884
62,45.00,9884
66,45.00,9884
67,45.00,9884
68,45.00,9884
70,45.00,9884
71,45.00,9884
75,45.00,9884
76,45.00,9884
77,45.00,9884
82,45.00,9884
84,45.00,9884
85,45.00,9884
87,45.00,9884
88,45.00,9884
88,45.00,9884
89,45.00,9884
90,45.00,9884
91,45.00,9884
92,45.00,9884
92,45.00,9884
95,45.00,9884
98,45.00,9884
99,45.00,9884
102,45.00,9884
102,45.00,9884
104,45.00,9884
106,45.00,9884
107,45.00,9884
107,45.00,9884
108,45.00,9884
109,45.00,9884
109,45.00,9884
111,45.00,9884
112,45.00,9884
112,45.00,9884
114,45.00,9884
115,45.00,9884
116,45.00,9884
117,45.00,9884
118,45.00,9884
119,45.00,9884
121,45.00,9884
122,45.00,9884
123,45.00,9884
124,45.00,9884
126,45.00,9884
128,45.00,9884
128,45.00,9884
128,45.00,9884
130,45.00,9884
136,45.00,9884
136,45.00,9884
137,45.00,9884
138,45.00,9884
139,45.00,9884
140,45.00,9884
140,45.00,9884
140,45.00,9884
143,45.00,9884
145,45.00,9884
146,45.00,9884
151,45.00,9884
152,45.00,9884
154,45.00,9884
154,45.00,9884
155,45.00,9884
156,45.00,9884
157,45.00,9884
158,45.00,9884
159,45.00,9884
159,45.00,9884
160,45.00,9884
1,45.00,9884
1,45.00,9884
2,45.00,9884
2,45.00,9884
5,45.00,9884
5,45.00,9884
6,45.00,9884
7,45.00,9884
7,45.00,9884
8,45.00,9884
8,45.00,9884
9,45.00,9884
10,45.00,9884
13,45.00,9884
16,45.00,9884
16,45.00,9884
17,45.00,9884
18,45.00,9884
19,45.00,9884
20,45.00,9884
22,45.00,9884
23,45.00,9884
23,45.00,9884
23,45.00,9884
26,45.00,9884
26,45.00,9884
27,45.00,9884
28,45.00,9884
28,45.00,9884
30,45.00,9884
30,45.00,9884
31,45.00,9884
32,45.00,9884
33,45.00,9884
33,45.00,9884
34,45.00,9884
38,45.00,9884
39,45.00,9884
39,45.00,9884
39,45.00,9884
40,45.00,9884
42,45.00,9884
43,45.00,9884
43,45.00,9884
43,45.00,9884
45,45.00,9884
46,45.00,9884
46,45.00,9884
47,45.00,9884
49,45.00,9884
49,45.00,9884
52,45.00,9884
54,45.00,9884
56,45.00,9884
57,45.00,9884
58,45.00,9884
59,45.00,9884
61,45.00,9884
62,45.00,9884
66,45.00,9884
67,45.00,9884
68,45.00,9884
70,45.00,9884
71,45.00,9884
75,45.00,9884
76,45.00,9884
77,45.00,9884
82,45.00,9884
84,45.00,9884
85,45.00,9884
87,45.00,9884
88,45.00,9884
88,45.00,9884
89,45.00,9884
90,45.00,9884
91,45.00,9884
92,45.00,9884
92,45.00,9884
95,45.00,9884
98,45.00,9884
99,45.00,9884
102,45.00,9884
102,45.00,9884
104,45.00,9884
106,45.00,9884
107,45.00,9884
107,45.00,9884
108,45.00,9884
109,45.00,9884
109,45.00,9884
111,45.00,9884
112,45.00,9884
112,45.00,9884
114,45.00,9884
115,45.00,9884
116,45.00,9884
117,45.00,9884
118,45.00,9884
119,45.00,9884
121,45.00,9884
122,45.00,9884
123,45.00,9884
124,45.00,9884
126,45.00,9884
128,45.00,9884
128,45.00,9884
128,45.00,9884
130,45.00,9884
136,45.00,9884
136,45.00,9884
137,45.00,9884
138,45.00,9884
139,45.00,9884
140,45.00,9884
140,45.00,9884
140,45.00,9884
143,45.00,9884
145,45.00,9884
146,45.00,9884
151,45.00,9884
152,45.00,9884
154,45.00,9884
154,45.00,9884
155,45.00,9884
156,45.00,9884
157,45.00,9884
158,45.00,9884
159,45.00,9884
159,45.00,9884
160,45.00,9884
161,45.00,9884
163,45.00,9884
164,45.00,9884
164,45.00,9884
165,45.00,9884
167,45.00,9884
169,45.00,9884
169,45.00,9884
170,45.00,9884
172,45.00,9884
172,45.00,9884
173,45.00,9884
173,45.00,9884
175,45.00,9884
175,45.00,9884
177,45.00,9884
178,45.00,9884
178,45.00,9884
178,45.00,9884
178,45.00,9884
178,45.00,9884
179,45.00,9884
181,45.00,9884
181,45.00,9884
182,45.00,9884
185,45.00,9884
186,45.00,9884
187,45.00,9884
188,45.00,9884
189,45.00,9884
190,45.00,9884
192,45.00,9884
194,45.00,9884
194,45.00,9884
195,45.00,9884
196,45.00,9884
196,45.00,9884
197,45.00,9884
198,45.00,9884
198,45.00,9884
199,45.00,9884
200,45.00,9884
202,45.00,9884
204,45.00,9884
204,45.00,9884
205,45.00,9884
207,45.00,9884
207,45.00,9884
210,45.00,9884
210,45.00,9884
211,45.00,9884
213,45.00,9884
214,45.00,9884
216,45.00,9884
216,45.00,9884
223,45.00,9884
223,45.00,9884
223,45.00,9884
224,45.00,9884
225,45.00,9884
226,45.00,9884
228,45.00,9884
229,45.00,9884
229,45.00,9884
230,45.00,9884
230,45.00,9884
232,45.00,9884
232,45.00,9884
234,45.00,9884
235,45.00,9884
237,45.00,9884
240,45.00,9884
242,45.00,9884
242,45.00,9884
243,45.00,9884
243,45.00,9884
245,45.00,9884
247,45.00,9884
249,45.00,9884
250,45.00,9884
251,45.00,9884
252,45.00,9884
252,45.00,9884
252,45.00,9884
253,45.00,9884
255,45.00,9884
256,45.00,9884
256,45.00,9884
258,45.00,9884
258,45.00,9884
260,45.00,9884
261,45.00,9884
262,45.00,9884
264,45.00,9884
266,45.00,9884
269,45.00,9884
269,45.00,9884
270,45.00,9884
272,45.00,9884
274,45.00,9884
275,45.00,9884
276,45.00,9884
277,45.00,9884
282,45.00,9884
285,45.00,9884
292,45.00,9884
293,45.00,9884
295,45.00,9884
296,45.00,9884
297,45.00,9884
299,45.00,9884
301,45.00,9884
302,45.00,9884
305,45.00,9884
305,45.00,9884
308,45.00,9884
309,45.00,9884
312,45.00,9884
312,45.00,9884
312,45.00,9884
314,45.00,9884
314,45.00,9884
317,45.00,9884
317,45.00,9884
318,45.00,9884
319,45.00,9884
320,45.00,9884
323,45.00,9884
324,45.00,9884
324,45.00,9884
333,45.00,9884
333,45.00,9884
334,45.00,9884
336,45.00,9884
338,45.00,9884
344,45.00,9884
345,45.00,9884
349,45.00,9884
349,45.00,9884
350,45.00,9884
351,45.00,9884
351,45.00,9884
353,45.00,9884
353,45.00,9884
354,45.00,9884
356,45.00,9884
358,45.00,9884
358,45.00,9884
358,45.00,9884
361,45.00,9884
362,45.00,9884
362,45.00,9884
363,45.00,9884
363,45.00,9884
364,45.00,9884
364,45.00,9884
365,45.00,9884
365,45.00,9884
365,45.00,9884
366,45.00,9884
368,45.00,9884
369,45.00,9884
370,45.00,9884
374,45.00,9884
376,45.00,9884
377,45.00,9884
379,45.00,9884
379,45.00,9884
381,45.00,9884
381,45.00,9884
384,45.00,9884
384,45.00,9884
384,45.00,9884
385,45.00,9884
386,45.00,9884
387,45.00,9884
387,45.00,9884
391,45.00,9884
391,45.00,9884
392,45.00,9884
393,45.00,9884
394,45.00,9884
395,45.00,9884
395,45.00,9884
400,45.00,9884
402,45.00,9884
402,45.00,9884
404,45.00,9884
405,45.00,9884
405,45.00,9884
409,45.00,9884
411,45.00,9884
412,45.00,9884
413,45.00,9884
414,45.00,9884
416,45.00,9884
417,45.00,9884
418,45.00,9884
418,45.00,9884
420,45.00,9884
420,45.00,9884
421,45.00,9884
422,45.00,9884
422,45.00,9884
422,45.00,9884
423,45.00,9884
423,45.00,9884
424,45.00,9884
426,45.00,9884
426,45.00,9884
426,45.00,9884
428,45.00,9884
430,45.00,9884
431,45.00,9884
432,45.00,9884
433,45.00,9884
435,45.00,9884
435,45.00,9884
435,45.00,9884
437,45.00,9884
438,45.00,9884
438,45.00,9884
439,45.00,9884
441,45.00,9884
442,45.00,9884
442,45.00,9884
444,45.00,9884
444,45.00,9884
447,45.00,9884
447,45.00,9884
448,45.00,9884
449,45.00,9884
453,45.00,9884
454,45.00,9884
455,45.00,9884
455,45.00,9884
456,45.00,9884
458,45.00,9884
458,45.00,9884
458,45.00,9884
459,45.00,9884
460,45.00,9884
460,45.00,9884
461,45.00,9884
463,45.00,9884
463,45.00,9884
464,45.00,9884
465,45.00,9884
465,45.00,9884
465,45.00,9884
466,45.00,9884
466,45.00,9884
470,45.00,9884
474,45.00,9884
479,45.00,9884
481,45.00,9884
481,45.00,9884
482,45.00,9884
487,45.00,9884
487,45.00,9884
488,45.00,9884
489,45.00,9884
489,45.00,9884
491,45.00,9884
492,45.00,9884
493,45.00,9884
493,45.00,9884
493,45.00,9884
494,45.00,9884
495,45.00,9884
496,45.00,9884
498,45.00,9884
498,45.00,9884
499,45.00,9884
499,45.00,9884
500,45.00,9884
502,45.00,9884
502,45.00,9884
504,45.00,9884
506,45.00,9884
507,45.00,9884
508,45.00,9884
508,45.00,9884
510,45.00,9884
510,45.00,9884
510,45.00,9884
511,45.00,9884
515,45.00,9884
516,45.00,9884
518,45.00,9884
520,45.00,9884
522,45.00,9884
527,45.00,9884
529,45.00,9884
529,45.00,9884
535,45.00,9884
536,45.00,9884
537,45.00,9884
538,45.00,9884
538,45.00,9884
540,45.00,9884
543,45.00,9884
546,45.00,9884
546,45.00,9884
550,45.00,9884
551,45.00,9884
552,45.00,9884
552,45.00,9884
553,45.00,9884
554,45.00,9884
555,45.00,9884
555,45.00,9884
555,45.00,9884
558,45.00,9884
558,45.00,9884
558,45.00,9884
559,45.00,9884
559,45.00,9884
560,45.00,9884
561,45.00,9884
561,45.00,9884
562,45.00,9884
563,45.00,9884
564,45.00,9884
565,45.00,9884
567,45.00,9884
567,45.00,9884
569,45.00,9884
571,45.00,9884
573,45.00,9884
573,45.00,9884
574,45.00,9884
574,45.00,9884
575,45.00,9884
578,45.00,9884
578,45.00,9884
579,45.00,9884
580,45.00,9884
581,45.00,9884
581,45.00,9884
582,45.00,9884
585,45.00,9884
590,45.00,9884
592,45.00,9884
594,45.00,9884
600,45.00,9884
600,45.00,9884
603,45.00,9884
604,45.00,9884
605,45.00,9884
607,45.00,9884
608,45.00,9884
610,45.00,9884
610,45.00,9884
611,45.00,9884
612,45.00,9884
613,45.00,9884
614,45.00,9884
614,45.00,9884
614,45.00,9884
616,45.00,9884
616,45.00,9884
617,45.00,9884
617,45.00,9884
618,45.00,9884
621,45.00,9884
622,45.00,9884
623,45.00,9884
625,45.00,9884
625,45.00,9884
625,45.00,9884
626,45.00,9884
626,45.00,9884
631,45.00,9884
631,45.00,9884
632,45.00,9884
632,45.00,9884
635,45.00,9884
638,45.00,9884
640,45.00,9884
642,45.00,9884
643,45.00,9884
645,45.00,9884
645,45.00,9884
649,45.00,9884
652,45.00,9884
652,45.00,9884
653,45.00,9884
654,45.00,9884
654,45.00,9884
657,45.00,9884
658,45.00,9884
659,45.00,9884
660,45.00,9884
664,45.00,9884
665,45.00,9884
667,45.00,9884
667,45.00,9884
667,45.00,9884
668,45.00,9884
672,45.00,9884
673,45.00,9884
673,45.00,9884
675,45.00,9884
675,45.00,9884
676,45.00,9884
678,45.00,9884
678,45.00,9884
680,45.00,9884
681,45.00,9884
684,45.00,9884
684,45.00,9884
684,45.00,9884
688,45.00,9884
689,45.00,9884
692,45.00,9884
695,45.00,9884
696,45.00,9884
698,45.00,9884
700,45.00,9884
701,45.00,9884
701,45.00,9884
705,45.00,9884
705,45.00,9884
705,45.00,9884
705,45.00,9884
706,45.00,9884
706,45.00,9884
707,45.00,9884
711,45.00,9884
716,45.00,9884
718,45.00,9884
719,45.00,9884
720,45.00,9884
721,45.00,9884
723,45.00,9884
724,45.00,9884
724,45.00,9884
726,45.00,9884
727,45.00,9884
728,45.00,9884
729,45.00,9884
731,45.00,9884
731,45.00,9884
733,45.00,9884
737,45.00,9884
739,45.00,9884
741,45.00,9884
741,45.00,9884
741,45.00,9884
742,45.00,9884
742,45.00,9884
744,45.00,9884
745,45.00,9884
746,45.00,9884
747,45.00,9884
747,45.00,9884
747,45.00,9884
749,45.00,9884
750,45.00,9884
756,45.00,9884
757,45.00,9884
758,45.00,9884
759,45.00,9884
760,45.00,9884
761,45.00,9884
764,45.00,9884
765,45.00,9884
766,45.00,9884
768,45.00,9884
769,45.00,9884
769,45.00,9884
772,45.00,9884
772,45.00,9884
773,45.00,9884
777,45.00,9884
778,45.00,9884
779,45.00,9884
779,45.00,9884
783,45.00,9884
787,45.00,9884
788,45.00,9884
790,45.00,9884
792,45.00,9884
795,45.00,9884
798,45.00,9884
801,45.00,9884
801,45.00,9884
803,45.00,9884
804,45.00,9884
804,45.00,9884
804,45.00,9884
805,45.00,9884
808,45.00,9884
811,45.00,9884
813,45.00,9884
813,45.00,9884
815,45.00,9884
816,45.00,9884
816,45.00,9884
817,45.00,9884
818,45.00,9884
819,45.00,9884
822,45.00,9884
822,45.00,9884
824,45.00,9884
825,45.00,9884
830,45.00,9884
831,45.00,9884
832,45.00,9884
833,45.00,9884
834,45.00,9884
836,45.00,9884
837,45.00,9884
837,45.00,9884
838,45.00,9884
840,45.00,9884
841,45.00,9884
841,45.00,9884
842,45.00,9884
844,45.00,9884
844,45.00,9884
846,45.00,9884
847,45.00,9884
847,45.00,9884
850,45.00,9884
850,45.00,9884
851,45.00,9884
851,45.00,9884
852,45.00,9884
853,45.00,9884
855,45.00,9884
855,45.00,9884
856,45.00,9884
857,45.00,9884
857,45.00,9884
858,45.00,9884
861,45.00,9884
862,45.00,9884
866,45.00,9884
867,45.00,9884
871,45.00,9884
871,45.00,9884
872,45.00,9884
872,45.00,9884
873,45.00,9884
878,45.00,9884
878,45.00,9884
879,45.00,9884
882,45.00,9884
884,45.00,9884
887,45.00,9884
888,45.00,9884
891,45.00,9884
891,45.00,9884
891,45.00,9884
892,45.00,9884
893,45.00,9884
893,45.00,9884
893,45.00,9884
894,45.00,9884
895,45.00,9884
896,45.00,9884
898,45.00,9884
898,45.00,9884
899,45.00,9884
900,45.00,9884
900,45.00,9884
900,45.00,9884
903,45.00,9884
904,45.00,9884
905,45.00,9884
906,45.00,9884
907,45.00,9884
908,45.00,9884
909,45.00,9884
911,45.00,9884
912,45.00,9884
914,45.00,9884
915,45.00,9884
915,45.00,9884
915,45.00,9884
915,45.00,9884
916,45.00,9884
918,45.00,9884
918,45.00,9884
919,45.00,9884
920,45.00,9884
921,45.00,9884
924,45.00,9884
925,45.00,9884
925,45.00,9884
926,45.00,9884
929,45.00,9884
930,45.00,9884
930,45.00,9884
931,45.00,9884
931,45.00,9884
932,45.00,9884
935,45.00,9884
937,45.00,9884
941,45.00,9884
941,45.00,9884
942,45.00,9884
945,45.00,9884
947,45.00,9884
948,45.00,9884
949,45.00,9884
950,45.00,9884
952,45.00,9884
953,45.00,9884
954,45.00,9884
954,45.00,9884
954,45.00,9884
955,45.00,9884
955,45.00,9884
955,45.00,9884
958,45.00,9884
963,45.00,9884
965,45.00,9884
968,45.00,9884
969,45.00,9884
970,45.00,9884
971,45.00,9884
972,45.00,9884
974,45.00,9884
976,45.00,9884
977,45.00,9884
977,45.00,9884
981,45.00,9884
982,45.00,9884
982,45.00,9884
984,45.00,9884
986,45.00,9884
987,45.00,9884
989,45.00,9884
990,45.00,9884
992,45.00,9884
992,45.00,9884
992,45.00,9884
994,45.00,9884
995,45.00,9884
996,45.00,9884
996,45.00,9884
997,45.00,9884
997,45.00,9884
998,45.00,9884
998,45.00,9884
998,45.00,9884
999,45.00,9884
4,40.00,10794
1,40.00,10794
2,40.00,10794
2,40.00,10794
3,40.00,10794
4,40.00,10794
6,40.00,10794
8,40.00,10794
12,40.00,10794
12,40.00,10794
16,40.00,10794
17,40.00,10794
19,40.00,10794
21,40.00,10794
22,40.00,10794
22,40.00,10794
26,40.00,10794
27,40.00,10794
27,40.00,10794
28,40.00,10794
31,40.00,10794
31,40.00,10794
33,40.00,10794
34,40.00,10794
35,40.00,10794
35,40.00,10794
37,40.00,10794
37,40.00,10794
38,40.00,10794
38,40.00,10794
38,40.00,10794
40,40.00,10794
42,40.00,10794
45,40.00,10794
47,40.00,10794
48,40.00,10794
48,40.00,10794
49,40.00,10794
50,40.00,10794
51,40.00,10794
51,40.00,10794
53,40.00,10794
55,40.00,10794
56,40.00,10794
57,40.00,10794
58,40.00,10794
59,40.00,10794
60,40.00,10794
64,40.00,10794
68,40.00,10794
68,40.00,10794
70,40.00,10794
71,40.00,10794
77,40.00,10794
78,40.00,10794
79,40.00,10794
80,40.00,10794
82,40.00,10794
82,40.00,10794
83,40.00,10794
84,40.00,10794
85,40.00,10794
85,40.00,10794
86,40.00,10794
86,40.00,10794
89,40.00,10794
91,40.00,10794
92,40.00,10794
96,40.00,10794
97,40.00,10794
99,40.00,10794
105,40.00,10794
105,40.00,10794
105,40.00,10794
106,40.00,10794
107,40.00,10794
108,40.00,10794
111,40.00,10794
112,40.00,10794
113,40.00,10794
116,40.00,10794
118,40.00,10794
119,40.00,10794
119,40.00,10794
120,40.00,10794
123,40.00,10794
124,40.00,10794
124,40.00,10794
125,40.00,10794
126,40.00,10794
127,40.00,10794
131,40.00,10794
134,40.00,10794
135,40.00,10794
136,40.00,10794
139,40.00,10794
141,40.00,10794
141,40.00,10794
141,40.00,10794
144,40.00,10794
147,40.00,10794
148,40.00,10794
148,40.00,10794
151,40.00,10794
151,40.00,10794
156,40.00,10794
157,40.00,10794
159,40.00,10794
159,40.00,10794
1,40.00,10794
2,40.00,10794
2,40.00,10794
3,40.00,10794
4,40.00,10794
6,40.00,10794
8,40.00,10794
12,40.00,10794
12,40.00,10794
16,40.00,10794
17,40.00,10794
19,40.00,10794
21,40.00,10794
22,40.00,10794
22,40.00,10794
26,40.00,10794
27,40.00,10794
27,40.00,10794
28,40.00,10794
31,40.00,10794
31,40.00,10794
33,40.00,10794
34,40.00,10794
35,40.00,10794
35,40.00,10794
37,40.00,10794
37,40.00,10794
38,40.00,10794
38,40.00,10794
38,40.00,10794
40,40.00,10794
42,40.00,10794
45,40.00,10794
47,40.00,10794
48,40.00,10794
48,40.00,10794
49,40.00,10794
50,40.00,10794
51,40.00,10794
51,40.00,10794
53,40.00,10794
55,40.00,10794
56,40.00,10794
57,40.00,10794
58,40.00,10794
59,40.00,10794
60,40.00,10794
64,40.00,10794
68,40.00,10794
68,40.00,10794
70,40.00,10794
71,40.00,10794
77,40.00,10794
78,40.00,10794
79,40.00,10794
80,40.00,10794
82,40.00,10794
82,40.00,10794
83,40.00,10794
84,40.00,10794
85,40.00,10794
85,40.00,10794
86,40.00,10794
86,40.00,10794
89,40.00,10794
91,40.00,10794
92,40.00,10794
96,40.00,10794
97,40.00,10794
99,40.00,10794
105,40.00,10794
105,40.00,10794
105,40.00,10794
106,40.00,10794
107,40.00,10794
108,40.00,10794
111,40.00,10794
112,40.00,10794
113,40.00,10794
116,40.00,10794
118,40.00,10794
119,40.00,10794
119,40.00,10794
120,40.00,10794
123,40.00,10794
124,40.00,10794
124,40.00,10794
125,40.00,10794
126,40.00,10794
127,40.00,10794
131,40.00,10794
134,40.00,10794
135,40.00,10794
136,40.00,10794
139,40.00,10794
141,40.00,10794
141,40.00,10794
141,40.00,10794
144,40.00,10794
147,40.00,10794
148,40.00,10794
148,40.00,10794
151,40.00,10794
151,40.00,10794
156,40.00,10794
157,40.00,10794
159,40.00,10794
159,40.00,10794
162,40.00,10794
163,40.00,10794
164,40.00,10794
165,40.00,10794
167,40.00,10794
168,40.00,10794
168,40.00,10794
168,40.00,10794
169,40.00,10794
171,40.00,10794
171,40.00,10794
172,40.00,10794
179,40.00,10794
180,40.00,10794
183,40.00,10794
184,40.00,10794
184,40.00,10794
185,40.00,10794
187,40.00,10794
188,40.00,10794
190,40.00,10794
191,40.00,10794
191,40.00,10794
192,40.00,10794
194,40.00,10794
194,40.00,10794
195,40.00,10794
203,40.00,10794
204,40.00,10794
204,40.00,10794
206,40.00,10794
207,40.00,10794
208,40.00,10794
209,40.00,10794
214,40.00,10794
217,40.00,10794
218,40.00,10794
222,40.00,10794
224,40.00,10794
225,40.00,10794
226,40.00,10794
226,40.00,10794
227,40.00,10794
228,40.00,10794
229,40.00,10794
230,40.00,10794
231,40.00,10794
233,40.00,10794
233,40.00,10794
234,40.00,10794
236,40.00,10794
238,40.00,10794
238,40.00,10794
238,40.00,10794
239,40.00,10794
240,40.00,10794
244,40.00,10794
245,40.00,10794
246,40.00,10794
247,40.00,10794
248,40.00,10794
250,40.00,10794
255,40.00,10794
260,40.00,10794
263,40.00,10794
263,40.00,10794
264,40.00,10794
265,40.00,10794
267,40.00,10794
270,40.00,10794
272,40.00,10794
273,40.00,10794
273,40.00,10794
274,40.00,10794
275,40.00,10794
275,40.00,10794
278,40.00,10794
278,40.00,10794
278,40.00,10794
281,40.00,10794
282,40.00,10794
284,40.00,10794
285,40.00,10794
285,40.00,10794
287,40.00,10794
293,40.00,10794
295,40.00,10794
296,40.00,10794
297,40.00,10794
298,40.00,10794
299,40.00,10794
300,40.00,10794
300,40.00,10794
300,40.00,10794
303,40.00,10794
306,40.00,10794
307,40.00,10794
307,40.00,10794
313,40.00,10794
315,40.00,10794
315,40.00,10794
316,40.00,10794
316,40.00,10794
317,40.00,10794
317,40.00,10794
318,40.00,10794
321,40.00,10794
321,40.00,10794
323,40.00,10794
324,40.00,10794
324,40.00,10794
325,40.00,10794
325,40.00,10794
326,40.00,10794
328,40.00,10794
329,40.00,10794
331,40.00,10794
333,40.00,10794
334,40.00,10794
335,40.00,10794
339,40.00,10794
340,40.00,10794
344,40.00,10794
344,40.00,10794
344,40.00,10794
345,40.00,10794
345,40.00,10794
346,40.00,10794
347,40.00,10794
347,40.00,10794
347,40.00,10794
347,40.00,10794
348,40.00,10794
351,40.00,10794
352,40.00,10794
352,40.00,10794
353,40.00,10794
354,40.00,10794
355,40.00,10794
355,40.00,10794
358,40.00,10794
359,40.00,10794
363,40.00,10794
365,40.00,10794
366,40.00,10794
370,40.00,10794
375,40.00,10794
378,40.00,10794
380,40.00,10794
381,40.00,10794
384,40.00,10794
386,40.00,10794
387,40.00,10794
389,40.00,10794
390,40.00,10794
398,40.00,10794
398,40.00,10794
400,40.00,10794
401,40.00,10794
403,40.00,10794
404,40.00,10794
407,40.00,10794
409,40.00,10794
413,40.00,10794
416,40.00,10794
416,40.00,10794
417,40.00,10794
417,40.00,10794
419,40.00,10794
420,40.00,10794
421,40.00,10794
421,40.00,10794
424,40.00,10794
429,40.00,10794
430,40.00,10794
431,40.00,10794
433,40.00,10794
433,40.00,10794
433,40.00,10794
433,40.00,10794
437,40.00,10794
438,40.00,10794
439,40.00,10794
439,40.00,10794
441,40.00,10794
443,40.00,10794
444,40.00,10794
445,40.00,10794
445,40.00,10794
445,40.00,10794
445,40.00,10794
447,40.00,10794
448,40.00,10794
449,40.00,10794
451,40.00,10794
452,40.00,10794
452,40.00,10794
452,40.00,10794
454,40.00,10794
454,40.00,10794
456,40.00,10794
461,40.00,10794
462,40.00,10794
462,40.00,10794
464,40.00,10794
464,40.00,10794
465,40.00,10794
466,40.00,10794
467,40.00,10794
467,40.00,10794
469,40.00,10794
470,40.00,10794
471,40.00,10794
473,40.00,10794
473,40.00,10794
474,40.00,10794
475,40.00,10794
477,40.00,10794
478,40.00,10794
479,40.00,10794
479,40.00,10794
479,40.00,10794
480,40.00,10794
481,40.00,10794
485,40.00,10794
486,40.00,10794
489,40.00,10794
490,40.00,10794
490,40.00,10794
492,40.00,10794
492,40.00,10794
494,40.00,10794
495,40.00,10794
497,40.00,10794
497,40.00,10794
497,40.00,10794
498,40.00,10794
501,40.00,10794
502,40.00,10794
503,40.00,10794
505,40.00,10794
506,40.00,10794
509,40.00,10794
512,40.00,10794
513,40.00,10794
514,40.00,10794
514,40.00,10794
517,40.00,10794
519,40.00,10794
519,40.00,10794
519,40.00,10794
519,40.00,10794
521,40.00,10794
522,40.00,10794
523,40.00,10794
524,40.00,10794
524,40.00,10794
525,40.00,10794
527,40.00,10794
530,40.00,10794
531,40.00,10794
532,40.00,10794
538,40.00,10794
539,40.00,10794
541,40.00,10794
541,40.00,10794
544,40.00,10794
544,40.00,10794
544,40.00,10794
545,40.00,10794
545,40.00,10794
546,40.00,10794
548,40.00,10794
549,40.00,10794
550,40.00,10794
551,40.00,10794
551,40.00,10794
551,40.00,10794
551,40.00,10794
553,40.00,10794
557,40.00,10794
557,40.00,10794
557,40.00,10794
560,40.00,10794
560,40.00,10794
561,40.00,10794
561,40.00,10794
564,40.00,10794
566,40.00,10794
567,40.00,10794
567,40.00,10794
570,40.00,10794
571,40.00,10794
572,40.00,10794
574,40.00,10794
575,40.00,10794
575,40.00,10794
576,40.00,10794
578,40.00,10794
579,40.00,10794
582,40.00,10794
583,40.00,10794
583,40.00,10794
592,40.00,10794
592,40.00,10794
592,40.00,10794
592,40.00,10794
593,40.00,10794
594,40.00,10794
596,40.00,10794
597,40.00,10794
597,40.00,10794
600,40.00,10794
601,40.00,10794
602,40.00,10794
602,40.00,10794
607,40.00,10794
608,40.00,10794
609,40.00,10794
610,40.00,10794
611,40.00,10794
613,40.00,10794
613,40.00,10794
614,40.00,10794
615,40.00,10794
616,40.00,10794
617,40.00,10794
618,40.00,10794
620,40.00,10794
621,40.00,10794
621,40.00,10794
624,40.00,10794
628,40.00,10794
632,40.00,10794
632,40.00,10794
633,40.00,10794
636,40.00,10794
638,40.00,10794
639,40.00,10794
639,40.00,10794
640,40.00,10794
643,40.00,10794
646,40.00,10794
646,40.00,10794
647,40.00,10794
648,40.00,10794
648,40.00,10794
652,40.00,10794
653,40.00,10794
655,40.00,10794
655,40.00,10794
659,40.00,10794
659,40.00,10794
659,40.00,10794
666,40.00,10794
666,40.00,10794
668,40.00,10794
669,40.00,10794
669,40.00,10794
670,40.00,10794
671,40.00,10794
671,40.00,10794
673,40.00,10794
675,40.00,10794
678,40.00,10794
680,40.00,10794
684,40.00,10794
685,40.00,10794
686,40.00,10794
687,40.00,10794
688,40.00,10794
688,40.00,10794
694,40.00,10794
695,40.00,10794
696,40.00,10794
697,40.00,10794
704,40.00,10794
706,40.00,10794
706,40.00,10794
708,40.00,10794
708,40.00,10794
712,40.00,10794
712,40.00,10794
713,40.00,10794
714,40.00,10794
715,40.00,10794
720,40.00,10794
720,40.00,10794
720,40.00,10794
721,40.00,10794
721,40.00,10794
723,40.00,10794
723,40.00,10794
724,40.00,10794
725,40.00,10794
727,40.00,10794
728,40.00,10794
729,40.00,10794
730,40.00,10794
730,40.00,10794
732,40.00,10794
732,40.00,10794
734,40.00,10794
735,40.00,10794
738,40.00,10794
739,40.00,10794
742,40.00,10794
742,40.00,10794
742,40.00,10794
744,40.00,10794
744,40.00,10794
745,40.00,10794
746,40.00,10794
746,40.00,10794
754,40.00,10794
754,40.00,10794
754,40.00,10794
754,40.00,10794
755,40.00,10794
756,40.00,10794
759,40.00,10794
760,40.00,10794
761,40.00,10794
762,40.00,10794
762,40.00,10794
763,40.00,10794
765,40.00,10794
770,40.00,10794
771,40.00,10794
772,40.00,10794
773,40.00,10794
773,40.00,10794
775,40.00,10794
776,40.00,10794
776,40.00,10794
777,40.00,10794
777,40.00,10794
778,40.00,10794
780,40.00,10794
780,40.00,10794
781,40.00,10794
782,40.00,10794
782,40.00,10794
788,40.00,10794
790,40.00,10794
791,40.00,10794
793,40.00,10794
794,40.00,10794
796,40.00,10794
797,40.00,10794
798,40.00,10794
799,40.00,10794
799,40.00,10794
800,40.00,10794
803,40.00,10794
806,40.00,10794
807,40.00,10794
809,40.00,10794
809,40.00,10794
810,40.00,10794
811,40.00,10794
812,40.00,10794
812,40.00,10794
812,40.00,10794
813,40.00,10794
813,40.00,10794
815,40.00,10794
818,40.00,10794
822,40.00,10794
822,40.00,10794
823,40.00,10794
824,40.00,10794
825,40.00,10794
826,40.00,10794
827,40.00,10794
828,40.00,10794
829,40.00,10794
830,40.00,10794
832,40.00,10794
834,40.00,10794
834,40.00,10794
836,40.00,10794
837,40.00,10794
837,40.00,10794
838,40.00,10794
838,40.00,10794
841,40.00,10794
843,40.00,10794
843,40.00,10794
844,40.00,10794
844,40.00,10794
849,40.00,10794
858,40.00,10794
858,40.00,10794
861,40.00,10794
862,40.00,10794
862,40.00,10794
862,40.00,10794
863,40.00,10794
866,40.00,10794
866,40.00,10794
869,40.00,10794
870,40.00,10794
870,40.00,10794
874,40.00,10794
874,40.00,10794
876,40.00,10794
877,40.00,10794
877,40.00,10794
878,40.00,10794
879,40.00,10794
881,40.00,10794
883,40.00,10794
884,40.00,10794
886,40.00,10794
887,40.00,10794
890,40.00,10794
891,40.00,10794
891,40.00,10794
892,40.00,10794
892,40.00,10794
892,40.00,10794
897,40.00,10794
897,40.00,10794
900,40.00,10794
901,40.00,10794
901,40.00,10794
901,40.00,10794
902,40.00,10794
904,40.00,10794
905,40.00,10794
906,40.00,10794
908,40.00,10794
908,40.00,10794
910,40.00,10794
910,40.00,10794
910,40.00,10794
911,40.00,10794
912,40.00,10794
913,40.00,10794
913,40.00,10794
914,40.00,10794
914,40.00,10794
917,40.00,10794
919,40.00,10794
920,40.00,10794
920,40.00,10794
920,40.00,10794
923,40.00,10794
924,40.00,10794
926,40.00,10794
927,40.00,10794
927,40.00,10794
929,40.00,10794
929,40.00,10794
929,40.00,10794
933,40.00,10794
934,40.00,10794
935,40.00,10794
938,40.00,10794
939,40.00,10794
939,40.00,10794
939,40.00,10794
940,40.00,10794
941,40.00,10794
943,40.00,10794
944,40.00,10794
945,40.00,10794
946,40.00,10794
947,40.00,10794
948,40.00,10794
948,40.00,10794
952,40.00,10794
956,40.00,10794
957,40.00,10794
958,40.00,10794
961,40.00,10794
963,40.00,10794
964,40.00,10794
965,40.00,10794
966,40.00,10794
969,40.00,10794
969,40.00,10794
970,40.00,10794
971,40.00,10794
973,40.00,10794
974,40.00,10794
977,40.00,10794
979,40.00,10794
980,40.00,10794
980,40.00,10794
982,40.00,10794
984,40.00,10794
985,40.00,10794
985,40.00,10794
986,40.00,10794
989,40.00,10794
992,40.00,10794
994,40.00,10794
996,40.00,10794
996,40.00,10794
997,40.00,10794
997,40.00,10794
998,40.00,10794
998,40.00,10794
999,40.00,10794
