user_id,course_id,certificate_number,issue_date,certificate_url
1,1,EDU2026-000001,2026-11-24,https://certificates.edunovaai.com/EDU2026-000001.pdf
2,2,EDU2026-000002,2026-02-27,https://certificates.edunovaai.com/EDU2026-000002.pdf
3,3,EDU2026-000003,2026-01-13,https://certificates.edunovaai.com/EDU2026-000003.pdf
4,4,EDU2026-000004,2026-05-21,https://certificates.edunovaai.com/EDU2026-000004.pdf
5,5,EDU2026-000005,2026-05-06,https://certificates.edunovaai.com/EDU2026-000005.pdf
6,6,EDU2026-000006,2026-04-25,https://certificates.edunovaai.com/EDU2026-000006.pdf
7,7,EDU2026-000007,2026-03-13,https://certificates.edunovaai.com/EDU2026-000007.pdf
8,8,EDU2026-000008,2026-02-22,https://certificates.edunovaai.com/EDU2026-000008.pdf
9,9,EDU2026-000009,2026-12-13,https://certificates.edunovaai.com/EDU2026-000009.pdf
10,10,EDU2026-000010,2026-10-07,https://certificates.edunovaai.com/EDU2026-000010.pdf
11,11,EDU2026-000011,2026-02-14,https://certificates.edunovaai.com/EDU2026-000011.pdf
12,12,EDU2026-000012,2026-10-30,https://certificates.edunovaai.com/EDU2026-000012.pdf
13,13,EDU2026-000013,2026-08-05,https://certificates.edunovaai.com/EDU2026-000013.pdf
14,14,EDU2026-000014,2026-01-17,https://certificates.edunovaai.com/EDU2026-000014.pdf
15,15,EDU2026-000015,2026-01-16,https://certificates.edunovaai.com/EDU2026-000015.pdf
16,16,EDU2026-000016,2026-02-17,https://certificates.edunovaai.com/EDU2026-000016.pdf
17,17,EDU2026-000017,2026-04-22,https://certificates.edunovaai.com/EDU2026-000017.pdf
18,18,EDU2026-000018,2026-04-30,https://certificates.edunovaai.com/EDU2026-000018.pdf
19,19,EDU2026-000019,2026-09-16,https://certificates.edunovaai.com/EDU2026-000019.pdf
20,20,EDU2026-000020,2026-11-05,https://certificates.edunovaai.com/EDU2026-000020.pdf
21,21,EDU2026-000021,2026-01-14,https://certificates.edunovaai.com/EDU2026-000021.pdf
22,22,EDU2026-000022,2026-10-15,https://certificates.edunovaai.com/EDU2026-000022.pdf
23,23,EDU2026-000023,2026-04-12,https://certificates.edunovaai.com/EDU2026-000023.pdf
24,24,EDU2026-000024,2026-11-29,https://certificates.edunovaai.com/EDU2026-000024.pdf
25,25,EDU2026-000025,2026-12-26,https://certificates.edunovaai.com/EDU2026-000025.pdf
26,26,EDU2026-000026,2026-10-07,https://certificates.edunovaai.com/EDU2026-000026.pdf
27,27,EDU2026-000027,2026-08-03,https://certificates.edunovaai.com/EDU2026-000027.pdf
28,28,EDU2026-000028,2026-04-23,https://certificates.edunovaai.com/EDU2026-000028.pdf
29,29,EDU2026-000029,2026-08-18,https://certificates.edunovaai.com/EDU2026-000029.pdf
30,30,EDU2026-000030,2026-10-29,https://certificates.edunovaai.com/EDU2026-000030.pdf
31,31,EDU2026-000031,2026-05-23,https://certificates.edunovaai.com/EDU2026-000031.pdf
32,32,EDU2026-000032,2026-01-04,https://certificates.edunovaai.com/EDU2026-000032.pdf
33,33,EDU2026-000033,2026-03-23,https://certificates.edunovaai.com/EDU2026-000033.pdf
34,34,EDU2026-000034,2026-12-24,https://certificates.edunovaai.com/EDU2026-000034.pdf
35,35,EDU2026-000035,2026-08-05,https://certificates.edunovaai.com/EDU2026-000035.pdf
36,36,EDU2026-000036,2026-06-24,https://certificates.edunovaai.com/EDU2026-000036.pdf
37,37,EDU2026-000037,2026-05-23,https://certificates.edunovaai.com/EDU2026-000037.pdf
38,38,EDU2026-000038,2026-03-21,https://certificates.edunovaai.com/EDU2026-000038.pdf
39,39,EDU2026-000039,2026-04-21,https://certificates.edunovaai.com/EDU2026-000039.pdf
40,40,EDU2026-000040,2026-06-22,https://certificates.edunovaai.com/EDU2026-000040.pdf
41,41,EDU2026-000041,2026-02-22,https://certificates.edunovaai.com/EDU2026-000041.pdf
42,42,EDU2026-000042,2026-02-17,https://certificates.edunovaai.com/EDU2026-000042.pdf
43,43,EDU2026-000043,2026-07-14,https://certificates.edunovaai.com/EDU2026-000043.pdf
44,44,EDU2026-000044,2026-02-19,https://certificates.edunovaai.com/EDU2026-000044.pdf
45,45,EDU2026-000045,2026-07-03,https://certificates.edunovaai.com/EDU2026-000045.pdf
46,46,EDU2026-000046,2026-06-26,https://certificates.edunovaai.com/EDU2026-000046.pdf
47,47,EDU2026-000047,2026-11-06,https://certificates.edunovaai.com/EDU2026-000047.pdf
48,48,EDU2026-000048,2026-05-16,https://certificates.edunovaai.com/EDU2026-000048.pdf
49,49,EDU2026-000049,2026-01-23,https://certificates.edunovaai.com/EDU2026-000049.pdf
50,50,EDU2026-000050,2026-08-24,https://certificates.edunovaai.com/EDU2026-000050.pdf
51,51,EDU2026-000051,2026-10-02,https://certificates.edunovaai.com/EDU2026-000051.pdf
52,52,EDU2026-000052,2026-03-05,https://certificates.edunovaai.com/EDU2026-000052.pdf
53,53,EDU2026-000053,2026-07-13,https://certificates.edunovaai.com/EDU2026-000053.pdf
54,54,EDU2026-000054,2026-02-10,https://certificates.edunovaai.com/EDU2026-000054.pdf
55,55,EDU2026-000055,2026-10-10,https://certificates.edunovaai.com/EDU2026-000055.pdf
56,56,EDU2026-000056,2026-05-31,https://certificates.edunovaai.com/EDU2026-000056.pdf
57,57,EDU2026-000057,2026-11-18,https://certificates.edunovaai.com/EDU2026-000057.pdf
58,58,EDU2026-000058,2026-11-13,https://certificates.edunovaai.com/EDU2026-000058.pdf
59,59,EDU2026-000059,2026-07-05,https://certificates.edunovaai.com/EDU2026-000059.pdf
60,60,EDU2026-000060,2026-10-23,https://certificates.edunovaai.com/EDU2026-000060.pdf
61,61,EDU2026-000061,2026-04-09,https://certificates.edunovaai.com/EDU2026-000061.pdf
62,62,EDU2026-000062,2026-12-27,https://certificates.edunovaai.com/EDU2026-000062.pdf
63,63,EDU2026-000063,2026-02-05,https://certificates.edunovaai.com/EDU2026-000063.pdf
64,64,EDU2026-000064,2026-01-24,https://certificates.edunovaai.com/EDU2026-000064.pdf
65,65,EDU2026-000065,2026-12-05,https://certificates.edunovaai.com/EDU2026-000065.pdf
66,66,EDU2026-000066,2026-04-27,https://certificates.edunovaai.com/EDU2026-000066.pdf
67,67,EDU2026-000067,2026-05-29,https://certificates.edunovaai.com/EDU2026-000067.pdf
68,68,EDU2026-000068,2026-02-10,https://certificates.edunovaai.com/EDU2026-000068.pdf
69,69,EDU2026-000069,2026-04-30,https://certificates.edunovaai.com/EDU2026-000069.pdf
70,70,EDU2026-000070,2026-02-21,https://certificates.edunovaai.com/EDU2026-000070.pdf
71,71,EDU2026-000071,2026-07-14,https://certificates.edunovaai.com/EDU2026-000071.pdf
72,72,EDU2026-000072,2026-05-23,https://certificates.edunovaai.com/EDU2026-000072.pdf
73,73,EDU2026-000073,2026-08-21,https://certificates.edunovaai.com/EDU2026-000073.pdf
74,74,EDU2026-000074,2026-11-22,https://certificates.edunovaai.com/EDU2026-000074.pdf
75,75,EDU2026-000075,2026-07-06,https://certificates.edunovaai.com/EDU2026-000075.pdf
76,76,EDU2026-000076,2026-03-25,https://certificates.edunovaai.com/EDU2026-000076.pdf
77,77,EDU2026-000077,2026-07-09,https://certificates.edunovaai.com/EDU2026-000077.pdf
78,78,EDU2026-000078,2026-07-01,https://certificates.edunovaai.com/EDU2026-000078.pdf
79,79,EDU2026-000079,2026-04-18,https://certificates.edunovaai.com/EDU2026-000079.pdf
80,80,EDU2026-000080,2026-12-10,https://certificates.edunovaai.com/EDU2026-000080.pdf
81,81,EDU2026-000081,2026-05-17,https://certificates.edunovaai.com/EDU2026-000081.pdf
82,82,EDU2026-000082,2026-12-26,https://certificates.edunovaai.com/EDU2026-000082.pdf
83,83,EDU2026-000083,2026-12-16,https://certificates.edunovaai.com/EDU2026-000083.pdf
84,84,EDU2026-000084,2026-11-28,https://certificates.edunovaai.com/EDU2026-000084.pdf
85,85,EDU2026-000085,2026-02-06,https://certificates.edunovaai.com/EDU2026-000085.pdf
86,86,EDU2026-000086,2026-11-08,https://certificates.edunovaai.com/EDU2026-000086.pdf
87,87,EDU2026-000087,2026-11-22,https://certificates.edunovaai.com/EDU2026-000087.pdf
88,88,EDU2026-000088,2026-03-29,https://certificates.edunovaai.com/EDU2026-000088.pdf
89,89,EDU2026-000089,2026-10-01,https://certificates.edunovaai.com/EDU2026-000089.pdf
90,90,EDU2026-000090,2026-05-06,https://certificates.edunovaai.com/EDU2026-000090.pdf
91,91,EDU2026-000091,2026-03-25,https://certificates.edunovaai.com/EDU2026-000091.pdf
92,92,EDU2026-000092,2026-08-25,https://certificates.edunovaai.com/EDU2026-000092.pdf
93,93,EDU2026-000093,2026-07-14,https://certificates.edunovaai.com/EDU2026-000093.pdf
94,94,EDU2026-000094,2026-05-19,https://certificates.edunovaai.com/EDU2026-000094.pdf
95,95,EDU2026-000095,2026-11-24,https://certificates.edunovaai.com/EDU2026-000095.pdf
96,96,EDU2026-000096,2026-12-19,https://certificates.edunovaai.com/EDU2026-000096.pdf
97,97,EDU2026-000097,2026-10-13,https://certificates.edunovaai.com/EDU2026-000097.pdf
98,98,EDU2026-000098,2026-04-23,https://certificates.edunovaai.com/EDU2026-000098.pdf
99,99,EDU2026-000099,2026-12-17,https://certificates.edunovaai.com/EDU2026-000099.pdf
100,100,EDU2026-000100,2026-06-16,https://certificates.edunovaai.com/EDU2026-000100.pdf
101,1,EDU2026-000101,2026-01-29,https://certificates.edunovaai.com/EDU2026-000101.pdf
102,2,EDU2026-000102,2026-04-28,https://certificates.edunovaai.com/EDU2026-000102.pdf
103,3,EDU2026-000103,2026-01-17,https://certificates.edunovaai.com/EDU2026-000103.pdf
104,4,EDU2026-000104,2026-06-11,https://certificates.edunovaai.com/EDU2026-000104.pdf
105,5,EDU2026-000105,2026-07-25,https://certificates.edunovaai.com/EDU2026-000105.pdf
106,6,EDU2026-000106,2026-05-18,https://certificates.edunovaai.com/EDU2026-000106.pdf
107,7,EDU2026-000107,2026-02-03,https://certificates.edunovaai.com/EDU2026-000107.pdf
108,8,EDU2026-000108,2026-04-19,https://certificates.edunovaai.com/EDU2026-000108.pdf
109,9,EDU2026-000109,2026-10-18,https://certificates.edunovaai.com/EDU2026-000109.pdf
110,10,EDU2026-000110,2026-06-11,https://certificates.edunovaai.com/EDU2026-000110.pdf
111,11,EDU2026-000111,2026-04-19,https://certificates.edunovaai.com/EDU2026-000111.pdf
112,12,EDU2026-000112,2026-12-02,https://certificates.edunovaai.com/EDU2026-000112.pdf
113,13,EDU2026-000113,2026-09-13,https://certificates.edunovaai.com/EDU2026-000113.pdf
114,14,EDU2026-000114,2026-07-22,https://certificates.edunovaai.com/EDU2026-000114.pdf
115,15,EDU2026-000115,2026-11-26,https://certificates.edunovaai.com/EDU2026-000115.pdf
116,16,EDU2026-000116,2026-08-23,https://certificates.edunovaai.com/EDU2026-000116.pdf
117,17,EDU2026-000117,2026-03-15,https://certificates.edunovaai.com/EDU2026-000117.pdf
118,18,EDU2026-000118,2026-05-16,https://certificates.edunovaai.com/EDU2026-000118.pdf
119,19,EDU2026-000119,2026-03-13,https://certificates.edunovaai.com/EDU2026-000119.pdf
120,20,EDU2026-000120,2026-05-07,https://certificates.edunovaai.com/EDU2026-000120.pdf
121,21,EDU2026-000121,2026-10-15,https://certificates.edunovaai.com/EDU2026-000121.pdf
122,22,EDU2026-000122,2026-10-03,https://certificates.edunovaai.com/EDU2026-000122.pdf
123,23,EDU2026-000123,2026-05-15,https://certificates.edunovaai.com/EDU2026-000123.pdf
124,24,EDU2026-000124,2026-10-27,https://certificates.edunovaai.com/EDU2026-000124.pdf
125,25,EDU2026-000125,2026-08-08,https://certificates.edunovaai.com/EDU2026-000125.pdf
126,26,EDU2026-000126,2026-10-26,https://certificates.edunovaai.com/EDU2026-000126.pdf
127,27,EDU2026-000127,2026-07-24,https://certificates.edunovaai.com/EDU2026-000127.pdf
128,28,EDU2026-000128,2026-07-05,https://certificates.edunovaai.com/EDU2026-000128.pdf
129,29,EDU2026-000129,2026-04-23,https://certificates.edunovaai.com/EDU2026-000129.pdf
130,30,EDU2026-000130,2026-03-12,https://certificates.edunovaai.com/EDU2026-000130.pdf
131,31,EDU2026-000131,2026-09-18,https://certificates.edunovaai.com/EDU2026-000131.pdf
132,32,EDU2026-000132,2026-09-10,https://certificates.edunovaai.com/EDU2026-000132.pdf
133,33,EDU2026-000133,2026-02-16,https://certificates.edunovaai.com/EDU2026-000133.pdf
134,34,EDU2026-000134,2026-01-25,https://certificates.edunovaai.com/EDU2026-000134.pdf
135,35,EDU2026-000135,2026-02-26,https://certificates.edunovaai.com/EDU2026-000135.pdf
136,36,EDU2026-000136,2026-03-20,https://certificates.edunovaai.com/EDU2026-000136.pdf
137,37,EDU2026-000137,2026-11-18,https://certificates.edunovaai.com/EDU2026-000137.pdf
138,38,EDU2026-000138,2026-03-23,https://certificates.edunovaai.com/EDU2026-000138.pdf
139,39,EDU2026-000139,2026-12-15,https://certificates.edunovaai.com/EDU2026-000139.pdf
140,40,EDU2026-000140,2026-08-05,https://certificates.edunovaai.com/EDU2026-000140.pdf
141,41,EDU2026-000141,2026-11-02,https://certificates.edunovaai.com/EDU2026-000141.pdf
142,42,EDU2026-000142,2026-02-02,https://certificates.edunovaai.com/EDU2026-000142.pdf
143,43,EDU2026-000143,2026-07-17,https://certificates.edunovaai.com/EDU2026-000143.pdf
144,44,EDU2026-000144,2026-07-15,https://certificates.edunovaai.com/EDU2026-000144.pdf
145,45,EDU2026-000145,2026-11-02,https://certificates.edunovaai.com/EDU2026-000145.pdf
146,46,EDU2026-000146,2026-08-28,https://certificates.edunovaai.com/EDU2026-000146.pdf
147,47,EDU2026-000147,2026-09-28,https://certificates.edunovaai.com/EDU2026-000147.pdf
148,48,EDU2026-000148,2026-05-09,https://certificates.edunovaai.com/EDU2026-000148.pdf
149,49,EDU2026-000149,2026-10-11,https://certificates.edunovaai.com/EDU2026-000149.pdf
150,50,EDU2026-000150,2026-01-06,https://certificates.edunovaai.com/EDU2026-000150.pdf
151,51,EDU2026-000151,2026-12-15,https://certificates.edunovaai.com/EDU2026-000151.pdf
152,52,EDU2026-000152,2026-02-28,https://certificates.edunovaai.com/EDU2026-000152.pdf
153,53,EDU2026-000153,2026-12-16,https://certificates.edunovaai.com/EDU2026-000153.pdf
154,54,EDU2026-000154,2026-10-02,https://certificates.edunovaai.com/EDU2026-000154.pdf
155,55,EDU2026-000155,2026-05-17,https://certificates.edunovaai.com/EDU2026-000155.pdf
156,56,EDU2026-000156,2026-11-25,https://certificates.edunovaai.com/EDU2026-000156.pdf
157,57,EDU2026-000157,2026-06-24,https://certificates.edunovaai.com/EDU2026-000157.pdf
158,58,EDU2026-000158,2026-02-27,https://certificates.edunovaai.com/EDU2026-000158.pdf
159,59,EDU2026-000159,2026-05-31,https://certificates.edunovaai.com/EDU2026-000159.pdf
160,60,EDU2026-000160,2026-08-11,https://certificates.edunovaai.com/EDU2026-000160.pdf
161,61,EDU2026-000161,2026-03-22,https://certificates.edunovaai.com/EDU2026-000161.pdf
162,62,EDU2026-000162,2026-08-21,https://certificates.edunovaai.com/EDU2026-000162.pdf
163,63,EDU2026-000163,2026-01-02,https://certificates.edunovaai.com/EDU2026-000163.pdf
164,64,EDU2026-000164,2026-05-15,https://certificates.edunovaai.com/EDU2026-000164.pdf
165,65,EDU2026-000165,2026-09-14,https://certificates.edunovaai.com/EDU2026-000165.pdf
166,66,EDU2026-000166,2026-04-02,https://certificates.edunovaai.com/EDU2026-000166.pdf
167,67,EDU2026-000167,2026-09-17,https://certificates.edunovaai.com/EDU2026-000167.pdf
168,68,EDU2026-000168,2026-02-24,https://certificates.edunovaai.com/EDU2026-000168.pdf
169,69,EDU2026-000169,2026-11-17,https://certificates.edunovaai.com/EDU2026-000169.pdf
170,70,EDU2026-000170,2026-06-02,https://certificates.edunovaai.com/EDU2026-000170.pdf
171,71,EDU2026-000171,2026-11-24,https://certificates.edunovaai.com/EDU2026-000171.pdf
172,72,EDU2026-000172,2026-09-17,https://certificates.edunovaai.com/EDU2026-000172.pdf
173,73,EDU2026-000173,2026-11-08,https://certificates.edunovaai.com/EDU2026-000173.pdf
174,74,EDU2026-000174,2026-04-12,https://certificates.edunovaai.com/EDU2026-000174.pdf
175,75,EDU2026-000175,2026-03-20,https://certificates.edunovaai.com/EDU2026-000175.pdf
176,76,EDU2026-000176,2026-07-11,https://certificates.edunovaai.com/EDU2026-000176.pdf
177,77,EDU2026-000177,2026-03-24,https://certificates.edunovaai.com/EDU2026-000177.pdf
178,78,EDU2026-000178,2026-10-04,https://certificates.edunovaai.com/EDU2026-000178.pdf
179,79,EDU2026-000179,2026-09-29,https://certificates.edunovaai.com/EDU2026-000179.pdf
180,80,EDU2026-000180,2026-01-01,https://certificates.edunovaai.com/EDU2026-000180.pdf
181,81,EDU2026-000181,2026-11-03,https://certificates.edunovaai.com/EDU2026-000181.pdf
182,82,EDU2026-000182,2026-06-15,https://certificates.edunovaai.com/EDU2026-000182.pdf
183,83,EDU2026-000183,2026-09-08,https://certificates.edunovaai.com/EDU2026-000183.pdf
184,84,EDU2026-000184,2026-01-10,https://certificates.edunovaai.com/EDU2026-000184.pdf
185,85,EDU2026-000185,2026-02-27,https://certificates.edunovaai.com/EDU2026-000185.pdf
186,86,EDU2026-000186,2026-07-05,https://certificates.edunovaai.com/EDU2026-000186.pdf
187,87,EDU2026-000187,2026-06-07,https://certificates.edunovaai.com/EDU2026-000187.pdf
188,88,EDU2026-000188,2026-05-03,https://certificates.edunovaai.com/EDU2026-000188.pdf
189,89,EDU2026-000189,2026-01-30,https://certificates.edunovaai.com/EDU2026-000189.pdf
190,90,EDU2026-000190,2026-05-04,https://certificates.edunovaai.com/EDU2026-000190.pdf
191,91,EDU2026-000191,2026-10-18,https://certificates.edunovaai.com/EDU2026-000191.pdf
192,92,EDU2026-000192,2026-02-10,https://certificates.edunovaai.com/EDU2026-000192.pdf
193,93,EDU2026-000193,2026-02-13,https://certificates.edunovaai.com/EDU2026-000193.pdf
194,94,EDU2026-000194,2026-09-06,https://certificates.edunovaai.com/EDU2026-000194.pdf
195,95,EDU2026-000195,2026-02-05,https://certificates.edunovaai.com/EDU2026-000195.pdf
196,96,EDU2026-000196,2026-09-30,https://certificates.edunovaai.com/EDU2026-000196.pdf
197,97,EDU2026-000197,2026-03-06,https://certificates.edunovaai.com/EDU2026-000197.pdf
198,98,EDU2026-000198,2026-03-07,https://certificates.edunovaai.com/EDU2026-000198.pdf
199,99,EDU2026-000199,2026-12-04,https://certificates.edunovaai.com/EDU2026-000199.pdf
200,100,EDU2026-000200,2026-09-01,https://certificates.edunovaai.com/EDU2026-000200.pdf
201,1,EDU2026-000201,2026-10-09,https://certificates.edunovaai.com/EDU2026-000201.pdf
202,2,EDU2026-000202,2026-03-26,https://certificates.edunovaai.com/EDU2026-000202.pdf
203,3,EDU2026-000203,2026-05-16,https://certificates.edunovaai.com/EDU2026-000203.pdf
204,4,EDU2026-000204,2026-09-28,https://certificates.edunovaai.com/EDU2026-000204.pdf
205,5,EDU2026-000205,2026-11-07,https://certificates.edunovaai.com/EDU2026-000205.pdf
206,6,EDU2026-000206,2026-08-05,https://certificates.edunovaai.com/EDU2026-000206.pdf
207,7,EDU2026-000207,2026-04-19,https://certificates.edunovaai.com/EDU2026-000207.pdf
208,8,EDU2026-000208,2026-10-04,https://certificates.edunovaai.com/EDU2026-000208.pdf
209,9,EDU2026-000209,2026-12-20,https://certificates.edunovaai.com/EDU2026-000209.pdf
210,10,EDU2026-000210,2026-04-13,https://certificates.edunovaai.com/EDU2026-000210.pdf
211,11,EDU2026-000211,2027-01-01,https://certificates.edunovaai.com/EDU2026-000211.pdf
212,12,EDU2026-000212,2026-06-09,https://certificates.edunovaai.com/EDU2026-000212.pdf
213,13,EDU2026-000213,2026-07-24,https://certificates.edunovaai.com/EDU2026-000213.pdf
214,14,EDU2026-000214,2026-12-10,https://certificates.edunovaai.com/EDU2026-000214.pdf
215,15,EDU2026-000215,2026-11-29,https://certificates.edunovaai.com/EDU2026-000215.pdf
216,16,EDU2026-000216,2026-07-11,https://certificates.edunovaai.com/EDU2026-000216.pdf
217,17,EDU2026-000217,2026-08-13,https://certificates.edunovaai.com/EDU2026-000217.pdf
218,18,EDU2026-000218,2026-09-22,https://certificates.edunovaai.com/EDU2026-000218.pdf
219,19,EDU2026-000219,2026-08-20,https://certificates.edunovaai.com/EDU2026-000219.pdf
220,20,EDU2026-000220,2026-03-03,https://certificates.edunovaai.com/EDU2026-000220.pdf
221,21,EDU2026-000221,2026-05-07,https://certificates.edunovaai.com/EDU2026-000221.pdf
222,22,EDU2026-000222,2026-04-26,https://certificates.edunovaai.com/EDU2026-000222.pdf
223,23,EDU2026-000223,2026-02-02,https://certificates.edunovaai.com/EDU2026-000223.pdf
224,24,EDU2026-000224,2026-06-23,https://certificates.edunovaai.com/EDU2026-000224.pdf
225,25,EDU2026-000225,2026-01-11,https://certificates.edunovaai.com/EDU2026-000225.pdf
226,26,EDU2026-000226,2026-10-29,https://certificates.edunovaai.com/EDU2026-000226.pdf
227,27,EDU2026-000227,2026-10-11,https://certificates.edunovaai.com/EDU2026-000227.pdf
228,28,EDU2026-000228,2026-04-28,https://certificates.edunovaai.com/EDU2026-000228.pdf
229,29,EDU2026-000229,2026-10-29,https://certificates.edunovaai.com/EDU2026-000229.pdf
230,30,EDU2026-000230,2026-04-23,https://certificates.edunovaai.com/EDU2026-000230.pdf
231,31,EDU2026-000231,2026-01-04,https://certificates.edunovaai.com/EDU2026-000231.pdf
232,32,EDU2026-000232,2026-02-06,https://certificates.edunovaai.com/EDU2026-000232.pdf
233,33,EDU2026-000233,2026-12-29,https://certificates.edunovaai.com/EDU2026-000233.pdf
234,34,EDU2026-000234,2026-11-20,https://certificates.edunovaai.com/EDU2026-000234.pdf
235,35,EDU2026-000235,2026-01-31,https://certificates.edunovaai.com/EDU2026-000235.pdf
236,36,EDU2026-000236,2026-04-28,https://certificates.edunovaai.com/EDU2026-000236.pdf
237,37,EDU2026-000237,2026-02-04,https://certificates.edunovaai.com/EDU2026-000237.pdf
238,38,EDU2026-000238,2026-01-17,https://certificates.edunovaai.com/EDU2026-000238.pdf
239,39,EDU2026-000239,2026-06-19,https://certificates.edunovaai.com/EDU2026-000239.pdf
240,40,EDU2026-000240,2026-02-06,https://certificates.edunovaai.com/EDU2026-000240.pdf
241,41,EDU2026-000241,2026-09-21,https://certificates.edunovaai.com/EDU2026-000241.pdf
242,42,EDU2026-000242,2026-05-02,https://certificates.edunovaai.com/EDU2026-000242.pdf
243,43,EDU2026-000243,2026-05-23,https://certificates.edunovaai.com/EDU2026-000243.pdf
244,44,EDU2026-000244,2026-12-09,https://certificates.edunovaai.com/EDU2026-000244.pdf
245,45,EDU2026-000245,2026-09-06,https://certificates.edunovaai.com/EDU2026-000245.pdf
246,46,EDU2026-000246,2026-04-20,https://certificates.edunovaai.com/EDU2026-000246.pdf
247,47,EDU2026-000247,2026-10-04,https://certificates.edunovaai.com/EDU2026-000247.pdf
248,48,EDU2026-000248,2026-03-09,https://certificates.edunovaai.com/EDU2026-000248.pdf
249,49,EDU2026-000249,2026-10-20,https://certificates.edunovaai.com/EDU2026-000249.pdf
250,50,EDU2026-000250,2026-10-23,https://certificates.edunovaai.com/EDU2026-000250.pdf
251,51,EDU2026-000251,2026-08-31,https://certificates.edunovaai.com/EDU2026-000251.pdf
252,52,EDU2026-000252,2026-05-05,https://certificates.edunovaai.com/EDU2026-000252.pdf
253,53,EDU2026-000253,2026-08-31,https://certificates.edunovaai.com/EDU2026-000253.pdf
254,54,EDU2026-000254,2026-07-28,https://certificates.edunovaai.com/EDU2026-000254.pdf
255,55,EDU2026-000255,2026-04-08,https://certificates.edunovaai.com/EDU2026-000255.pdf
256,56,EDU2026-000256,2026-02-18,https://certificates.edunovaai.com/EDU2026-000256.pdf
257,57,EDU2026-000257,2026-02-19,https://certificates.edunovaai.com/EDU2026-000257.pdf
258,58,EDU2026-000258,2026-12-04,https://certificates.edunovaai.com/EDU2026-000258.pdf
259,59,EDU2026-000259,2026-08-09,https://certificates.edunovaai.com/EDU2026-000259.pdf
260,60,EDU2026-000260,2026-07-01,https://certificates.edunovaai.com/EDU2026-000260.pdf
261,61,EDU2026-000261,2026-08-05,https://certificates.edunovaai.com/EDU2026-000261.pdf
262,62,EDU2026-000262,2026-07-30,https://certificates.edunovaai.com/EDU2026-000262.pdf
263,63,EDU2026-000263,2026-08-28,https://certificates.edunovaai.com/EDU2026-000263.pdf
264,64,EDU2026-000264,2026-01-28,https://certificates.edunovaai.com/EDU2026-000264.pdf
265,65,EDU2026-000265,2026-12-11,https://certificates.edunovaai.com/EDU2026-000265.pdf
266,66,EDU2026-000266,2026-12-01,https://certificates.edunovaai.com/EDU2026-000266.pdf
267,67,EDU2026-000267,2026-11-27,https://certificates.edunovaai.com/EDU2026-000267.pdf
268,68,EDU2026-000268,2026-02-20,https://certificates.edunovaai.com/EDU2026-000268.pdf
269,69,EDU2026-000269,2026-02-01,https://certificates.edunovaai.com/EDU2026-000269.pdf
270,70,EDU2026-000270,2026-07-26,https://certificates.edunovaai.com/EDU2026-000270.pdf
271,71,EDU2026-000271,2026-06-23,https://certificates.edunovaai.com/EDU2026-000271.pdf
272,72,EDU2026-000272,2026-02-25,https://certificates.edunovaai.com/EDU2026-000272.pdf
273,73,EDU2026-000273,2026-05-08,https://certificates.edunovaai.com/EDU2026-000273.pdf
274,74,EDU2026-000274,2026-04-09,https://certificates.edunovaai.com/EDU2026-000274.pdf
275,75,EDU2026-000275,2026-04-08,https://certificates.edunovaai.com/EDU2026-000275.pdf
276,76,EDU2026-000276,2026-10-02,https://certificates.edunovaai.com/EDU2026-000276.pdf
277,77,EDU2026-000277,2026-08-18,https://certificates.edunovaai.com/EDU2026-000277.pdf
278,78,EDU2026-000278,2026-03-13,https://certificates.edunovaai.com/EDU2026-000278.pdf
279,79,EDU2026-000279,2026-08-05,https://certificates.edunovaai.com/EDU2026-000279.pdf
280,80,EDU2026-000280,2026-04-04,https://certificates.edunovaai.com/EDU2026-000280.pdf
281,81,EDU2026-000281,2026-05-23,https://certificates.edunovaai.com/EDU2026-000281.pdf
282,82,EDU2026-000282,2026-08-25,https://certificates.edunovaai.com/EDU2026-000282.pdf
283,83,EDU2026-000283,2026-05-08,https://certificates.edunovaai.com/EDU2026-000283.pdf
284,84,EDU2026-000284,2026-02-08,https://certificates.edunovaai.com/EDU2026-000284.pdf
285,85,EDU2026-000285,2026-08-15,https://certificates.edunovaai.com/EDU2026-000285.pdf
286,86,EDU2026-000286,2026-10-09,https://certificates.edunovaai.com/EDU2026-000286.pdf
287,87,EDU2026-000287,2026-02-20,https://certificates.edunovaai.com/EDU2026-000287.pdf
288,88,EDU2026-000288,2026-01-26,https://certificates.edunovaai.com/EDU2026-000288.pdf
289,89,EDU2026-000289,2026-11-30,https://certificates.edunovaai.com/EDU2026-000289.pdf
290,90,EDU2026-000290,2026-10-04,https://certificates.edunovaai.com/EDU2026-000290.pdf
291,91,EDU2026-000291,2026-01-08,https://certificates.edunovaai.com/EDU2026-000291.pdf
292,92,EDU2026-000292,2026-02-17,https://certificates.edunovaai.com/EDU2026-000292.pdf
293,93,EDU2026-000293,2026-05-02,https://certificates.edunovaai.com/EDU2026-000293.pdf
294,94,EDU2026-000294,2026-03-27,https://certificates.edunovaai.com/EDU2026-000294.pdf
295,95,EDU2026-000295,2026-07-28,https://certificates.edunovaai.com/EDU2026-000295.pdf
296,96,EDU2026-000296,2026-09-06,https://certificates.edunovaai.com/EDU2026-000296.pdf
297,97,EDU2026-000297,2026-09-04,https://certificates.edunovaai.com/EDU2026-000297.pdf
298,98,EDU2026-000298,2026-04-20,https://certificates.edunovaai.com/EDU2026-000298.pdf
299,99,EDU2026-000299,2026-07-25,https://certificates.edunovaai.com/EDU2026-000299.pdf
300,100,EDU2026-000300,2026-01-31,https://certificates.edunovaai.com/EDU2026-000300.pdf
301,1,EDU2026-000301,2026-03-26,https://certificates.edunovaai.com/EDU2026-000301.pdf
302,2,EDU2026-000302,2026-07-14,https://certificates.edunovaai.com/EDU2026-000302.pdf
303,3,EDU2026-000303,2026-01-02,https://certificates.edunovaai.com/EDU2026-000303.pdf
304,4,EDU2026-000304,2026-07-19,https://certificates.edunovaai.com/EDU2026-000304.pdf
305,5,EDU2026-000305,2026-05-16,https://certificates.edunovaai.com/EDU2026-000305.pdf
306,6,EDU2026-000306,2026-08-21,https://certificates.edunovaai.com/EDU2026-000306.pdf
307,7,EDU2026-000307,2026-05-27,https://certificates.edunovaai.com/EDU2026-000307.pdf
308,8,EDU2026-000308,2026-08-05,https://certificates.edunovaai.com/EDU2026-000308.pdf
309,9,EDU2026-000309,2026-12-23,https://certificates.edunovaai.com/EDU2026-000309.pdf
310,10,EDU2026-000310,2026-10-12,https://certificates.edunovaai.com/EDU2026-000310.pdf
311,11,EDU2026-000311,2026-12-05,https://certificates.edunovaai.com/EDU2026-000311.pdf
312,12,EDU2026-000312,2026-09-07,https://certificates.edunovaai.com/EDU2026-000312.pdf
313,13,EDU2026-000313,2026-03-21,https://certificates.edunovaai.com/EDU2026-000313.pdf
314,14,EDU2026-000314,2026-04-08,https://certificates.edunovaai.com/EDU2026-000314.pdf
315,15,EDU2026-000315,2026-06-01,https://certificates.edunovaai.com/EDU2026-000315.pdf
316,16,EDU2026-000316,2026-04-22,https://certificates.edunovaai.com/EDU2026-000316.pdf
317,17,EDU2026-000317,2026-01-30,https://certificates.edunovaai.com/EDU2026-000317.pdf
318,18,EDU2026-000318,2026-10-24,https://certificates.edunovaai.com/EDU2026-000318.pdf
319,19,EDU2026-000319,2026-10-05,https://certificates.edunovaai.com/EDU2026-000319.pdf
320,20,EDU2026-000320,2026-02-01,https://certificates.edunovaai.com/EDU2026-000320.pdf
321,21,EDU2026-000321,2026-06-10,https://certificates.edunovaai.com/EDU2026-000321.pdf
322,22,EDU2026-000322,2026-01-30,https://certificates.edunovaai.com/EDU2026-000322.pdf
323,23,EDU2026-000323,2026-01-26,https://certificates.edunovaai.com/EDU2026-000323.pdf
324,24,EDU2026-000324,2026-10-27,https://certificates.edunovaai.com/EDU2026-000324.pdf
325,25,EDU2026-000325,2026-09-02,https://certificates.edunovaai.com/EDU2026-000325.pdf
326,26,EDU2026-000326,2026-09-15,https://certificates.edunovaai.com/EDU2026-000326.pdf
327,27,EDU2026-000327,2026-09-29,https://certificates.edunovaai.com/EDU2026-000327.pdf
328,28,EDU2026-000328,2026-03-22,https://certificates.edunovaai.com/EDU2026-000328.pdf
329,29,EDU2026-000329,2026-01-30,https://certificates.edunovaai.com/EDU2026-000329.pdf
330,30,EDU2026-000330,2026-09-18,https://certificates.edunovaai.com/EDU2026-000330.pdf
331,31,EDU2026-000331,2026-02-11,https://certificates.edunovaai.com/EDU2026-000331.pdf
332,32,EDU2026-000332,2026-04-06,https://certificates.edunovaai.com/EDU2026-000332.pdf
333,33,EDU2026-000333,2026-02-05,https://certificates.edunovaai.com/EDU2026-000333.pdf
334,34,EDU2026-000334,2026-11-01,https://certificates.edunovaai.com/EDU2026-000334.pdf
335,35,EDU2026-000335,2026-02-04,https://certificates.edunovaai.com/EDU2026-000335.pdf
336,36,EDU2026-000336,2026-12-12,https://certificates.edunovaai.com/EDU2026-000336.pdf
337,37,EDU2026-000337,2026-05-01,https://certificates.edunovaai.com/EDU2026-000337.pdf
338,38,EDU2026-000338,2026-07-26,https://certificates.edunovaai.com/EDU2026-000338.pdf
339,39,EDU2026-000339,2026-03-03,https://certificates.edunovaai.com/EDU2026-000339.pdf
340,40,EDU2026-000340,2026-10-19,https://certificates.edunovaai.com/EDU2026-000340.pdf
341,41,EDU2026-000341,2026-05-07,https://certificates.edunovaai.com/EDU2026-000341.pdf
342,42,EDU2026-000342,2026-10-24,https://certificates.edunovaai.com/EDU2026-000342.pdf
343,43,EDU2026-000343,2026-11-01,https://certificates.edunovaai.com/EDU2026-000343.pdf
344,44,EDU2026-000344,2026-01-21,https://certificates.edunovaai.com/EDU2026-000344.pdf
345,45,EDU2026-000345,2026-11-14,https://certificates.edunovaai.com/EDU2026-000345.pdf
346,46,EDU2026-000346,2026-02-11,https://certificates.edunovaai.com/EDU2026-000346.pdf
347,47,EDU2026-000347,2026-08-03,https://certificates.edunovaai.com/EDU2026-000347.pdf
348,48,EDU2026-000348,2026-12-03,https://certificates.edunovaai.com/EDU2026-000348.pdf
349,49,EDU2026-000349,2026-10-26,https://certificates.edunovaai.com/EDU2026-000349.pdf
350,50,EDU2026-000350,2026-10-17,https://certificates.edunovaai.com/EDU2026-000350.pdf
351,51,EDU2026-000351,2026-09-25,https://certificates.edunovaai.com/EDU2026-000351.pdf
352,52,EDU2026-000352,2026-06-11,https://certificates.edunovaai.com/EDU2026-000352.pdf
353,53,EDU2026-000353,2026-05-14,https://certificates.edunovaai.com/EDU2026-000353.pdf
354,54,EDU2026-000354,2026-04-15,https://certificates.edunovaai.com/EDU2026-000354.pdf
355,55,EDU2026-000355,2026-12-09,https://certificates.edunovaai.com/EDU2026-000355.pdf
356,56,EDU2026-000356,2026-06-10,https://certificates.edunovaai.com/EDU2026-000356.pdf
357,57,EDU2026-000357,2026-05-03,https://certificates.edunovaai.com/EDU2026-000357.pdf
358,58,EDU2026-000358,2026-05-16,https://certificates.edunovaai.com/EDU2026-000358.pdf
359,59,EDU2026-000359,2026-07-22,https://certificates.edunovaai.com/EDU2026-000359.pdf
360,60,EDU2026-000360,2026-03-09,https://certificates.edunovaai.com/EDU2026-000360.pdf
361,61,EDU2026-000361,2026-12-10,https://certificates.edunovaai.com/EDU2026-000361.pdf
362,62,EDU2026-000362,2026-11-27,https://certificates.edunovaai.com/EDU2026-000362.pdf
363,63,EDU2026-000363,2026-06-03,https://certificates.edunovaai.com/EDU2026-000363.pdf
364,64,EDU2026-000364,2026-08-23,https://certificates.edunovaai.com/EDU2026-000364.pdf
365,65,EDU2026-000365,2026-06-11,https://certificates.edunovaai.com/EDU2026-000365.pdf
366,66,EDU2026-000366,2026-02-07,https://certificates.edunovaai.com/EDU2026-000366.pdf
367,67,EDU2026-000367,2026-01-05,https://certificates.edunovaai.com/EDU2026-000367.pdf
368,68,EDU2026-000368,2026-08-23,https://certificates.edunovaai.com/EDU2026-000368.pdf
369,69,EDU2026-000369,2026-11-15,https://certificates.edunovaai.com/EDU2026-000369.pdf
370,70,EDU2026-000370,2026-10-16,https://certificates.edunovaai.com/EDU2026-000370.pdf
371,71,EDU2026-000371,2026-02-21,https://certificates.edunovaai.com/EDU2026-000371.pdf
372,72,EDU2026-000372,2026-02-07,https://certificates.edunovaai.com/EDU2026-000372.pdf
373,73,EDU2026-000373,2026-10-03,https://certificates.edunovaai.com/EDU2026-000373.pdf
374,74,EDU2026-000374,2026-04-20,https://certificates.edunovaai.com/EDU2026-000374.pdf
375,75,EDU2026-000375,2026-09-17,https://certificates.edunovaai.com/EDU2026-000375.pdf
376,76,EDU2026-000376,2026-05-16,https://certificates.edunovaai.com/EDU2026-000376.pdf
377,77,EDU2026-000377,2026-03-09,https://certificates.edunovaai.com/EDU2026-000377.pdf
378,78,EDU2026-000378,2026-06-28,https://certificates.edunovaai.com/EDU2026-000378.pdf
379,79,EDU2026-000379,2026-02-05,https://certificates.edunovaai.com/EDU2026-000379.pdf
380,80,EDU2026-000380,2026-05-06,https://certificates.edunovaai.com/EDU2026-000380.pdf
381,81,EDU2026-000381,2026-07-09,https://certificates.edunovaai.com/EDU2026-000381.pdf
382,82,EDU2026-000382,2026-05-26,https://certificates.edunovaai.com/EDU2026-000382.pdf
383,83,EDU2026-000383,2026-03-22,https://certificates.edunovaai.com/EDU2026-000383.pdf
384,84,EDU2026-000384,2026-08-13,https://certificates.edunovaai.com/EDU2026-000384.pdf
385,85,EDU2026-000385,2026-10-06,https://certificates.edunovaai.com/EDU2026-000385.pdf
386,86,EDU2026-000386,2026-12-27,https://certificates.edunovaai.com/EDU2026-000386.pdf
387,87,EDU2026-000387,2026-06-04,https://certificates.edunovaai.com/EDU2026-000387.pdf
388,88,EDU2026-000388,2026-11-10,https://certificates.edunovaai.com/EDU2026-000388.pdf
389,89,EDU2026-000389,2026-12-01,https://certificates.edunovaai.com/EDU2026-000389.pdf
390,90,EDU2026-000390,2026-09-28,https://certificates.edunovaai.com/EDU2026-000390.pdf
391,91,EDU2026-000391,2026-01-05,https://certificates.edunovaai.com/EDU2026-000391.pdf
392,92,EDU2026-000392,2026-12-08,https://certificates.edunovaai.com/EDU2026-000392.pdf
393,93,EDU2026-000393,2026-10-11,https://certificates.edunovaai.com/EDU2026-000393.pdf
394,94,EDU2026-000394,2026-06-03,https://certificates.edunovaai.com/EDU2026-000394.pdf
395,95,EDU2026-000395,2026-12-06,https://certificates.edunovaai.com/EDU2026-000395.pdf
396,96,EDU2026-000396,2026-02-23,https://certificates.edunovaai.com/EDU2026-000396.pdf
397,97,EDU2026-000397,2026-03-10,https://certificates.edunovaai.com/EDU2026-000397.pdf
398,98,EDU2026-000398,2026-05-16,https://certificates.edunovaai.com/EDU2026-000398.pdf
399,99,EDU2026-000399,2026-03-01,https://certificates.edunovaai.com/EDU2026-000399.pdf
400,100,EDU2026-000400,2026-02-24,https://certificates.edunovaai.com/EDU2026-000400.pdf
401,1,EDU2026-000401,2026-10-11,https://certificates.edunovaai.com/EDU2026-000401.pdf
402,2,EDU2026-000402,2026-03-21,https://certificates.edunovaai.com/EDU2026-000402.pdf
403,3,EDU2026-000403,2026-05-20,https://certificates.edunovaai.com/EDU2026-000403.pdf
404,4,EDU2026-000404,2026-05-25,https://certificates.edunovaai.com/EDU2026-000404.pdf
405,5,EDU2026-000405,2026-11-06,https://certificates.edunovaai.com/EDU2026-000405.pdf
406,6,EDU2026-000406,2026-04-18,https://certificates.edunovaai.com/EDU2026-000406.pdf
407,7,EDU2026-000407,2026-06-25,https://certificates.edunovaai.com/EDU2026-000407.pdf
408,8,EDU2026-000408,2026-04-15,https://certificates.edunovaai.com/EDU2026-000408.pdf
409,9,EDU2026-000409,2026-12-18,https://certificates.edunovaai.com/EDU2026-000409.pdf
410,10,EDU2026-000410,2026-11-21,https://certificates.edunovaai.com/EDU2026-000410.pdf
411,11,EDU2026-000411,2026-05-16,https://certificates.edunovaai.com/EDU2026-000411.pdf
412,12,EDU2026-000412,2026-09-16,https://certificates.edunovaai.com/EDU2026-000412.pdf
413,13,EDU2026-000413,2026-09-08,https://certificates.edunovaai.com/EDU2026-000413.pdf
414,14,EDU2026-000414,2026-05-09,https://certificates.edunovaai.com/EDU2026-000414.pdf
415,15,EDU2026-000415,2026-01-27,https://certificates.edunovaai.com/EDU2026-000415.pdf
416,16,EDU2026-000416,2026-02-17,https://certificates.edunovaai.com/EDU2026-000416.pdf
417,17,EDU2026-000417,2026-11-21,https://certificates.edunovaai.com/EDU2026-000417.pdf
418,18,EDU2026-000418,2026-08-05,https://certificates.edunovaai.com/EDU2026-000418.pdf
419,19,EDU2026-000419,2026-05-22,https://certificates.edunovaai.com/EDU2026-000419.pdf
420,20,EDU2026-000420,2026-01-23,https://certificates.edunovaai.com/EDU2026-000420.pdf
421,21,EDU2026-000421,2026-01-02,https://certificates.edunovaai.com/EDU2026-000421.pdf
422,22,EDU2026-000422,2026-06-20,https://certificates.edunovaai.com/EDU2026-000422.pdf
423,23,EDU2026-000423,2026-03-08,https://certificates.edunovaai.com/EDU2026-000423.pdf
424,24,EDU2026-000424,2026-11-23,https://certificates.edunovaai.com/EDU2026-000424.pdf
425,25,EDU2026-000425,2026-05-15,https://certificates.edunovaai.com/EDU2026-000425.pdf
426,26,EDU2026-000426,2026-03-24,https://certificates.edunovaai.com/EDU2026-000426.pdf
427,27,EDU2026-000427,2026-08-15,https://certificates.edunovaai.com/EDU2026-000427.pdf
428,28,EDU2026-000428,2026-10-10,https://certificates.edunovaai.com/EDU2026-000428.pdf
429,29,EDU2026-000429,2026-12-28,https://certificates.edunovaai.com/EDU2026-000429.pdf
430,30,EDU2026-000430,2026-08-07,https://certificates.edunovaai.com/EDU2026-000430.pdf
431,31,EDU2026-000431,2026-10-15,https://certificates.edunovaai.com/EDU2026-000431.pdf
432,32,EDU2026-000432,2026-01-05,https://certificates.edunovaai.com/EDU2026-000432.pdf
433,33,EDU2026-000433,2026-02-27,https://certificates.edunovaai.com/EDU2026-000433.pdf
434,34,EDU2026-000434,2026-02-08,https://certificates.edunovaai.com/EDU2026-000434.pdf
435,35,EDU2026-000435,2026-12-20,https://certificates.edunovaai.com/EDU2026-000435.pdf
436,36,EDU2026-000436,2026-03-18,https://certificates.edunovaai.com/EDU2026-000436.pdf
437,37,EDU2026-000437,2026-10-07,https://certificates.edunovaai.com/EDU2026-000437.pdf
438,38,EDU2026-000438,2026-01-19,https://certificates.edunovaai.com/EDU2026-000438.pdf
439,39,EDU2026-000439,2026-07-09,https://certificates.edunovaai.com/EDU2026-000439.pdf
440,40,EDU2026-000440,2026-10-26,https://certificates.edunovaai.com/EDU2026-000440.pdf
441,41,EDU2026-000441,2026-10-10,https://certificates.edunovaai.com/EDU2026-000441.pdf
442,42,EDU2026-000442,2026-03-17,https://certificates.edunovaai.com/EDU2026-000442.pdf
443,43,EDU2026-000443,2026-08-09,https://certificates.edunovaai.com/EDU2026-000443.pdf
444,44,EDU2026-000444,2026-03-07,https://certificates.edunovaai.com/EDU2026-000444.pdf
445,45,EDU2026-000445,2026-01-22,https://certificates.edunovaai.com/EDU2026-000445.pdf
446,46,EDU2026-000446,2026-06-07,https://certificates.edunovaai.com/EDU2026-000446.pdf
447,47,EDU2026-000447,2026-07-06,https://certificates.edunovaai.com/EDU2026-000447.pdf
448,48,EDU2026-000448,2026-01-21,https://certificates.edunovaai.com/EDU2026-000448.pdf
449,49,EDU2026-000449,2026-07-03,https://certificates.edunovaai.com/EDU2026-000449.pdf
450,50,EDU2026-000450,2026-04-18,https://certificates.edunovaai.com/EDU2026-000450.pdf
451,51,EDU2026-000451,2026-12-16,https://certificates.edunovaai.com/EDU2026-000451.pdf
452,52,EDU2026-000452,2026-05-08,https://certificates.edunovaai.com/EDU2026-000452.pdf
453,53,EDU2026-000453,2026-12-08,https://certificates.edunovaai.com/EDU2026-000453.pdf
454,54,EDU2026-000454,2026-02-22,https://certificates.edunovaai.com/EDU2026-000454.pdf
455,55,EDU2026-000455,2026-07-01,https://certificates.edunovaai.com/EDU2026-000455.pdf
456,56,EDU2026-000456,2026-10-14,https://certificates.edunovaai.com/EDU2026-000456.pdf
457,57,EDU2026-000457,2026-07-28,https://certificates.edunovaai.com/EDU2026-000457.pdf
458,58,EDU2026-000458,2026-11-14,https://certificates.edunovaai.com/EDU2026-000458.pdf
459,59,EDU2026-000459,2026-03-21,https://certificates.edunovaai.com/EDU2026-000459.pdf
460,60,EDU2026-000460,2026-05-02,https://certificates.edunovaai.com/EDU2026-000460.pdf
461,61,EDU2026-000461,2026-03-25,https://certificates.edunovaai.com/EDU2026-000461.pdf
462,62,EDU2026-000462,2026-04-01,https://certificates.edunovaai.com/EDU2026-000462.pdf
463,63,EDU2026-000463,2026-07-31,https://certificates.edunovaai.com/EDU2026-000463.pdf
464,64,EDU2026-000464,2026-01-13,https://certificates.edunovaai.com/EDU2026-000464.pdf
465,65,EDU2026-000465,2026-04-02,https://certificates.edunovaai.com/EDU2026-000465.pdf
466,66,EDU2026-000466,2026-06-20,https://certificates.edunovaai.com/EDU2026-000466.pdf
467,67,EDU2026-000467,2026-07-30,https://certificates.edunovaai.com/EDU2026-000467.pdf
468,68,EDU2026-000468,2026-12-09,https://certificates.edunovaai.com/EDU2026-000468.pdf
469,69,EDU2026-000469,2026-05-08,https://certificates.edunovaai.com/EDU2026-000469.pdf
470,70,EDU2026-000470,2026-05-17,https://certificates.edunovaai.com/EDU2026-000470.pdf
471,71,EDU2026-000471,2026-03-23,https://certificates.edunovaai.com/EDU2026-000471.pdf
472,72,EDU2026-000472,2026-12-26,https://certificates.edunovaai.com/EDU2026-000472.pdf
473,73,EDU2026-000473,2026-02-25,https://certificates.edunovaai.com/EDU2026-000473.pdf
474,74,EDU2026-000474,2026-07-15,https://certificates.edunovaai.com/EDU2026-000474.pdf
475,75,EDU2026-000475,2026-01-20,https://certificates.edunovaai.com/EDU2026-000475.pdf
476,76,EDU2026-000476,2026-08-29,https://certificates.edunovaai.com/EDU2026-000476.pdf
477,77,EDU2026-000477,2026-04-24,https://certificates.edunovaai.com/EDU2026-000477.pdf
478,78,EDU2026-000478,2026-04-13,https://certificates.edunovaai.com/EDU2026-000478.pdf
479,79,EDU2026-000479,2026-08-24,https://certificates.edunovaai.com/EDU2026-000479.pdf
480,80,EDU2026-000480,2026-06-29,https://certificates.edunovaai.com/EDU2026-000480.pdf
481,81,EDU2026-000481,2026-06-06,https://certificates.edunovaai.com/EDU2026-000481.pdf
482,82,EDU2026-000482,2026-04-27,https://certificates.edunovaai.com/EDU2026-000482.pdf
483,83,EDU2026-000483,2026-04-25,https://certificates.edunovaai.com/EDU2026-000483.pdf
484,84,EDU2026-000484,2026-01-13,https://certificates.edunovaai.com/EDU2026-000484.pdf
485,85,EDU2026-000485,2026-12-04,https://certificates.edunovaai.com/EDU2026-000485.pdf
486,86,EDU2026-000486,2026-04-09,https://certificates.edunovaai.com/EDU2026-000486.pdf
487,87,EDU2026-000487,2026-07-24,https://certificates.edunovaai.com/EDU2026-000487.pdf
488,88,EDU2026-000488,2026-06-18,https://certificates.edunovaai.com/EDU2026-000488.pdf
489,89,EDU2026-000489,2026-05-23,https://certificates.edunovaai.com/EDU2026-000489.pdf
490,90,EDU2026-000490,2026-02-05,https://certificates.edunovaai.com/EDU2026-000490.pdf
491,91,EDU2026-000491,2026-05-23,https://certificates.edunovaai.com/EDU2026-000491.pdf
492,92,EDU2026-000492,2026-06-29,https://certificates.edunovaai.com/EDU2026-000492.pdf
493,93,EDU2026-000493,2026-11-25,https://certificates.edunovaai.com/EDU2026-000493.pdf
494,94,EDU2026-000494,2026-09-18,https://certificates.edunovaai.com/EDU2026-000494.pdf
495,95,EDU2026-000495,2026-07-24,https://certificates.edunovaai.com/EDU2026-000495.pdf
496,96,EDU2026-000496,2026-12-14,https://certificates.edunovaai.com/EDU2026-000496.pdf
497,97,EDU2026-000497,2026-10-02,https://certificates.edunovaai.com/EDU2026-000497.pdf
498,98,EDU2026-000498,2026-06-19,https://certificates.edunovaai.com/EDU2026-000498.pdf
499,99,EDU2026-000499,2026-01-15,https://certificates.edunovaai.com/EDU2026-000499.pdf
500,100,EDU2026-000500,2026-03-01,https://certificates.edunovaai.com/EDU2026-000500.pdf
501,1,EDU2026-000501,2026-05-14,https://certificates.edunovaai.com/EDU2026-000501.pdf
502,2,EDU2026-000502,2026-04-02,https://certificates.edunovaai.com/EDU2026-000502.pdf
503,3,EDU2026-000503,2026-10-25,https://certificates.edunovaai.com/EDU2026-000503.pdf
504,4,EDU2026-000504,2026-05-16,https://certificates.edunovaai.com/EDU2026-000504.pdf
505,5,EDU2026-000505,2026-01-20,https://certificates.edunovaai.com/EDU2026-000505.pdf
506,6,EDU2026-000506,2026-02-25,https://certificates.edunovaai.com/EDU2026-000506.pdf
507,7,EDU2026-000507,2026-11-02,https://certificates.edunovaai.com/EDU2026-000507.pdf
508,8,EDU2026-000508,2026-08-11,https://certificates.edunovaai.com/EDU2026-000508.pdf
509,9,EDU2026-000509,2026-06-26,https://certificates.edunovaai.com/EDU2026-000509.pdf
510,10,EDU2026-000510,2026-06-10,https://certificates.edunovaai.com/EDU2026-000510.pdf
511,11,EDU2026-000511,2026-08-12,https://certificates.edunovaai.com/EDU2026-000511.pdf
512,12,EDU2026-000512,2026-11-07,https://certificates.edunovaai.com/EDU2026-000512.pdf
513,13,EDU2026-000513,2026-09-19,https://certificates.edunovaai.com/EDU2026-000513.pdf
514,14,EDU2026-000514,2026-03-01,https://certificates.edunovaai.com/EDU2026-000514.pdf
515,15,EDU2026-000515,2026-07-17,https://certificates.edunovaai.com/EDU2026-000515.pdf
516,16,EDU2026-000516,2026-10-23,https://certificates.edunovaai.com/EDU2026-000516.pdf
517,17,EDU2026-000517,2026-04-08,https://certificates.edunovaai.com/EDU2026-000517.pdf
518,18,EDU2026-000518,2026-05-11,https://certificates.edunovaai.com/EDU2026-000518.pdf
519,19,EDU2026-000519,2026-01-23,https://certificates.edunovaai.com/EDU2026-000519.pdf
520,20,EDU2026-000520,2026-12-29,https://certificates.edunovaai.com/EDU2026-000520.pdf
521,21,EDU2026-000521,2026-08-12,https://certificates.edunovaai.com/EDU2026-000521.pdf
522,22,EDU2026-000522,2026-01-01,https://certificates.edunovaai.com/EDU2026-000522.pdf
523,23,EDU2026-000523,2026-09-24,https://certificates.edunovaai.com/EDU2026-000523.pdf
524,24,EDU2026-000524,2026-10-03,https://certificates.edunovaai.com/EDU2026-000524.pdf
525,25,EDU2026-000525,2026-12-18,https://certificates.edunovaai.com/EDU2026-000525.pdf
526,26,EDU2026-000526,2026-12-10,https://certificates.edunovaai.com/EDU2026-000526.pdf
527,27,EDU2026-000527,2026-04-11,https://certificates.edunovaai.com/EDU2026-000527.pdf
528,28,EDU2026-000528,2026-07-06,https://certificates.edunovaai.com/EDU2026-000528.pdf
529,29,EDU2026-000529,2026-08-09,https://certificates.edunovaai.com/EDU2026-000529.pdf
530,30,EDU2026-000530,2026-02-05,https://certificates.edunovaai.com/EDU2026-000530.pdf
531,31,EDU2026-000531,2026-12-07,https://certificates.edunovaai.com/EDU2026-000531.pdf
532,32,EDU2026-000532,2026-06-19,https://certificates.edunovaai.com/EDU2026-000532.pdf
533,33,EDU2026-000533,2026-11-16,https://certificates.edunovaai.com/EDU2026-000533.pdf
534,34,EDU2026-000534,2026-06-10,https://certificates.edunovaai.com/EDU2026-000534.pdf
535,35,EDU2026-000535,2026-12-06,https://certificates.edunovaai.com/EDU2026-000535.pdf
536,36,EDU2026-000536,2026-03-05,https://certificates.edunovaai.com/EDU2026-000536.pdf
537,37,EDU2026-000537,2026-06-03,https://certificates.edunovaai.com/EDU2026-000537.pdf
538,38,EDU2026-000538,2026-09-17,https://certificates.edunovaai.com/EDU2026-000538.pdf
539,39,EDU2026-000539,2026-06-08,https://certificates.edunovaai.com/EDU2026-000539.pdf
540,40,EDU2026-000540,2026-12-08,https://certificates.edunovaai.com/EDU2026-000540.pdf
541,41,EDU2026-000541,2026-07-29,https://certificates.edunovaai.com/EDU2026-000541.pdf
542,42,EDU2026-000542,2026-06-17,https://certificates.edunovaai.com/EDU2026-000542.pdf
543,43,EDU2026-000543,2026-07-26,https://certificates.edunovaai.com/EDU2026-000543.pdf
544,44,EDU2026-000544,2026-12-23,https://certificates.edunovaai.com/EDU2026-000544.pdf
545,45,EDU2026-000545,2026-06-01,https://certificates.edunovaai.com/EDU2026-000545.pdf
546,46,EDU2026-000546,2026-10-11,https://certificates.edunovaai.com/EDU2026-000546.pdf
547,47,EDU2026-000547,2026-03-07,https://certificates.edunovaai.com/EDU2026-000547.pdf
548,48,EDU2026-000548,2026-04-09,https://certificates.edunovaai.com/EDU2026-000548.pdf
549,49,EDU2026-000549,2026-08-04,https://certificates.edunovaai.com/EDU2026-000549.pdf
550,50,EDU2026-000550,2026-12-07,https://certificates.edunovaai.com/EDU2026-000550.pdf
551,51,EDU2026-000551,2026-07-14,https://certificates.edunovaai.com/EDU2026-000551.pdf
552,52,EDU2026-000552,2026-12-13,https://certificates.edunovaai.com/EDU2026-000552.pdf
553,53,EDU2026-000553,2026-03-31,https://certificates.edunovaai.com/EDU2026-000553.pdf
554,54,EDU2026-000554,2026-11-12,https://certificates.edunovaai.com/EDU2026-000554.pdf
555,55,EDU2026-000555,2026-10-19,https://certificates.edunovaai.com/EDU2026-000555.pdf
556,56,EDU2026-000556,2026-06-04,https://certificates.edunovaai.com/EDU2026-000556.pdf
557,57,EDU2026-000557,2026-07-27,https://certificates.edunovaai.com/EDU2026-000557.pdf
558,58,EDU2026-000558,2026-10-08,https://certificates.edunovaai.com/EDU2026-000558.pdf
559,59,EDU2026-000559,2026-01-01,https://certificates.edunovaai.com/EDU2026-000559.pdf
560,60,EDU2026-000560,2026-06-05,https://certificates.edunovaai.com/EDU2026-000560.pdf
561,61,EDU2026-000561,2026-05-27,https://certificates.edunovaai.com/EDU2026-000561.pdf
562,62,EDU2026-000562,2026-04-18,https://certificates.edunovaai.com/EDU2026-000562.pdf
563,63,EDU2026-000563,2026-08-09,https://certificates.edunovaai.com/EDU2026-000563.pdf
564,64,EDU2026-000564,2026-10-24,https://certificates.edunovaai.com/EDU2026-000564.pdf
565,65,EDU2026-000565,2026-11-07,https://certificates.edunovaai.com/EDU2026-000565.pdf
566,66,EDU2026-000566,2026-12-02,https://certificates.edunovaai.com/EDU2026-000566.pdf
567,67,EDU2026-000567,2026-06-14,https://certificates.edunovaai.com/EDU2026-000567.pdf
568,68,EDU2026-000568,2026-08-27,https://certificates.edunovaai.com/EDU2026-000568.pdf
569,69,EDU2026-000569,2026-08-15,https://certificates.edunovaai.com/EDU2026-000569.pdf
570,70,EDU2026-000570,2026-08-15,https://certificates.edunovaai.com/EDU2026-000570.pdf
571,71,EDU2026-000571,2026-12-12,https://certificates.edunovaai.com/EDU2026-000571.pdf
572,72,EDU2026-000572,2026-04-20,https://certificates.edunovaai.com/EDU2026-000572.pdf
573,73,EDU2026-000573,2026-09-19,https://certificates.edunovaai.com/EDU2026-000573.pdf
574,74,EDU2026-000574,2026-08-31,https://certificates.edunovaai.com/EDU2026-000574.pdf
575,75,EDU2026-000575,2026-03-28,https://certificates.edunovaai.com/EDU2026-000575.pdf
576,76,EDU2026-000576,2026-12-04,https://certificates.edunovaai.com/EDU2026-000576.pdf
577,77,EDU2026-000577,2026-02-13,https://certificates.edunovaai.com/EDU2026-000577.pdf
578,78,EDU2026-000578,2026-05-26,https://certificates.edunovaai.com/EDU2026-000578.pdf
579,79,EDU2026-000579,2026-09-21,https://certificates.edunovaai.com/EDU2026-000579.pdf
580,80,EDU2026-000580,2026-12-06,https://certificates.edunovaai.com/EDU2026-000580.pdf
581,81,EDU2026-000581,2026-11-21,https://certificates.edunovaai.com/EDU2026-000581.pdf
582,82,EDU2026-000582,2026-11-14,https://certificates.edunovaai.com/EDU2026-000582.pdf
583,83,EDU2026-000583,2026-06-21,https://certificates.edunovaai.com/EDU2026-000583.pdf
584,84,EDU2026-000584,2026-02-17,https://certificates.edunovaai.com/EDU2026-000584.pdf
585,85,EDU2026-000585,2026-05-01,https://certificates.edunovaai.com/EDU2026-000585.pdf
586,86,EDU2026-000586,2026-12-11,https://certificates.edunovaai.com/EDU2026-000586.pdf
587,87,EDU2026-000587,2026-06-08,https://certificates.edunovaai.com/EDU2026-000587.pdf
588,88,EDU2026-000588,2026-04-26,https://certificates.edunovaai.com/EDU2026-000588.pdf
589,89,EDU2026-000589,2026-04-12,https://certificates.edunovaai.com/EDU2026-000589.pdf
590,90,EDU2026-000590,2026-03-17,https://certificates.edunovaai.com/EDU2026-000590.pdf
591,91,EDU2026-000591,2026-01-13,https://certificates.edunovaai.com/EDU2026-000591.pdf
592,92,EDU2026-000592,2026-01-24,https://certificates.edunovaai.com/EDU2026-000592.pdf
593,93,EDU2026-000593,2026-05-06,https://certificates.edunovaai.com/EDU2026-000593.pdf
594,94,EDU2026-000594,2026-09-01,https://certificates.edunovaai.com/EDU2026-000594.pdf
595,95,EDU2026-000595,2026-11-09,https://certificates.edunovaai.com/EDU2026-000595.pdf
596,96,EDU2026-000596,2026-02-07,https://certificates.edunovaai.com/EDU2026-000596.pdf
597,97,EDU2026-000597,2026-08-22,https://certificates.edunovaai.com/EDU2026-000597.pdf
598,98,EDU2026-000598,2026-08-01,https://certificates.edunovaai.com/EDU2026-000598.pdf
599,99,EDU2026-000599,2026-11-19,https://certificates.edunovaai.com/EDU2026-000599.pdf
600,100,EDU2026-000600,2026-10-22,https://certificates.edunovaai.com/EDU2026-000600.pdf
601,1,EDU2026-000601,2026-04-10,https://certificates.edunovaai.com/EDU2026-000601.pdf
602,2,EDU2026-000602,2026-12-23,https://certificates.edunovaai.com/EDU2026-000602.pdf
603,3,EDU2026-000603,2026-07-16,https://certificates.edunovaai.com/EDU2026-000603.pdf
604,4,EDU2026-000604,2026-09-11,https://certificates.edunovaai.com/EDU2026-000604.pdf
605,5,EDU2026-000605,2026-07-24,https://certificates.edunovaai.com/EDU2026-000605.pdf
606,6,EDU2026-000606,2026-05-05,https://certificates.edunovaai.com/EDU2026-000606.pdf
607,7,EDU2026-000607,2026-03-17,https://certificates.edunovaai.com/EDU2026-000607.pdf
608,8,EDU2026-000608,2026-12-02,https://certificates.edunovaai.com/EDU2026-000608.pdf
609,9,EDU2026-000609,2026-12-19,https://certificates.edunovaai.com/EDU2026-000609.pdf
610,10,EDU2026-000610,2026-01-03,https://certificates.edunovaai.com/EDU2026-000610.pdf
611,11,EDU2026-000611,2026-02-24,https://certificates.edunovaai.com/EDU2026-000611.pdf
612,12,EDU2026-000612,2026-08-06,https://certificates.edunovaai.com/EDU2026-000612.pdf
613,13,EDU2026-000613,2026-04-23,https://certificates.edunovaai.com/EDU2026-000613.pdf
614,14,EDU2026-000614,2026-04-01,https://certificates.edunovaai.com/EDU2026-000614.pdf
615,15,EDU2026-000615,2026-12-23,https://certificates.edunovaai.com/EDU2026-000615.pdf
616,16,EDU2026-000616,2026-09-23,https://certificates.edunovaai.com/EDU2026-000616.pdf
617,17,EDU2026-000617,2026-08-26,https://certificates.edunovaai.com/EDU2026-000617.pdf
618,18,EDU2026-000618,2026-01-26,https://certificates.edunovaai.com/EDU2026-000618.pdf
619,19,EDU2026-000619,2026-10-13,https://certificates.edunovaai.com/EDU2026-000619.pdf
620,20,EDU2026-000620,2026-05-08,https://certificates.edunovaai.com/EDU2026-000620.pdf
621,21,EDU2026-000621,2026-03-04,https://certificates.edunovaai.com/EDU2026-000621.pdf
622,22,EDU2026-000622,2026-08-22,https://certificates.edunovaai.com/EDU2026-000622.pdf
623,23,EDU2026-000623,2026-03-10,https://certificates.edunovaai.com/EDU2026-000623.pdf
624,24,EDU2026-000624,2026-08-26,https://certificates.edunovaai.com/EDU2026-000624.pdf
625,25,EDU2026-000625,2026-12-08,https://certificates.edunovaai.com/EDU2026-000625.pdf
626,26,EDU2026-000626,2026-09-29,https://certificates.edunovaai.com/EDU2026-000626.pdf
627,27,EDU2026-000627,2026-10-14,https://certificates.edunovaai.com/EDU2026-000627.pdf
628,28,EDU2026-000628,2026-11-01,https://certificates.edunovaai.com/EDU2026-000628.pdf
629,29,EDU2026-000629,2026-06-12,https://certificates.edunovaai.com/EDU2026-000629.pdf
630,30,EDU2026-000630,2026-08-15,https://certificates.edunovaai.com/EDU2026-000630.pdf
631,31,EDU2026-000631,2026-11-10,https://certificates.edunovaai.com/EDU2026-000631.pdf
632,32,EDU2026-000632,2026-09-16,https://certificates.edunovaai.com/EDU2026-000632.pdf
633,33,EDU2026-000633,2026-08-07,https://certificates.edunovaai.com/EDU2026-000633.pdf
634,34,EDU2026-000634,2026-10-08,https://certificates.edunovaai.com/EDU2026-000634.pdf
635,35,EDU2026-000635,2026-08-17,https://certificates.edunovaai.com/EDU2026-000635.pdf
636,36,EDU2026-000636,2026-03-23,https://certificates.edunovaai.com/EDU2026-000636.pdf
637,37,EDU2026-000637,2026-09-01,https://certificates.edunovaai.com/EDU2026-000637.pdf
638,38,EDU2026-000638,2026-08-19,https://certificates.edunovaai.com/EDU2026-000638.pdf
639,39,EDU2026-000639,2026-05-13,https://certificates.edunovaai.com/EDU2026-000639.pdf
640,40,EDU2026-000640,2026-05-07,https://certificates.edunovaai.com/EDU2026-000640.pdf
641,41,EDU2026-000641,2026-11-23,https://certificates.edunovaai.com/EDU2026-000641.pdf
642,42,EDU2026-000642,2026-05-22,https://certificates.edunovaai.com/EDU2026-000642.pdf
643,43,EDU2026-000643,2026-09-24,https://certificates.edunovaai.com/EDU2026-000643.pdf
644,44,EDU2026-000644,2026-09-06,https://certificates.edunovaai.com/EDU2026-000644.pdf
645,45,EDU2026-000645,2026-11-17,https://certificates.edunovaai.com/EDU2026-000645.pdf
646,46,EDU2026-000646,2026-05-03,https://certificates.edunovaai.com/EDU2026-000646.pdf
647,47,EDU2026-000647,2026-05-21,https://certificates.edunovaai.com/EDU2026-000647.pdf
648,48,EDU2026-000648,2026-08-14,https://certificates.edunovaai.com/EDU2026-000648.pdf
649,49,EDU2026-000649,2026-02-09,https://certificates.edunovaai.com/EDU2026-000649.pdf
650,50,EDU2026-000650,2027-01-01,https://certificates.edunovaai.com/EDU2026-000650.pdf
651,51,EDU2026-000651,2026-05-27,https://certificates.edunovaai.com/EDU2026-000651.pdf
652,52,EDU2026-000652,2026-05-01,https://certificates.edunovaai.com/EDU2026-000652.pdf
653,53,EDU2026-000653,2026-05-20,https://certificates.edunovaai.com/EDU2026-000653.pdf
654,54,EDU2026-000654,2026-06-21,https://certificates.edunovaai.com/EDU2026-000654.pdf
655,55,EDU2026-000655,2026-06-13,https://certificates.edunovaai.com/EDU2026-000655.pdf
656,56,EDU2026-000656,2026-10-04,https://certificates.edunovaai.com/EDU2026-000656.pdf
657,57,EDU2026-000657,2026-02-11,https://certificates.edunovaai.com/EDU2026-000657.pdf
658,58,EDU2026-000658,2026-03-12,https://certificates.edunovaai.com/EDU2026-000658.pdf
659,59,EDU2026-000659,2026-03-19,https://certificates.edunovaai.com/EDU2026-000659.pdf
660,60,EDU2026-000660,2026-04-29,https://certificates.edunovaai.com/EDU2026-000660.pdf
661,61,EDU2026-000661,2026-07-16,https://certificates.edunovaai.com/EDU2026-000661.pdf
662,62,EDU2026-000662,2026-12-22,https://certificates.edunovaai.com/EDU2026-000662.pdf
663,63,EDU2026-000663,2026-03-20,https://certificates.edunovaai.com/EDU2026-000663.pdf
664,64,EDU2026-000664,2026-12-28,https://certificates.edunovaai.com/EDU2026-000664.pdf
665,65,EDU2026-000665,2026-04-20,https://certificates.edunovaai.com/EDU2026-000665.pdf
666,66,EDU2026-000666,2026-02-02,https://certificates.edunovaai.com/EDU2026-000666.pdf
667,67,EDU2026-000667,2026-08-01,https://certificates.edunovaai.com/EDU2026-000667.pdf
668,68,EDU2026-000668,2026-07-28,https://certificates.edunovaai.com/EDU2026-000668.pdf
669,69,EDU2026-000669,2026-06-19,https://certificates.edunovaai.com/EDU2026-000669.pdf
670,70,EDU2026-000670,2026-10-05,https://certificates.edunovaai.com/EDU2026-000670.pdf
671,71,EDU2026-000671,2026-08-27,https://certificates.edunovaai.com/EDU2026-000671.pdf
672,72,EDU2026-000672,2026-08-01,https://certificates.edunovaai.com/EDU2026-000672.pdf
673,73,EDU2026-000673,2026-02-01,https://certificates.edunovaai.com/EDU2026-000673.pdf
674,74,EDU2026-000674,2026-04-16,https://certificates.edunovaai.com/EDU2026-000674.pdf
675,75,EDU2026-000675,2026-08-04,https://certificates.edunovaai.com/EDU2026-000675.pdf
676,76,EDU2026-000676,2026-07-19,https://certificates.edunovaai.com/EDU2026-000676.pdf
677,77,EDU2026-000677,2026-10-27,https://certificates.edunovaai.com/EDU2026-000677.pdf
678,78,EDU2026-000678,2026-12-23,https://certificates.edunovaai.com/EDU2026-000678.pdf
679,79,EDU2026-000679,2026-01-11,https://certificates.edunovaai.com/EDU2026-000679.pdf
680,80,EDU2026-000680,2026-10-22,https://certificates.edunovaai.com/EDU2026-000680.pdf
681,81,EDU2026-000681,2026-07-14,https://certificates.edunovaai.com/EDU2026-000681.pdf
682,82,EDU2026-000682,2026-09-02,https://certificates.edunovaai.com/EDU2026-000682.pdf
683,83,EDU2026-000683,2026-01-04,https://certificates.edunovaai.com/EDU2026-000683.pdf
684,84,EDU2026-000684,2026-06-30,https://certificates.edunovaai.com/EDU2026-000684.pdf
685,85,EDU2026-000685,2026-06-02,https://certificates.edunovaai.com/EDU2026-000685.pdf
686,86,EDU2026-000686,2026-07-19,https://certificates.edunovaai.com/EDU2026-000686.pdf
687,87,EDU2026-000687,2026-08-03,https://certificates.edunovaai.com/EDU2026-000687.pdf
688,88,EDU2026-000688,2026-10-03,https://certificates.edunovaai.com/EDU2026-000688.pdf
689,89,EDU2026-000689,2026-10-07,https://certificates.edunovaai.com/EDU2026-000689.pdf
690,90,EDU2026-000690,2026-11-05,https://certificates.edunovaai.com/EDU2026-000690.pdf
691,91,EDU2026-000691,2026-04-23,https://certificates.edunovaai.com/EDU2026-000691.pdf
692,92,EDU2026-000692,2026-09-07,https://certificates.edunovaai.com/EDU2026-000692.pdf
693,93,EDU2026-000693,2026-04-23,https://certificates.edunovaai.com/EDU2026-000693.pdf
694,94,EDU2026-000694,2026-05-20,https://certificates.edunovaai.com/EDU2026-000694.pdf
695,95,EDU2026-000695,2026-08-12,https://certificates.edunovaai.com/EDU2026-000695.pdf
696,96,EDU2026-000696,2026-09-06,https://certificates.edunovaai.com/EDU2026-000696.pdf
697,97,EDU2026-000697,2026-01-15,https://certificates.edunovaai.com/EDU2026-000697.pdf
698,98,EDU2026-000698,2026-07-19,https://certificates.edunovaai.com/EDU2026-000698.pdf
699,99,EDU2026-000699,2026-06-22,https://certificates.edunovaai.com/EDU2026-000699.pdf
700,100,EDU2026-000700,2026-12-09,https://certificates.edunovaai.com/EDU2026-000700.pdf
701,1,EDU2026-000701,2026-12-14,https://certificates.edunovaai.com/EDU2026-000701.pdf
702,2,EDU2026-000702,2026-07-27,https://certificates.edunovaai.com/EDU2026-000702.pdf
703,3,EDU2026-000703,2026-03-26,https://certificates.edunovaai.com/EDU2026-000703.pdf
704,4,EDU2026-000704,2026-08-28,https://certificates.edunovaai.com/EDU2026-000704.pdf
705,5,EDU2026-000705,2026-03-07,https://certificates.edunovaai.com/EDU2026-000705.pdf
706,6,EDU2026-000706,2026-11-15,https://certificates.edunovaai.com/EDU2026-000706.pdf
707,7,EDU2026-000707,2026-10-01,https://certificates.edunovaai.com/EDU2026-000707.pdf
708,8,EDU2026-000708,2026-01-14,https://certificates.edunovaai.com/EDU2026-000708.pdf
709,9,EDU2026-000709,2026-07-21,https://certificates.edunovaai.com/EDU2026-000709.pdf
710,10,EDU2026-000710,2026-10-31,https://certificates.edunovaai.com/EDU2026-000710.pdf
711,11,EDU2026-000711,2026-10-16,https://certificates.edunovaai.com/EDU2026-000711.pdf
712,12,EDU2026-000712,2026-12-06,https://certificates.edunovaai.com/EDU2026-000712.pdf
713,13,EDU2026-000713,2026-01-14,https://certificates.edunovaai.com/EDU2026-000713.pdf
714,14,EDU2026-000714,2026-02-12,https://certificates.edunovaai.com/EDU2026-000714.pdf
715,15,EDU2026-000715,2026-11-26,https://certificates.edunovaai.com/EDU2026-000715.pdf
716,16,EDU2026-000716,2026-08-08,https://certificates.edunovaai.com/EDU2026-000716.pdf
717,17,EDU2026-000717,2026-03-11,https://certificates.edunovaai.com/EDU2026-000717.pdf
718,18,EDU2026-000718,2026-08-25,https://certificates.edunovaai.com/EDU2026-000718.pdf
719,19,EDU2026-000719,2026-04-04,https://certificates.edunovaai.com/EDU2026-000719.pdf
720,20,EDU2026-000720,2026-01-26,https://certificates.edunovaai.com/EDU2026-000720.pdf
721,21,EDU2026-000721,2026-05-14,https://certificates.edunovaai.com/EDU2026-000721.pdf
722,22,EDU2026-000722,2026-07-14,https://certificates.edunovaai.com/EDU2026-000722.pdf
723,23,EDU2026-000723,2026-06-17,https://certificates.edunovaai.com/EDU2026-000723.pdf
724,24,EDU2026-000724,2026-04-19,https://certificates.edunovaai.com/EDU2026-000724.pdf
725,25,EDU2026-000725,2026-08-21,https://certificates.edunovaai.com/EDU2026-000725.pdf
726,26,EDU2026-000726,2026-06-17,https://certificates.edunovaai.com/EDU2026-000726.pdf
727,27,EDU2026-000727,2026-06-22,https://certificates.edunovaai.com/EDU2026-000727.pdf
728,28,EDU2026-000728,2026-07-14,https://certificates.edunovaai.com/EDU2026-000728.pdf
729,29,EDU2026-000729,2026-05-23,https://certificates.edunovaai.com/EDU2026-000729.pdf
730,30,EDU2026-000730,2026-08-04,https://certificates.edunovaai.com/EDU2026-000730.pdf
731,31,EDU2026-000731,2026-05-10,https://certificates.edunovaai.com/EDU2026-000731.pdf
732,32,EDU2026-000732,2026-02-11,https://certificates.edunovaai.com/EDU2026-000732.pdf
733,33,EDU2026-000733,2026-08-29,https://certificates.edunovaai.com/EDU2026-000733.pdf
734,34,EDU2026-000734,2026-01-10,https://certificates.edunovaai.com/EDU2026-000734.pdf
735,35,EDU2026-000735,2026-10-04,https://certificates.edunovaai.com/EDU2026-000735.pdf
736,36,EDU2026-000736,2026-01-27,https://certificates.edunovaai.com/EDU2026-000736.pdf
737,37,EDU2026-000737,2026-06-29,https://certificates.edunovaai.com/EDU2026-000737.pdf
738,38,EDU2026-000738,2026-04-25,https://certificates.edunovaai.com/EDU2026-000738.pdf
739,39,EDU2026-000739,2026-11-29,https://certificates.edunovaai.com/EDU2026-000739.pdf
740,40,EDU2026-000740,2026-02-05,https://certificates.edunovaai.com/EDU2026-000740.pdf
741,41,EDU2026-000741,2026-11-30,https://certificates.edunovaai.com/EDU2026-000741.pdf
742,42,EDU2026-000742,2026-01-21,https://certificates.edunovaai.com/EDU2026-000742.pdf
743,43,EDU2026-000743,2026-01-16,https://certificates.edunovaai.com/EDU2026-000743.pdf
744,44,EDU2026-000744,2026-05-07,https://certificates.edunovaai.com/EDU2026-000744.pdf
745,45,EDU2026-000745,2026-04-13,https://certificates.edunovaai.com/EDU2026-000745.pdf
746,46,EDU2026-000746,2026-01-11,https://certificates.edunovaai.com/EDU2026-000746.pdf
747,47,EDU2026-000747,2026-11-15,https://certificates.edunovaai.com/EDU2026-000747.pdf
748,48,EDU2026-000748,2026-03-20,https://certificates.edunovaai.com/EDU2026-000748.pdf
749,49,EDU2026-000749,2026-05-03,https://certificates.edunovaai.com/EDU2026-000749.pdf
750,50,EDU2026-000750,2026-03-06,https://certificates.edunovaai.com/EDU2026-000750.pdf
751,51,EDU2026-000751,2026-08-31,https://certificates.edunovaai.com/EDU2026-000751.pdf
752,52,EDU2026-000752,2026-12-09,https://certificates.edunovaai.com/EDU2026-000752.pdf
753,53,EDU2026-000753,2026-02-28,https://certificates.edunovaai.com/EDU2026-000753.pdf
754,54,EDU2026-000754,2026-10-16,https://certificates.edunovaai.com/EDU2026-000754.pdf
755,55,EDU2026-000755,2026-04-22,https://certificates.edunovaai.com/EDU2026-000755.pdf
756,56,EDU2026-000756,2026-08-27,https://certificates.edunovaai.com/EDU2026-000756.pdf
757,57,EDU2026-000757,2026-12-25,https://certificates.edunovaai.com/EDU2026-000757.pdf
758,58,EDU2026-000758,2026-05-12,https://certificates.edunovaai.com/EDU2026-000758.pdf
759,59,EDU2026-000759,2026-07-08,https://certificates.edunovaai.com/EDU2026-000759.pdf
760,60,EDU2026-000760,2026-03-27,https://certificates.edunovaai.com/EDU2026-000760.pdf
761,61,EDU2026-000761,2026-11-07,https://certificates.edunovaai.com/EDU2026-000761.pdf
762,62,EDU2026-000762,2026-11-07,https://certificates.edunovaai.com/EDU2026-000762.pdf
763,63,EDU2026-000763,2026-02-28,https://certificates.edunovaai.com/EDU2026-000763.pdf
764,64,EDU2026-000764,2026-03-25,https://certificates.edunovaai.com/EDU2026-000764.pdf
765,65,EDU2026-000765,2026-06-09,https://certificates.edunovaai.com/EDU2026-000765.pdf
766,66,EDU2026-000766,2026-02-25,https://certificates.edunovaai.com/EDU2026-000766.pdf
767,67,EDU2026-000767,2026-10-24,https://certificates.edunovaai.com/EDU2026-000767.pdf
768,68,EDU2026-000768,2026-01-14,https://certificates.edunovaai.com/EDU2026-000768.pdf
769,69,EDU2026-000769,2026-06-09,https://certificates.edunovaai.com/EDU2026-000769.pdf
770,70,EDU2026-000770,2026-10-22,https://certificates.edunovaai.com/EDU2026-000770.pdf
771,71,EDU2026-000771,2026-12-13,https://certificates.edunovaai.com/EDU2026-000771.pdf
772,72,EDU2026-000772,2026-07-12,https://certificates.edunovaai.com/EDU2026-000772.pdf
773,73,EDU2026-000773,2026-07-23,https://certificates.edunovaai.com/EDU2026-000773.pdf
774,74,EDU2026-000774,2026-04-12,https://certificates.edunovaai.com/EDU2026-000774.pdf
775,75,EDU2026-000775,2026-02-08,https://certificates.edunovaai.com/EDU2026-000775.pdf
776,76,EDU2026-000776,2026-10-31,https://certificates.edunovaai.com/EDU2026-000776.pdf
777,77,EDU2026-000777,2026-12-20,https://certificates.edunovaai.com/EDU2026-000777.pdf
778,78,EDU2026-000778,2026-11-18,https://certificates.edunovaai.com/EDU2026-000778.pdf
779,79,EDU2026-000779,2026-05-05,https://certificates.edunovaai.com/EDU2026-000779.pdf
780,80,EDU2026-000780,2026-02-22,https://certificates.edunovaai.com/EDU2026-000780.pdf
781,81,EDU2026-000781,2026-12-23,https://certificates.edunovaai.com/EDU2026-000781.pdf
782,82,EDU2026-000782,2026-06-04,https://certificates.edunovaai.com/EDU2026-000782.pdf
783,83,EDU2026-000783,2026-12-17,https://certificates.edunovaai.com/EDU2026-000783.pdf
784,84,EDU2026-000784,2026-11-04,https://certificates.edunovaai.com/EDU2026-000784.pdf
785,85,EDU2026-000785,2026-03-03,https://certificates.edunovaai.com/EDU2026-000785.pdf
786,86,EDU2026-000786,2026-10-17,https://certificates.edunovaai.com/EDU2026-000786.pdf
787,87,EDU2026-000787,2026-01-22,https://certificates.edunovaai.com/EDU2026-000787.pdf
788,88,EDU2026-000788,2026-06-27,https://certificates.edunovaai.com/EDU2026-000788.pdf
789,89,EDU2026-000789,2026-09-30,https://certificates.edunovaai.com/EDU2026-000789.pdf
790,90,EDU2026-000790,2026-08-08,https://certificates.edunovaai.com/EDU2026-000790.pdf
791,91,EDU2026-000791,2026-12-05,https://certificates.edunovaai.com/EDU2026-000791.pdf
792,92,EDU2026-000792,2026-07-09,https://certificates.edunovaai.com/EDU2026-000792.pdf
793,93,EDU2026-000793,2026-02-05,https://certificates.edunovaai.com/EDU2026-000793.pdf
794,94,EDU2026-000794,2026-09-17,https://certificates.edunovaai.com/EDU2026-000794.pdf
795,95,EDU2026-000795,2026-11-28,https://certificates.edunovaai.com/EDU2026-000795.pdf
796,96,EDU2026-000796,2026-06-24,https://certificates.edunovaai.com/EDU2026-000796.pdf
797,97,EDU2026-000797,2026-01-07,https://certificates.edunovaai.com/EDU2026-000797.pdf
798,98,EDU2026-000798,2026-08-04,https://certificates.edunovaai.com/EDU2026-000798.pdf
799,99,EDU2026-000799,2026-09-08,https://certificates.edunovaai.com/EDU2026-000799.pdf
800,100,EDU2026-000800,2026-02-24,https://certificates.edunovaai.com/EDU2026-000800.pdf
801,1,EDU2026-000801,2026-08-10,https://certificates.edunovaai.com/EDU2026-000801.pdf
802,2,EDU2026-000802,2026-07-05,https://certificates.edunovaai.com/EDU2026-000802.pdf
803,3,EDU2026-000803,2026-11-22,https://certificates.edunovaai.com/EDU2026-000803.pdf
804,4,EDU2026-000804,2026-08-24,https://certificates.edunovaai.com/EDU2026-000804.pdf
805,5,EDU2026-000805,2026-12-29,https://certificates.edunovaai.com/EDU2026-000805.pdf
806,6,EDU2026-000806,2026-03-20,https://certificates.edunovaai.com/EDU2026-000806.pdf
807,7,EDU2026-000807,2026-08-11,https://certificates.edunovaai.com/EDU2026-000807.pdf
808,8,EDU2026-000808,2026-04-01,https://certificates.edunovaai.com/EDU2026-000808.pdf
809,9,EDU2026-000809,2026-09-25,https://certificates.edunovaai.com/EDU2026-000809.pdf
810,10,EDU2026-000810,2026-11-30,https://certificates.edunovaai.com/EDU2026-000810.pdf
811,11,EDU2026-000811,2026-05-19,https://certificates.edunovaai.com/EDU2026-000811.pdf
812,12,EDU2026-000812,2026-11-12,https://certificates.edunovaai.com/EDU2026-000812.pdf
813,13,EDU2026-000813,2026-10-03,https://certificates.edunovaai.com/EDU2026-000813.pdf
814,14,EDU2026-000814,2026-09-05,https://certificates.edunovaai.com/EDU2026-000814.pdf
815,15,EDU2026-000815,2026-08-27,https://certificates.edunovaai.com/EDU2026-000815.pdf
816,16,EDU2026-000816,2026-08-12,https://certificates.edunovaai.com/EDU2026-000816.pdf
817,17,EDU2026-000817,2026-10-31,https://certificates.edunovaai.com/EDU2026-000817.pdf
818,18,EDU2026-000818,2026-05-18,https://certificates.edunovaai.com/EDU2026-000818.pdf
819,19,EDU2026-000819,2026-06-15,https://certificates.edunovaai.com/EDU2026-000819.pdf
820,20,EDU2026-000820,2026-05-06,https://certificates.edunovaai.com/EDU2026-000820.pdf
821,21,EDU2026-000821,2026-02-14,https://certificates.edunovaai.com/EDU2026-000821.pdf
822,22,EDU2026-000822,2026-05-23,https://certificates.edunovaai.com/EDU2026-000822.pdf
823,23,EDU2026-000823,2026-08-19,https://certificates.edunovaai.com/EDU2026-000823.pdf
824,24,EDU2026-000824,2026-05-05,https://certificates.edunovaai.com/EDU2026-000824.pdf
825,25,EDU2026-000825,2026-08-26,https://certificates.edunovaai.com/EDU2026-000825.pdf
826,26,EDU2026-000826,2026-10-19,https://certificates.edunovaai.com/EDU2026-000826.pdf
827,27,EDU2026-000827,2026-11-09,https://certificates.edunovaai.com/EDU2026-000827.pdf
828,28,EDU2026-000828,2026-12-09,https://certificates.edunovaai.com/EDU2026-000828.pdf
829,29,EDU2026-000829,2026-07-14,https://certificates.edunovaai.com/EDU2026-000829.pdf
830,30,EDU2026-000830,2026-06-22,https://certificates.edunovaai.com/EDU2026-000830.pdf
831,31,EDU2026-000831,2026-01-15,https://certificates.edunovaai.com/EDU2026-000831.pdf
832,32,EDU2026-000832,2026-09-11,https://certificates.edunovaai.com/EDU2026-000832.pdf
833,33,EDU2026-000833,2026-06-16,https://certificates.edunovaai.com/EDU2026-000833.pdf
834,34,EDU2026-000834,2026-04-04,https://certificates.edunovaai.com/EDU2026-000834.pdf
835,35,EDU2026-000835,2026-09-07,https://certificates.edunovaai.com/EDU2026-000835.pdf
836,36,EDU2026-000836,2026-04-19,https://certificates.edunovaai.com/EDU2026-000836.pdf
837,37,EDU2026-000837,2026-07-01,https://certificates.edunovaai.com/EDU2026-000837.pdf
838,38,EDU2026-000838,2026-05-13,https://certificates.edunovaai.com/EDU2026-000838.pdf
839,39,EDU2026-000839,2026-06-24,https://certificates.edunovaai.com/EDU2026-000839.pdf
840,40,EDU2026-000840,2026-05-24,https://certificates.edunovaai.com/EDU2026-000840.pdf
841,41,EDU2026-000841,2026-11-02,https://certificates.edunovaai.com/EDU2026-000841.pdf
842,42,EDU2026-000842,2026-12-26,https://certificates.edunovaai.com/EDU2026-000842.pdf
843,43,EDU2026-000843,2026-05-22,https://certificates.edunovaai.com/EDU2026-000843.pdf
844,44,EDU2026-000844,2026-10-12,https://certificates.edunovaai.com/EDU2026-000844.pdf
845,45,EDU2026-000845,2026-01-06,https://certificates.edunovaai.com/EDU2026-000845.pdf
846,46,EDU2026-000846,2026-09-22,https://certificates.edunovaai.com/EDU2026-000846.pdf
847,47,EDU2026-000847,2026-04-08,https://certificates.edunovaai.com/EDU2026-000847.pdf
848,48,EDU2026-000848,2026-02-13,https://certificates.edunovaai.com/EDU2026-000848.pdf
849,49,EDU2026-000849,2026-05-04,https://certificates.edunovaai.com/EDU2026-000849.pdf
850,50,EDU2026-000850,2026-07-28,https://certificates.edunovaai.com/EDU2026-000850.pdf
851,51,EDU2026-000851,2026-09-08,https://certificates.edunovaai.com/EDU2026-000851.pdf
852,52,EDU2026-000852,2026-10-12,https://certificates.edunovaai.com/EDU2026-000852.pdf
853,53,EDU2026-000853,2026-05-04,https://certificates.edunovaai.com/EDU2026-000853.pdf
854,54,EDU2026-000854,2026-12-20,https://certificates.edunovaai.com/EDU2026-000854.pdf
855,55,EDU2026-000855,2026-09-01,https://certificates.edunovaai.com/EDU2026-000855.pdf
856,56,EDU2026-000856,2026-11-27,https://certificates.edunovaai.com/EDU2026-000856.pdf
857,57,EDU2026-000857,2026-12-31,https://certificates.edunovaai.com/EDU2026-000857.pdf
858,58,EDU2026-000858,2026-09-09,https://certificates.edunovaai.com/EDU2026-000858.pdf
859,59,EDU2026-000859,2026-08-18,https://certificates.edunovaai.com/EDU2026-000859.pdf
860,60,EDU2026-000860,2026-01-09,https://certificates.edunovaai.com/EDU2026-000860.pdf
861,61,EDU2026-000861,2026-02-17,https://certificates.edunovaai.com/EDU2026-000861.pdf
862,62,EDU2026-000862,2026-05-31,https://certificates.edunovaai.com/EDU2026-000862.pdf
863,63,EDU2026-000863,2026-04-24,https://certificates.edunovaai.com/EDU2026-000863.pdf
864,64,EDU2026-000864,2026-07-27,https://certificates.edunovaai.com/EDU2026-000864.pdf
865,65,EDU2026-000865,2026-12-21,https://certificates.edunovaai.com/EDU2026-000865.pdf
866,66,EDU2026-000866,2026-05-05,https://certificates.edunovaai.com/EDU2026-000866.pdf
867,67,EDU2026-000867,2026-06-06,https://certificates.edunovaai.com/EDU2026-000867.pdf
868,68,EDU2026-000868,2026-12-06,https://certificates.edunovaai.com/EDU2026-000868.pdf
869,69,EDU2026-000869,2026-10-25,https://certificates.edunovaai.com/EDU2026-000869.pdf
870,70,EDU2026-000870,2026-07-08,https://certificates.edunovaai.com/EDU2026-000870.pdf
871,71,EDU2026-000871,2026-08-31,https://certificates.edunovaai.com/EDU2026-000871.pdf
872,72,EDU2026-000872,2026-10-11,https://certificates.edunovaai.com/EDU2026-000872.pdf
873,73,EDU2026-000873,2026-09-29,https://certificates.edunovaai.com/EDU2026-000873.pdf
874,74,EDU2026-000874,2026-06-26,https://certificates.edunovaai.com/EDU2026-000874.pdf
875,75,EDU2026-000875,2026-08-06,https://certificates.edunovaai.com/EDU2026-000875.pdf
876,76,EDU2026-000876,2026-10-09,https://certificates.edunovaai.com/EDU2026-000876.pdf
877,77,EDU2026-000877,2026-06-19,https://certificates.edunovaai.com/EDU2026-000877.pdf
878,78,EDU2026-000878,2026-06-30,https://certificates.edunovaai.com/EDU2026-000878.pdf
879,79,EDU2026-000879,2026-12-26,https://certificates.edunovaai.com/EDU2026-000879.pdf
880,80,EDU2026-000880,2026-08-21,https://certificates.edunovaai.com/EDU2026-000880.pdf
881,81,EDU2026-000881,2026-05-19,https://certificates.edunovaai.com/EDU2026-000881.pdf
882,82,EDU2026-000882,2026-06-06,https://certificates.edunovaai.com/EDU2026-000882.pdf
883,83,EDU2026-000883,2026-05-09,https://certificates.edunovaai.com/EDU2026-000883.pdf
884,84,EDU2026-000884,2026-04-29,https://certificates.edunovaai.com/EDU2026-000884.pdf
885,85,EDU2026-000885,2026-03-03,https://certificates.edunovaai.com/EDU2026-000885.pdf
886,86,EDU2026-000886,2026-04-09,https://certificates.edunovaai.com/EDU2026-000886.pdf
887,87,EDU2026-000887,2026-06-11,https://certificates.edunovaai.com/EDU2026-000887.pdf
888,88,EDU2026-000888,2026-03-03,https://certificates.edunovaai.com/EDU2026-000888.pdf
889,89,EDU2026-000889,2026-10-02,https://certificates.edunovaai.com/EDU2026-000889.pdf
890,90,EDU2026-000890,2026-12-20,https://certificates.edunovaai.com/EDU2026-000890.pdf
891,91,EDU2026-000891,2026-04-05,https://certificates.edunovaai.com/EDU2026-000891.pdf
892,92,EDU2026-000892,2026-04-09,https://certificates.edunovaai.com/EDU2026-000892.pdf
893,93,EDU2026-000893,2026-04-21,https://certificates.edunovaai.com/EDU2026-000893.pdf
894,94,EDU2026-000894,2026-09-05,https://certificates.edunovaai.com/EDU2026-000894.pdf
895,95,EDU2026-000895,2026-05-22,https://certificates.edunovaai.com/EDU2026-000895.pdf
896,96,EDU2026-000896,2026-10-29,https://certificates.edunovaai.com/EDU2026-000896.pdf
897,97,EDU2026-000897,2026-09-26,https://certificates.edunovaai.com/EDU2026-000897.pdf
898,98,EDU2026-000898,2026-11-02,https://certificates.edunovaai.com/EDU2026-000898.pdf
899,99,EDU2026-000899,2026-05-25,https://certificates.edunovaai.com/EDU2026-000899.pdf
900,100,EDU2026-000900,2026-02-21,https://certificates.edunovaai.com/EDU2026-000900.pdf
901,1,EDU2026-000901,2026-04-10,https://certificates.edunovaai.com/EDU2026-000901.pdf
902,2,EDU2026-000902,2026-06-01,https://certificates.edunovaai.com/EDU2026-000902.pdf
903,3,EDU2026-000903,2026-04-27,https://certificates.edunovaai.com/EDU2026-000903.pdf
904,4,EDU2026-000904,2026-07-04,https://certificates.edunovaai.com/EDU2026-000904.pdf
905,5,EDU2026-000905,2026-04-02,https://certificates.edunovaai.com/EDU2026-000905.pdf
906,6,EDU2026-000906,2026-06-04,https://certificates.edunovaai.com/EDU2026-000906.pdf
907,7,EDU2026-000907,2026-01-08,https://certificates.edunovaai.com/EDU2026-000907.pdf
908,8,EDU2026-000908,2026-12-29,https://certificates.edunovaai.com/EDU2026-000908.pdf
909,9,EDU2026-000909,2026-10-01,https://certificates.edunovaai.com/EDU2026-000909.pdf
910,10,EDU2026-000910,2026-03-06,https://certificates.edunovaai.com/EDU2026-000910.pdf
911,11,EDU2026-000911,2026-05-21,https://certificates.edunovaai.com/EDU2026-000911.pdf
912,12,EDU2026-000912,2026-01-24,https://certificates.edunovaai.com/EDU2026-000912.pdf
913,13,EDU2026-000913,2026-01-28,https://certificates.edunovaai.com/EDU2026-000913.pdf
914,14,EDU2026-000914,2026-10-11,https://certificates.edunovaai.com/EDU2026-000914.pdf
915,15,EDU2026-000915,2026-05-30,https://certificates.edunovaai.com/EDU2026-000915.pdf
916,16,EDU2026-000916,2026-12-24,https://certificates.edunovaai.com/EDU2026-000916.pdf
917,17,EDU2026-000917,2026-03-06,https://certificates.edunovaai.com/EDU2026-000917.pdf
918,18,EDU2026-000918,2026-11-23,https://certificates.edunovaai.com/EDU2026-000918.pdf
919,19,EDU2026-000919,2026-09-09,https://certificates.edunovaai.com/EDU2026-000919.pdf
920,20,EDU2026-000920,2026-02-22,https://certificates.edunovaai.com/EDU2026-000920.pdf
921,21,EDU2026-000921,2026-01-07,https://certificates.edunovaai.com/EDU2026-000921.pdf
922,22,EDU2026-000922,2026-10-21,https://certificates.edunovaai.com/EDU2026-000922.pdf
923,23,EDU2026-000923,2026-05-26,https://certificates.edunovaai.com/EDU2026-000923.pdf
924,24,EDU2026-000924,2026-08-29,https://certificates.edunovaai.com/EDU2026-000924.pdf
925,25,EDU2026-000925,2026-09-03,https://certificates.edunovaai.com/EDU2026-000925.pdf
926,26,EDU2026-000926,2026-08-14,https://certificates.edunovaai.com/EDU2026-000926.pdf
927,27,EDU2026-000927,2026-06-24,https://certificates.edunovaai.com/EDU2026-000927.pdf
928,28,EDU2026-000928,2026-04-05,https://certificates.edunovaai.com/EDU2026-000928.pdf
929,29,EDU2026-000929,2026-01-27,https://certificates.edunovaai.com/EDU2026-000929.pdf
930,30,EDU2026-000930,2026-05-10,https://certificates.edunovaai.com/EDU2026-000930.pdf
931,31,EDU2026-000931,2026-09-02,https://certificates.edunovaai.com/EDU2026-000931.pdf
932,32,EDU2026-000932,2026-02-28,https://certificates.edunovaai.com/EDU2026-000932.pdf
933,33,EDU2026-000933,2026-02-03,https://certificates.edunovaai.com/EDU2026-000933.pdf
934,34,EDU2026-000934,2026-07-25,https://certificates.edunovaai.com/EDU2026-000934.pdf
935,35,EDU2026-000935,2026-09-09,https://certificates.edunovaai.com/EDU2026-000935.pdf
936,36,EDU2026-000936,2026-02-07,https://certificates.edunovaai.com/EDU2026-000936.pdf
937,37,EDU2026-000937,2026-10-23,https://certificates.edunovaai.com/EDU2026-000937.pdf
938,38,EDU2026-000938,2026-11-19,https://certificates.edunovaai.com/EDU2026-000938.pdf
939,39,EDU2026-000939,2026-12-18,https://certificates.edunovaai.com/EDU2026-000939.pdf
940,40,EDU2026-000940,2026-01-28,https://certificates.edunovaai.com/EDU2026-000940.pdf
941,41,EDU2026-000941,2026-03-19,https://certificates.edunovaai.com/EDU2026-000941.pdf
942,42,EDU2026-000942,2026-03-18,https://certificates.edunovaai.com/EDU2026-000942.pdf
943,43,EDU2026-000943,2026-10-16,https://certificates.edunovaai.com/EDU2026-000943.pdf
944,44,EDU2026-000944,2026-06-05,https://certificates.edunovaai.com/EDU2026-000944.pdf
945,45,EDU2026-000945,2026-02-13,https://certificates.edunovaai.com/EDU2026-000945.pdf
946,46,EDU2026-000946,2026-05-08,https://certificates.edunovaai.com/EDU2026-000946.pdf
947,47,EDU2026-000947,2026-03-02,https://certificates.edunovaai.com/EDU2026-000947.pdf
948,48,EDU2026-000948,2026-10-13,https://certificates.edunovaai.com/EDU2026-000948.pdf
949,49,EDU2026-000949,2026-08-02,https://certificates.edunovaai.com/EDU2026-000949.pdf
950,50,EDU2026-000950,2026-11-07,https://certificates.edunovaai.com/EDU2026-000950.pdf
951,51,EDU2026-000951,2026-11-02,https://certificates.edunovaai.com/EDU2026-000951.pdf
952,52,EDU2026-000952,2026-11-13,https://certificates.edunovaai.com/EDU2026-000952.pdf
953,53,EDU2026-000953,2026-04-26,https://certificates.edunovaai.com/EDU2026-000953.pdf
954,54,EDU2026-000954,2026-09-25,https://certificates.edunovaai.com/EDU2026-000954.pdf
955,55,EDU2026-000955,2026-07-14,https://certificates.edunovaai.com/EDU2026-000955.pdf
956,56,EDU2026-000956,2026-08-19,https://certificates.edunovaai.com/EDU2026-000956.pdf
957,57,EDU2026-000957,2026-08-15,https://certificates.edunovaai.com/EDU2026-000957.pdf
958,58,EDU2026-000958,2026-06-02,https://certificates.edunovaai.com/EDU2026-000958.pdf
959,59,EDU2026-000959,2026-10-29,https://certificates.edunovaai.com/EDU2026-000959.pdf
960,60,EDU2026-000960,2026-08-08,https://certificates.edunovaai.com/EDU2026-000960.pdf
961,61,EDU2026-000961,2026-06-06,https://certificates.edunovaai.com/EDU2026-000961.pdf
962,62,EDU2026-000962,2026-10-19,https://certificates.edunovaai.com/EDU2026-000962.pdf
963,63,EDU2026-000963,2026-11-14,https://certificates.edunovaai.com/EDU2026-000963.pdf
964,64,EDU2026-000964,2026-01-31,https://certificates.edunovaai.com/EDU2026-000964.pdf
965,65,EDU2026-000965,2026-11-09,https://certificates.edunovaai.com/EDU2026-000965.pdf
966,66,EDU2026-000966,2026-02-20,https://certificates.edunovaai.com/EDU2026-000966.pdf
967,67,EDU2026-000967,2026-04-17,https://certificates.edunovaai.com/EDU2026-000967.pdf
968,68,EDU2026-000968,2026-11-17,https://certificates.edunovaai.com/EDU2026-000968.pdf
969,69,EDU2026-000969,2026-04-19,https://certificates.edunovaai.com/EDU2026-000969.pdf
970,70,EDU2026-000970,2026-05-16,https://certificates.edunovaai.com/EDU2026-000970.pdf
971,71,EDU2026-000971,2026-12-05,https://certificates.edunovaai.com/EDU2026-000971.pdf
972,72,EDU2026-000972,2026-02-11,https://certificates.edunovaai.com/EDU2026-000972.pdf
973,73,EDU2026-000973,2026-03-22,https://certificates.edunovaai.com/EDU2026-000973.pdf
974,74,EDU2026-000974,2026-05-03,https://certificates.edunovaai.com/EDU2026-000974.pdf
975,75,EDU2026-000975,2026-03-30,https://certificates.edunovaai.com/EDU2026-000975.pdf
976,76,EDU2026-000976,2026-10-10,https://certificates.edunovaai.com/EDU2026-000976.pdf
977,77,EDU2026-000977,2026-02-08,https://certificates.edunovaai.com/EDU2026-000977.pdf
978,78,EDU2026-000978,2026-03-22,https://certificates.edunovaai.com/EDU2026-000978.pdf
979,79,EDU2026-000979,2026-01-02,https://certificates.edunovaai.com/EDU2026-000979.pdf
980,80,EDU2026-000980,2026-07-29,https://certificates.edunovaai.com/EDU2026-000980.pdf
981,81,EDU2026-000981,2026-08-19,https://certificates.edunovaai.com/EDU2026-000981.pdf
982,82,EDU2026-000982,2026-12-19,https://certificates.edunovaai.com/EDU2026-000982.pdf
983,83,EDU2026-000983,2026-11-01,https://certificates.edunovaai.com/EDU2026-000983.pdf
984,84,EDU2026-000984,2026-08-29,https://certificates.edunovaai.com/EDU2026-000984.pdf
985,85,EDU2026-000985,2026-05-30,https://certificates.edunovaai.com/EDU2026-000985.pdf
986,86,EDU2026-000986,2026-01-17,https://certificates.edunovaai.com/EDU2026-000986.pdf
987,87,EDU2026-000987,2026-04-29,https://certificates.edunovaai.com/EDU2026-000987.pdf
988,88,EDU2026-000988,2026-05-28,https://certificates.edunovaai.com/EDU2026-000988.pdf
989,89,EDU2026-000989,2026-12-28,https://certificates.edunovaai.com/EDU2026-000989.pdf
990,90,EDU2026-000990,2026-05-25,https://certificates.edunovaai.com/EDU2026-000990.pdf
991,91,EDU2026-000991,2026-12-26,https://certificates.edunovaai.com/EDU2026-000991.pdf
992,92,EDU2026-000992,2026-08-21,https://certificates.edunovaai.com/EDU2026-000992.pdf
993,93,EDU2026-000993,2026-02-06,https://certificates.edunovaai.com/EDU2026-000993.pdf
994,94,EDU2026-000994,2026-12-18,https://certificates.edunovaai.com/EDU2026-000994.pdf
995,95,EDU2026-000995,2026-04-30,https://certificates.edunovaai.com/EDU2026-000995.pdf
996,96,EDU2026-000996,2026-05-16,https://certificates.edunovaai.com/EDU2026-000996.pdf
997,97,EDU2026-000997,2026-11-17,https://certificates.edunovaai.com/EDU2026-000997.pdf
998,98,EDU2026-000998,2026-10-29,https://certificates.edunovaai.com/EDU2026-000998.pdf
999,99,EDU2026-000999,2026-12-05,https://certificates.edunovaai.com/EDU2026-000999.pdf
1000,100,EDU2026-001000,2026-04-12,https://certificates.edunovaai.com/EDU2026-001000.pdf
1,1,EDU2026-001001,2026-08-06,https://certificates.edunovaai.com/EDU2026-001001.pdf
2,2,EDU2026-001002,2026-02-28,https://certificates.edunovaai.com/EDU2026-001002.pdf
3,3,EDU2026-001003,2026-10-06,https://certificates.edunovaai.com/EDU2026-001003.pdf
4,4,EDU2026-001004,2026-04-26,https://certificates.edunovaai.com/EDU2026-001004.pdf
5,5,EDU2026-001005,2026-11-28,https://certificates.edunovaai.com/EDU2026-001005.pdf
6,6,EDU2026-001006,2026-03-18,https://certificates.edunovaai.com/EDU2026-001006.pdf
7,7,EDU2026-001007,2026-05-17,https://certificates.edunovaai.com/EDU2026-001007.pdf
8,8,EDU2026-001008,2026-03-14,https://certificates.edunovaai.com/EDU2026-001008.pdf
9,9,EDU2026-001009,2026-02-06,https://certificates.edunovaai.com/EDU2026-001009.pdf
10,10,EDU2026-001010,2026-01-31,https://certificates.edunovaai.com/EDU2026-001010.pdf
11,11,EDU2026-001011,2026-03-26,https://certificates.edunovaai.com/EDU2026-001011.pdf
12,12,EDU2026-001012,2026-06-07,https://certificates.edunovaai.com/EDU2026-001012.pdf
13,13,EDU2026-001013,2026-11-01,https://certificates.edunovaai.com/EDU2026-001013.pdf
14,14,EDU2026-001014,2026-10-19,https://certificates.edunovaai.com/EDU2026-001014.pdf
15,15,EDU2026-001015,2026-05-28,https://certificates.edunovaai.com/EDU2026-001015.pdf
16,16,EDU2026-001016,2026-08-13,https://certificates.edunovaai.com/EDU2026-001016.pdf
17,17,EDU2026-001017,2026-03-05,https://certificates.edunovaai.com/EDU2026-001017.pdf
18,18,EDU2026-001018,2026-08-28,https://certificates.edunovaai.com/EDU2026-001018.pdf
19,19,EDU2026-001019,2026-12-19,https://certificates.edunovaai.com/EDU2026-001019.pdf
20,20,EDU2026-001020,2026-06-05,https://certificates.edunovaai.com/EDU2026-001020.pdf
21,21,EDU2026-001021,2026-12-25,https://certificates.edunovaai.com/EDU2026-001021.pdf
22,22,EDU2026-001022,2026-07-26,https://certificates.edunovaai.com/EDU2026-001022.pdf
23,23,EDU2026-001023,2026-05-20,https://certificates.edunovaai.com/EDU2026-001023.pdf
24,24,EDU2026-001024,2026-09-14,https://certificates.edunovaai.com/EDU2026-001024.pdf
25,25,EDU2026-001025,2026-10-04,https://certificates.edunovaai.com/EDU2026-001025.pdf
26,26,EDU2026-001026,2026-09-10,https://certificates.edunovaai.com/EDU2026-001026.pdf
27,27,EDU2026-001027,2026-08-13,https://certificates.edunovaai.com/EDU2026-001027.pdf
28,28,EDU2026-001028,2026-02-11,https://certificates.edunovaai.com/EDU2026-001028.pdf
29,29,EDU2026-001029,2026-11-03,https://certificates.edunovaai.com/EDU2026-001029.pdf
30,30,EDU2026-001030,2026-01-21,https://certificates.edunovaai.com/EDU2026-001030.pdf
31,31,EDU2026-001031,2026-08-10,https://certificates.edunovaai.com/EDU2026-001031.pdf
32,32,EDU2026-001032,2026-06-15,https://certificates.edunovaai.com/EDU2026-001032.pdf
33,33,EDU2026-001033,2026-11-06,https://certificates.edunovaai.com/EDU2026-001033.pdf
34,34,EDU2026-001034,2026-05-09,https://certificates.edunovaai.com/EDU2026-001034.pdf
35,35,EDU2026-001035,2026-01-14,https://certificates.edunovaai.com/EDU2026-001035.pdf
36,36,EDU2026-001036,2026-02-16,https://certificates.edunovaai.com/EDU2026-001036.pdf
37,37,EDU2026-001037,2026-04-28,https://certificates.edunovaai.com/EDU2026-001037.pdf
38,38,EDU2026-001038,2026-12-12,https://certificates.edunovaai.com/EDU2026-001038.pdf
39,39,EDU2026-001039,2026-10-22,https://certificates.edunovaai.com/EDU2026-001039.pdf
40,40,EDU2026-001040,2026-10-28,https://certificates.edunovaai.com/EDU2026-001040.pdf
41,41,EDU2026-001041,2026-01-11,https://certificates.edunovaai.com/EDU2026-001041.pdf
42,42,EDU2026-001042,2026-12-11,https://certificates.edunovaai.com/EDU2026-001042.pdf
43,43,EDU2026-001043,2026-05-18,https://certificates.edunovaai.com/EDU2026-001043.pdf
44,44,EDU2026-001044,2026-10-23,https://certificates.edunovaai.com/EDU2026-001044.pdf
45,45,EDU2026-001045,2026-01-21,https://certificates.edunovaai.com/EDU2026-001045.pdf
46,46,EDU2026-001046,2026-03-31,https://certificates.edunovaai.com/EDU2026-001046.pdf
47,47,EDU2026-001047,2026-08-29,https://certificates.edunovaai.com/EDU2026-001047.pdf
48,48,EDU2026-001048,2026-09-23,https://certificates.edunovaai.com/EDU2026-001048.pdf
49,49,EDU2026-001049,2026-11-30,https://certificates.edunovaai.com/EDU2026-001049.pdf
50,50,EDU2026-001050,2026-08-15,https://certificates.edunovaai.com/EDU2026-001050.pdf
51,51,EDU2026-001051,2026-05-23,https://certificates.edunovaai.com/EDU2026-001051.pdf
52,52,EDU2026-001052,2026-04-03,https://certificates.edunovaai.com/EDU2026-001052.pdf
53,53,EDU2026-001053,2026-10-27,https://certificates.edunovaai.com/EDU2026-001053.pdf
54,54,EDU2026-001054,2026-08-12,https://certificates.edunovaai.com/EDU2026-001054.pdf
55,55,EDU2026-001055,2026-11-22,https://certificates.edunovaai.com/EDU2026-001055.pdf
56,56,EDU2026-001056,2026-09-09,https://certificates.edunovaai.com/EDU2026-001056.pdf
57,57,EDU2026-001057,2026-02-16,https://certificates.edunovaai.com/EDU2026-001057.pdf
58,58,EDU2026-001058,2026-08-29,https://certificates.edunovaai.com/EDU2026-001058.pdf
59,59,EDU2026-001059,2026-06-28,https://certificates.edunovaai.com/EDU2026-001059.pdf
60,60,EDU2026-001060,2026-07-29,https://certificates.edunovaai.com/EDU2026-001060.pdf
61,61,EDU2026-001061,2026-06-20,https://certificates.edunovaai.com/EDU2026-001061.pdf
62,62,EDU2026-001062,2026-06-14,https://certificates.edunovaai.com/EDU2026-001062.pdf
63,63,EDU2026-001063,2026-12-10,https://certificates.edunovaai.com/EDU2026-001063.pdf
64,64,EDU2026-001064,2026-02-23,https://certificates.edunovaai.com/EDU2026-001064.pdf
65,65,EDU2026-001065,2026-03-24,https://certificates.edunovaai.com/EDU2026-001065.pdf
66,66,EDU2026-001066,2026-06-18,https://certificates.edunovaai.com/EDU2026-001066.pdf
67,67,EDU2026-001067,2026-07-30,https://certificates.edunovaai.com/EDU2026-001067.pdf
68,68,EDU2026-001068,2026-12-22,https://certificates.edunovaai.com/EDU2026-001068.pdf
69,69,EDU2026-001069,2026-09-11,https://certificates.edunovaai.com/EDU2026-001069.pdf
70,70,EDU2026-001070,2026-05-28,https://certificates.edunovaai.com/EDU2026-001070.pdf
71,71,EDU2026-001071,2026-12-06,https://certificates.edunovaai.com/EDU2026-001071.pdf
72,72,EDU2026-001072,2026-07-25,https://certificates.edunovaai.com/EDU2026-001072.pdf
73,73,EDU2026-001073,2026-10-09,https://certificates.edunovaai.com/EDU2026-001073.pdf
74,74,EDU2026-001074,2026-01-19,https://certificates.edunovaai.com/EDU2026-001074.pdf
75,75,EDU2026-001075,2026-08-21,https://certificates.edunovaai.com/EDU2026-001075.pdf
76,76,EDU2026-001076,2026-02-15,https://certificates.edunovaai.com/EDU2026-001076.pdf
77,77,EDU2026-001077,2026-06-11,https://certificates.edunovaai.com/EDU2026-001077.pdf
78,78,EDU2026-001078,2026-05-10,https://certificates.edunovaai.com/EDU2026-001078.pdf
79,79,EDU2026-001079,2026-06-15,https://certificates.edunovaai.com/EDU2026-001079.pdf
80,80,EDU2026-001080,2026-03-01,https://certificates.edunovaai.com/EDU2026-001080.pdf
81,81,EDU2026-001081,2026-07-26,https://certificates.edunovaai.com/EDU2026-001081.pdf
82,82,EDU2026-001082,2026-09-21,https://certificates.edunovaai.com/EDU2026-001082.pdf
83,83,EDU2026-001083,2026-01-01,https://certificates.edunovaai.com/EDU2026-001083.pdf
84,84,EDU2026-001084,2026-12-03,https://certificates.edunovaai.com/EDU2026-001084.pdf
85,85,EDU2026-001085,2026-10-05,https://certificates.edunovaai.com/EDU2026-001085.pdf
86,86,EDU2026-001086,2026-08-25,https://certificates.edunovaai.com/EDU2026-001086.pdf
87,87,EDU2026-001087,2026-07-31,https://certificates.edunovaai.com/EDU2026-001087.pdf
88,88,EDU2026-001088,2026-01-28,https://certificates.edunovaai.com/EDU2026-001088.pdf
89,89,EDU2026-001089,2026-04-07,https://certificates.edunovaai.com/EDU2026-001089.pdf
90,90,EDU2026-001090,2026-09-23,https://certificates.edunovaai.com/EDU2026-001090.pdf
91,91,EDU2026-001091,2026-07-05,https://certificates.edunovaai.com/EDU2026-001091.pdf
92,92,EDU2026-001092,2026-11-15,https://certificates.edunovaai.com/EDU2026-001092.pdf
93,93,EDU2026-001093,2026-09-13,https://certificates.edunovaai.com/EDU2026-001093.pdf
94,94,EDU2026-001094,2026-11-17,https://certificates.edunovaai.com/EDU2026-001094.pdf
95,95,EDU2026-001095,2026-08-15,https://certificates.edunovaai.com/EDU2026-001095.pdf
96,96,EDU2026-001096,2026-01-27,https://certificates.edunovaai.com/EDU2026-001096.pdf
97,97,EDU2026-001097,2026-04-15,https://certificates.edunovaai.com/EDU2026-001097.pdf
98,98,EDU2026-001098,2026-05-17,https://certificates.edunovaai.com/EDU2026-001098.pdf
99,99,EDU2026-001099,2026-10-09,https://certificates.edunovaai.com/EDU2026-001099.pdf
100,100,EDU2026-001100,2026-03-09,https://certificates.edunovaai.com/EDU2026-001100.pdf
101,1,EDU2026-001101,2026-05-28,https://certificates.edunovaai.com/EDU2026-001101.pdf
102,2,EDU2026-001102,2026-08-13,https://certificates.edunovaai.com/EDU2026-001102.pdf
103,3,EDU2026-001103,2026-12-24,https://certificates.edunovaai.com/EDU2026-001103.pdf
104,4,EDU2026-001104,2026-09-06,https://certificates.edunovaai.com/EDU2026-001104.pdf
105,5,EDU2026-001105,2026-03-04,https://certificates.edunovaai.com/EDU2026-001105.pdf
106,6,EDU2026-001106,2026-01-15,https://certificates.edunovaai.com/EDU2026-001106.pdf
107,7,EDU2026-001107,2026-11-19,https://certificates.edunovaai.com/EDU2026-001107.pdf
108,8,EDU2026-001108,2026-11-08,https://certificates.edunovaai.com/EDU2026-001108.pdf
109,9,EDU2026-001109,2026-05-03,https://certificates.edunovaai.com/EDU2026-001109.pdf
110,10,EDU2026-001110,2026-12-30,https://certificates.edunovaai.com/EDU2026-001110.pdf
111,11,EDU2026-001111,2026-03-23,https://certificates.edunovaai.com/EDU2026-001111.pdf
112,12,EDU2026-001112,2026-06-09,https://certificates.edunovaai.com/EDU2026-001112.pdf
113,13,EDU2026-001113,2026-10-10,https://certificates.edunovaai.com/EDU2026-001113.pdf
114,14,EDU2026-001114,2026-01-08,https://certificates.edunovaai.com/EDU2026-001114.pdf
115,15,EDU2026-001115,2026-10-10,https://certificates.edunovaai.com/EDU2026-001115.pdf
116,16,EDU2026-001116,2026-07-28,https://certificates.edunovaai.com/EDU2026-001116.pdf
117,17,EDU2026-001117,2026-02-17,https://certificates.edunovaai.com/EDU2026-001117.pdf
118,18,EDU2026-001118,2026-04-26,https://certificates.edunovaai.com/EDU2026-001118.pdf
119,19,EDU2026-001119,2026-02-28,https://certificates.edunovaai.com/EDU2026-001119.pdf
120,20,EDU2026-001120,2026-08-25,https://certificates.edunovaai.com/EDU2026-001120.pdf
121,21,EDU2026-001121,2026-03-02,https://certificates.edunovaai.com/EDU2026-001121.pdf
122,22,EDU2026-001122,2026-11-28,https://certificates.edunovaai.com/EDU2026-001122.pdf
123,23,EDU2026-001123,2026-03-20,https://certificates.edunovaai.com/EDU2026-001123.pdf
124,24,EDU2026-001124,2026-09-13,https://certificates.edunovaai.com/EDU2026-001124.pdf
125,25,EDU2026-001125,2026-05-30,https://certificates.edunovaai.com/EDU2026-001125.pdf
126,26,EDU2026-001126,2026-09-18,https://certificates.edunovaai.com/EDU2026-001126.pdf
127,27,EDU2026-001127,2026-12-28,https://certificates.edunovaai.com/EDU2026-001127.pdf
128,28,EDU2026-001128,2026-05-20,https://certificates.edunovaai.com/EDU2026-001128.pdf
129,29,EDU2026-001129,2026-08-01,https://certificates.edunovaai.com/EDU2026-001129.pdf
130,30,EDU2026-001130,2026-09-05,https://certificates.edunovaai.com/EDU2026-001130.pdf
131,31,EDU2026-001131,2026-08-30,https://certificates.edunovaai.com/EDU2026-001131.pdf
132,32,EDU2026-001132,2026-05-05,https://certificates.edunovaai.com/EDU2026-001132.pdf
133,33,EDU2026-001133,2026-08-22,https://certificates.edunovaai.com/EDU2026-001133.pdf
134,34,EDU2026-001134,2026-10-10,https://certificates.edunovaai.com/EDU2026-001134.pdf
135,35,EDU2026-001135,2026-03-16,https://certificates.edunovaai.com/EDU2026-001135.pdf
136,36,EDU2026-001136,2026-07-16,https://certificates.edunovaai.com/EDU2026-001136.pdf
137,37,EDU2026-001137,2026-04-08,https://certificates.edunovaai.com/EDU2026-001137.pdf
138,38,EDU2026-001138,2026-11-03,https://certificates.edunovaai.com/EDU2026-001138.pdf
139,39,EDU2026-001139,2026-09-18,https://certificates.edunovaai.com/EDU2026-001139.pdf
140,40,EDU2026-001140,2026-03-11,https://certificates.edunovaai.com/EDU2026-001140.pdf
141,41,EDU2026-001141,2026-02-05,https://certificates.edunovaai.com/EDU2026-001141.pdf
142,42,EDU2026-001142,2026-05-22,https://certificates.edunovaai.com/EDU2026-001142.pdf
143,43,EDU2026-001143,2026-08-01,https://certificates.edunovaai.com/EDU2026-001143.pdf
144,44,EDU2026-001144,2026-06-24,https://certificates.edunovaai.com/EDU2026-001144.pdf
145,45,EDU2026-001145,2026-09-17,https://certificates.edunovaai.com/EDU2026-001145.pdf
146,46,EDU2026-001146,2026-05-17,https://certificates.edunovaai.com/EDU2026-001146.pdf
147,47,EDU2026-001147,2026-01-02,https://certificates.edunovaai.com/EDU2026-001147.pdf
148,48,EDU2026-001148,2026-05-25,https://certificates.edunovaai.com/EDU2026-001148.pdf
149,49,EDU2026-001149,2026-06-02,https://certificates.edunovaai.com/EDU2026-001149.pdf
150,50,EDU2026-001150,2026-10-28,https://certificates.edunovaai.com/EDU2026-001150.pdf
151,51,EDU2026-001151,2026-10-24,https://certificates.edunovaai.com/EDU2026-001151.pdf
152,52,EDU2026-001152,2026-12-04,https://certificates.edunovaai.com/EDU2026-001152.pdf
153,53,EDU2026-001153,2026-09-08,https://certificates.edunovaai.com/EDU2026-001153.pdf
154,54,EDU2026-001154,2026-03-18,https://certificates.edunovaai.com/EDU2026-001154.pdf
155,55,EDU2026-001155,2026-08-17,https://certificates.edunovaai.com/EDU2026-001155.pdf
156,56,EDU2026-001156,2026-10-03,https://certificates.edunovaai.com/EDU2026-001156.pdf
157,57,EDU2026-001157,2026-09-05,https://certificates.edunovaai.com/EDU2026-001157.pdf
158,58,EDU2026-001158,2026-06-26,https://certificates.edunovaai.com/EDU2026-001158.pdf
159,59,EDU2026-001159,2026-06-20,https://certificates.edunovaai.com/EDU2026-001159.pdf
160,60,EDU2026-001160,2026-10-10,https://certificates.edunovaai.com/EDU2026-001160.pdf
161,61,EDU2026-001161,2026-10-06,https://certificates.edunovaai.com/EDU2026-001161.pdf
162,62,EDU2026-001162,2026-07-13,https://certificates.edunovaai.com/EDU2026-001162.pdf
163,63,EDU2026-001163,2026-08-22,https://certificates.edunovaai.com/EDU2026-001163.pdf
164,64,EDU2026-001164,2026-06-14,https://certificates.edunovaai.com/EDU2026-001164.pdf
165,65,EDU2026-001165,2026-04-07,https://certificates.edunovaai.com/EDU2026-001165.pdf
166,66,EDU2026-001166,2026-12-24,https://certificates.edunovaai.com/EDU2026-001166.pdf
167,67,EDU2026-001167,2026-05-03,https://certificates.edunovaai.com/EDU2026-001167.pdf
168,68,EDU2026-001168,2026-10-20,https://certificates.edunovaai.com/EDU2026-001168.pdf
169,69,EDU2026-001169,2026-07-16,https://certificates.edunovaai.com/EDU2026-001169.pdf
170,70,EDU2026-001170,2026-04-30,https://certificates.edunovaai.com/EDU2026-001170.pdf
171,71,EDU2026-001171,2026-07-30,https://certificates.edunovaai.com/EDU2026-001171.pdf
172,72,EDU2026-001172,2026-01-23,https://certificates.edunovaai.com/EDU2026-001172.pdf
173,73,EDU2026-001173,2026-06-12,https://certificates.edunovaai.com/EDU2026-001173.pdf
174,74,EDU2026-001174,2026-08-31,https://certificates.edunovaai.com/EDU2026-001174.pdf
175,75,EDU2026-001175,2026-12-28,https://certificates.edunovaai.com/EDU2026-001175.pdf
176,76,EDU2026-001176,2026-07-15,https://certificates.edunovaai.com/EDU2026-001176.pdf
177,77,EDU2026-001177,2026-07-17,https://certificates.edunovaai.com/EDU2026-001177.pdf
178,78,EDU2026-001178,2026-12-06,https://certificates.edunovaai.com/EDU2026-001178.pdf
179,79,EDU2026-001179,2026-11-30,https://certificates.edunovaai.com/EDU2026-001179.pdf
180,80,EDU2026-001180,2026-03-19,https://certificates.edunovaai.com/EDU2026-001180.pdf
181,81,EDU2026-001181,2026-09-11,https://certificates.edunovaai.com/EDU2026-001181.pdf
182,82,EDU2026-001182,2026-01-19,https://certificates.edunovaai.com/EDU2026-001182.pdf
183,83,EDU2026-001183,2026-03-06,https://certificates.edunovaai.com/EDU2026-001183.pdf
184,84,EDU2026-001184,2026-09-15,https://certificates.edunovaai.com/EDU2026-001184.pdf
185,85,EDU2026-001185,2026-10-30,https://certificates.edunovaai.com/EDU2026-001185.pdf
186,86,EDU2026-001186,2026-06-19,https://certificates.edunovaai.com/EDU2026-001186.pdf
187,87,EDU2026-001187,2026-02-21,https://certificates.edunovaai.com/EDU2026-001187.pdf
188,88,EDU2026-001188,2026-08-14,https://certificates.edunovaai.com/EDU2026-001188.pdf
189,89,EDU2026-001189,2026-02-21,https://certificates.edunovaai.com/EDU2026-001189.pdf
190,90,EDU2026-001190,2026-09-27,https://certificates.edunovaai.com/EDU2026-001190.pdf
191,91,EDU2026-001191,2026-08-22,https://certificates.edunovaai.com/EDU2026-001191.pdf
192,92,EDU2026-001192,2026-01-08,https://certificates.edunovaai.com/EDU2026-001192.pdf
193,93,EDU2026-001193,2026-03-15,https://certificates.edunovaai.com/EDU2026-001193.pdf
194,94,EDU2026-001194,2026-07-29,https://certificates.edunovaai.com/EDU2026-001194.pdf
195,95,EDU2026-001195,2026-12-02,https://certificates.edunovaai.com/EDU2026-001195.pdf
196,96,EDU2026-001196,2026-03-21,https://certificates.edunovaai.com/EDU2026-001196.pdf
197,97,EDU2026-001197,2026-02-08,https://certificates.edunovaai.com/EDU2026-001197.pdf
198,98,EDU2026-001198,2026-08-29,https://certificates.edunovaai.com/EDU2026-001198.pdf
199,99,EDU2026-001199,2026-05-16,https://certificates.edunovaai.com/EDU2026-001199.pdf
200,100,EDU2026-001200,2026-06-23,https://certificates.edunovaai.com/EDU2026-001200.pdf
201,1,EDU2026-001201,2026-11-16,https://certificates.edunovaai.com/EDU2026-001201.pdf
202,2,EDU2026-001202,2026-12-21,https://certificates.edunovaai.com/EDU2026-001202.pdf
203,3,EDU2026-001203,2026-07-23,https://certificates.edunovaai.com/EDU2026-001203.pdf
204,4,EDU2026-001204,2026-11-29,https://certificates.edunovaai.com/EDU2026-001204.pdf
205,5,EDU2026-001205,2026-02-11,https://certificates.edunovaai.com/EDU2026-001205.pdf
206,6,EDU2026-001206,2026-06-18,https://certificates.edunovaai.com/EDU2026-001206.pdf
207,7,EDU2026-001207,2026-12-12,https://certificates.edunovaai.com/EDU2026-001207.pdf
208,8,EDU2026-001208,2026-10-01,https://certificates.edunovaai.com/EDU2026-001208.pdf
209,9,EDU2026-001209,2026-07-14,https://certificates.edunovaai.com/EDU2026-001209.pdf
210,10,EDU2026-001210,2026-06-12,https://certificates.edunovaai.com/EDU2026-001210.pdf
211,11,EDU2026-001211,2026-11-17,https://certificates.edunovaai.com/EDU2026-001211.pdf
212,12,EDU2026-001212,2026-09-07,https://certificates.edunovaai.com/EDU2026-001212.pdf
213,13,EDU2026-001213,2026-10-05,https://certificates.edunovaai.com/EDU2026-001213.pdf
214,14,EDU2026-001214,2026-01-19,https://certificates.edunovaai.com/EDU2026-001214.pdf
215,15,EDU2026-001215,2026-11-13,https://certificates.edunovaai.com/EDU2026-001215.pdf
216,16,EDU2026-001216,2026-02-05,https://certificates.edunovaai.com/EDU2026-001216.pdf
217,17,EDU2026-001217,2026-05-01,https://certificates.edunovaai.com/EDU2026-001217.pdf
218,18,EDU2026-001218,2026-11-20,https://certificates.edunovaai.com/EDU2026-001218.pdf
219,19,EDU2026-001219,2026-12-17,https://certificates.edunovaai.com/EDU2026-001219.pdf
220,20,EDU2026-001220,2026-05-28,https://certificates.edunovaai.com/EDU2026-001220.pdf
221,21,EDU2026-001221,2026-04-27,https://certificates.edunovaai.com/EDU2026-001221.pdf
222,22,EDU2026-001222,2026-02-16,https://certificates.edunovaai.com/EDU2026-001222.pdf
223,23,EDU2026-001223,2026-08-11,https://certificates.edunovaai.com/EDU2026-001223.pdf
224,24,EDU2026-001224,2026-02-20,https://certificates.edunovaai.com/EDU2026-001224.pdf
225,25,EDU2026-001225,2026-11-21,https://certificates.edunovaai.com/EDU2026-001225.pdf
226,26,EDU2026-001226,2026-12-27,https://certificates.edunovaai.com/EDU2026-001226.pdf
227,27,EDU2026-001227,2026-02-21,https://certificates.edunovaai.com/EDU2026-001227.pdf
228,28,EDU2026-001228,2026-08-16,https://certificates.edunovaai.com/EDU2026-001228.pdf
229,29,EDU2026-001229,2026-03-27,https://certificates.edunovaai.com/EDU2026-001229.pdf
230,30,EDU2026-001230,2026-12-22,https://certificates.edunovaai.com/EDU2026-001230.pdf
231,31,EDU2026-001231,2026-06-03,https://certificates.edunovaai.com/EDU2026-001231.pdf
232,32,EDU2026-001232,2026-01-15,https://certificates.edunovaai.com/EDU2026-001232.pdf
233,33,EDU2026-001233,2026-01-24,https://certificates.edunovaai.com/EDU2026-001233.pdf
234,34,EDU2026-001234,2026-06-16,https://certificates.edunovaai.com/EDU2026-001234.pdf
235,35,EDU2026-001235,2026-01-29,https://certificates.edunovaai.com/EDU2026-001235.pdf
236,36,EDU2026-001236,2026-05-31,https://certificates.edunovaai.com/EDU2026-001236.pdf
237,37,EDU2026-001237,2026-07-03,https://certificates.edunovaai.com/EDU2026-001237.pdf
238,38,EDU2026-001238,2026-07-11,https://certificates.edunovaai.com/EDU2026-001238.pdf
239,39,EDU2026-001239,2026-08-09,https://certificates.edunovaai.com/EDU2026-001239.pdf
240,40,EDU2026-001240,2026-03-16,https://certificates.edunovaai.com/EDU2026-001240.pdf
241,41,EDU2026-001241,2026-05-06,https://certificates.edunovaai.com/EDU2026-001241.pdf
242,42,EDU2026-001242,2026-09-29,https://certificates.edunovaai.com/EDU2026-001242.pdf
243,43,EDU2026-001243,2026-07-30,https://certificates.edunovaai.com/EDU2026-001243.pdf
244,44,EDU2026-001244,2026-10-17,https://certificates.edunovaai.com/EDU2026-001244.pdf
245,45,EDU2026-001245,2026-12-16,https://certificates.edunovaai.com/EDU2026-001245.pdf
246,46,EDU2026-001246,2026-04-03,https://certificates.edunovaai.com/EDU2026-001246.pdf
247,47,EDU2026-001247,2026-03-29,https://certificates.edunovaai.com/EDU2026-001247.pdf
248,48,EDU2026-001248,2026-03-31,https://certificates.edunovaai.com/EDU2026-001248.pdf
249,49,EDU2026-001249,2026-02-10,https://certificates.edunovaai.com/EDU2026-001249.pdf
250,50,EDU2026-001250,2026-11-09,https://certificates.edunovaai.com/EDU2026-001250.pdf
251,51,EDU2026-001251,2026-07-15,https://certificates.edunovaai.com/EDU2026-001251.pdf
252,52,EDU2026-001252,2026-11-14,https://certificates.edunovaai.com/EDU2026-001252.pdf
253,53,EDU2026-001253,2026-12-16,https://certificates.edunovaai.com/EDU2026-001253.pdf
254,54,EDU2026-001254,2026-05-04,https://certificates.edunovaai.com/EDU2026-001254.pdf
255,55,EDU2026-001255,2026-09-12,https://certificates.edunovaai.com/EDU2026-001255.pdf
256,56,EDU2026-001256,2026-10-26,https://certificates.edunovaai.com/EDU2026-001256.pdf
257,57,EDU2026-001257,2026-03-15,https://certificates.edunovaai.com/EDU2026-001257.pdf
258,58,EDU2026-001258,2026-04-29,https://certificates.edunovaai.com/EDU2026-001258.pdf
259,59,EDU2026-001259,2026-08-25,https://certificates.edunovaai.com/EDU2026-001259.pdf
260,60,EDU2026-001260,2026-11-23,https://certificates.edunovaai.com/EDU2026-001260.pdf
261,61,EDU2026-001261,2026-05-11,https://certificates.edunovaai.com/EDU2026-001261.pdf
262,62,EDU2026-001262,2026-08-24,https://certificates.edunovaai.com/EDU2026-001262.pdf
263,63,EDU2026-001263,2026-05-11,https://certificates.edunovaai.com/EDU2026-001263.pdf
264,64,EDU2026-001264,2026-12-08,https://certificates.edunovaai.com/EDU2026-001264.pdf
265,65,EDU2026-001265,2026-01-05,https://certificates.edunovaai.com/EDU2026-001265.pdf
266,66,EDU2026-001266,2026-08-27,https://certificates.edunovaai.com/EDU2026-001266.pdf
267,67,EDU2026-001267,2026-05-28,https://certificates.edunovaai.com/EDU2026-001267.pdf
268,68,EDU2026-001268,2026-12-13,https://certificates.edunovaai.com/EDU2026-001268.pdf
269,69,EDU2026-001269,2026-10-07,https://certificates.edunovaai.com/EDU2026-001269.pdf
270,70,EDU2026-001270,2026-03-22,https://certificates.edunovaai.com/EDU2026-001270.pdf
271,71,EDU2026-001271,2026-02-07,https://certificates.edunovaai.com/EDU2026-001271.pdf
272,72,EDU2026-001272,2026-08-15,https://certificates.edunovaai.com/EDU2026-001272.pdf
273,73,EDU2026-001273,2026-06-26,https://certificates.edunovaai.com/EDU2026-001273.pdf
274,74,EDU2026-001274,2026-10-28,https://certificates.edunovaai.com/EDU2026-001274.pdf
275,75,EDU2026-001275,2026-06-03,https://certificates.edunovaai.com/EDU2026-001275.pdf
276,76,EDU2026-001276,2026-11-24,https://certificates.edunovaai.com/EDU2026-001276.pdf
277,77,EDU2026-001277,2026-08-06,https://certificates.edunovaai.com/EDU2026-001277.pdf
278,78,EDU2026-001278,2026-12-20,https://certificates.edunovaai.com/EDU2026-001278.pdf
279,79,EDU2026-001279,2026-05-09,https://certificates.edunovaai.com/EDU2026-001279.pdf
280,80,EDU2026-001280,2026-08-22,https://certificates.edunovaai.com/EDU2026-001280.pdf
281,81,EDU2026-001281,2026-06-04,https://certificates.edunovaai.com/EDU2026-001281.pdf
282,82,EDU2026-001282,2026-04-12,https://certificates.edunovaai.com/EDU2026-001282.pdf
283,83,EDU2026-001283,2026-07-16,https://certificates.edunovaai.com/EDU2026-001283.pdf
284,84,EDU2026-001284,2026-09-05,https://certificates.edunovaai.com/EDU2026-001284.pdf
285,85,EDU2026-001285,2026-02-24,https://certificates.edunovaai.com/EDU2026-001285.pdf
286,86,EDU2026-001286,2026-05-02,https://certificates.edunovaai.com/EDU2026-001286.pdf
287,87,EDU2026-001287,2026-07-15,https://certificates.edunovaai.com/EDU2026-001287.pdf
288,88,EDU2026-001288,2026-10-20,https://certificates.edunovaai.com/EDU2026-001288.pdf
289,89,EDU2026-001289,2026-07-03,https://certificates.edunovaai.com/EDU2026-001289.pdf
290,90,EDU2026-001290,2026-10-22,https://certificates.edunovaai.com/EDU2026-001290.pdf
291,91,EDU2026-001291,2026-06-01,https://certificates.edunovaai.com/EDU2026-001291.pdf
292,92,EDU2026-001292,2026-12-25,https://certificates.edunovaai.com/EDU2026-001292.pdf
293,93,EDU2026-001293,2026-06-01,https://certificates.edunovaai.com/EDU2026-001293.pdf
294,94,EDU2026-001294,2026-01-12,https://certificates.edunovaai.com/EDU2026-001294.pdf
295,95,EDU2026-001295,2026-12-04,https://certificates.edunovaai.com/EDU2026-001295.pdf
296,96,EDU2026-001296,2026-07-22,https://certificates.edunovaai.com/EDU2026-001296.pdf
297,97,EDU2026-001297,2026-05-21,https://certificates.edunovaai.com/EDU2026-001297.pdf
298,98,EDU2026-001298,2026-01-05,https://certificates.edunovaai.com/EDU2026-001298.pdf
299,99,EDU2026-001299,2026-10-17,https://certificates.edunovaai.com/EDU2026-001299.pdf
300,100,EDU2026-001300,2026-12-18,https://certificates.edunovaai.com/EDU2026-001300.pdf
301,1,EDU2026-001301,2026-01-26,https://certificates.edunovaai.com/EDU2026-001301.pdf
302,2,EDU2026-001302,2026-11-07,https://certificates.edunovaai.com/EDU2026-001302.pdf
303,3,EDU2026-001303,2026-09-12,https://certificates.edunovaai.com/EDU2026-001303.pdf
304,4,EDU2026-001304,2026-05-27,https://certificates.edunovaai.com/EDU2026-001304.pdf
305,5,EDU2026-001305,2026-04-28,https://certificates.edunovaai.com/EDU2026-001305.pdf
306,6,EDU2026-001306,2026-11-07,https://certificates.edunovaai.com/EDU2026-001306.pdf
307,7,EDU2026-001307,2026-06-30,https://certificates.edunovaai.com/EDU2026-001307.pdf
308,8,EDU2026-001308,2026-04-23,https://certificates.edunovaai.com/EDU2026-001308.pdf
309,9,EDU2026-001309,2026-11-22,https://certificates.edunovaai.com/EDU2026-001309.pdf
310,10,EDU2026-001310,2026-04-08,https://certificates.edunovaai.com/EDU2026-001310.pdf
311,11,EDU2026-001311,2026-11-14,https://certificates.edunovaai.com/EDU2026-001311.pdf
312,12,EDU2026-001312,2026-05-09,https://certificates.edunovaai.com/EDU2026-001312.pdf
313,13,EDU2026-001313,2026-12-14,https://certificates.edunovaai.com/EDU2026-001313.pdf
314,14,EDU2026-001314,2026-12-04,https://certificates.edunovaai.com/EDU2026-001314.pdf
315,15,EDU2026-001315,2026-12-15,https://certificates.edunovaai.com/EDU2026-001315.pdf
316,16,EDU2026-001316,2026-03-12,https://certificates.edunovaai.com/EDU2026-001316.pdf
317,17,EDU2026-001317,2026-11-18,https://certificates.edunovaai.com/EDU2026-001317.pdf
318,18,EDU2026-001318,2026-02-19,https://certificates.edunovaai.com/EDU2026-001318.pdf
319,19,EDU2026-001319,2026-11-18,https://certificates.edunovaai.com/EDU2026-001319.pdf
320,20,EDU2026-001320,2026-11-27,https://certificates.edunovaai.com/EDU2026-001320.pdf
321,21,EDU2026-001321,2026-01-21,https://certificates.edunovaai.com/EDU2026-001321.pdf
322,22,EDU2026-001322,2026-06-08,https://certificates.edunovaai.com/EDU2026-001322.pdf
323,23,EDU2026-001323,2026-08-14,https://certificates.edunovaai.com/EDU2026-001323.pdf
324,24,EDU2026-001324,2026-01-18,https://certificates.edunovaai.com/EDU2026-001324.pdf
325,25,EDU2026-001325,2026-10-24,https://certificates.edunovaai.com/EDU2026-001325.pdf
326,26,EDU2026-001326,2026-07-06,https://certificates.edunovaai.com/EDU2026-001326.pdf
327,27,EDU2026-001327,2026-03-09,https://certificates.edunovaai.com/EDU2026-001327.pdf
328,28,EDU2026-001328,2026-02-16,https://certificates.edunovaai.com/EDU2026-001328.pdf
329,29,EDU2026-001329,2026-06-01,https://certificates.edunovaai.com/EDU2026-001329.pdf
330,30,EDU2026-001330,2026-06-17,https://certificates.edunovaai.com/EDU2026-001330.pdf
331,31,EDU2026-001331,2026-08-01,https://certificates.edunovaai.com/EDU2026-001331.pdf
332,32,EDU2026-001332,2026-03-31,https://certificates.edunovaai.com/EDU2026-001332.pdf
333,33,EDU2026-001333,2026-04-13,https://certificates.edunovaai.com/EDU2026-001333.pdf
334,34,EDU2026-001334,2026-03-09,https://certificates.edunovaai.com/EDU2026-001334.pdf
335,35,EDU2026-001335,2026-10-04,https://certificates.edunovaai.com/EDU2026-001335.pdf
336,36,EDU2026-001336,2026-07-07,https://certificates.edunovaai.com/EDU2026-001336.pdf
337,37,EDU2026-001337,2026-09-29,https://certificates.edunovaai.com/EDU2026-001337.pdf
338,38,EDU2026-001338,2026-09-14,https://certificates.edunovaai.com/EDU2026-001338.pdf
339,39,EDU2026-001339,2026-05-20,https://certificates.edunovaai.com/EDU2026-001339.pdf
340,40,EDU2026-001340,2026-03-26,https://certificates.edunovaai.com/EDU2026-001340.pdf
341,41,EDU2026-001341,2026-05-12,https://certificates.edunovaai.com/EDU2026-001341.pdf
342,42,EDU2026-001342,2026-09-04,https://certificates.edunovaai.com/EDU2026-001342.pdf
343,43,EDU2026-001343,2026-06-01,https://certificates.edunovaai.com/EDU2026-001343.pdf
344,44,EDU2026-001344,2026-06-23,https://certificates.edunovaai.com/EDU2026-001344.pdf
345,45,EDU2026-001345,2026-02-28,https://certificates.edunovaai.com/EDU2026-001345.pdf
346,46,EDU2026-001346,2026-08-28,https://certificates.edunovaai.com/EDU2026-001346.pdf
347,47,EDU2026-001347,2026-02-08,https://certificates.edunovaai.com/EDU2026-001347.pdf
348,48,EDU2026-001348,2026-03-14,https://certificates.edunovaai.com/EDU2026-001348.pdf
349,49,EDU2026-001349,2026-04-26,https://certificates.edunovaai.com/EDU2026-001349.pdf
350,50,EDU2026-001350,2026-12-13,https://certificates.edunovaai.com/EDU2026-001350.pdf
351,51,EDU2026-001351,2026-12-12,https://certificates.edunovaai.com/EDU2026-001351.pdf
352,52,EDU2026-001352,2026-07-23,https://certificates.edunovaai.com/EDU2026-001352.pdf
353,53,EDU2026-001353,2026-10-13,https://certificates.edunovaai.com/EDU2026-001353.pdf
354,54,EDU2026-001354,2026-07-07,https://certificates.edunovaai.com/EDU2026-001354.pdf
355,55,EDU2026-001355,2026-02-16,https://certificates.edunovaai.com/EDU2026-001355.pdf
356,56,EDU2026-001356,2026-07-22,https://certificates.edunovaai.com/EDU2026-001356.pdf
357,57,EDU2026-001357,2026-01-08,https://certificates.edunovaai.com/EDU2026-001357.pdf
358,58,EDU2026-001358,2026-05-16,https://certificates.edunovaai.com/EDU2026-001358.pdf
359,59,EDU2026-001359,2026-10-02,https://certificates.edunovaai.com/EDU2026-001359.pdf
360,60,EDU2026-001360,2026-03-05,https://certificates.edunovaai.com/EDU2026-001360.pdf
361,61,EDU2026-001361,2026-08-21,https://certificates.edunovaai.com/EDU2026-001361.pdf
362,62,EDU2026-001362,2026-07-08,https://certificates.edunovaai.com/EDU2026-001362.pdf
363,63,EDU2026-001363,2026-12-11,https://certificates.edunovaai.com/EDU2026-001363.pdf
364,64,EDU2026-001364,2026-12-11,https://certificates.edunovaai.com/EDU2026-001364.pdf
365,65,EDU2026-001365,2026-05-15,https://certificates.edunovaai.com/EDU2026-001365.pdf
366,66,EDU2026-001366,2026-10-27,https://certificates.edunovaai.com/EDU2026-001366.pdf
367,67,EDU2026-001367,2026-07-15,https://certificates.edunovaai.com/EDU2026-001367.pdf
368,68,EDU2026-001368,2026-11-23,https://certificates.edunovaai.com/EDU2026-001368.pdf
369,69,EDU2026-001369,2026-07-10,https://certificates.edunovaai.com/EDU2026-001369.pdf
370,70,EDU2026-001370,2026-02-25,https://certificates.edunovaai.com/EDU2026-001370.pdf
371,71,EDU2026-001371,2026-12-12,https://certificates.edunovaai.com/EDU2026-001371.pdf
372,72,EDU2026-001372,2026-04-30,https://certificates.edunovaai.com/EDU2026-001372.pdf
373,73,EDU2026-001373,2026-08-30,https://certificates.edunovaai.com/EDU2026-001373.pdf
374,74,EDU2026-001374,2026-01-13,https://certificates.edunovaai.com/EDU2026-001374.pdf
375,75,EDU2026-001375,2026-11-14,https://certificates.edunovaai.com/EDU2026-001375.pdf
376,76,EDU2026-001376,2026-10-15,https://certificates.edunovaai.com/EDU2026-001376.pdf
377,77,EDU2026-001377,2026-06-17,https://certificates.edunovaai.com/EDU2026-001377.pdf
378,78,EDU2026-001378,2026-11-09,https://certificates.edunovaai.com/EDU2026-001378.pdf
379,79,EDU2026-001379,2026-04-24,https://certificates.edunovaai.com/EDU2026-001379.pdf
380,80,EDU2026-001380,2026-11-28,https://certificates.edunovaai.com/EDU2026-001380.pdf
381,81,EDU2026-001381,2026-02-02,https://certificates.edunovaai.com/EDU2026-001381.pdf
382,82,EDU2026-001382,2026-11-22,https://certificates.edunovaai.com/EDU2026-001382.pdf
383,83,EDU2026-001383,2026-08-26,https://certificates.edunovaai.com/EDU2026-001383.pdf
384,84,EDU2026-001384,2026-12-25,https://certificates.edunovaai.com/EDU2026-001384.pdf
385,85,EDU2026-001385,2026-06-04,https://certificates.edunovaai.com/EDU2026-001385.pdf
386,86,EDU2026-001386,2026-11-29,https://certificates.edunovaai.com/EDU2026-001386.pdf
387,87,EDU2026-001387,2026-07-29,https://certificates.edunovaai.com/EDU2026-001387.pdf
388,88,EDU2026-001388,2026-03-01,https://certificates.edunovaai.com/EDU2026-001388.pdf
389,89,EDU2026-001389,2026-03-13,https://certificates.edunovaai.com/EDU2026-001389.pdf
390,90,EDU2026-001390,2026-01-24,https://certificates.edunovaai.com/EDU2026-001390.pdf
391,91,EDU2026-001391,2026-01-20,https://certificates.edunovaai.com/EDU2026-001391.pdf
392,92,EDU2026-001392,2026-06-05,https://certificates.edunovaai.com/EDU2026-001392.pdf
393,93,EDU2026-001393,2026-09-10,https://certificates.edunovaai.com/EDU2026-001393.pdf
394,94,EDU2026-001394,2026-03-01,https://certificates.edunovaai.com/EDU2026-001394.pdf
395,95,EDU2026-001395,2026-02-19,https://certificates.edunovaai.com/EDU2026-001395.pdf
396,96,EDU2026-001396,2026-05-01,https://certificates.edunovaai.com/EDU2026-001396.pdf
397,97,EDU2026-001397,2026-10-03,https://certificates.edunovaai.com/EDU2026-001397.pdf
398,98,EDU2026-001398,2026-03-11,https://certificates.edunovaai.com/EDU2026-001398.pdf
399,99,EDU2026-001399,2026-07-18,https://certificates.edunovaai.com/EDU2026-001399.pdf
400,100,EDU2026-001400,2026-08-21,https://certificates.edunovaai.com/EDU2026-001400.pdf
401,1,EDU2026-001401,2026-07-09,https://certificates.edunovaai.com/EDU2026-001401.pdf
402,2,EDU2026-001402,2026-12-10,https://certificates.edunovaai.com/EDU2026-001402.pdf
403,3,EDU2026-001403,2026-12-23,https://certificates.edunovaai.com/EDU2026-001403.pdf
404,4,EDU2026-001404,2026-10-04,https://certificates.edunovaai.com/EDU2026-001404.pdf
405,5,EDU2026-001405,2026-08-03,https://certificates.edunovaai.com/EDU2026-001405.pdf
406,6,EDU2026-001406,2026-10-28,https://certificates.edunovaai.com/EDU2026-001406.pdf
407,7,EDU2026-001407,2026-03-21,https://certificates.edunovaai.com/EDU2026-001407.pdf
408,8,EDU2026-001408,2026-08-01,https://certificates.edunovaai.com/EDU2026-001408.pdf
409,9,EDU2026-001409,2026-12-02,https://certificates.edunovaai.com/EDU2026-001409.pdf
410,10,EDU2026-001410,2026-02-20,https://certificates.edunovaai.com/EDU2026-001410.pdf
411,11,EDU2026-001411,2026-09-08,https://certificates.edunovaai.com/EDU2026-001411.pdf
412,12,EDU2026-001412,2026-11-12,https://certificates.edunovaai.com/EDU2026-001412.pdf
413,13,EDU2026-001413,2026-07-28,https://certificates.edunovaai.com/EDU2026-001413.pdf
414,14,EDU2026-001414,2026-05-24,https://certificates.edunovaai.com/EDU2026-001414.pdf
415,15,EDU2026-001415,2026-01-17,https://certificates.edunovaai.com/EDU2026-001415.pdf
416,16,EDU2026-001416,2026-12-20,https://certificates.edunovaai.com/EDU2026-001416.pdf
417,17,EDU2026-001417,2026-07-09,https://certificates.edunovaai.com/EDU2026-001417.pdf
418,18,EDU2026-001418,2026-04-22,https://certificates.edunovaai.com/EDU2026-001418.pdf
419,19,EDU2026-001419,2026-08-16,https://certificates.edunovaai.com/EDU2026-001419.pdf
420,20,EDU2026-001420,2026-08-16,https://certificates.edunovaai.com/EDU2026-001420.pdf
421,21,EDU2026-001421,2026-05-01,https://certificates.edunovaai.com/EDU2026-001421.pdf
422,22,EDU2026-001422,2026-07-05,https://certificates.edunovaai.com/EDU2026-001422.pdf
423,23,EDU2026-001423,2026-02-20,https://certificates.edunovaai.com/EDU2026-001423.pdf
424,24,EDU2026-001424,2026-12-18,https://certificates.edunovaai.com/EDU2026-001424.pdf
425,25,EDU2026-001425,2026-07-08,https://certificates.edunovaai.com/EDU2026-001425.pdf
426,26,EDU2026-001426,2026-10-06,https://certificates.edunovaai.com/EDU2026-001426.pdf
427,27,EDU2026-001427,2026-11-27,https://certificates.edunovaai.com/EDU2026-001427.pdf
428,28,EDU2026-001428,2026-07-03,https://certificates.edunovaai.com/EDU2026-001428.pdf
429,29,EDU2026-001429,2026-02-01,https://certificates.edunovaai.com/EDU2026-001429.pdf
430,30,EDU2026-001430,2026-07-23,https://certificates.edunovaai.com/EDU2026-001430.pdf
431,31,EDU2026-001431,2026-05-22,https://certificates.edunovaai.com/EDU2026-001431.pdf
432,32,EDU2026-001432,2026-04-08,https://certificates.edunovaai.com/EDU2026-001432.pdf
433,33,EDU2026-001433,2026-03-04,https://certificates.edunovaai.com/EDU2026-001433.pdf
434,34,EDU2026-001434,2026-08-21,https://certificates.edunovaai.com/EDU2026-001434.pdf
435,35,EDU2026-001435,2026-02-16,https://certificates.edunovaai.com/EDU2026-001435.pdf
436,36,EDU2026-001436,2026-12-06,https://certificates.edunovaai.com/EDU2026-001436.pdf
437,37,EDU2026-001437,2026-04-19,https://certificates.edunovaai.com/EDU2026-001437.pdf
438,38,EDU2026-001438,2026-11-25,https://certificates.edunovaai.com/EDU2026-001438.pdf
439,39,EDU2026-001439,2026-11-24,https://certificates.edunovaai.com/EDU2026-001439.pdf
440,40,EDU2026-001440,2026-11-02,https://certificates.edunovaai.com/EDU2026-001440.pdf
441,41,EDU2026-001441,2026-01-11,https://certificates.edunovaai.com/EDU2026-001441.pdf
442,42,EDU2026-001442,2026-01-26,https://certificates.edunovaai.com/EDU2026-001442.pdf
443,43,EDU2026-001443,2026-06-20,https://certificates.edunovaai.com/EDU2026-001443.pdf
444,44,EDU2026-001444,2026-05-05,https://certificates.edunovaai.com/EDU2026-001444.pdf
445,45,EDU2026-001445,2026-03-06,https://certificates.edunovaai.com/EDU2026-001445.pdf
446,46,EDU2026-001446,2026-10-17,https://certificates.edunovaai.com/EDU2026-001446.pdf
447,47,EDU2026-001447,2026-04-16,https://certificates.edunovaai.com/EDU2026-001447.pdf
448,48,EDU2026-001448,2026-02-05,https://certificates.edunovaai.com/EDU2026-001448.pdf
449,49,EDU2026-001449,2026-10-11,https://certificates.edunovaai.com/EDU2026-001449.pdf
450,50,EDU2026-001450,2026-04-17,https://certificates.edunovaai.com/EDU2026-001450.pdf
451,51,EDU2026-001451,2026-10-28,https://certificates.edunovaai.com/EDU2026-001451.pdf
452,52,EDU2026-001452,2026-04-21,https://certificates.edunovaai.com/EDU2026-001452.pdf
453,53,EDU2026-001453,2026-04-30,https://certificates.edunovaai.com/EDU2026-001453.pdf
454,54,EDU2026-001454,2026-06-18,https://certificates.edunovaai.com/EDU2026-001454.pdf
455,55,EDU2026-001455,2026-03-17,https://certificates.edunovaai.com/EDU2026-001455.pdf
456,56,EDU2026-001456,2026-11-02,https://certificates.edunovaai.com/EDU2026-001456.pdf
457,57,EDU2026-001457,2026-01-02,https://certificates.edunovaai.com/EDU2026-001457.pdf
458,58,EDU2026-001458,2026-05-22,https://certificates.edunovaai.com/EDU2026-001458.pdf
459,59,EDU2026-001459,2026-03-16,https://certificates.edunovaai.com/EDU2026-001459.pdf
460,60,EDU2026-001460,2026-03-08,https://certificates.edunovaai.com/EDU2026-001460.pdf
461,61,EDU2026-001461,2026-10-04,https://certificates.edunovaai.com/EDU2026-001461.pdf
462,62,EDU2026-001462,2026-05-09,https://certificates.edunovaai.com/EDU2026-001462.pdf
463,63,EDU2026-001463,2026-03-31,https://certificates.edunovaai.com/EDU2026-001463.pdf
464,64,EDU2026-001464,2026-02-26,https://certificates.edunovaai.com/EDU2026-001464.pdf
465,65,EDU2026-001465,2026-12-05,https://certificates.edunovaai.com/EDU2026-001465.pdf
466,66,EDU2026-001466,2026-01-14,https://certificates.edunovaai.com/EDU2026-001466.pdf
467,67,EDU2026-001467,2026-03-09,https://certificates.edunovaai.com/EDU2026-001467.pdf
468,68,EDU2026-001468,2026-01-08,https://certificates.edunovaai.com/EDU2026-001468.pdf
469,69,EDU2026-001469,2026-07-03,https://certificates.edunovaai.com/EDU2026-001469.pdf
470,70,EDU2026-001470,2026-05-02,https://certificates.edunovaai.com/EDU2026-001470.pdf
471,71,EDU2026-001471,2026-10-29,https://certificates.edunovaai.com/EDU2026-001471.pdf
472,72,EDU2026-001472,2026-06-15,https://certificates.edunovaai.com/EDU2026-001472.pdf
473,73,EDU2026-001473,2026-01-09,https://certificates.edunovaai.com/EDU2026-001473.pdf
474,74,EDU2026-001474,2026-03-31,https://certificates.edunovaai.com/EDU2026-001474.pdf
475,75,EDU2026-001475,2026-05-16,https://certificates.edunovaai.com/EDU2026-001475.pdf
476,76,EDU2026-001476,2026-01-27,https://certificates.edunovaai.com/EDU2026-001476.pdf
477,77,EDU2026-001477,2026-03-06,https://certificates.edunovaai.com/EDU2026-001477.pdf
478,78,EDU2026-001478,2026-08-04,https://certificates.edunovaai.com/EDU2026-001478.pdf
479,79,EDU2026-001479,2026-09-27,https://certificates.edunovaai.com/EDU2026-001479.pdf
480,80,EDU2026-001480,2026-02-28,https://certificates.edunovaai.com/EDU2026-001480.pdf
481,81,EDU2026-001481,2026-02-02,https://certificates.edunovaai.com/EDU2026-001481.pdf
482,82,EDU2026-001482,2026-09-01,https://certificates.edunovaai.com/EDU2026-001482.pdf
483,83,EDU2026-001483,2026-08-18,https://certificates.edunovaai.com/EDU2026-001483.pdf
484,84,EDU2026-001484,2026-07-05,https://certificates.edunovaai.com/EDU2026-001484.pdf
485,85,EDU2026-001485,2026-09-20,https://certificates.edunovaai.com/EDU2026-001485.pdf
486,86,EDU2026-001486,2026-10-31,https://certificates.edunovaai.com/EDU2026-001486.pdf
487,87,EDU2026-001487,2026-02-25,https://certificates.edunovaai.com/EDU2026-001487.pdf
488,88,EDU2026-001488,2026-08-20,https://certificates.edunovaai.com/EDU2026-001488.pdf
489,89,EDU2026-001489,2026-09-15,https://certificates.edunovaai.com/EDU2026-001489.pdf
490,90,EDU2026-001490,2026-04-24,https://certificates.edunovaai.com/EDU2026-001490.pdf
491,91,EDU2026-001491,2026-11-11,https://certificates.edunovaai.com/EDU2026-001491.pdf
492,92,EDU2026-001492,2026-01-23,https://certificates.edunovaai.com/EDU2026-001492.pdf
493,93,EDU2026-001493,2026-12-04,https://certificates.edunovaai.com/EDU2026-001493.pdf
494,94,EDU2026-001494,2026-09-24,https://certificates.edunovaai.com/EDU2026-001494.pdf
495,95,EDU2026-001495,2026-06-04,https://certificates.edunovaai.com/EDU2026-001495.pdf
496,96,EDU2026-001496,2026-08-23,https://certificates.edunovaai.com/EDU2026-001496.pdf
497,97,EDU2026-001497,2026-11-26,https://certificates.edunovaai.com/EDU2026-001497.pdf
498,98,EDU2026-001498,2026-01-16,https://certificates.edunovaai.com/EDU2026-001498.pdf
499,99,EDU2026-001499,2026-02-01,https://certificates.edunovaai.com/EDU2026-001499.pdf
500,100,EDU2026-001500,2026-09-03,https://certificates.edunovaai.com/EDU2026-001500.pdf
501,1,EDU2026-001501,2026-07-25,https://certificates.edunovaai.com/EDU2026-001501.pdf
502,2,EDU2026-001502,2026-08-07,https://certificates.edunovaai.com/EDU2026-001502.pdf
503,3,EDU2026-001503,2026-12-18,https://certificates.edunovaai.com/EDU2026-001503.pdf
504,4,EDU2026-001504,2026-02-25,https://certificates.edunovaai.com/EDU2026-001504.pdf
505,5,EDU2026-001505,2026-09-09,https://certificates.edunovaai.com/EDU2026-001505.pdf
506,6,EDU2026-001506,2026-12-31,https://certificates.edunovaai.com/EDU2026-001506.pdf
507,7,EDU2026-001507,2026-08-16,https://certificates.edunovaai.com/EDU2026-001507.pdf
508,8,EDU2026-001508,2026-02-07,https://certificates.edunovaai.com/EDU2026-001508.pdf
509,9,EDU2026-001509,2026-02-11,https://certificates.edunovaai.com/EDU2026-001509.pdf
510,10,EDU2026-001510,2026-06-14,https://certificates.edunovaai.com/EDU2026-001510.pdf
511,11,EDU2026-001511,2026-11-08,https://certificates.edunovaai.com/EDU2026-001511.pdf
512,12,EDU2026-001512,2026-03-17,https://certificates.edunovaai.com/EDU2026-001512.pdf
513,13,EDU2026-001513,2026-02-03,https://certificates.edunovaai.com/EDU2026-001513.pdf
514,14,EDU2026-001514,2026-03-06,https://certificates.edunovaai.com/EDU2026-001514.pdf
515,15,EDU2026-001515,2026-05-21,https://certificates.edunovaai.com/EDU2026-001515.pdf
516,16,EDU2026-001516,2026-11-16,https://certificates.edunovaai.com/EDU2026-001516.pdf
517,17,EDU2026-001517,2026-11-21,https://certificates.edunovaai.com/EDU2026-001517.pdf
518,18,EDU2026-001518,2026-10-27,https://certificates.edunovaai.com/EDU2026-001518.pdf
519,19,EDU2026-001519,2026-10-08,https://certificates.edunovaai.com/EDU2026-001519.pdf
520,20,EDU2026-001520,2026-12-31,https://certificates.edunovaai.com/EDU2026-001520.pdf
521,21,EDU2026-001521,2026-06-16,https://certificates.edunovaai.com/EDU2026-001521.pdf
522,22,EDU2026-001522,2026-07-15,https://certificates.edunovaai.com/EDU2026-001522.pdf
523,23,EDU2026-001523,2026-11-02,https://certificates.edunovaai.com/EDU2026-001523.pdf
524,24,EDU2026-001524,2026-09-29,https://certificates.edunovaai.com/EDU2026-001524.pdf
525,25,EDU2026-001525,2026-05-31,https://certificates.edunovaai.com/EDU2026-001525.pdf
526,26,EDU2026-001526,2026-08-21,https://certificates.edunovaai.com/EDU2026-001526.pdf
527,27,EDU2026-001527,2026-09-16,https://certificates.edunovaai.com/EDU2026-001527.pdf
528,28,EDU2026-001528,2026-11-06,https://certificates.edunovaai.com/EDU2026-001528.pdf
529,29,EDU2026-001529,2026-08-09,https://certificates.edunovaai.com/EDU2026-001529.pdf
530,30,EDU2026-001530,2026-02-20,https://certificates.edunovaai.com/EDU2026-001530.pdf
531,31,EDU2026-001531,2026-12-26,https://certificates.edunovaai.com/EDU2026-001531.pdf
532,32,EDU2026-001532,2026-02-28,https://certificates.edunovaai.com/EDU2026-001532.pdf
533,33,EDU2026-001533,2026-12-02,https://certificates.edunovaai.com/EDU2026-001533.pdf
534,34,EDU2026-001534,2026-11-30,https://certificates.edunovaai.com/EDU2026-001534.pdf
535,35,EDU2026-001535,2026-10-10,https://certificates.edunovaai.com/EDU2026-001535.pdf
536,36,EDU2026-001536,2026-04-21,https://certificates.edunovaai.com/EDU2026-001536.pdf
537,37,EDU2026-001537,2026-08-09,https://certificates.edunovaai.com/EDU2026-001537.pdf
538,38,EDU2026-001538,2026-08-20,https://certificates.edunovaai.com/EDU2026-001538.pdf
539,39,EDU2026-001539,2026-04-27,https://certificates.edunovaai.com/EDU2026-001539.pdf
540,40,EDU2026-001540,2026-07-31,https://certificates.edunovaai.com/EDU2026-001540.pdf
541,41,EDU2026-001541,2026-06-23,https://certificates.edunovaai.com/EDU2026-001541.pdf
542,42,EDU2026-001542,2026-08-21,https://certificates.edunovaai.com/EDU2026-001542.pdf
543,43,EDU2026-001543,2026-07-24,https://certificates.edunovaai.com/EDU2026-001543.pdf
544,44,EDU2026-001544,2026-08-01,https://certificates.edunovaai.com/EDU2026-001544.pdf
545,45,EDU2026-001545,2026-02-18,https://certificates.edunovaai.com/EDU2026-001545.pdf
546,46,EDU2026-001546,2026-06-10,https://certificates.edunovaai.com/EDU2026-001546.pdf
547,47,EDU2026-001547,2026-08-07,https://certificates.edunovaai.com/EDU2026-001547.pdf
548,48,EDU2026-001548,2026-06-10,https://certificates.edunovaai.com/EDU2026-001548.pdf
549,49,EDU2026-001549,2026-12-07,https://certificates.edunovaai.com/EDU2026-001549.pdf
550,50,EDU2026-001550,2026-05-11,https://certificates.edunovaai.com/EDU2026-001550.pdf
551,51,EDU2026-001551,2026-07-11,https://certificates.edunovaai.com/EDU2026-001551.pdf
552,52,EDU2026-001552,2026-03-20,https://certificates.edunovaai.com/EDU2026-001552.pdf
553,53,EDU2026-001553,2026-12-18,https://certificates.edunovaai.com/EDU2026-001553.pdf
554,54,EDU2026-001554,2026-08-31,https://certificates.edunovaai.com/EDU2026-001554.pdf
555,55,EDU2026-001555,2026-02-04,https://certificates.edunovaai.com/EDU2026-001555.pdf
556,56,EDU2026-001556,2026-02-16,https://certificates.edunovaai.com/EDU2026-001556.pdf
557,57,EDU2026-001557,2026-02-13,https://certificates.edunovaai.com/EDU2026-001557.pdf
558,58,EDU2026-001558,2026-02-17,https://certificates.edunovaai.com/EDU2026-001558.pdf
559,59,EDU2026-001559,2026-08-10,https://certificates.edunovaai.com/EDU2026-001559.pdf
560,60,EDU2026-001560,2026-02-19,https://certificates.edunovaai.com/EDU2026-001560.pdf
561,61,EDU2026-001561,2026-07-10,https://certificates.edunovaai.com/EDU2026-001561.pdf
562,62,EDU2026-001562,2026-03-08,https://certificates.edunovaai.com/EDU2026-001562.pdf
563,63,EDU2026-001563,2026-10-12,https://certificates.edunovaai.com/EDU2026-001563.pdf
564,64,EDU2026-001564,2026-01-31,https://certificates.edunovaai.com/EDU2026-001564.pdf
565,65,EDU2026-001565,2026-10-28,https://certificates.edunovaai.com/EDU2026-001565.pdf
566,66,EDU2026-001566,2026-10-15,https://certificates.edunovaai.com/EDU2026-001566.pdf
567,67,EDU2026-001567,2026-10-15,https://certificates.edunovaai.com/EDU2026-001567.pdf
568,68,EDU2026-001568,2026-06-18,https://certificates.edunovaai.com/EDU2026-001568.pdf
569,69,EDU2026-001569,2026-12-10,https://certificates.edunovaai.com/EDU2026-001569.pdf
570,70,EDU2026-001570,2026-03-04,https://certificates.edunovaai.com/EDU2026-001570.pdf
571,71,EDU2026-001571,2026-07-30,https://certificates.edunovaai.com/EDU2026-001571.pdf
572,72,EDU2026-001572,2026-07-01,https://certificates.edunovaai.com/EDU2026-001572.pdf
573,73,EDU2026-001573,2026-12-07,https://certificates.edunovaai.com/EDU2026-001573.pdf
574,74,EDU2026-001574,2026-08-05,https://certificates.edunovaai.com/EDU2026-001574.pdf
575,75,EDU2026-001575,2026-01-27,https://certificates.edunovaai.com/EDU2026-001575.pdf
576,76,EDU2026-001576,2026-05-28,https://certificates.edunovaai.com/EDU2026-001576.pdf
577,77,EDU2026-001577,2026-11-04,https://certificates.edunovaai.com/EDU2026-001577.pdf
578,78,EDU2026-001578,2026-06-09,https://certificates.edunovaai.com/EDU2026-001578.pdf
579,79,EDU2026-001579,2026-06-30,https://certificates.edunovaai.com/EDU2026-001579.pdf
580,80,EDU2026-001580,2026-02-23,https://certificates.edunovaai.com/EDU2026-001580.pdf
581,81,EDU2026-001581,2026-10-23,https://certificates.edunovaai.com/EDU2026-001581.pdf
582,82,EDU2026-001582,2026-09-17,https://certificates.edunovaai.com/EDU2026-001582.pdf
583,83,EDU2026-001583,2026-04-19,https://certificates.edunovaai.com/EDU2026-001583.pdf
584,84,EDU2026-001584,2026-03-21,https://certificates.edunovaai.com/EDU2026-001584.pdf
585,85,EDU2026-001585,2026-12-03,https://certificates.edunovaai.com/EDU2026-001585.pdf
586,86,EDU2026-001586,2026-09-04,https://certificates.edunovaai.com/EDU2026-001586.pdf
587,87,EDU2026-001587,2026-04-25,https://certificates.edunovaai.com/EDU2026-001587.pdf
588,88,EDU2026-001588,2026-02-25,https://certificates.edunovaai.com/EDU2026-001588.pdf
589,89,EDU2026-001589,2026-06-29,https://certificates.edunovaai.com/EDU2026-001589.pdf
590,90,EDU2026-001590,2026-10-12,https://certificates.edunovaai.com/EDU2026-001590.pdf
591,91,EDU2026-001591,2026-07-08,https://certificates.edunovaai.com/EDU2026-001591.pdf
592,92,EDU2026-001592,2026-02-28,https://certificates.edunovaai.com/EDU2026-001592.pdf
593,93,EDU2026-001593,2026-05-23,https://certificates.edunovaai.com/EDU2026-001593.pdf
594,94,EDU2026-001594,2026-10-21,https://certificates.edunovaai.com/EDU2026-001594.pdf
595,95,EDU2026-001595,2026-04-26,https://certificates.edunovaai.com/EDU2026-001595.pdf
596,96,EDU2026-001596,2026-08-08,https://certificates.edunovaai.com/EDU2026-001596.pdf
597,97,EDU2026-001597,2026-10-15,https://certificates.edunovaai.com/EDU2026-001597.pdf
598,98,EDU2026-001598,2026-11-15,https://certificates.edunovaai.com/EDU2026-001598.pdf
599,99,EDU2026-001599,2026-11-11,https://certificates.edunovaai.com/EDU2026-001599.pdf
600,100,EDU2026-001600,2026-12-12,https://certificates.edunovaai.com/EDU2026-001600.pdf
601,1,EDU2026-001601,2026-11-26,https://certificates.edunovaai.com/EDU2026-001601.pdf
602,2,EDU2026-001602,2026-10-13,https://certificates.edunovaai.com/EDU2026-001602.pdf
603,3,EDU2026-001603,2026-01-14,https://certificates.edunovaai.com/EDU2026-001603.pdf
604,4,EDU2026-001604,2026-11-08,https://certificates.edunovaai.com/EDU2026-001604.pdf
605,5,EDU2026-001605,2026-12-03,https://certificates.edunovaai.com/EDU2026-001605.pdf
606,6,EDU2026-001606,2026-12-22,https://certificates.edunovaai.com/EDU2026-001606.pdf
607,7,EDU2026-001607,2026-05-17,https://certificates.edunovaai.com/EDU2026-001607.pdf
608,8,EDU2026-001608,2026-01-15,https://certificates.edunovaai.com/EDU2026-001608.pdf
609,9,EDU2026-001609,2026-04-03,https://certificates.edunovaai.com/EDU2026-001609.pdf
610,10,EDU2026-001610,2026-05-20,https://certificates.edunovaai.com/EDU2026-001610.pdf
611,11,EDU2026-001611,2026-12-26,https://certificates.edunovaai.com/EDU2026-001611.pdf
612,12,EDU2026-001612,2026-06-08,https://certificates.edunovaai.com/EDU2026-001612.pdf
613,13,EDU2026-001613,2026-06-23,https://certificates.edunovaai.com/EDU2026-001613.pdf
614,14,EDU2026-001614,2026-06-29,https://certificates.edunovaai.com/EDU2026-001614.pdf
615,15,EDU2026-001615,2026-01-04,https://certificates.edunovaai.com/EDU2026-001615.pdf
616,16,EDU2026-001616,2026-04-03,https://certificates.edunovaai.com/EDU2026-001616.pdf
617,17,EDU2026-001617,2026-03-15,https://certificates.edunovaai.com/EDU2026-001617.pdf
618,18,EDU2026-001618,2026-10-17,https://certificates.edunovaai.com/EDU2026-001618.pdf
619,19,EDU2026-001619,2026-12-03,https://certificates.edunovaai.com/EDU2026-001619.pdf
620,20,EDU2026-001620,2026-07-25,https://certificates.edunovaai.com/EDU2026-001620.pdf
621,21,EDU2026-001621,2026-02-05,https://certificates.edunovaai.com/EDU2026-001621.pdf
622,22,EDU2026-001622,2026-03-14,https://certificates.edunovaai.com/EDU2026-001622.pdf
623,23,EDU2026-001623,2026-11-21,https://certificates.edunovaai.com/EDU2026-001623.pdf
624,24,EDU2026-001624,2026-01-16,https://certificates.edunovaai.com/EDU2026-001624.pdf
625,25,EDU2026-001625,2026-02-16,https://certificates.edunovaai.com/EDU2026-001625.pdf
626,26,EDU2026-001626,2026-09-29,https://certificates.edunovaai.com/EDU2026-001626.pdf
627,27,EDU2026-001627,2026-04-21,https://certificates.edunovaai.com/EDU2026-001627.pdf
628,28,EDU2026-001628,2026-07-12,https://certificates.edunovaai.com/EDU2026-001628.pdf
629,29,EDU2026-001629,2026-08-03,https://certificates.edunovaai.com/EDU2026-001629.pdf
630,30,EDU2026-001630,2026-08-21,https://certificates.edunovaai.com/EDU2026-001630.pdf
631,31,EDU2026-001631,2026-06-24,https://certificates.edunovaai.com/EDU2026-001631.pdf
632,32,EDU2026-001632,2026-03-22,https://certificates.edunovaai.com/EDU2026-001632.pdf
633,33,EDU2026-001633,2026-07-09,https://certificates.edunovaai.com/EDU2026-001633.pdf
634,34,EDU2026-001634,2026-06-09,https://certificates.edunovaai.com/EDU2026-001634.pdf
635,35,EDU2026-001635,2026-06-16,https://certificates.edunovaai.com/EDU2026-001635.pdf
636,36,EDU2026-001636,2026-10-18,https://certificates.edunovaai.com/EDU2026-001636.pdf
637,37,EDU2026-001637,2026-11-02,https://certificates.edunovaai.com/EDU2026-001637.pdf
638,38,EDU2026-001638,2026-02-13,https://certificates.edunovaai.com/EDU2026-001638.pdf
639,39,EDU2026-001639,2026-01-27,https://certificates.edunovaai.com/EDU2026-001639.pdf
640,40,EDU2026-001640,2026-03-21,https://certificates.edunovaai.com/EDU2026-001640.pdf
641,41,EDU2026-001641,2026-03-22,https://certificates.edunovaai.com/EDU2026-001641.pdf
642,42,EDU2026-001642,2026-11-13,https://certificates.edunovaai.com/EDU2026-001642.pdf
643,43,EDU2026-001643,2026-01-26,https://certificates.edunovaai.com/EDU2026-001643.pdf
644,44,EDU2026-001644,2026-12-12,https://certificates.edunovaai.com/EDU2026-001644.pdf
645,45,EDU2026-001645,2026-02-11,https://certificates.edunovaai.com/EDU2026-001645.pdf
646,46,EDU2026-001646,2026-05-20,https://certificates.edunovaai.com/EDU2026-001646.pdf
647,47,EDU2026-001647,2026-08-15,https://certificates.edunovaai.com/EDU2026-001647.pdf
648,48,EDU2026-001648,2026-12-05,https://certificates.edunovaai.com/EDU2026-001648.pdf
649,49,EDU2026-001649,2026-08-06,https://certificates.edunovaai.com/EDU2026-001649.pdf
650,50,EDU2026-001650,2026-09-06,https://certificates.edunovaai.com/EDU2026-001650.pdf
651,51,EDU2026-001651,2026-11-07,https://certificates.edunovaai.com/EDU2026-001651.pdf
652,52,EDU2026-001652,2026-08-15,https://certificates.edunovaai.com/EDU2026-001652.pdf
653,53,EDU2026-001653,2026-08-01,https://certificates.edunovaai.com/EDU2026-001653.pdf
654,54,EDU2026-001654,2026-05-20,https://certificates.edunovaai.com/EDU2026-001654.pdf
655,55,EDU2026-001655,2026-04-21,https://certificates.edunovaai.com/EDU2026-001655.pdf
656,56,EDU2026-001656,2026-09-20,https://certificates.edunovaai.com/EDU2026-001656.pdf
657,57,EDU2026-001657,2026-02-28,https://certificates.edunovaai.com/EDU2026-001657.pdf
658,58,EDU2026-001658,2026-06-26,https://certificates.edunovaai.com/EDU2026-001658.pdf
659,59,EDU2026-001659,2026-08-09,https://certificates.edunovaai.com/EDU2026-001659.pdf
660,60,EDU2026-001660,2026-02-26,https://certificates.edunovaai.com/EDU2026-001660.pdf
661,61,EDU2026-001661,2026-05-26,https://certificates.edunovaai.com/EDU2026-001661.pdf
662,62,EDU2026-001662,2026-12-14,https://certificates.edunovaai.com/EDU2026-001662.pdf
663,63,EDU2026-001663,2026-12-14,https://certificates.edunovaai.com/EDU2026-001663.pdf
664,64,EDU2026-001664,2026-10-31,https://certificates.edunovaai.com/EDU2026-001664.pdf
665,65,EDU2026-001665,2026-09-07,https://certificates.edunovaai.com/EDU2026-001665.pdf
666,66,EDU2026-001666,2026-09-27,https://certificates.edunovaai.com/EDU2026-001666.pdf
667,67,EDU2026-001667,2026-12-08,https://certificates.edunovaai.com/EDU2026-001667.pdf
668,68,EDU2026-001668,2026-06-07,https://certificates.edunovaai.com/EDU2026-001668.pdf
669,69,EDU2026-001669,2026-01-24,https://certificates.edunovaai.com/EDU2026-001669.pdf
670,70,EDU2026-001670,2026-04-23,https://certificates.edunovaai.com/EDU2026-001670.pdf
671,71,EDU2026-001671,2026-07-22,https://certificates.edunovaai.com/EDU2026-001671.pdf
672,72,EDU2026-001672,2026-11-03,https://certificates.edunovaai.com/EDU2026-001672.pdf
673,73,EDU2026-001673,2026-01-29,https://certificates.edunovaai.com/EDU2026-001673.pdf
674,74,EDU2026-001674,2026-01-04,https://certificates.edunovaai.com/EDU2026-001674.pdf
675,75,EDU2026-001675,2026-04-15,https://certificates.edunovaai.com/EDU2026-001675.pdf
676,76,EDU2026-001676,2026-06-04,https://certificates.edunovaai.com/EDU2026-001676.pdf
677,77,EDU2026-001677,2026-04-19,https://certificates.edunovaai.com/EDU2026-001677.pdf
678,78,EDU2026-001678,2026-03-12,https://certificates.edunovaai.com/EDU2026-001678.pdf
679,79,EDU2026-001679,2026-05-11,https://certificates.edunovaai.com/EDU2026-001679.pdf
680,80,EDU2026-001680,2026-05-29,https://certificates.edunovaai.com/EDU2026-001680.pdf
681,81,EDU2026-001681,2026-06-17,https://certificates.edunovaai.com/EDU2026-001681.pdf
682,82,EDU2026-001682,2026-03-03,https://certificates.edunovaai.com/EDU2026-001682.pdf
683,83,EDU2026-001683,2026-01-04,https://certificates.edunovaai.com/EDU2026-001683.pdf
684,84,EDU2026-001684,2026-09-12,https://certificates.edunovaai.com/EDU2026-001684.pdf
685,85,EDU2026-001685,2026-08-09,https://certificates.edunovaai.com/EDU2026-001685.pdf
686,86,EDU2026-001686,2026-03-31,https://certificates.edunovaai.com/EDU2026-001686.pdf
687,87,EDU2026-001687,2026-03-08,https://certificates.edunovaai.com/EDU2026-001687.pdf
688,88,EDU2026-001688,2026-07-14,https://certificates.edunovaai.com/EDU2026-001688.pdf
689,89,EDU2026-001689,2026-09-30,https://certificates.edunovaai.com/EDU2026-001689.pdf
690,90,EDU2026-001690,2026-12-27,https://certificates.edunovaai.com/EDU2026-001690.pdf
691,91,EDU2026-001691,2026-04-28,https://certificates.edunovaai.com/EDU2026-001691.pdf
692,92,EDU2026-001692,2026-09-14,https://certificates.edunovaai.com/EDU2026-001692.pdf
693,93,EDU2026-001693,2026-10-14,https://certificates.edunovaai.com/EDU2026-001693.pdf
694,94,EDU2026-001694,2026-12-09,https://certificates.edunovaai.com/EDU2026-001694.pdf
695,95,EDU2026-001695,2026-07-01,https://certificates.edunovaai.com/EDU2026-001695.pdf
696,96,EDU2026-001696,2026-02-06,https://certificates.edunovaai.com/EDU2026-001696.pdf
697,97,EDU2026-001697,2026-07-23,https://certificates.edunovaai.com/EDU2026-001697.pdf
698,98,EDU2026-001698,2026-01-22,https://certificates.edunovaai.com/EDU2026-001698.pdf
699,99,EDU2026-001699,2026-08-12,https://certificates.edunovaai.com/EDU2026-001699.pdf
700,100,EDU2026-001700,2026-01-10,https://certificates.edunovaai.com/EDU2026-001700.pdf
701,1,EDU2026-001701,2026-08-24,https://certificates.edunovaai.com/EDU2026-001701.pdf
702,2,EDU2026-001702,2026-02-09,https://certificates.edunovaai.com/EDU2026-001702.pdf
703,3,EDU2026-001703,2026-06-10,https://certificates.edunovaai.com/EDU2026-001703.pdf
704,4,EDU2026-001704,2026-10-22,https://certificates.edunovaai.com/EDU2026-001704.pdf
705,5,EDU2026-001705,2026-08-08,https://certificates.edunovaai.com/EDU2026-001705.pdf
706,6,EDU2026-001706,2026-10-21,https://certificates.edunovaai.com/EDU2026-001706.pdf
707,7,EDU2026-001707,2026-07-27,https://certificates.edunovaai.com/EDU2026-001707.pdf
708,8,EDU2026-001708,2026-12-30,https://certificates.edunovaai.com/EDU2026-001708.pdf
709,9,EDU2026-001709,2026-11-24,https://certificates.edunovaai.com/EDU2026-001709.pdf
710,10,EDU2026-001710,2026-08-02,https://certificates.edunovaai.com/EDU2026-001710.pdf
711,11,EDU2026-001711,2026-05-29,https://certificates.edunovaai.com/EDU2026-001711.pdf
712,12,EDU2026-001712,2026-02-28,https://certificates.edunovaai.com/EDU2026-001712.pdf
713,13,EDU2026-001713,2026-07-27,https://certificates.edunovaai.com/EDU2026-001713.pdf
714,14,EDU2026-001714,2026-01-11,https://certificates.edunovaai.com/EDU2026-001714.pdf
715,15,EDU2026-001715,2026-06-16,https://certificates.edunovaai.com/EDU2026-001715.pdf
716,16,EDU2026-001716,2026-03-29,https://certificates.edunovaai.com/EDU2026-001716.pdf
717,17,EDU2026-001717,2026-11-13,https://certificates.edunovaai.com/EDU2026-001717.pdf
718,18,EDU2026-001718,2026-08-24,https://certificates.edunovaai.com/EDU2026-001718.pdf
719,19,EDU2026-001719,2026-12-20,https://certificates.edunovaai.com/EDU2026-001719.pdf
720,20,EDU2026-001720,2026-07-05,https://certificates.edunovaai.com/EDU2026-001720.pdf
721,21,EDU2026-001721,2026-02-15,https://certificates.edunovaai.com/EDU2026-001721.pdf
722,22,EDU2026-001722,2026-08-12,https://certificates.edunovaai.com/EDU2026-001722.pdf
723,23,EDU2026-001723,2026-02-24,https://certificates.edunovaai.com/EDU2026-001723.pdf
724,24,EDU2026-001724,2026-05-05,https://certificates.edunovaai.com/EDU2026-001724.pdf
725,25,EDU2026-001725,2026-08-12,https://certificates.edunovaai.com/EDU2026-001725.pdf
726,26,EDU2026-001726,2026-10-29,https://certificates.edunovaai.com/EDU2026-001726.pdf
727,27,EDU2026-001727,2026-07-25,https://certificates.edunovaai.com/EDU2026-001727.pdf
728,28,EDU2026-001728,2026-09-26,https://certificates.edunovaai.com/EDU2026-001728.pdf
729,29,EDU2026-001729,2026-02-10,https://certificates.edunovaai.com/EDU2026-001729.pdf
730,30,EDU2026-001730,2026-07-22,https://certificates.edunovaai.com/EDU2026-001730.pdf
731,31,EDU2026-001731,2026-06-08,https://certificates.edunovaai.com/EDU2026-001731.pdf
732,32,EDU2026-001732,2026-06-23,https://certificates.edunovaai.com/EDU2026-001732.pdf
733,33,EDU2026-001733,2026-04-24,https://certificates.edunovaai.com/EDU2026-001733.pdf
734,34,EDU2026-001734,2026-06-20,https://certificates.edunovaai.com/EDU2026-001734.pdf
735,35,EDU2026-001735,2026-03-28,https://certificates.edunovaai.com/EDU2026-001735.pdf
736,36,EDU2026-001736,2026-02-09,https://certificates.edunovaai.com/EDU2026-001736.pdf
737,37,EDU2026-001737,2026-09-19,https://certificates.edunovaai.com/EDU2026-001737.pdf
738,38,EDU2026-001738,2026-11-21,https://certificates.edunovaai.com/EDU2026-001738.pdf
739,39,EDU2026-001739,2026-02-28,https://certificates.edunovaai.com/EDU2026-001739.pdf
740,40,EDU2026-001740,2026-09-29,https://certificates.edunovaai.com/EDU2026-001740.pdf
741,41,EDU2026-001741,2026-09-19,https://certificates.edunovaai.com/EDU2026-001741.pdf
742,42,EDU2026-001742,2026-04-10,https://certificates.edunovaai.com/EDU2026-001742.pdf
743,43,EDU2026-001743,2026-06-28,https://certificates.edunovaai.com/EDU2026-001743.pdf
744,44,EDU2026-001744,2026-06-29,https://certificates.edunovaai.com/EDU2026-001744.pdf
745,45,EDU2026-001745,2026-11-27,https://certificates.edunovaai.com/EDU2026-001745.pdf
746,46,EDU2026-001746,2026-03-17,https://certificates.edunovaai.com/EDU2026-001746.pdf
747,47,EDU2026-001747,2026-05-01,https://certificates.edunovaai.com/EDU2026-001747.pdf
748,48,EDU2026-001748,2026-02-22,https://certificates.edunovaai.com/EDU2026-001748.pdf
749,49,EDU2026-001749,2026-03-16,https://certificates.edunovaai.com/EDU2026-001749.pdf
750,50,EDU2026-001750,2026-05-12,https://certificates.edunovaai.com/EDU2026-001750.pdf
751,51,EDU2026-001751,2026-04-12,https://certificates.edunovaai.com/EDU2026-001751.pdf
752,52,EDU2026-001752,2026-03-30,https://certificates.edunovaai.com/EDU2026-001752.pdf
753,53,EDU2026-001753,2026-11-05,https://certificates.edunovaai.com/EDU2026-001753.pdf
754,54,EDU2026-001754,2026-03-20,https://certificates.edunovaai.com/EDU2026-001754.pdf
755,55,EDU2026-001755,2026-12-02,https://certificates.edunovaai.com/EDU2026-001755.pdf
756,56,EDU2026-001756,2026-02-08,https://certificates.edunovaai.com/EDU2026-001756.pdf
757,57,EDU2026-001757,2026-04-01,https://certificates.edunovaai.com/EDU2026-001757.pdf
758,58,EDU2026-001758,2026-11-18,https://certificates.edunovaai.com/EDU2026-001758.pdf
759,59,EDU2026-001759,2026-09-10,https://certificates.edunovaai.com/EDU2026-001759.pdf
760,60,EDU2026-001760,2026-08-26,https://certificates.edunovaai.com/EDU2026-001760.pdf
761,61,EDU2026-001761,2026-10-16,https://certificates.edunovaai.com/EDU2026-001761.pdf
762,62,EDU2026-001762,2026-10-24,https://certificates.edunovaai.com/EDU2026-001762.pdf
763,63,EDU2026-001763,2026-08-18,https://certificates.edunovaai.com/EDU2026-001763.pdf
764,64,EDU2026-001764,2026-12-15,https://certificates.edunovaai.com/EDU2026-001764.pdf
765,65,EDU2026-001765,2026-10-17,https://certificates.edunovaai.com/EDU2026-001765.pdf
766,66,EDU2026-001766,2026-11-26,https://certificates.edunovaai.com/EDU2026-001766.pdf
767,67,EDU2026-001767,2026-11-22,https://certificates.edunovaai.com/EDU2026-001767.pdf
768,68,EDU2026-001768,2026-11-16,https://certificates.edunovaai.com/EDU2026-001768.pdf
769,69,EDU2026-001769,2026-06-15,https://certificates.edunovaai.com/EDU2026-001769.pdf
770,70,EDU2026-001770,2026-11-18,https://certificates.edunovaai.com/EDU2026-001770.pdf
771,71,EDU2026-001771,2026-06-11,https://certificates.edunovaai.com/EDU2026-001771.pdf
772,72,EDU2026-001772,2026-03-19,https://certificates.edunovaai.com/EDU2026-001772.pdf
773,73,EDU2026-001773,2026-08-14,https://certificates.edunovaai.com/EDU2026-001773.pdf
774,74,EDU2026-001774,2026-02-04,https://certificates.edunovaai.com/EDU2026-001774.pdf
775,75,EDU2026-001775,2026-08-29,https://certificates.edunovaai.com/EDU2026-001775.pdf
776,76,EDU2026-001776,2026-08-15,https://certificates.edunovaai.com/EDU2026-001776.pdf
777,77,EDU2026-001777,2026-11-20,https://certificates.edunovaai.com/EDU2026-001777.pdf
778,78,EDU2026-001778,2026-06-05,https://certificates.edunovaai.com/EDU2026-001778.pdf
779,79,EDU2026-001779,2026-05-21,https://certificates.edunovaai.com/EDU2026-001779.pdf
780,80,EDU2026-001780,2026-10-30,https://certificates.edunovaai.com/EDU2026-001780.pdf
781,81,EDU2026-001781,2026-01-29,https://certificates.edunovaai.com/EDU2026-001781.pdf
782,82,EDU2026-001782,2026-06-30,https://certificates.edunovaai.com/EDU2026-001782.pdf
783,83,EDU2026-001783,2026-09-17,https://certificates.edunovaai.com/EDU2026-001783.pdf
784,84,EDU2026-001784,2026-02-07,https://certificates.edunovaai.com/EDU2026-001784.pdf
785,85,EDU2026-001785,2026-06-08,https://certificates.edunovaai.com/EDU2026-001785.pdf
786,86,EDU2026-001786,2026-08-25,https://certificates.edunovaai.com/EDU2026-001786.pdf
787,87,EDU2026-001787,2026-08-20,https://certificates.edunovaai.com/EDU2026-001787.pdf
788,88,EDU2026-001788,2026-01-20,https://certificates.edunovaai.com/EDU2026-001788.pdf
789,89,EDU2026-001789,2026-01-30,https://certificates.edunovaai.com/EDU2026-001789.pdf
790,90,EDU2026-001790,2026-07-08,https://certificates.edunovaai.com/EDU2026-001790.pdf
791,91,EDU2026-001791,2026-05-27,https://certificates.edunovaai.com/EDU2026-001791.pdf
792,92,EDU2026-001792,2026-02-09,https://certificates.edunovaai.com/EDU2026-001792.pdf
793,93,EDU2026-001793,2026-11-27,https://certificates.edunovaai.com/EDU2026-001793.pdf
794,94,EDU2026-001794,2026-02-16,https://certificates.edunovaai.com/EDU2026-001794.pdf
795,95,EDU2026-001795,2026-11-11,https://certificates.edunovaai.com/EDU2026-001795.pdf
796,96,EDU2026-001796,2026-11-01,https://certificates.edunovaai.com/EDU2026-001796.pdf
797,97,EDU2026-001797,2026-09-17,https://certificates.edunovaai.com/EDU2026-001797.pdf
798,98,EDU2026-001798,2026-07-16,https://certificates.edunovaai.com/EDU2026-001798.pdf
799,99,EDU2026-001799,2026-08-25,https://certificates.edunovaai.com/EDU2026-001799.pdf
800,100,EDU2026-001800,2026-10-25,https://certificates.edunovaai.com/EDU2026-001800.pdf
801,1,EDU2026-001801,2026-10-11,https://certificates.edunovaai.com/EDU2026-001801.pdf
802,2,EDU2026-001802,2026-01-22,https://certificates.edunovaai.com/EDU2026-001802.pdf
803,3,EDU2026-001803,2026-08-19,https://certificates.edunovaai.com/EDU2026-001803.pdf
804,4,EDU2026-001804,2026-10-20,https://certificates.edunovaai.com/EDU2026-001804.pdf
805,5,EDU2026-001805,2026-11-30,https://certificates.edunovaai.com/EDU2026-001805.pdf
806,6,EDU2026-001806,2026-04-07,https://certificates.edunovaai.com/EDU2026-001806.pdf
807,7,EDU2026-001807,2026-06-14,https://certificates.edunovaai.com/EDU2026-001807.pdf
808,8,EDU2026-001808,2026-11-06,https://certificates.edunovaai.com/EDU2026-001808.pdf
809,9,EDU2026-001809,2026-09-01,https://certificates.edunovaai.com/EDU2026-001809.pdf
810,10,EDU2026-001810,2026-09-14,https://certificates.edunovaai.com/EDU2026-001810.pdf
811,11,EDU2026-001811,2026-03-19,https://certificates.edunovaai.com/EDU2026-001811.pdf
812,12,EDU2026-001812,2026-02-01,https://certificates.edunovaai.com/EDU2026-001812.pdf
813,13,EDU2026-001813,2026-08-19,https://certificates.edunovaai.com/EDU2026-001813.pdf
814,14,EDU2026-001814,2026-02-22,https://certificates.edunovaai.com/EDU2026-001814.pdf
815,15,EDU2026-001815,2026-06-25,https://certificates.edunovaai.com/EDU2026-001815.pdf
816,16,EDU2026-001816,2027-01-01,https://certificates.edunovaai.com/EDU2026-001816.pdf
817,17,EDU2026-001817,2026-02-13,https://certificates.edunovaai.com/EDU2026-001817.pdf
818,18,EDU2026-001818,2026-09-16,https://certificates.edunovaai.com/EDU2026-001818.pdf
819,19,EDU2026-001819,2026-11-27,https://certificates.edunovaai.com/EDU2026-001819.pdf
820,20,EDU2026-001820,2026-03-30,https://certificates.edunovaai.com/EDU2026-001820.pdf
821,21,EDU2026-001821,2026-01-21,https://certificates.edunovaai.com/EDU2026-001821.pdf
822,22,EDU2026-001822,2026-05-07,https://certificates.edunovaai.com/EDU2026-001822.pdf
823,23,EDU2026-001823,2026-12-29,https://certificates.edunovaai.com/EDU2026-001823.pdf
824,24,EDU2026-001824,2026-08-13,https://certificates.edunovaai.com/EDU2026-001824.pdf
825,25,EDU2026-001825,2026-08-13,https://certificates.edunovaai.com/EDU2026-001825.pdf
826,26,EDU2026-001826,2026-09-26,https://certificates.edunovaai.com/EDU2026-001826.pdf
827,27,EDU2026-001827,2026-09-25,https://certificates.edunovaai.com/EDU2026-001827.pdf
828,28,EDU2026-001828,2026-11-09,https://certificates.edunovaai.com/EDU2026-001828.pdf
829,29,EDU2026-001829,2026-03-23,https://certificates.edunovaai.com/EDU2026-001829.pdf
830,30,EDU2026-001830,2026-07-06,https://certificates.edunovaai.com/EDU2026-001830.pdf
831,31,EDU2026-001831,2026-07-10,https://certificates.edunovaai.com/EDU2026-001831.pdf
832,32,EDU2026-001832,2026-05-25,https://certificates.edunovaai.com/EDU2026-001832.pdf
833,33,EDU2026-001833,2026-07-18,https://certificates.edunovaai.com/EDU2026-001833.pdf
834,34,EDU2026-001834,2026-07-29,https://certificates.edunovaai.com/EDU2026-001834.pdf
835,35,EDU2026-001835,2026-06-23,https://certificates.edunovaai.com/EDU2026-001835.pdf
836,36,EDU2026-001836,2026-12-14,https://certificates.edunovaai.com/EDU2026-001836.pdf
837,37,EDU2026-001837,2026-11-03,https://certificates.edunovaai.com/EDU2026-001837.pdf
838,38,EDU2026-001838,2026-01-27,https://certificates.edunovaai.com/EDU2026-001838.pdf
839,39,EDU2026-001839,2026-11-20,https://certificates.edunovaai.com/EDU2026-001839.pdf
840,40,EDU2026-001840,2026-11-28,https://certificates.edunovaai.com/EDU2026-001840.pdf
841,41,EDU2026-001841,2026-06-21,https://certificates.edunovaai.com/EDU2026-001841.pdf
842,42,EDU2026-001842,2026-02-03,https://certificates.edunovaai.com/EDU2026-001842.pdf
843,43,EDU2026-001843,2026-06-18,https://certificates.edunovaai.com/EDU2026-001843.pdf
844,44,EDU2026-001844,2026-02-18,https://certificates.edunovaai.com/EDU2026-001844.pdf
845,45,EDU2026-001845,2026-10-13,https://certificates.edunovaai.com/EDU2026-001845.pdf
846,46,EDU2026-001846,2026-12-14,https://certificates.edunovaai.com/EDU2026-001846.pdf
847,47,EDU2026-001847,2026-07-17,https://certificates.edunovaai.com/EDU2026-001847.pdf
848,48,EDU2026-001848,2026-05-26,https://certificates.edunovaai.com/EDU2026-001848.pdf
849,49,EDU2026-001849,2026-05-10,https://certificates.edunovaai.com/EDU2026-001849.pdf
850,50,EDU2026-001850,2026-12-03,https://certificates.edunovaai.com/EDU2026-001850.pdf
851,51,EDU2026-001851,2026-11-05,https://certificates.edunovaai.com/EDU2026-001851.pdf
852,52,EDU2026-001852,2026-03-18,https://certificates.edunovaai.com/EDU2026-001852.pdf
853,53,EDU2026-001853,2026-06-20,https://certificates.edunovaai.com/EDU2026-001853.pdf
854,54,EDU2026-001854,2026-02-11,https://certificates.edunovaai.com/EDU2026-001854.pdf
855,55,EDU2026-001855,2026-10-26,https://certificates.edunovaai.com/EDU2026-001855.pdf
856,56,EDU2026-001856,2026-12-06,https://certificates.edunovaai.com/EDU2026-001856.pdf
857,57,EDU2026-001857,2026-03-14,https://certificates.edunovaai.com/EDU2026-001857.pdf
858,58,EDU2026-001858,2026-06-29,https://certificates.edunovaai.com/EDU2026-001858.pdf
859,59,EDU2026-001859,2026-06-08,https://certificates.edunovaai.com/EDU2026-001859.pdf
860,60,EDU2026-001860,2026-12-02,https://certificates.edunovaai.com/EDU2026-001860.pdf
861,61,EDU2026-001861,2026-12-24,https://certificates.edunovaai.com/EDU2026-001861.pdf
862,62,EDU2026-001862,2026-12-06,https://certificates.edunovaai.com/EDU2026-001862.pdf
863,63,EDU2026-001863,2026-07-20,https://certificates.edunovaai.com/EDU2026-001863.pdf
864,64,EDU2026-001864,2026-03-08,https://certificates.edunovaai.com/EDU2026-001864.pdf
865,65,EDU2026-001865,2026-11-01,https://certificates.edunovaai.com/EDU2026-001865.pdf
866,66,EDU2026-001866,2026-12-29,https://certificates.edunovaai.com/EDU2026-001866.pdf
867,67,EDU2026-001867,2026-02-13,https://certificates.edunovaai.com/EDU2026-001867.pdf
868,68,EDU2026-001868,2026-06-08,https://certificates.edunovaai.com/EDU2026-001868.pdf
869,69,EDU2026-001869,2026-10-14,https://certificates.edunovaai.com/EDU2026-001869.pdf
870,70,EDU2026-001870,2026-07-12,https://certificates.edunovaai.com/EDU2026-001870.pdf
871,71,EDU2026-001871,2026-11-26,https://certificates.edunovaai.com/EDU2026-001871.pdf
872,72,EDU2026-001872,2026-06-18,https://certificates.edunovaai.com/EDU2026-001872.pdf
873,73,EDU2026-001873,2026-03-07,https://certificates.edunovaai.com/EDU2026-001873.pdf
874,74,EDU2026-001874,2026-12-10,https://certificates.edunovaai.com/EDU2026-001874.pdf
875,75,EDU2026-001875,2026-12-26,https://certificates.edunovaai.com/EDU2026-001875.pdf
876,76,EDU2026-001876,2026-12-17,https://certificates.edunovaai.com/EDU2026-001876.pdf
877,77,EDU2026-001877,2026-09-27,https://certificates.edunovaai.com/EDU2026-001877.pdf
878,78,EDU2026-001878,2026-02-17,https://certificates.edunovaai.com/EDU2026-001878.pdf
879,79,EDU2026-001879,2026-11-27,https://certificates.edunovaai.com/EDU2026-001879.pdf
880,80,EDU2026-001880,2026-12-10,https://certificates.edunovaai.com/EDU2026-001880.pdf
881,81,EDU2026-001881,2026-08-05,https://certificates.edunovaai.com/EDU2026-001881.pdf
882,82,EDU2026-001882,2026-09-18,https://certificates.edunovaai.com/EDU2026-001882.pdf
883,83,EDU2026-001883,2026-07-05,https://certificates.edunovaai.com/EDU2026-001883.pdf
884,84,EDU2026-001884,2026-01-10,https://certificates.edunovaai.com/EDU2026-001884.pdf
885,85,EDU2026-001885,2026-07-05,https://certificates.edunovaai.com/EDU2026-001885.pdf
886,86,EDU2026-001886,2026-06-08,https://certificates.edunovaai.com/EDU2026-001886.pdf
887,87,EDU2026-001887,2026-04-03,https://certificates.edunovaai.com/EDU2026-001887.pdf
888,88,EDU2026-001888,2026-04-20,https://certificates.edunovaai.com/EDU2026-001888.pdf
889,89,EDU2026-001889,2026-06-24,https://certificates.edunovaai.com/EDU2026-001889.pdf
890,90,EDU2026-001890,2026-09-06,https://certificates.edunovaai.com/EDU2026-001890.pdf
891,91,EDU2026-001891,2026-04-09,https://certificates.edunovaai.com/EDU2026-001891.pdf
892,92,EDU2026-001892,2026-04-26,https://certificates.edunovaai.com/EDU2026-001892.pdf
893,93,EDU2026-001893,2026-03-12,https://certificates.edunovaai.com/EDU2026-001893.pdf
894,94,EDU2026-001894,2026-03-21,https://certificates.edunovaai.com/EDU2026-001894.pdf
895,95,EDU2026-001895,2026-02-09,https://certificates.edunovaai.com/EDU2026-001895.pdf
896,96,EDU2026-001896,2026-06-01,https://certificates.edunovaai.com/EDU2026-001896.pdf
897,97,EDU2026-001897,2026-02-21,https://certificates.edunovaai.com/EDU2026-001897.pdf
898,98,EDU2026-001898,2026-09-17,https://certificates.edunovaai.com/EDU2026-001898.pdf
899,99,EDU2026-001899,2026-10-04,https://certificates.edunovaai.com/EDU2026-001899.pdf
900,100,EDU2026-001900,2026-09-27,https://certificates.edunovaai.com/EDU2026-001900.pdf
901,1,EDU2026-001901,2026-01-20,https://certificates.edunovaai.com/EDU2026-001901.pdf
902,2,EDU2026-001902,2026-12-05,https://certificates.edunovaai.com/EDU2026-001902.pdf
903,3,EDU2026-001903,2026-06-22,https://certificates.edunovaai.com/EDU2026-001903.pdf
904,4,EDU2026-001904,2026-11-13,https://certificates.edunovaai.com/EDU2026-001904.pdf
905,5,EDU2026-001905,2026-03-09,https://certificates.edunovaai.com/EDU2026-001905.pdf
906,6,EDU2026-001906,2026-11-02,https://certificates.edunovaai.com/EDU2026-001906.pdf
907,7,EDU2026-001907,2026-07-12,https://certificates.edunovaai.com/EDU2026-001907.pdf
908,8,EDU2026-001908,2026-03-20,https://certificates.edunovaai.com/EDU2026-001908.pdf
909,9,EDU2026-001909,2026-03-25,https://certificates.edunovaai.com/EDU2026-001909.pdf
910,10,EDU2026-001910,2026-04-03,https://certificates.edunovaai.com/EDU2026-001910.pdf
911,11,EDU2026-001911,2026-12-21,https://certificates.edunovaai.com/EDU2026-001911.pdf
912,12,EDU2026-001912,2026-11-16,https://certificates.edunovaai.com/EDU2026-001912.pdf
913,13,EDU2026-001913,2026-03-26,https://certificates.edunovaai.com/EDU2026-001913.pdf
914,14,EDU2026-001914,2026-08-13,https://certificates.edunovaai.com/EDU2026-001914.pdf
915,15,EDU2026-001915,2026-01-23,https://certificates.edunovaai.com/EDU2026-001915.pdf
916,16,EDU2026-001916,2026-07-30,https://certificates.edunovaai.com/EDU2026-001916.pdf
917,17,EDU2026-001917,2026-07-06,https://certificates.edunovaai.com/EDU2026-001917.pdf
918,18,EDU2026-001918,2026-12-13,https://certificates.edunovaai.com/EDU2026-001918.pdf
919,19,EDU2026-001919,2026-05-02,https://certificates.edunovaai.com/EDU2026-001919.pdf
920,20,EDU2026-001920,2026-08-16,https://certificates.edunovaai.com/EDU2026-001920.pdf
921,21,EDU2026-001921,2026-11-09,https://certificates.edunovaai.com/EDU2026-001921.pdf
922,22,EDU2026-001922,2026-05-26,https://certificates.edunovaai.com/EDU2026-001922.pdf
923,23,EDU2026-001923,2026-08-18,https://certificates.edunovaai.com/EDU2026-001923.pdf
924,24,EDU2026-001924,2026-04-30,https://certificates.edunovaai.com/EDU2026-001924.pdf
925,25,EDU2026-001925,2026-10-01,https://certificates.edunovaai.com/EDU2026-001925.pdf
926,26,EDU2026-001926,2026-05-03,https://certificates.edunovaai.com/EDU2026-001926.pdf
927,27,EDU2026-001927,2026-06-08,https://certificates.edunovaai.com/EDU2026-001927.pdf
928,28,EDU2026-001928,2026-08-29,https://certificates.edunovaai.com/EDU2026-001928.pdf
929,29,EDU2026-001929,2026-04-10,https://certificates.edunovaai.com/EDU2026-001929.pdf
930,30,EDU2026-001930,2026-07-08,https://certificates.edunovaai.com/EDU2026-001930.pdf
931,31,EDU2026-001931,2026-12-14,https://certificates.edunovaai.com/EDU2026-001931.pdf
932,32,EDU2026-001932,2026-10-20,https://certificates.edunovaai.com/EDU2026-001932.pdf
933,33,EDU2026-001933,2026-08-14,https://certificates.edunovaai.com/EDU2026-001933.pdf
934,34,EDU2026-001934,2026-08-25,https://certificates.edunovaai.com/EDU2026-001934.pdf
935,35,EDU2026-001935,2026-05-25,https://certificates.edunovaai.com/EDU2026-001935.pdf
936,36,EDU2026-001936,2026-07-15,https://certificates.edunovaai.com/EDU2026-001936.pdf
937,37,EDU2026-001937,2026-09-15,https://certificates.edunovaai.com/EDU2026-001937.pdf
938,38,EDU2026-001938,2026-09-28,https://certificates.edunovaai.com/EDU2026-001938.pdf
939,39,EDU2026-001939,2026-08-03,https://certificates.edunovaai.com/EDU2026-001939.pdf
940,40,EDU2026-001940,2026-03-24,https://certificates.edunovaai.com/EDU2026-001940.pdf
941,41,EDU2026-001941,2026-04-13,https://certificates.edunovaai.com/EDU2026-001941.pdf
942,42,EDU2026-001942,2026-11-06,https://certificates.edunovaai.com/EDU2026-001942.pdf
943,43,EDU2026-001943,2026-03-12,https://certificates.edunovaai.com/EDU2026-001943.pdf
944,44,EDU2026-001944,2026-05-09,https://certificates.edunovaai.com/EDU2026-001944.pdf
945,45,EDU2026-001945,2026-01-27,https://certificates.edunovaai.com/EDU2026-001945.pdf
946,46,EDU2026-001946,2026-11-25,https://certificates.edunovaai.com/EDU2026-001946.pdf
947,47,EDU2026-001947,2026-09-04,https://certificates.edunovaai.com/EDU2026-001947.pdf
948,48,EDU2026-001948,2026-07-10,https://certificates.edunovaai.com/EDU2026-001948.pdf
949,49,EDU2026-001949,2026-10-11,https://certificates.edunovaai.com/EDU2026-001949.pdf
950,50,EDU2026-001950,2026-02-22,https://certificates.edunovaai.com/EDU2026-001950.pdf
951,51,EDU2026-001951,2026-12-31,https://certificates.edunovaai.com/EDU2026-001951.pdf
952,52,EDU2026-001952,2026-09-22,https://certificates.edunovaai.com/EDU2026-001952.pdf
953,53,EDU2026-001953,2026-03-05,https://certificates.edunovaai.com/EDU2026-001953.pdf
954,54,EDU2026-001954,2026-05-26,https://certificates.edunovaai.com/EDU2026-001954.pdf
955,55,EDU2026-001955,2026-02-12,https://certificates.edunovaai.com/EDU2026-001955.pdf
956,56,EDU2026-001956,2026-03-24,https://certificates.edunovaai.com/EDU2026-001956.pdf
957,57,EDU2026-001957,2026-05-20,https://certificates.edunovaai.com/EDU2026-001957.pdf
958,58,EDU2026-001958,2026-08-19,https://certificates.edunovaai.com/EDU2026-001958.pdf
959,59,EDU2026-001959,2026-09-20,https://certificates.edunovaai.com/EDU2026-001959.pdf
960,60,EDU2026-001960,2026-03-17,https://certificates.edunovaai.com/EDU2026-001960.pdf
961,61,EDU2026-001961,2026-08-12,https://certificates.edunovaai.com/EDU2026-001961.pdf
962,62,EDU2026-001962,2026-02-16,https://certificates.edunovaai.com/EDU2026-001962.pdf
963,63,EDU2026-001963,2026-04-24,https://certificates.edunovaai.com/EDU2026-001963.pdf
964,64,EDU2026-001964,2026-08-19,https://certificates.edunovaai.com/EDU2026-001964.pdf
965,65,EDU2026-001965,2026-06-28,https://certificates.edunovaai.com/EDU2026-001965.pdf
966,66,EDU2026-001966,2026-01-14,https://certificates.edunovaai.com/EDU2026-001966.pdf
967,67,EDU2026-001967,2026-08-01,https://certificates.edunovaai.com/EDU2026-001967.pdf
968,68,EDU2026-001968,2026-01-28,https://certificates.edunovaai.com/EDU2026-001968.pdf
969,69,EDU2026-001969,2026-07-22,https://certificates.edunovaai.com/EDU2026-001969.pdf
970,70,EDU2026-001970,2026-09-15,https://certificates.edunovaai.com/EDU2026-001970.pdf
971,71,EDU2026-001971,2026-07-11,https://certificates.edunovaai.com/EDU2026-001971.pdf
972,72,EDU2026-001972,2026-05-01,https://certificates.edunovaai.com/EDU2026-001972.pdf
973,73,EDU2026-001973,2026-07-17,https://certificates.edunovaai.com/EDU2026-001973.pdf
974,74,EDU2026-001974,2026-02-11,https://certificates.edunovaai.com/EDU2026-001974.pdf
975,75,EDU2026-001975,2026-07-11,https://certificates.edunovaai.com/EDU2026-001975.pdf
976,76,EDU2026-001976,2026-04-25,https://certificates.edunovaai.com/EDU2026-001976.pdf
977,77,EDU2026-001977,2026-01-15,https://certificates.edunovaai.com/EDU2026-001977.pdf
978,78,EDU2026-001978,2026-06-13,https://certificates.edunovaai.com/EDU2026-001978.pdf
979,79,EDU2026-001979,2026-02-20,https://certificates.edunovaai.com/EDU2026-001979.pdf
980,80,EDU2026-001980,2027-01-01,https://certificates.edunovaai.com/EDU2026-001980.pdf
981,81,EDU2026-001981,2026-11-29,https://certificates.edunovaai.com/EDU2026-001981.pdf
982,82,EDU2026-001982,2026-06-21,https://certificates.edunovaai.com/EDU2026-001982.pdf
983,83,EDU2026-001983,2026-03-16,https://certificates.edunovaai.com/EDU2026-001983.pdf
984,84,EDU2026-001984,2026-03-12,https://certificates.edunovaai.com/EDU2026-001984.pdf
985,85,EDU2026-001985,2026-01-20,https://certificates.edunovaai.com/EDU2026-001985.pdf
986,86,EDU2026-001986,2026-05-27,https://certificates.edunovaai.com/EDU2026-001986.pdf
987,87,EDU2026-001987,2026-08-30,https://certificates.edunovaai.com/EDU2026-001987.pdf
988,88,EDU2026-001988,2026-12-23,https://certificates.edunovaai.com/EDU2026-001988.pdf
989,89,EDU2026-001989,2026-03-13,https://certificates.edunovaai.com/EDU2026-001989.pdf
990,90,EDU2026-001990,2026-12-28,https://certificates.edunovaai.com/EDU2026-001990.pdf
991,91,EDU2026-001991,2026-08-29,https://certificates.edunovaai.com/EDU2026-001991.pdf
992,92,EDU2026-001992,2026-08-18,https://certificates.edunovaai.com/EDU2026-001992.pdf
993,93,EDU2026-001993,2026-11-12,https://certificates.edunovaai.com/EDU2026-001993.pdf
994,94,EDU2026-001994,2026-01-03,https://certificates.edunovaai.com/EDU2026-001994.pdf
995,95,EDU2026-001995,2026-02-10,https://certificates.edunovaai.com/EDU2026-001995.pdf
996,96,EDU2026-001996,2026-01-10,https://certificates.edunovaai.com/EDU2026-001996.pdf
997,97,EDU2026-001997,2026-05-12,https://certificates.edunovaai.com/EDU2026-001997.pdf
998,98,EDU2026-001998,2026-04-21,https://certificates.edunovaai.com/EDU2026-001998.pdf
999,99,EDU2026-001999,2026-03-18,https://certificates.edunovaai.com/EDU2026-001999.pdf
1000,100,EDU2026-002000,2026-10-08,https://certificates.edunovaai.com/EDU2026-002000.pdf
