user_id,course_id,rating,comments,feedback_date
1,1,5,Very informative and easy to follow.,2026-01-13
2,2,5,Instructor explained concepts well.,2026-05-06
3,3,3,Good practical examples.,2026-02-22
4,4,5,Great learning experience.,2026-02-14
5,5,5,Could include more real-world projects.,2026-01-17
6,6,3,Very informative and easy to follow.,2026-04-22
7,7,3,Great learning experience.,2026-11-05
8,8,3,Great learning experience.,2026-04-12
9,9,5,Great learning experience.,2026-08-03
10,10,3,Well structured and engaging.,2026-10-29
11,11,4,Excellent course with clear explanations.,2026-03-23
12,12,5,Could include more real-world projects.,2026-06-24
13,13,4,Good practical examples.,2026-04-21
14,14,4,Very informative and easy to follow.,2026-02-17
15,15,4,Very informative and easy to follow.,2026-07-03
16,16,4,Highly recommended for beginners.,2026-05-16
17,17,3,Well structured and engaging.,2026-10-02
18,18,3,Could include more real-world projects.,2026-02-10
19,19,5,Instructor explained concepts well.,2026-11-18
20,20,5,Course content was useful.,2026-10-23
21,21,3,Very informative and easy to follow.,2026-01-24
22,22,5,Loved the hands-on exercises.,2026-05-29
23,23,3,Loved the hands-on exercises.,2026-02-21
24,24,4,Instructor explained concepts well.,2026-08-21
25,25,5,Course content was useful.,2026-03-25
26,26,4,Course content was useful.,2026-04-18
27,27,5,Instructor explained concepts well.,2026-12-26
28,28,5,Very informative and easy to follow.,2026-11-08
29,29,5,Good practical examples.,2026-10-01
30,30,5,Loved the hands-on exercises.,2026-03-25
31,31,4,Could include more real-world projects.,2026-05-19
32,32,5,Great learning experience.,2026-04-23
33,33,5,Course content was useful.,2026-01-29
34,34,3,Excellent course with clear explanations.,2026-06-11
35,35,4,Instructor explained concepts well.,2026-02-03
36,36,3,Highly recommended for beginners.,2026-06-11
37,37,3,Well structured and engaging.,2026-07-22
38,38,5,Well structured and engaging.,2026-03-15
39,39,4,Good practical examples.,2026-05-07
40,40,5,Great learning experience.,2026-10-03
41,41,4,Highly recommended for beginners.,2026-08-08
42,42,5,Could include more real-world projects.,2026-07-05
43,43,3,Good practical examples.,2026-09-18
44,44,4,Very informative and easy to follow.,2026-01-25
45,45,3,Good practical examples.,2026-11-18
46,46,3,Could include more real-world projects.,2026-11-02
47,47,3,Could include more real-world projects.,2026-07-15
48,48,5,Well structured and engaging.,2026-09-28
49,49,4,Great learning experience.,2026-01-06
50,50,5,Very informative and easy to follow.,2026-12-16
51,51,5,Instructor explained concepts well.,2026-11-25
52,52,4,Very informative and easy to follow.,2026-05-31
53,53,4,Good practical examples.,2026-08-21
54,54,3,Instructor explained concepts well.,2026-09-14
55,55,3,Great learning experience.,2026-02-24
56,56,5,Instructor explained concepts well.,2026-11-24
57,57,5,Highly recommended for beginners.,2026-04-12
58,58,3,Course content was useful.,2026-03-24
59,59,5,Great learning experience.,2026-01-01
60,60,5,Course content was useful.,2026-09-08
61,61,3,Very informative and easy to follow.,2026-07-05
62,62,4,Loved the hands-on exercises.,2026-01-30
63,63,3,Highly recommended for beginners.,2026-02-10
64,64,3,Well structured and engaging.,2026-02-05
65,65,5,Good practical examples.,2026-03-07
66,66,5,Well structured and engaging.,2026-10-09
67,67,3,Instructor explained concepts well.,2026-09-28
68,68,5,Could include more real-world projects.,2026-04-19
69,69,5,Loved the hands-on exercises.,2027-01-01
70,70,4,Could include more real-world projects.,2026-12-10
71,71,5,Course content was useful.,2026-08-13
72,72,5,Well structured and engaging.,2026-03-03
73,73,3,Loved the hands-on exercises.,2026-02-02
74,74,4,Excellent course with clear explanations.,2026-10-29
75,75,5,Loved the hands-on exercises.,2026-10-29
76,76,3,Excellent course with clear explanations.,2026-02-06
77,77,5,Excellent course with clear explanations.,2026-04-28
78,78,3,Excellent course with clear explanations.,2026-06-19
79,79,3,Great learning experience.,2026-05-02
80,80,4,Well structured and engaging.,2026-04-20
81,81,5,Good practical examples.,2026-10-20
82,82,5,Well structured and engaging.,2026-05-05
83,83,4,Could include more real-world projects.,2026-04-08
84,84,3,Very informative and easy to follow.,2026-12-04
85,85,4,Course content was useful.,2026-08-05
86,86,4,Well structured and engaging.,2026-01-28
87,87,5,Very informative and easy to follow.,2026-02-01
88,88,4,Course content was useful.,2026-02-25
89,89,3,Loved the hands-on exercises.,2026-04-08
90,90,5,Well structured and engaging.,2026-03-13
91,91,4,Good practical examples.,2026-05-23
92,92,4,Loved the hands-on exercises.,2026-02-08
93,93,4,Great learning experience.,2026-02-20
94,94,3,Great learning experience.,2026-01-08
95,95,3,Loved the hands-on exercises.,2026-03-27
96,96,4,Well structured and engaging.,2026-09-04
97,97,3,Could include more real-world projects.,2026-01-31
98,98,3,Could include more real-world projects.,2026-01-02
99,99,4,Instructor explained concepts well.,2026-08-21
100,100,4,Could include more real-world projects.,2026-12-23
101,1,5,Great learning experience.,2026-12-05
102,2,5,Well structured and engaging.,2026-03-21
103,3,3,Instructor explained concepts well.,2026-04-22
104,4,3,Highly recommended for beginners.,2026-10-05
105,5,3,Course content was useful.,2026-01-30
106,6,3,Highly recommended for beginners.,2026-09-02
107,7,5,Great learning experience.,2026-03-22
108,8,3,Great learning experience.,2026-02-11
109,9,3,Very informative and easy to follow.,2026-11-01
110,10,3,Loved the hands-on exercises.,2026-07-26
111,11,3,Highly recommended for beginners.,2026-05-07
112,12,5,Highly recommended for beginners.,2026-01-21
113,13,5,Very informative and easy to follow.,2026-08-03
114,14,5,Highly recommended for beginners.,2026-10-17
115,15,5,Course content was useful.,2026-05-14
116,16,3,Course content was useful.,2026-05-03
117,17,4,Could include more real-world projects.,2026-03-09
118,18,5,Instructor explained concepts well.,2026-08-23
119,19,4,Very informative and easy to follow.,2026-01-05
120,20,4,Highly recommended for beginners.,2026-10-16
121,21,3,Very informative and easy to follow.,2026-10-03
122,22,3,Great learning experience.,2026-05-16
123,23,3,Course content was useful.,2026-02-05
124,24,3,Course content was useful.,2026-05-26
125,25,3,Well structured and engaging.,2026-10-06
126,26,5,Instructor explained concepts well.,2026-11-10
127,27,5,Great learning experience.,2026-01-05
128,28,5,Great learning experience.,2026-06-03
129,29,5,Very informative and easy to follow.,2026-03-10
130,30,4,Very informative and easy to follow.,2026-02-24
131,31,5,Great learning experience.,2026-03-21
132,32,4,Instructor explained concepts well.,2026-11-06
133,33,3,Course content was useful.,2026-04-15
134,34,5,Instructor explained concepts well.,2026-09-16
135,35,4,Instructor explained concepts well.,2026-01-27
136,36,3,Could include more real-world projects.,2026-05-22
137,37,3,Excellent course with clear explanations.,2026-06-20
138,38,3,Instructor explained concepts well.,2026-03-24
139,39,5,Well structured and engaging.,2026-10-10
140,40,5,Could include more real-world projects.,2026-10-15
141,41,3,Very informative and easy to follow.,2026-02-08
142,42,5,Good practical examples.,2026-10-07
143,43,3,Course content was useful.,2026-10-26
144,44,5,Good practical examples.,2026-08-09
145,45,3,Excellent course with clear explanations.,2026-06-07
146,46,4,Excellent course with clear explanations.,2026-07-03
147,47,3,Loved the hands-on exercises.,2026-12-08
148,48,3,Course content was useful.,2026-10-14
149,49,4,Highly recommended for beginners.,2026-03-21
150,50,3,Good practical examples.,2026-04-01
151,51,4,Excellent course with clear explanations.,2026-04-02
152,52,5,Course content was useful.,2026-07-30
153,53,5,Loved the hands-on exercises.,2026-05-17
154,54,3,Very informative and easy to follow.,2026-07-15
155,55,3,Well structured and engaging.,2026-04-24
156,56,3,Well structured and engaging.,2026-06-29
157,57,4,Loved the hands-on exercises.,2026-04-25
158,58,3,Loved the hands-on exercises.,2026-07-24
159,59,4,Instructor explained concepts well.,2026-02-05
160,60,4,Course content was useful.,2026-11-25
161,61,5,Could include more real-world projects.,2026-12-14
162,62,5,Course content was useful.,2026-01-15
163,63,3,Instructor explained concepts well.,2026-04-02
164,64,5,Instructor explained concepts well.,2026-01-20
165,65,3,Highly recommended for beginners.,2026-08-11
166,66,4,Course content was useful.,2026-08-12
167,67,5,Great learning experience.,2026-03-01
168,68,4,Highly recommended for beginners.,2026-04-08
169,69,4,Excellent course with clear explanations.,2026-12-29
170,70,4,Excellent course with clear explanations.,2026-09-24
171,71,5,Loved the hands-on exercises.,2026-07-06
172,72,4,Very informative and easy to follow.,2026-12-07
173,73,4,Highly recommended for beginners.,2026-06-10
174,74,5,Very informative and easy to follow.,2026-06-03
175,75,5,Instructor explained concepts well.,2026-12-08
176,76,4,Course content was useful.,2026-07-26
177,77,5,Instructor explained concepts well.,2026-10-11
178,78,3,Loved the hands-on exercises.,2026-08-04
179,79,5,Could include more real-world projects.,2026-12-13
180,80,5,Good practical examples.,2026-11-12
181,81,5,Instructor explained concepts well.,2026-07-27
182,82,5,Excellent course with clear explanations.,2026-06-05
183,83,4,Loved the hands-on exercises.,2026-08-09
184,84,5,Highly recommended for beginners.,2026-12-02
185,85,4,Well structured and engaging.,2026-08-15
186,86,4,Loved the hands-on exercises.,2026-09-19
187,87,4,Good practical examples.,2026-12-04
188,88,3,Instructor explained concepts well.,2026-09-21
189,89,5,Highly recommended for beginners.,2026-06-21
190,90,3,Loved the hands-on exercises.,2026-12-11
191,91,4,Loved the hands-on exercises.,2026-04-12
192,92,3,Excellent course with clear explanations.,2026-01-24
193,93,3,Well structured and engaging.,2026-11-09
194,94,3,Well structured and engaging.,2026-08-01
195,95,5,Highly recommended for beginners.,2026-04-10
196,96,5,Could include more real-world projects.,2026-09-11
197,97,4,Loved the hands-on exercises.,2026-03-17
198,98,5,Excellent course with clear explanations.,2026-02-24
199,99,4,Loved the hands-on exercises.,2026-04-01
200,100,5,Great learning experience.,2026-08-26
201,1,3,Great learning experience.,2026-05-08
202,2,3,Well structured and engaging.,2026-03-10
203,3,4,Great learning experience.,2026-10-14
204,4,5,Course content was useful.,2026-08-15
205,5,5,Great learning experience.,2026-08-07
206,6,5,Well structured and engaging.,2026-03-23
207,7,5,Well structured and engaging.,2026-08-19
208,8,4,Loved the hands-on exercises.,2026-11-23
209,9,4,Great learning experience.,2026-09-06
210,10,5,Loved the hands-on exercises.,2026-05-21
211,11,4,Very informative and easy to follow.,2027-01-01
212,12,4,Loved the hands-on exercises.,2026-05-20
213,13,4,Course content was useful.,2026-10-04
214,14,3,Good practical examples.,2026-03-19
215,15,3,Could include more real-world projects.,2026-12-22
216,16,3,Loved the hands-on exercises.,2026-02-02
217,17,4,Could include more real-world projects.,2026-06-19
218,18,5,Well structured and engaging.,2026-08-01
219,19,3,Loved the hands-on exercises.,2026-08-04
220,20,4,Highly recommended for beginners.,2026-12-23
221,21,3,Highly recommended for beginners.,2026-07-14
222,22,4,Excellent course with clear explanations.,2026-06-30
223,23,4,Could include more real-world projects.,2026-08-03
224,24,5,Great learning experience.,2026-11-05
225,25,3,Well structured and engaging.,2026-04-23
226,26,4,Could include more real-world projects.,2026-09-06
227,27,3,Could include more real-world projects.,2026-06-22
228,28,5,Could include more real-world projects.,2026-03-26
229,29,4,Good practical examples.,2026-11-15
230,30,5,Excellent course with clear explanations.,2026-07-21
231,31,5,Highly recommended for beginners.,2026-12-06
232,32,3,Very informative and easy to follow.,2026-11-26
233,33,4,Good practical examples.,2026-08-25
234,34,3,Excellent course with clear explanations.,2026-05-14
235,35,4,Course content was useful.,2026-04-19
236,36,4,Course content was useful.,2026-06-22
237,37,4,Instructor explained concepts well.,2026-08-04
238,38,4,Very informative and easy to follow.,2026-08-29
239,39,3,Great learning experience.,2026-01-27
240,40,4,Loved the hands-on exercises.,2026-11-29
241,41,3,Excellent course with clear explanations.,2026-01-16
242,42,3,Loved the hands-on exercises.,2026-01-11
243,43,5,Good practical examples.,2026-05-03
244,44,3,Well structured and engaging.,2026-12-09
245,45,3,Highly recommended for beginners.,2026-04-22
246,46,4,Instructor explained concepts well.,2026-07-08
247,47,3,Highly recommended for beginners.,2026-11-07
248,48,5,Very informative and easy to follow.,2026-03-25
249,49,4,Very informative and easy to follow.,2026-10-24
250,50,3,Instructor explained concepts well.,2026-10-22
251,51,5,Could include more real-world projects.,2026-07-23
252,52,5,Loved the hands-on exercises.,2026-02-08
253,53,5,Loved the hands-on exercises.,2026-02-22
254,54,5,Instructor explained concepts well.,2026-12-17
255,55,5,Very informative and easy to follow.,2026-10-17
256,56,3,Course content was useful.,2026-09-30
257,57,4,Course content was useful.,2026-02-05
258,58,5,Course content was useful.,2026-01-07
259,59,4,Well structured and engaging.,2026-02-24
260,60,4,Course content was useful.,2026-11-22
261,61,4,Good practical examples.,2026-08-11
262,62,3,Great learning experience.,2026-11-30
263,63,4,Highly recommended for beginners.,2026-10-03
264,64,4,Well structured and engaging.,2026-08-12
265,65,5,Highly recommended for beginners.,2026-05-18
266,66,4,Loved the hands-on exercises.,2026-02-14
267,67,4,Well structured and engaging.,2026-05-05
268,68,4,Highly recommended for beginners.,2026-11-09
269,69,5,Could include more real-world projects.,2026-06-22
270,70,3,Well structured and engaging.,2026-06-16
271,71,3,Well structured and engaging.,2026-04-19
272,72,4,Instructor explained concepts well.,2026-06-24
273,73,4,Highly recommended for beginners.,2026-12-26
274,74,4,Great learning experience.,2026-01-06
275,75,5,Loved the hands-on exercises.,2026-02-13
276,76,3,Could include more real-world projects.,2026-09-08
277,77,5,Loved the hands-on exercises.,2026-12-20
278,78,4,Well structured and engaging.,2026-08-18
279,79,3,Very informative and easy to follow.,2026-05-31
280,80,3,Could include more real-world projects.,2026-12-21
281,81,3,Instructor explained concepts well.,2026-12-06
282,82,5,Course content was useful.,2026-08-31
283,83,5,Great learning experience.,2026-06-26
284,84,4,Great learning experience.,2026-06-19
285,85,4,Well structured and engaging.,2026-05-19
286,86,4,Instructor explained concepts well.,2026-04-29
287,87,3,Loved the hands-on exercises.,2026-06-11
288,88,3,Great learning experience.,2026-12-20
289,89,3,Loved the hands-on exercises.,2026-04-21
290,90,5,Well structured and engaging.,2026-05-22
291,91,5,Highly recommended for beginners.,2026-09-26
292,92,5,Instructor explained concepts well.,2026-02-21
293,93,3,Instructor explained concepts well.,2026-04-27
294,94,4,Good practical examples.,2026-06-04
295,95,3,Great learning experience.,2026-03-06
296,96,4,Excellent course with clear explanations.,2026-01-28
297,97,5,Instructor explained concepts well.,2026-12-24
298,98,3,Well structured and engaging.,2026-02-22
299,99,3,Highly recommended for beginners.,2026-05-26
300,100,4,Well structured and engaging.,2026-08-14
301,1,4,Good practical examples.,2026-01-27
302,2,4,Well structured and engaging.,2026-02-28
303,3,3,Could include more real-world projects.,2026-09-09
304,4,3,Highly recommended for beginners.,2026-11-19
305,5,5,Excellent course with clear explanations.,2026-03-19
306,6,3,Highly recommended for beginners.,2026-06-05
307,7,3,Loved the hands-on exercises.,2026-03-02
308,8,5,Could include more real-world projects.,2026-11-07
309,9,5,Highly recommended for beginners.,2026-04-26
310,10,5,Could include more real-world projects.,2026-08-19
311,11,4,Instructor explained concepts well.,2026-10-29
312,12,4,Instructor explained concepts well.,2026-10-19
313,13,5,Excellent course with clear explanations.,2026-11-09
314,14,5,Very informative and easy to follow.,2026-04-17
315,15,5,Loved the hands-on exercises.,2026-05-16
316,16,5,Very informative and easy to follow.,2026-03-22
317,17,3,Good practical examples.,2026-10-10
318,18,3,Good practical examples.,2026-01-02
319,19,4,Well structured and engaging.,2026-12-19
320,20,5,Well structured and engaging.,2026-05-30
321,21,3,Loved the hands-on exercises.,2026-05-28
322,22,5,Instructor explained concepts well.,2026-12-26
323,23,4,Very informative and easy to follow.,2026-12-18
324,24,3,Instructor explained concepts well.,2026-11-17
325,25,5,Loved the hands-on exercises.,2026-08-06
326,26,3,Great learning experience.,2026-04-26
327,27,5,Good practical examples.,2026-05-17
328,28,3,Very informative and easy to follow.,2026-01-31
329,29,3,Instructor explained concepts well.,2026-11-01
330,30,5,Highly recommended for beginners.,2026-05-28
331,31,4,Very informative and easy to follow.,2026-08-28
332,32,5,Instructor explained concepts well.,2026-12-25
333,33,4,Instructor explained concepts well.,2026-09-14
334,34,5,Well structured and engaging.,2026-08-13
335,35,3,Highly recommended for beginners.,2026-01-21
336,36,4,Course content was useful.,2026-11-06
337,37,4,Excellent course with clear explanations.,2026-02-16
338,38,3,Highly recommended for beginners.,2026-10-28
339,39,3,Instructor explained concepts well.,2026-10-23
340,40,3,Good practical examples.,2026-08-29
341,41,5,Well structured and engaging.,2026-05-23
342,42,3,Highly recommended for beginners.,2026-08-12
343,43,5,Well structured and engaging.,2026-02-16
344,44,4,Course content was useful.,2026-07-29
345,45,4,Course content was useful.,2026-12-10
346,46,3,Good practical examples.,2026-06-18
347,47,4,Well structured and engaging.,2026-05-28
348,48,5,Could include more real-world projects.,2026-10-09
349,49,3,Well structured and engaging.,2026-02-15
350,50,4,Instructor explained concepts well.,2026-06-15
351,51,3,Could include more real-world projects.,2026-09-21
352,52,3,Great learning experience.,2026-08-25
353,53,4,Excellent course with clear explanations.,2026-04-07
354,54,5,Course content was useful.,2026-11-15
355,55,4,Well structured and engaging.,2026-01-27
356,56,3,Instructor explained concepts well.,2026-10-09
357,57,3,Instructor explained concepts well.,2026-08-13
358,58,5,Well structured and engaging.,2026-03-04
359,59,3,Highly recommended for beginners.,2026-05-03
360,60,5,Good practical examples.,2026-06-09
361,61,5,Excellent course with clear explanations.,2026-10-10
362,62,4,Very informative and easy to follow.,2026-04-26
363,63,3,Well structured and engaging.,2026-03-02
364,64,5,Good practical examples.,2026-09-13
365,65,5,Instructor explained concepts well.,2026-09-18
366,66,5,Instructor explained concepts well.,2026-08-01
367,67,4,Well structured and engaging.,2026-05-05
368,68,4,Great learning experience.,2026-03-16
369,69,4,Loved the hands-on exercises.,2026-11-03
370,70,5,Good practical examples.,2026-02-05
371,71,4,Could include more real-world projects.,2026-06-24
372,72,5,Instructor explained concepts well.,2026-01-02
373,73,4,Instructor explained concepts well.,2026-10-28
374,74,5,Well structured and engaging.,2026-03-18
375,75,4,Great learning experience.,2026-09-05
376,76,4,Course content was useful.,2026-10-10
377,77,5,Could include more real-world projects.,2026-08-22
378,78,4,Loved the hands-on exercises.,2026-12-24
379,79,3,Highly recommended for beginners.,2026-07-16
380,80,3,Could include more real-world projects.,2026-01-23
381,81,4,Well structured and engaging.,2026-12-28
382,82,4,Could include more real-world projects.,2026-12-06
383,83,5,Good practical examples.,2026-09-11
384,84,3,Good practical examples.,2026-09-15
385,85,5,Course content was useful.,2026-02-21
386,86,4,Very informative and easy to follow.,2026-09-27
387,87,4,Excellent course with clear explanations.,2026-03-15
388,88,4,Good practical examples.,2026-02-08
389,89,4,Instructor explained concepts well.,2026-06-23
390,90,5,Could include more real-world projects.,2026-11-29
391,91,3,Course content was useful.,2026-12-12
392,92,5,Could include more real-world projects.,2026-06-12
393,93,5,Well structured and engaging.,2026-10-05
394,94,3,Highly recommended for beginners.,2026-02-05
395,95,3,Instructor explained concepts well.,2026-04-27
396,96,5,Very informative and easy to follow.,2026-08-11
397,97,3,Very informative and easy to follow.,2026-08-16
398,98,3,Instructor explained concepts well.,2026-01-15
399,99,3,Course content was useful.,2026-01-29
400,100,4,Course content was useful.,2026-07-11
401,1,4,Good practical examples.,2026-05-06
402,2,5,Could include more real-world projects.,2026-10-17
403,3,5,Good practical examples.,2026-03-29
404,4,3,Very informative and easy to follow.,2026-11-09
405,5,4,Highly recommended for beginners.,2026-12-16
406,6,3,Well structured and engaging.,2026-10-26
407,7,3,Loved the hands-on exercises.,2026-08-25
408,8,5,Instructor explained concepts well.,2026-08-24
409,9,4,Excellent course with clear explanations.,2026-08-27
410,10,4,Great learning experience.,2026-03-22
411,11,3,Well structured and engaging.,2026-06-26
412,12,5,Instructor explained concepts well.,2026-11-24
413,13,4,Instructor explained concepts well.,2026-08-22
414,14,4,Loved the hands-on exercises.,2026-07-16
415,15,4,Very informative and easy to follow.,2026-05-02
416,16,4,Highly recommended for beginners.,2026-07-03
417,17,5,Instructor explained concepts well.,2026-12-25
418,18,4,Excellent course with clear explanations.,2026-12-04
419,19,4,Instructor explained concepts well.,2026-01-05
420,20,5,Excellent course with clear explanations.,2026-11-07
421,21,5,Well structured and engaging.,2026-05-27
422,22,3,Highly recommended for beginners.,2026-06-30
423,23,3,Loved the hands-on exercises.,2026-11-14
424,24,4,Good practical examples.,2026-11-18
425,25,3,Excellent course with clear explanations.,2026-06-08
426,26,4,Excellent course with clear explanations.,2026-10-24
427,27,4,Good practical examples.,2026-02-16
428,28,4,Course content was useful.,2026-08-01
429,29,3,Loved the hands-on exercises.,2026-03-09
430,30,5,Course content was useful.,2026-09-29
431,31,5,Instructor explained concepts well.,2026-03-26
432,32,4,Well structured and engaging.,2026-06-01
433,33,5,Course content was useful.,2026-02-28
434,34,4,Very informative and easy to follow.,2026-03-14
435,35,3,Could include more real-world projects.,2026-10-13
436,36,4,Very informative and easy to follow.,2026-07-22
437,37,3,Instructor explained concepts well.,2026-10-02
438,38,3,Well structured and engaging.,2026-07-08
439,39,5,Instructor explained concepts well.,2026-10-27
440,40,4,Course content was useful.,2026-02-25
441,41,5,Loved the hands-on exercises.,2026-08-30
442,42,3,Highly recommended for beginners.,2026-10-15
443,43,4,Highly recommended for beginners.,2026-04-24
444,44,5,Very informative and easy to follow.,2026-11-22
445,45,4,Instructor explained concepts well.,2026-11-29
446,46,4,Very informative and easy to follow.,2026-03-13
447,47,3,Excellent course with clear explanations.,2026-06-05
448,48,4,Very informative and easy to follow.,2026-02-19
449,49,3,Great learning experience.,2026-03-11
450,50,4,Well structured and engaging.,2026-07-09
451,51,5,Great learning experience.,2026-08-03
452,52,5,Good practical examples.,2026-08-01
453,53,5,Very informative and easy to follow.,2026-09-08
454,54,5,Could include more real-world projects.,2026-05-24
455,55,3,Course content was useful.,2026-04-22
456,56,4,Well structured and engaging.,2026-05-01
457,57,4,Very informative and easy to follow.,2026-12-18
458,58,4,Great learning experience.,2026-11-27
459,59,4,Excellent course with clear explanations.,2026-07-23
460,60,4,Loved the hands-on exercises.,2026-03-04
461,61,4,Very informative and easy to follow.,2026-12-06
462,62,3,Highly recommended for beginners.,2026-01-11
463,63,3,Course content was useful.,2026-05-05
464,64,3,Highly recommended for beginners.,2026-04-16
465,65,3,Great learning experience.,2026-04-17
466,66,5,Loved the hands-on exercises.,2026-04-30
467,67,4,Good practical examples.,2026-11-02
468,68,3,Instructor explained concepts well.,2026-03-16
469,69,3,Great learning experience.,2026-05-09
470,70,3,Very informative and easy to follow.,2026-12-05
471,71,3,Good practical examples.,2026-01-08
472,72,4,Loved the hands-on exercises.,2026-10-29
473,73,4,Excellent course with clear explanations.,2026-03-31
474,74,4,Excellent course with clear explanations.,2026-03-06
475,75,5,Could include more real-world projects.,2026-09-27
476,76,3,Very informative and easy to follow.,2026-09-01
477,77,4,Course content was useful.,2026-09-20
478,78,5,Very informative and easy to follow.,2026-08-20
479,79,5,Loved the hands-on exercises.,2026-11-11
480,80,3,Great learning experience.,2026-06-04
481,81,4,Excellent course with clear explanations.,2026-02-01
482,82,4,Could include more real-world projects.,2026-08-07
483,83,5,Very informative and easy to follow.,2026-09-09
484,84,5,Well structured and engaging.,2026-02-07
485,85,3,Course content was useful.,2026-11-08
486,86,3,Very informative and easy to follow.,2026-03-06
487,87,4,Highly recommended for beginners.,2026-11-21
488,88,5,Great learning experience.,2026-12-31
489,89,4,Could include more real-world projects.,2026-11-02
490,90,5,Instructor explained concepts well.,2026-08-21
491,91,5,Highly recommended for beginners.,2026-08-09
492,92,3,Very informative and easy to follow.,2026-12-02
493,93,5,Great learning experience.,2026-04-21
494,94,4,Well structured and engaging.,2026-04-27
495,95,4,Course content was useful.,2026-08-21
496,96,4,Could include more real-world projects.,2026-02-18
497,97,4,Could include more real-world projects.,2026-06-10
498,98,5,Instructor explained concepts well.,2026-07-11
499,99,3,Well structured and engaging.,2026-02-04
500,100,3,Very informative and easy to follow.,2026-02-17
501,1,4,Very informative and easy to follow.,2026-07-10
502,2,3,Great learning experience.,2026-01-31
503,3,5,Great learning experience.,2026-10-15
504,4,4,Very informative and easy to follow.,2026-07-30
505,5,4,Could include more real-world projects.,2026-01-27
506,6,4,Highly recommended for beginners.,2026-06-09
507,7,4,Very informative and easy to follow.,2026-10-23
508,8,5,Loved the hands-on exercises.,2026-03-21
509,9,5,Well structured and engaging.,2026-04-25
510,10,3,Course content was useful.,2026-10-12
511,11,4,Very informative and easy to follow.,2026-05-23
512,12,5,Loved the hands-on exercises.,2026-08-08
513,13,5,Highly recommended for beginners.,2026-11-11
514,14,5,Great learning experience.,2026-01-14
515,15,5,Instructor explained concepts well.,2026-01-15
516,16,3,Instructor explained concepts well.,2026-12-26
517,17,4,Course content was useful.,2026-06-29
518,18,3,Good practical examples.,2026-03-15
519,19,5,Could include more real-world projects.,2026-02-05
520,20,3,Excellent course with clear explanations.,2026-02-16
521,21,5,Great learning experience.,2026-04-21
522,22,4,Could include more real-world projects.,2026-08-21
523,23,4,Good practical examples.,2026-07-09
524,24,4,Course content was useful.,2026-10-18
525,25,5,Very informative and easy to follow.,2026-01-27
526,26,3,Good practical examples.,2026-11-13
527,27,3,Very informative and easy to follow.,2026-05-20
528,28,4,Could include more real-world projects.,2026-09-06
529,29,5,Well structured and engaging.,2026-08-01
530,30,4,Loved the hands-on exercises.,2026-09-20
531,31,3,Course content was useful.,2026-08-09
532,32,3,Instructor explained concepts well.,2026-12-14
533,33,5,Highly recommended for beginners.,2026-09-07
534,34,5,Instructor explained concepts well.,2026-01-24
535,35,3,Could include more real-world projects.,2026-11-03
536,36,3,Excellent course with clear explanations.,2026-04-15
537,37,4,Loved the hands-on exercises.,2026-03-12
538,38,4,Instructor explained concepts well.,2026-06-17
539,39,3,Excellent course with clear explanations.,2026-09-12
540,40,5,Could include more real-world projects.,2026-03-31
541,41,3,Could include more real-world projects.,2026-09-30
542,42,5,Loved the hands-on exercises.,2026-09-14
543,43,5,Course content was useful.,2026-02-06
544,44,4,Excellent course with clear explanations.,2026-08-12
545,45,3,Well structured and engaging.,2026-02-09
546,46,4,Highly recommended for beginners.,2026-08-08
547,47,5,Could include more real-world projects.,2026-12-30
548,48,5,Could include more real-world projects.,2026-05-29
549,49,3,Could include more real-world projects.,2026-01-11
550,50,4,Good practical examples.,2026-11-13
551,51,4,Course content was useful.,2026-02-15
552,52,4,Very informative and easy to follow.,2026-05-05
553,53,4,Highly recommended for beginners.,2026-07-25
554,54,5,Very informative and easy to follow.,2026-07-22
555,55,4,Course content was useful.,2026-04-24
556,56,4,Good practical examples.,2026-02-09
557,57,5,Very informative and easy to follow.,2026-09-29
558,58,5,Loved the hands-on exercises.,2026-06-28
559,59,4,Good practical examples.,2026-05-01
560,60,3,Good practical examples.,2026-05-12
561,61,3,Good practical examples.,2026-11-05
562,62,3,Very informative and easy to follow.,2026-04-01
563,63,5,Well structured and engaging.,2026-08-26
564,64,5,Highly recommended for beginners.,2026-08-18
565,65,5,Highly recommended for beginners.,2026-11-26
566,66,5,Highly recommended for beginners.,2026-06-15
567,67,5,Course content was useful.,2026-03-19
568,68,4,Very informative and easy to follow.,2026-08-29
569,69,4,Instructor explained concepts well.,2026-05-21
570,70,5,Excellent course with clear explanations.,2026-06-30
571,71,5,Very informative and easy to follow.,2026-06-08
572,72,4,Well structured and engaging.,2026-01-20
573,73,3,Course content was useful.,2026-05-27
574,74,3,Very informative and easy to follow.,2026-11-11
575,75,5,Great learning experience.,2026-07-16
576,76,4,Highly recommended for beginners.,2026-10-11
577,77,5,Excellent course with clear explanations.,2026-08-19
578,78,5,Loved the hands-on exercises.,2026-06-14
579,79,5,Well structured and engaging.,2026-09-14
580,80,3,Excellent course with clear explanations.,2026-08-19
581,81,3,Course content was useful.,2027-01-01
582,82,3,Great learning experience.,2026-11-27
583,83,3,Excellent course with clear explanations.,2026-05-07
584,84,5,Well structured and engaging.,2026-08-13
585,85,5,Great learning experience.,2026-11-09
586,86,3,Course content was useful.,2026-07-10
587,87,4,Could include more real-world projects.,2026-07-29
588,88,4,Highly recommended for beginners.,2026-01-27
589,89,5,Course content was useful.,2026-02-03
590,90,4,Very informative and easy to follow.,2026-10-13
591,91,5,Could include more real-world projects.,2026-05-26
592,92,4,Highly recommended for beginners.,2026-03-18
593,93,4,Very informative and easy to follow.,2026-10-26
594,94,5,Good practical examples.,2026-06-29
595,95,4,Could include more real-world projects.,2026-03-08
596,96,5,Very informative and easy to follow.,2026-06-08
597,97,5,Could include more real-world projects.,2026-11-26
598,98,4,Good practical examples.,2026-12-10
599,99,5,Great learning experience.,2026-02-17
600,100,5,Could include more real-world projects.,2026-09-18
601,1,4,Excellent course with clear explanations.,2026-07-05
602,2,4,Good practical examples.,2026-04-20
603,3,4,Well structured and engaging.,2026-04-09
604,4,3,Good practical examples.,2026-03-21
605,5,3,Instructor explained concepts well.,2026-02-21
606,6,5,Great learning experience.,2026-09-27
607,7,3,Course content was useful.,2026-11-13
608,8,3,Highly recommended for beginners.,2026-07-12
609,9,3,Good practical examples.,2026-04-03
610,10,5,Highly recommended for beginners.,2026-03-26
611,11,5,Well structured and engaging.,2026-01-23
612,12,4,Course content was useful.,2026-12-13
613,13,5,Loved the hands-on exercises.,2026-08-16
614,14,5,Instructor explained concepts well.,2026-08-18
615,15,3,Great learning experience.,2026-05-03
616,16,4,Well structured and engaging.,2026-04-10
617,17,4,Highly recommended for beginners.,2026-08-14
618,18,4,Instructor explained concepts well.,2026-07-15
619,19,5,Great learning experience.,2026-08-03
620,20,3,Loved the hands-on exercises.,2026-11-06
621,21,3,Instructor explained concepts well.,2026-01-27
622,22,5,Well structured and engaging.,2026-07-10
623,23,5,Very informative and easy to follow.,2026-12-31
624,24,5,Very informative and easy to follow.,2026-05-26
625,25,3,Good practical examples.,2026-05-20
626,26,4,Great learning experience.,2026-03-17
627,27,4,Very informative and easy to follow.,2026-04-24
628,28,4,Course content was useful.,2026-01-14
629,29,4,Excellent course with clear explanations.,2026-07-22
630,30,5,Course content was useful.,2026-05-01
631,31,4,Very informative and easy to follow.,2026-07-11
632,32,3,Excellent course with clear explanations.,2026-06-13
633,33,3,Course content was useful.,2026-03-16
634,34,3,Excellent course with clear explanations.,2026-05-27
635,35,4,Good practical examples.,2026-12-28
636,36,4,Well structured and engaging.,2026-11-12
637,37,3,Very informative and easy to follow.,2026-01-10
638,38,4,Loved the hands-on exercises.,2026-03-18
639,39,5,Highly recommended for beginners.,2026-09-28
640,40,4,Very informative and easy to follow.,2026-05-28
641,41,3,Instructor explained concepts well.,2026-03-04
642,42,3,Loved the hands-on exercises.,2026-08-03
643,43,5,Highly recommended for beginners.,2026-08-23
644,44,3,Very informative and easy to follow.,2026-09-13
645,45,5,Great learning experience.,2026-01-09
646,46,5,Great learning experience.,2026-10-22
647,47,3,Good practical examples.,2026-05-30
648,48,4,Excellent course with clear explanations.,2026-11-11
649,49,4,Loved the hands-on exercises.,2026-10-20
650,50,4,Good practical examples.,2026-12-07
651,51,5,Very informative and easy to follow.,2026-09-26
652,52,4,Very informative and easy to follow.,2026-09-27
653,53,5,Great learning experience.,2026-09-17
654,54,5,Excellent course with clear explanations.,2026-07-19
655,55,4,Excellent course with clear explanations.,2026-11-22
656,56,4,Course content was useful.,2026-05-10
657,57,5,Excellent course with clear explanations.,2026-07-02
658,58,3,Course content was useful.,2026-05-04
659,59,5,Very informative and easy to follow.,2026-10-25
660,60,5,Course content was useful.,2026-03-10
661,61,3,Course content was useful.,2026-10-07
662,62,4,Good practical examples.,2026-12-17
663,63,4,Well structured and engaging.,2026-11-20
664,64,3,Good practical examples.,2026-02-02
665,65,5,Well structured and engaging.,2026-01-19
666,66,4,Loved the hands-on exercises.,2026-01-23
667,67,3,Excellent course with clear explanations.,2026-06-11
668,68,4,Great learning experience.,2026-07-23
669,69,5,Well structured and engaging.,2026-05-10
670,70,3,Loved the hands-on exercises.,2026-05-27
671,71,4,Excellent course with clear explanations.,2026-12-02
672,72,4,Instructor explained concepts well.,2026-03-05
673,73,4,Could include more real-world projects.,2026-07-24
674,74,5,Well structured and engaging.,2026-07-17
675,75,4,Good practical examples.,2026-09-12
676,76,5,Well structured and engaging.,2026-07-08
677,77,5,Instructor explained concepts well.,2026-02-12
678,78,5,Could include more real-world projects.,2026-02-10
679,79,4,Highly recommended for beginners.,2026-04-03
680,80,5,Instructor explained concepts well.,2026-06-14
681,81,3,Very informative and easy to follow.,2026-06-17
682,82,5,Instructor explained concepts well.,2026-06-06
683,83,4,Highly recommended for beginners.,2026-08-07
684,84,3,Well structured and engaging.,2026-06-29
685,85,4,Excellent course with clear explanations.,2026-06-30
686,86,5,Could include more real-world projects.,2026-05-21
687,87,5,Excellent course with clear explanations.,2026-02-08
688,88,5,Could include more real-world projects.,2026-07-06
689,89,5,Good practical examples.,2026-01-16
690,90,3,Highly recommended for beginners.,2026-12-14
691,91,4,Excellent course with clear explanations.,2026-03-06
692,92,3,Loved the hands-on exercises.,2026-11-27
693,93,4,Course content was useful.,2026-07-16
694,94,5,Excellent course with clear explanations.,2026-11-06
695,95,3,Well structured and engaging.,2026-07-09
696,96,4,Well structured and engaging.,2026-02-09
697,97,5,Good practical examples.,2026-09-29
698,98,4,Could include more real-world projects.,2026-06-10
699,99,5,Instructor explained concepts well.,2026-05-08
700,100,3,Excellent course with clear explanations.,2026-04-06
701,1,4,Great learning experience.,2026-07-18
702,2,5,Very informative and easy to follow.,2026-05-15
703,3,4,Well structured and engaging.,2026-04-20
704,4,5,Instructor explained concepts well.,2026-12-22
705,5,4,Loved the hands-on exercises.,2026-03-04
706,6,3,Very informative and easy to follow.,2026-08-20
707,7,3,Well structured and engaging.,2026-02-14
708,8,5,Course content was useful.,2026-12-08
709,9,4,Very informative and easy to follow.,2026-10-09
710,10,5,Instructor explained concepts well.,2026-06-03
711,11,3,Good practical examples.,2026-07-05
712,12,5,Loved the hands-on exercises.,2026-03-04
713,13,3,Good practical examples.,2026-05-02
714,14,4,Excellent course with clear explanations.,2026-07-04
715,15,5,Highly recommended for beginners.,2026-07-08
716,16,4,Great learning experience.,2026-03-08
717,17,5,Very informative and easy to follow.,2026-02-03
718,18,4,Could include more real-world projects.,2026-09-03
719,19,5,Could include more real-world projects.,2026-07-29
720,20,5,Very informative and easy to follow.,2026-03-06
721,21,4,Very informative and easy to follow.,2026-08-19
722,22,4,Great learning experience.,2026-06-26
723,23,3,Great learning experience.,2026-11-24
724,24,5,Good practical examples.,2026-03-08
725,25,4,Great learning experience.,2026-01-29
726,26,3,Great learning experience.,2026-03-20
727,27,4,Good practical examples.,2026-03-24
728,28,4,Loved the hands-on exercises.,2026-06-27
729,29,5,Instructor explained concepts well.,2026-02-10
730,30,4,Loved the hands-on exercises.,2026-11-22
731,31,5,Instructor explained concepts well.,2026-03-06
732,32,5,Instructor explained concepts well.,2026-11-11
733,33,5,Very informative and easy to follow.,2026-09-15
734,34,5,Good practical examples.,2026-10-31
735,35,5,Good practical examples.,2026-03-29
736,36,5,Highly recommended for beginners.,2026-11-06
737,37,4,Highly recommended for beginners.,2026-01-22
738,38,3,Very informative and easy to follow.,2026-01-24
739,39,5,Highly recommended for beginners.,2026-05-16
740,40,5,Loved the hands-on exercises.,2026-10-20
741,41,4,Highly recommended for beginners.,2026-11-24
742,42,3,Well structured and engaging.,2026-11-18
743,43,5,Instructor explained concepts well.,2026-11-25
744,44,4,Well structured and engaging.,2026-05-06
745,45,5,Could include more real-world projects.,2026-06-02
746,46,4,Very informative and easy to follow.,2026-12-19
747,47,3,Good practical examples.,2026-08-14
748,48,4,Well structured and engaging.,2026-08-26
749,49,3,Course content was useful.,2026-11-07
750,50,3,Course content was useful.,2026-06-13
751,51,5,Course content was useful.,2026-07-24
752,52,3,Course content was useful.,2026-09-21
753,53,5,Very informative and easy to follow.,2026-06-13
754,54,3,Well structured and engaging.,2026-03-04
755,55,4,Well structured and engaging.,2026-05-07
756,56,3,Very informative and easy to follow.,2026-01-26
757,57,4,Could include more real-world projects.,2026-11-12
758,58,4,Loved the hands-on exercises.,2026-03-23
759,59,4,Highly recommended for beginners.,2026-06-10
760,60,3,Good practical examples.,2026-09-13
761,61,5,Well structured and engaging.,2026-09-13
762,62,4,Well structured and engaging.,2026-01-12
763,63,3,Could include more real-world projects.,2026-09-16
764,64,4,Loved the hands-on exercises.,2026-04-21
765,65,5,Course content was useful.,2026-01-25
766,66,3,Instructor explained concepts well.,2026-09-11
767,67,5,Well structured and engaging.,2026-05-27
768,68,5,Excellent course with clear explanations.,2026-02-25
769,69,4,Good practical examples.,2026-05-16
770,70,5,Course content was useful.,2026-07-26
771,71,4,Excellent course with clear explanations.,2026-07-25
772,72,3,Highly recommended for beginners.,2026-10-15
773,73,3,Course content was useful.,2026-10-11
774,74,4,Very informative and easy to follow.,2026-07-17
775,75,5,Well structured and engaging.,2026-10-09
776,76,4,Highly recommended for beginners.,2026-12-15
777,77,5,Very informative and easy to follow.,2026-03-07
778,78,3,Could include more real-world projects.,2026-07-11
779,79,4,Great learning experience.,2026-07-07
780,80,3,Loved the hands-on exercises.,2026-11-05
781,81,5,Could include more real-world projects.,2026-09-14
782,82,3,Excellent course with clear explanations.,2026-01-20
783,83,3,Course content was useful.,2026-08-31
784,84,5,Well structured and engaging.,2026-03-18
785,85,5,Great learning experience.,2026-03-13
786,86,4,Highly recommended for beginners.,2026-06-13
787,87,3,Could include more real-world projects.,2026-11-12
788,88,5,Instructor explained concepts well.,2026-10-31
789,89,4,Great learning experience.,2026-09-18
790,90,5,Well structured and engaging.,2026-12-29
791,91,5,Instructor explained concepts well.,2026-09-01
792,92,3,Course content was useful.,2026-06-19
793,93,5,Very informative and easy to follow.,2026-08-02
794,94,5,Instructor explained concepts well.,2026-12-19
795,95,5,Excellent course with clear explanations.,2026-11-02
796,96,4,Instructor explained concepts well.,2026-12-02
797,97,5,Highly recommended for beginners.,2026-04-27
798,98,5,Excellent course with clear explanations.,2026-10-26
799,99,4,Good practical examples.,2026-09-26
800,100,5,Highly recommended for beginners.,2026-07-14
801,1,3,Loved the hands-on exercises.,2026-01-17
802,2,5,Very informative and easy to follow.,2026-04-08
803,3,3,Well structured and engaging.,2026-06-10
804,4,4,Good practical examples.,2026-07-31
805,5,5,Loved the hands-on exercises.,2026-07-30
806,6,5,Highly recommended for beginners.,2026-08-30
807,7,5,Excellent course with clear explanations.,2026-12-28
808,8,3,Great learning experience.,2026-04-17
809,9,5,Course content was useful.,2026-12-06
810,10,4,Great learning experience.,2026-07-12
811,11,4,Good practical examples.,2026-08-24
812,12,5,Course content was useful.,2026-10-07
813,13,4,Instructor explained concepts well.,2026-11-09
814,14,4,Loved the hands-on exercises.,2026-05-07
815,15,4,Great learning experience.,2026-06-02
816,16,3,Instructor explained concepts well.,2026-05-28
817,17,5,Loved the hands-on exercises.,2026-12-20
818,18,5,Well structured and engaging.,2026-06-12
819,19,4,Course content was useful.,2026-10-14
820,20,5,Instructor explained concepts well.,2026-05-28
821,21,3,Highly recommended for beginners.,2026-12-13
822,22,5,Could include more real-world projects.,2026-07-22
823,23,4,Good practical examples.,2026-05-29
824,24,3,Instructor explained concepts well.,2027-01-01
825,25,3,Course content was useful.,2026-08-15
826,26,5,Instructor explained concepts well.,2026-09-03
827,27,3,Loved the hands-on exercises.,2026-10-03
828,28,4,Great learning experience.,2026-12-23
829,29,4,Good practical examples.,2026-02-25
830,30,5,Highly recommended for beginners.,2026-05-03
831,31,3,Excellent course with clear explanations.,2026-12-09
832,32,5,Loved the hands-on exercises.,2026-11-23
833,33,3,Excellent course with clear explanations.,2026-02-21
834,34,4,Course content was useful.,2026-08-30
835,35,3,Good practical examples.,2026-01-03
836,36,5,Good practical examples.,2026-07-28
837,37,5,Well structured and engaging.,2026-09-02
838,38,5,Loved the hands-on exercises.,2026-05-28
839,39,4,Instructor explained concepts well.,2026-11-27
840,40,3,Very informative and easy to follow.,2026-11-30
841,41,5,Loved the hands-on exercises.,2026-10-01
842,42,5,Excellent course with clear explanations.,2026-03-31
843,43,4,Good practical examples.,2026-01-19
844,44,4,Well structured and engaging.,2026-04-06
845,45,5,Instructor explained concepts well.,2026-01-20
846,46,3,Instructor explained concepts well.,2026-10-18
847,47,5,Very informative and easy to follow.,2026-06-21
848,48,4,Well structured and engaging.,2026-11-25
849,49,5,Great learning experience.,2026-09-10
850,50,3,Great learning experience.,2026-08-28
851,51,4,Loved the hands-on exercises.,2026-02-27
852,52,4,Good practical examples.,2026-08-23
853,53,5,Instructor explained concepts well.,2026-04-06
854,54,3,Course content was useful.,2026-06-01
855,55,5,Loved the hands-on exercises.,2026-03-31
856,56,5,Could include more real-world projects.,2026-08-07
857,57,5,Course content was useful.,2026-02-14
858,58,4,Very informative and easy to follow.,2026-04-05
859,59,3,Well structured and engaging.,2026-06-15
860,60,3,Excellent course with clear explanations.,2026-05-14
861,61,4,Loved the hands-on exercises.,2026-08-17
862,62,4,Course content was useful.,2026-06-04
863,63,5,Highly recommended for beginners.,2026-01-06
864,64,4,Course content was useful.,2026-12-21
865,65,3,Excellent course with clear explanations.,2026-12-08
866,66,3,Well structured and engaging.,2026-06-07
867,67,3,Could include more real-world projects.,2026-12-18
868,68,5,Instructor explained concepts well.,2026-12-20
869,69,3,Instructor explained concepts well.,2026-07-08
870,70,5,Loved the hands-on exercises.,2026-04-23
871,71,3,Well structured and engaging.,2026-03-20
872,72,4,Highly recommended for beginners.,2026-07-11
873,73,4,Great learning experience.,2026-08-30
874,74,5,Loved the hands-on exercises.,2026-05-07
875,75,5,Highly recommended for beginners.,2026-02-11
876,76,5,Well structured and engaging.,2026-09-28
877,77,5,Course content was useful.,2026-02-09
878,78,5,Very informative and easy to follow.,2026-02-01
879,79,5,Great learning experience.,2026-04-14
880,80,5,Great learning experience.,2026-03-18
881,81,3,Course content was useful.,2026-09-24
882,82,4,Very informative and easy to follow.,2026-12-15
883,83,3,Highly recommended for beginners.,2026-09-08
884,84,3,Great learning experience.,2026-08-17
885,85,3,Well structured and engaging.,2026-03-09
886,86,5,Could include more real-world projects.,2026-08-22
887,87,5,Excellent course with clear explanations.,2026-10-14
888,88,4,Instructor explained concepts well.,2026-01-12
889,89,4,Instructor explained concepts well.,2026-01-02
890,90,5,Loved the hands-on exercises.,2026-10-24
891,91,3,Excellent course with clear explanations.,2026-08-05
892,92,4,Very informative and easy to follow.,2026-10-05
893,93,3,Very informative and easy to follow.,2026-08-30
894,94,3,Instructor explained concepts well.,2026-07-29
895,95,3,Good practical examples.,2026-11-25
896,96,5,Could include more real-world projects.,2026-07-11
897,97,4,Well structured and engaging.,2026-07-13
898,98,4,Very informative and easy to follow.,2026-12-16
899,99,5,Great learning experience.,2026-03-10
900,100,5,Course content was useful.,2026-03-02
901,1,3,Great learning experience.,2026-07-21
902,2,5,Good practical examples.,2026-04-25
903,3,3,Excellent course with clear explanations.,2026-06-02
904,4,4,Great learning experience.,2026-08-06
905,5,5,Could include more real-world projects.,2026-04-28
906,6,3,Well structured and engaging.,2026-06-27
907,7,3,Instructor explained concepts well.,2026-04-07
908,8,5,Very informative and easy to follow.,2026-01-17
909,9,5,Could include more real-world projects.,2026-11-11
910,10,3,Loved the hands-on exercises.,2026-04-16
911,11,3,Very informative and easy to follow.,2026-11-01
912,12,3,Well structured and engaging.,2026-11-03
913,13,5,Excellent course with clear explanations.,2026-05-06
914,14,5,Excellent course with clear explanations.,2026-07-25
915,15,4,Loved the hands-on exercises.,2026-10-04
916,16,3,Excellent course with clear explanations.,2026-03-13
917,17,5,Instructor explained concepts well.,2026-04-30
918,18,5,Highly recommended for beginners.,2026-06-13
919,19,5,Highly recommended for beginners.,2026-12-11
920,20,4,Loved the hands-on exercises.,2026-06-04
921,21,3,Great learning experience.,2026-04-24
922,22,4,Instructor explained concepts well.,2026-05-21
923,23,3,Great learning experience.,2026-10-30
924,24,5,Good practical examples.,2026-11-17
925,25,5,Could include more real-world projects.,2026-10-12
926,26,4,Excellent course with clear explanations.,2026-06-26
927,27,5,Could include more real-world projects.,2026-09-26
928,28,4,Could include more real-world projects.,2026-07-29
929,29,3,Instructor explained concepts well.,2026-07-12
930,30,3,Great learning experience.,2026-08-31
931,31,3,Loved the hands-on exercises.,2026-06-03
932,32,5,Good practical examples.,2026-08-26
933,33,3,Great learning experience.,2026-07-31
934,34,4,Great learning experience.,2026-09-29
935,35,3,Could include more real-world projects.,2026-05-05
936,36,4,Loved the hands-on exercises.,2026-06-19
937,37,5,Very informative and easy to follow.,2026-08-19
938,38,4,Very informative and easy to follow.,2026-10-02
939,39,5,Loved the hands-on exercises.,2026-01-27
940,40,4,Could include more real-world projects.,2026-12-11
941,41,5,Highly recommended for beginners.,2026-01-21
942,42,3,Loved the hands-on exercises.,2026-10-28
943,43,5,Great learning experience.,2026-04-22
944,44,4,Loved the hands-on exercises.,2026-06-20
945,45,4,Excellent course with clear explanations.,2026-04-19
946,46,3,Very informative and easy to follow.,2026-09-03
947,47,3,Highly recommended for beginners.,2026-12-27
948,48,3,Could include more real-world projects.,2026-05-03
949,49,5,Course content was useful.,2026-05-25
950,50,4,Well structured and engaging.,2026-10-01
951,51,5,Course content was useful.,2026-06-07
952,52,4,Course content was useful.,2026-09-20
953,53,4,Well structured and engaging.,2026-02-20
954,54,5,Well structured and engaging.,2026-06-13
955,55,3,Course content was useful.,2026-06-10
956,56,4,Excellent course with clear explanations.,2026-10-16
957,57,3,Good practical examples.,2026-01-09
958,58,4,Great learning experience.,2026-10-27
959,59,5,Could include more real-world projects.,2026-06-01
960,60,3,Loved the hands-on exercises.,2026-06-18
961,61,3,Could include more real-world projects.,2026-10-19
962,62,3,Well structured and engaging.,2026-10-09
963,63,5,Course content was useful.,2026-05-12
964,64,4,Well structured and engaging.,2026-08-24
965,65,3,Course content was useful.,2026-03-28
966,66,3,Great learning experience.,2026-09-08
967,67,3,Great learning experience.,2026-11-25
968,68,3,Great learning experience.,2026-01-18
969,69,3,Excellent course with clear explanations.,2026-01-04
970,70,4,Good practical examples.,2026-11-19
971,71,3,Very informative and easy to follow.,2026-12-29
972,72,3,Excellent course with clear explanations.,2026-04-22
973,73,5,Well structured and engaging.,2026-07-11
974,74,3,Highly recommended for beginners.,2026-11-23
975,75,5,Highly recommended for beginners.,2026-09-05
976,76,5,Well structured and engaging.,2026-01-09
977,77,3,Great learning experience.,2026-10-10
978,78,4,Excellent course with clear explanations.,2026-01-09
979,79,5,Instructor explained concepts well.,2026-10-02
980,80,4,Excellent course with clear explanations.,2026-09-15
981,81,5,Could include more real-world projects.,2026-04-02
982,82,3,Very informative and easy to follow.,2026-09-26
983,83,3,Loved the hands-on exercises.,2026-04-09
984,84,5,Great learning experience.,2026-05-10
985,85,4,Instructor explained concepts well.,2026-07-23
986,86,3,Course content was useful.,2026-07-27
987,87,4,Highly recommended for beginners.,2026-05-05
988,88,5,Loved the hands-on exercises.,2026-06-03
989,89,5,Very informative and easy to follow.,2026-12-01
990,90,5,Excellent course with clear explanations.,2026-02-17
991,91,4,Could include more real-world projects.,2026-07-13
992,92,5,Well structured and engaging.,2026-01-29
993,93,5,Excellent course with clear explanations.,2026-12-26
994,94,3,Very informative and easy to follow.,2026-09-13
995,95,4,Course content was useful.,2026-10-17
996,96,3,Great learning experience.,2026-01-22
997,97,3,Loved the hands-on exercises.,2026-12-21
998,98,5,Well structured and engaging.,2026-05-19
999,99,3,Very informative and easy to follow.,2026-12-17
1000,100,4,Great learning experience.,2026-10-16
1,1,5,Excellent course with clear explanations.,2026-04-02
2,2,4,Excellent course with clear explanations.,2026-04-17
3,3,5,Good practical examples.,2026-12-31
4,4,4,Very informative and easy to follow.,2026-06-03
5,5,3,Highly recommended for beginners.,2026-05-04
6,6,5,Could include more real-world projects.,2026-12-13
7,7,5,Course content was useful.,2026-07-16
8,8,5,Good practical examples.,2026-12-19
9,9,5,Very informative and easy to follow.,2026-09-14
10,10,5,Course content was useful.,2026-01-28
11,11,3,Could include more real-world projects.,2026-04-29
12,12,3,Course content was useful.,2026-11-06
13,13,5,Highly recommended for beginners.,2026-07-23
14,14,4,Excellent course with clear explanations.,2026-11-21
15,15,4,Well structured and engaging.,2026-09-09
16,16,3,Course content was useful.,2026-10-11
17,17,4,Could include more real-world projects.,2026-04-06
18,18,5,Highly recommended for beginners.,2026-12-05
19,19,4,Very informative and easy to follow.,2026-11-13
20,20,4,Loved the hands-on exercises.,2027-01-01
21,21,3,Very informative and easy to follow.,2026-05-18
22,22,3,Could include more real-world projects.,2026-12-31
23,23,5,Good practical examples.,2026-07-19
24,24,4,Course content was useful.,2026-02-24
25,25,3,Excellent course with clear explanations.,2026-06-07
26,26,4,Course content was useful.,2026-05-19
27,27,3,Good practical examples.,2026-02-14
28,28,3,Could include more real-world projects.,2026-08-18
29,29,5,Great learning experience.,2026-09-20
30,30,4,Very informative and easy to follow.,2026-01-14
31,31,3,Course content was useful.,2026-10-11
32,32,3,Highly recommended for beginners.,2026-11-03
33,33,4,Could include more real-world projects.,2026-01-07
34,34,4,Could include more real-world projects.,2026-07-18
35,35,3,Great learning experience.,2026-05-05
36,36,5,Great learning experience.,2026-03-28
37,37,5,Could include more real-world projects.,2026-03-28
38,38,3,Instructor explained concepts well.,2026-06-04
39,39,4,Well structured and engaging.,2026-03-16
40,40,3,Good practical examples.,2026-08-11
41,41,4,Could include more real-world projects.,2026-06-03
42,42,4,Very informative and easy to follow.,2026-07-04
43,43,4,Loved the hands-on exercises.,2026-11-17
44,44,4,Highly recommended for beginners.,2026-11-12
45,45,3,Well structured and engaging.,2026-02-24
46,46,3,Instructor explained concepts well.,2026-01-04
47,47,4,Course content was useful.,2026-11-14
48,48,4,Course content was useful.,2026-08-14
49,49,4,Could include more real-world projects.,2026-11-30
50,50,5,Good practical examples.,2026-06-03
51,51,4,Highly recommended for beginners.,2026-12-22
52,52,3,Well structured and engaging.,2026-06-10
53,53,3,Could include more real-world projects.,2026-06-13
54,54,4,Well structured and engaging.,2026-10-22
55,55,3,Course content was useful.,2026-07-12
56,56,4,Could include more real-world projects.,2026-07-06
57,57,3,Highly recommended for beginners.,2026-04-13
58,58,5,Great learning experience.,2026-04-03
59,59,5,Great learning experience.,2026-01-14
60,60,5,Well structured and engaging.,2026-12-29
61,61,3,Well structured and engaging.,2026-05-30
62,62,5,Very informative and easy to follow.,2026-07-29
63,63,5,Well structured and engaging.,2026-03-13
64,64,5,Instructor explained concepts well.,2026-05-04
65,65,4,Good practical examples.,2026-08-05
66,66,4,Very informative and easy to follow.,2026-08-18
67,67,5,Well structured and engaging.,2026-10-26
68,68,4,Great learning experience.,2026-09-17
69,69,5,Could include more real-world projects.,2026-10-06
70,70,3,Course content was useful.,2026-12-26
71,71,5,Highly recommended for beginners.,2026-11-23
72,72,3,Very informative and easy to follow.,2026-05-08
73,73,5,Course content was useful.,2026-03-27
74,74,5,Highly recommended for beginners.,2026-01-23
75,75,5,Could include more real-world projects.,2026-06-19
76,76,4,Very informative and easy to follow.,2026-01-06
77,77,3,Instructor explained concepts well.,2026-04-24
78,78,5,Great learning experience.,2026-10-13
79,79,5,Highly recommended for beginners.,2026-04-24
80,80,4,Course content was useful.,2026-07-20
81,81,4,Highly recommended for beginners.,2026-12-20
82,82,5,Good practical examples.,2026-06-26
83,83,3,Well structured and engaging.,2026-02-23
84,84,4,Could include more real-world projects.,2026-02-13
85,85,3,Good practical examples.,2026-06-28
86,86,4,Course content was useful.,2026-08-22
87,87,3,Great learning experience.,2026-09-05
88,88,4,Well structured and engaging.,2026-02-19
89,89,4,Well structured and engaging.,2026-06-13
90,90,3,Instructor explained concepts well.,2026-01-23
91,91,5,Very informative and easy to follow.,2026-01-12
92,92,4,Very informative and easy to follow.,2026-12-13
93,93,3,Loved the hands-on exercises.,2026-09-22
94,94,3,Great learning experience.,2026-03-23
95,95,4,Great learning experience.,2026-08-07
96,96,4,Loved the hands-on exercises.,2026-07-27
97,97,5,Good practical examples.,2026-04-06
98,98,5,Could include more real-world projects.,2026-07-22
99,99,3,Highly recommended for beginners.,2026-04-12
100,100,4,Highly recommended for beginners.,2026-08-08
101,1,4,Excellent course with clear explanations.,2026-12-27
102,2,3,Loved the hands-on exercises.,2026-05-23
103,3,5,Very informative and easy to follow.,2026-10-23
104,4,3,Great learning experience.,2026-04-06
105,5,4,Course content was useful.,2026-04-11
106,6,4,Very informative and easy to follow.,2026-05-15
107,7,5,Well structured and engaging.,2026-09-28
108,8,5,Course content was useful.,2026-11-02
109,9,4,Highly recommended for beginners.,2026-07-20
110,10,5,Very informative and easy to follow.,2026-06-28
111,11,4,Well structured and engaging.,2026-11-13
112,12,3,Instructor explained concepts well.,2026-11-11
113,13,5,Very informative and easy to follow.,2026-12-11
114,14,3,Course content was useful.,2026-03-02
115,15,3,Instructor explained concepts well.,2026-03-01
116,16,3,Course content was useful.,2026-12-22
117,17,3,Great learning experience.,2026-07-18
118,18,4,Highly recommended for beginners.,2026-03-12
119,19,5,Could include more real-world projects.,2026-08-05
120,20,3,Well structured and engaging.,2026-11-22
121,21,5,Good practical examples.,2026-10-12
122,22,3,Well structured and engaging.,2026-05-28
123,23,3,Good practical examples.,2026-06-11
124,24,4,Highly recommended for beginners.,2026-01-28
125,25,4,Excellent course with clear explanations.,2026-09-06
126,26,3,Loved the hands-on exercises.,2026-07-16
127,27,5,Great learning experience.,2026-12-01
128,28,4,Could include more real-world projects.,2026-12-17
129,29,4,Could include more real-world projects.,2026-12-30
130,30,4,Well structured and engaging.,2026-03-27
131,31,3,Highly recommended for beginners.,2026-01-16
132,32,3,Instructor explained concepts well.,2026-01-17
133,33,4,Loved the hands-on exercises.,2026-10-03
134,34,4,Good practical examples.,2026-08-23
135,35,5,Well structured and engaging.,2026-10-09
136,36,5,Very informative and easy to follow.,2026-10-21
137,37,3,Instructor explained concepts well.,2026-10-06
138,38,4,Great learning experience.,2026-01-22
139,39,5,Well structured and engaging.,2026-10-07
140,40,3,Could include more real-world projects.,2026-02-22
141,41,5,Loved the hands-on exercises.,2026-06-02
142,42,3,Well structured and engaging.,2026-05-15
143,43,4,Very informative and easy to follow.,2026-08-13
144,44,3,Loved the hands-on exercises.,2026-04-18
145,45,5,Highly recommended for beginners.,2026-12-19
146,46,4,Highly recommended for beginners.,2026-11-20
147,47,4,Good practical examples.,2026-11-12
148,48,3,Loved the hands-on exercises.,2026-04-16
149,49,3,Highly recommended for beginners.,2026-06-29
150,50,5,Instructor explained concepts well.,2026-11-02
151,51,5,Good practical examples.,2026-06-15
152,52,5,Instructor explained concepts well.,2026-05-29
153,53,5,Instructor explained concepts well.,2026-09-21
154,54,5,Very informative and easy to follow.,2026-03-11
155,55,4,Excellent course with clear explanations.,2026-05-22
156,56,5,Good practical examples.,2026-12-26
157,57,3,Loved the hands-on exercises.,2026-03-16
158,58,5,Course content was useful.,2026-05-07
159,59,5,Could include more real-world projects.,2026-09-08
160,60,3,Highly recommended for beginners.,2026-11-20
161,61,4,Could include more real-world projects.,2026-07-12
162,62,4,Very informative and easy to follow.,2026-11-21
163,63,3,Could include more real-world projects.,2026-09-21
164,64,5,Instructor explained concepts well.,2026-12-22
165,65,4,Well structured and engaging.,2026-09-07
166,66,4,Highly recommended for beginners.,2026-01-02
167,67,5,Very informative and easy to follow.,2026-08-23
168,68,5,Course content was useful.,2026-02-02
169,69,5,Could include more real-world projects.,2026-04-22
170,70,4,Loved the hands-on exercises.,2026-09-11
171,71,4,Course content was useful.,2026-05-26
172,72,4,Great learning experience.,2026-10-23
173,73,3,Highly recommended for beginners.,2026-09-06
174,74,4,Excellent course with clear explanations.,2026-01-24
175,75,3,Well structured and engaging.,2026-01-09
176,76,3,Good practical examples.,2026-08-14
177,77,4,Excellent course with clear explanations.,2026-08-08
178,78,3,Good practical examples.,2026-11-29
179,79,4,Good practical examples.,2026-05-21
180,80,3,Course content was useful.,2026-05-09
181,81,3,Course content was useful.,2026-12-07
182,82,5,Good practical examples.,2026-01-27
183,83,4,Instructor explained concepts well.,2026-12-25
184,84,3,Could include more real-world projects.,2026-12-02
185,85,3,Very informative and easy to follow.,2026-01-01
186,86,3,Well structured and engaging.,2026-02-09
187,87,3,Highly recommended for beginners.,2026-04-26
188,88,5,Well structured and engaging.,2026-01-05
189,89,3,Course content was useful.,2026-03-03
190,90,4,Good practical examples.,2026-09-02
191,91,3,Loved the hands-on exercises.,2026-07-16
192,92,3,Very informative and easy to follow.,2026-02-22
193,93,4,Course content was useful.,2026-06-03
194,94,3,Could include more real-world projects.,2026-03-10
195,95,5,Good practical examples.,2026-02-05
196,96,5,Highly recommended for beginners.,2026-01-05
197,97,5,Good practical examples.,2026-08-14
198,98,4,Loved the hands-on exercises.,2026-11-18
199,99,5,Good practical examples.,2026-07-30
200,100,5,Well structured and engaging.,2026-04-22
201,1,3,Very informative and easy to follow.,2026-03-13
202,2,3,Highly recommended for beginners.,2026-07-16
203,3,4,Could include more real-world projects.,2026-06-11
204,4,3,Loved the hands-on exercises.,2026-05-22
205,5,5,Very informative and easy to follow.,2026-05-08
206,6,5,Highly recommended for beginners.,2026-11-04
207,7,5,Highly recommended for beginners.,2026-05-26
208,8,5,Excellent course with clear explanations.,2026-12-04
209,9,4,Loved the hands-on exercises.,2026-09-23
210,10,5,Great learning experience.,2026-04-07
211,11,5,Could include more real-world projects.,2026-06-01
212,12,5,Excellent course with clear explanations.,2026-05-03
213,13,4,Could include more real-world projects.,2026-02-27
214,14,3,Well structured and engaging.,2026-11-23
215,15,5,Very informative and easy to follow.,2026-09-28
216,16,3,Course content was useful.,2026-06-12
217,17,3,Could include more real-world projects.,2026-10-19
218,18,4,Course content was useful.,2026-10-07
219,19,5,Good practical examples.,2026-08-30
220,20,3,Excellent course with clear explanations.,2026-10-28
221,21,3,Excellent course with clear explanations.,2026-05-15
222,22,3,Excellent course with clear explanations.,2026-01-31
223,23,4,Great learning experience.,2026-05-27
224,24,5,Great learning experience.,2026-08-01
225,25,4,Could include more real-world projects.,2026-02-12
226,26,5,Great learning experience.,2026-10-03
227,27,5,Good practical examples.,2026-05-23
228,28,3,Instructor explained concepts well.,2026-02-10
229,29,5,Loved the hands-on exercises.,2026-03-21
230,30,5,Course content was useful.,2026-07-20
231,31,5,Very informative and easy to follow.,2026-06-08
232,32,5,Could include more real-world projects.,2026-05-03
233,33,3,Loved the hands-on exercises.,2026-02-14
234,34,4,Very informative and easy to follow.,2026-08-21
235,35,5,Highly recommended for beginners.,2026-01-29
236,36,4,Good practical examples.,2026-03-03
237,37,3,Good practical examples.,2026-12-26
238,38,3,Good practical examples.,2026-09-12
239,39,4,Great learning experience.,2026-09-22
240,40,5,Instructor explained concepts well.,2026-03-27
241,41,4,Good practical examples.,2026-05-18
242,42,5,Very informative and easy to follow.,2026-01-16
243,43,4,Could include more real-world projects.,2026-05-20
244,44,5,Very informative and easy to follow.,2026-05-15
245,45,5,Highly recommended for beginners.,2026-11-18
246,46,3,Well structured and engaging.,2026-08-22
247,47,5,Course content was useful.,2026-01-29
248,48,4,Highly recommended for beginners.,2026-03-27
249,49,4,Good practical examples.,2026-05-11
250,50,3,Highly recommended for beginners.,2026-12-12
251,51,5,Very informative and easy to follow.,2026-04-27
252,52,5,Great learning experience.,2026-01-02
253,53,3,Excellent course with clear explanations.,2026-05-06
254,54,3,Well structured and engaging.,2026-07-06
255,55,4,Good practical examples.,2026-04-02
256,56,3,Great learning experience.,2027-01-01
257,57,5,Could include more real-world projects.,2026-04-25
258,58,4,Loved the hands-on exercises.,2026-08-02
259,59,5,Course content was useful.,2026-05-19
260,60,3,Highly recommended for beginners.,2026-07-10
261,61,3,Great learning experience.,2026-12-11
262,62,3,Good practical examples.,2026-04-25
263,63,5,Excellent course with clear explanations.,2026-07-25
264,64,3,Well structured and engaging.,2026-05-25
265,65,4,Course content was useful.,2026-02-14
266,66,5,Well structured and engaging.,2026-01-05
267,67,4,Loved the hands-on exercises.,2026-05-30
268,68,5,Instructor explained concepts well.,2026-11-15
269,69,3,Well structured and engaging.,2026-07-08
270,70,5,Well structured and engaging.,2026-04-11
271,71,5,Great learning experience.,2026-05-06
272,72,3,Excellent course with clear explanations.,2026-07-29
273,73,3,Loved the hands-on exercises.,2026-10-05
274,74,4,Excellent course with clear explanations.,2026-06-21
275,75,3,Could include more real-world projects.,2026-06-07
276,76,3,Loved the hands-on exercises.,2026-09-29
277,77,3,Could include more real-world projects.,2026-09-09
278,78,3,Good practical examples.,2026-12-31
279,79,4,Very informative and easy to follow.,2026-01-23
280,80,3,Great learning experience.,2026-07-31
281,81,5,Course content was useful.,2026-08-23
282,82,5,Very informative and easy to follow.,2026-10-25
283,83,3,Great learning experience.,2026-03-10
284,84,5,Could include more real-world projects.,2026-02-08
285,85,5,Highly recommended for beginners.,2026-02-01
286,86,4,Good practical examples.,2026-05-02
287,87,4,Instructor explained concepts well.,2026-06-11
288,88,4,Course content was useful.,2026-06-12
289,89,4,Instructor explained concepts well.,2026-04-30
290,90,3,Loved the hands-on exercises.,2026-03-11
291,91,5,Very informative and easy to follow.,2026-03-21
292,92,3,Good practical examples.,2026-08-19
293,93,4,Course content was useful.,2026-07-28
294,94,3,Great learning experience.,2026-07-03
295,95,3,Well structured and engaging.,2026-06-07
296,96,4,Instructor explained concepts well.,2026-03-03
297,97,3,Good practical examples.,2026-12-18
298,98,4,Highly recommended for beginners.,2026-01-21
299,99,3,Course content was useful.,2026-03-17
300,100,3,Loved the hands-on exercises.,2026-07-02
301,1,4,Great learning experience.,2026-01-26
302,2,5,Instructor explained concepts well.,2026-05-14
303,3,3,Excellent course with clear explanations.,2026-07-27
304,4,4,Great learning experience.,2026-10-09
305,5,3,Very informative and easy to follow.,2026-08-25
306,6,3,Good practical examples.,2026-03-04
307,7,3,Excellent course with clear explanations.,2026-04-24
308,8,3,Loved the hands-on exercises.,2026-07-25
309,9,4,Very informative and easy to follow.,2026-10-26
310,10,5,Instructor explained concepts well.,2026-02-08
311,11,3,Very informative and easy to follow.,2026-04-12
312,12,5,Well structured and engaging.,2026-03-07
313,13,3,Course content was useful.,2026-03-04
314,14,3,Well structured and engaging.,2026-01-26
315,15,3,Highly recommended for beginners.,2026-08-10
316,16,5,Could include more real-world projects.,2026-09-12
317,17,3,Could include more real-world projects.,2026-12-16
318,18,4,Good practical examples.,2026-07-01
319,19,3,Good practical examples.,2026-05-21
320,20,4,Well structured and engaging.,2026-03-18
321,21,3,Highly recommended for beginners.,2026-11-14
322,22,5,Loved the hands-on exercises.,2026-11-28
323,23,4,Well structured and engaging.,2026-07-30
324,24,5,Well structured and engaging.,2026-02-01
325,25,3,Instructor explained concepts well.,2026-07-16
326,26,3,Could include more real-world projects.,2026-04-13
327,27,5,Great learning experience.,2026-05-08
328,28,5,Great learning experience.,2026-01-10
329,29,4,Course content was useful.,2026-09-03
330,30,5,Well structured and engaging.,2026-06-26
331,31,5,Great learning experience.,2026-06-14
332,32,4,Instructor explained concepts well.,2026-04-03
333,33,3,Course content was useful.,2026-11-02
334,34,3,Excellent course with clear explanations.,2026-05-24
335,35,3,Well structured and engaging.,2026-09-29
336,36,4,Highly recommended for beginners.,2026-04-30
337,37,3,Very informative and easy to follow.,2026-05-07
338,38,5,Loved the hands-on exercises.,2026-05-17
339,39,5,Excellent course with clear explanations.,2026-04-23
340,40,5,Could include more real-world projects.,2026-07-01
341,41,3,Good practical examples.,2026-05-02
342,42,5,Course content was useful.,2026-12-24
343,43,4,Highly recommended for beginners.,2026-01-15
344,44,5,Course content was useful.,2026-10-18
345,45,5,Good practical examples.,2026-10-16
346,46,3,Well structured and engaging.,2026-10-05
347,47,4,Good practical examples.,2026-09-09
348,48,3,Very informative and easy to follow.,2026-01-29
349,49,3,Highly recommended for beginners.,2026-04-23
350,50,3,Great learning experience.,2026-09-02
351,51,3,Course content was useful.,2026-11-11
352,52,3,Good practical examples.,2026-06-24
353,53,5,Good practical examples.,2026-06-15
354,54,3,Excellent course with clear explanations.,2026-03-17
355,55,5,Good practical examples.,2026-02-26
356,56,5,Course content was useful.,2026-02-07
357,57,4,Could include more real-world projects.,2026-10-28
358,58,3,Course content was useful.,2026-06-04
359,59,4,Good practical examples.,2026-03-22
360,60,5,Could include more real-world projects.,2026-11-24
361,61,4,Course content was useful.,2026-03-31
362,62,5,Great learning experience.,2026-12-22
363,63,5,Course content was useful.,2026-04-25
364,64,5,Highly recommended for beginners.,2026-03-31
365,65,4,Instructor explained concepts well.,2026-12-19
366,66,4,Good practical examples.,2026-04-01
367,67,5,Excellent course with clear explanations.,2026-12-26
368,68,5,Could include more real-world projects.,2026-10-18
369,69,3,Good practical examples.,2026-11-05
370,70,4,Highly recommended for beginners.,2026-04-24
371,71,5,Highly recommended for beginners.,2026-02-23
372,72,4,Good practical examples.,2026-06-19
373,73,5,Very informative and easy to follow.,2026-05-02
374,74,4,Course content was useful.,2026-03-27
375,75,5,Very informative and easy to follow.,2026-12-29
376,76,5,Course content was useful.,2026-08-17
377,77,3,Instructor explained concepts well.,2026-04-18
378,78,3,Very informative and easy to follow.,2026-06-29
379,79,4,Very informative and easy to follow.,2026-01-01
380,80,3,Could include more real-world projects.,2026-08-13
381,81,5,Could include more real-world projects.,2026-03-27
382,82,4,Well structured and engaging.,2026-07-13
383,83,4,Great learning experience.,2026-07-12
384,84,3,Well structured and engaging.,2026-10-23
385,85,5,Loved the hands-on exercises.,2026-03-25
386,86,4,Very informative and easy to follow.,2026-01-18
387,87,4,Excellent course with clear explanations.,2026-06-13
388,88,4,Very informative and easy to follow.,2026-02-07
389,89,4,Good practical examples.,2026-07-12
390,90,3,Very informative and easy to follow.,2026-10-08
391,91,3,Course content was useful.,2026-11-01
392,92,5,Well structured and engaging.,2026-12-27
393,93,3,Could include more real-world projects.,2026-12-01
394,94,3,Highly recommended for beginners.,2026-08-11
395,95,3,Excellent course with clear explanations.,2026-02-21
396,96,4,Loved the hands-on exercises.,2026-04-08
397,97,4,Great learning experience.,2026-10-04
398,98,4,Instructor explained concepts well.,2026-06-02
399,99,3,Very informative and easy to follow.,2026-01-26
400,100,4,Highly recommended for beginners.,2026-10-09
401,1,4,Good practical examples.,2026-01-28
402,2,4,Excellent course with clear explanations.,2026-08-07
403,3,3,Instructor explained concepts well.,2026-12-05
404,4,5,Highly recommended for beginners.,2026-09-03
405,5,3,Very informative and easy to follow.,2026-01-14
406,6,3,Good practical examples.,2026-11-23
407,7,4,Very informative and easy to follow.,2026-08-31
408,8,3,Instructor explained concepts well.,2026-07-23
409,9,4,Well structured and engaging.,2026-12-05
410,10,4,Very informative and easy to follow.,2026-11-25
411,11,5,Could include more real-world projects.,2026-04-05
412,12,4,Could include more real-world projects.,2026-07-09
413,13,3,Well structured and engaging.,2026-01-23
414,14,4,Well structured and engaging.,2026-08-27
415,15,4,Loved the hands-on exercises.,2026-05-18
416,16,5,Excellent course with clear explanations.,2026-03-19
417,17,5,Very informative and easy to follow.,2026-02-13
418,18,5,Course content was useful.,2026-10-05
419,19,4,Highly recommended for beginners.,2026-04-27
420,20,5,Excellent course with clear explanations.,2026-07-18
421,21,5,Could include more real-world projects.,2026-10-02
422,22,5,Well structured and engaging.,2026-10-21
423,23,3,Well structured and engaging.,2026-06-03
424,24,3,Could include more real-world projects.,2027-01-01
425,25,3,Great learning experience.,2026-10-20
426,26,5,Highly recommended for beginners.,2026-12-13
427,27,5,Good practical examples.,2026-03-03
428,28,4,Good practical examples.,2026-03-27
429,29,3,Loved the hands-on exercises.,2026-03-06
430,30,3,Could include more real-world projects.,2026-02-10
431,31,5,Could include more real-world projects.,2026-04-14
432,32,5,Good practical examples.,2026-11-01
433,33,4,Course content was useful.,2026-02-04
434,34,3,Could include more real-world projects.,2026-10-12
435,35,4,Great learning experience.,2026-06-16
436,36,4,Great learning experience.,2026-08-23
437,37,3,Highly recommended for beginners.,2026-10-28
438,38,5,Could include more real-world projects.,2026-02-27
439,39,4,Good practical examples.,2026-03-17
440,40,5,Highly recommended for beginners.,2026-10-26
441,41,3,Very informative and easy to follow.,2026-10-16
442,42,3,Instructor explained concepts well.,2026-10-02
443,43,4,Could include more real-world projects.,2026-05-16
444,44,4,Well structured and engaging.,2026-10-20
445,45,5,Well structured and engaging.,2026-01-20
446,46,3,Instructor explained concepts well.,2026-07-26
447,47,3,Highly recommended for beginners.,2026-11-08
448,48,5,Could include more real-world projects.,2026-01-20
449,49,4,Course content was useful.,2026-12-20
450,50,3,Excellent course with clear explanations.,2026-09-01
451,51,4,Course content was useful.,2026-01-11
452,52,4,Instructor explained concepts well.,2026-06-09
453,53,4,Well structured and engaging.,2026-12-23
454,54,5,Very informative and easy to follow.,2026-04-27
455,55,3,Instructor explained concepts well.,2026-08-15
456,56,4,Instructor explained concepts well.,2026-08-02
457,57,5,Very informative and easy to follow.,2026-04-07
458,58,4,Loved the hands-on exercises.,2026-07-28
459,59,5,Well structured and engaging.,2026-09-22
460,60,4,Excellent course with clear explanations.,2026-09-21
461,61,3,Very informative and easy to follow.,2026-06-09
462,62,5,Great learning experience.,2026-07-26
463,63,3,Great learning experience.,2026-10-19
464,64,3,Good practical examples.,2026-04-09
465,65,3,Excellent course with clear explanations.,2026-05-08
466,66,3,Well structured and engaging.,2026-01-26
467,67,4,Loved the hands-on exercises.,2026-05-21
468,68,4,Well structured and engaging.,2026-09-16
469,69,4,Very informative and easy to follow.,2026-12-15
470,70,3,Loved the hands-on exercises.,2026-07-10
471,71,4,Highly recommended for beginners.,2026-08-17
472,72,3,Well structured and engaging.,2026-10-28
473,73,5,Course content was useful.,2026-06-26
474,74,3,Instructor explained concepts well.,2026-12-19
475,75,3,Instructor explained concepts well.,2026-01-15
476,76,4,Excellent course with clear explanations.,2026-03-25
477,77,5,Loved the hands-on exercises.,2026-04-24
478,78,5,Loved the hands-on exercises.,2026-12-13
479,79,3,Instructor explained concepts well.,2026-11-30
480,80,4,Great learning experience.,2026-01-11
481,81,5,Excellent course with clear explanations.,2026-08-31
482,82,3,Good practical examples.,2026-11-04
483,83,3,Loved the hands-on exercises.,2026-05-10
484,84,5,Instructor explained concepts well.,2026-12-31
485,85,5,Instructor explained concepts well.,2026-08-05
486,86,4,Course content was useful.,2026-08-24
487,87,4,Loved the hands-on exercises.,2026-08-27
488,88,4,Great learning experience.,2026-11-16
489,89,4,Highly recommended for beginners.,2026-02-22
490,90,3,Great learning experience.,2026-12-06
491,91,4,Great learning experience.,2026-11-28
492,92,5,Highly recommended for beginners.,2026-05-25
493,93,4,Very informative and easy to follow.,2026-09-04
494,94,3,Course content was useful.,2026-05-22
495,95,5,Course content was useful.,2026-05-22
496,96,4,Instructor explained concepts well.,2026-04-07
497,97,3,Great learning experience.,2026-05-04
498,98,3,Highly recommended for beginners.,2026-07-26
499,99,5,Course content was useful.,2026-12-15
500,100,3,Excellent course with clear explanations.,2026-12-02
501,1,4,Instructor explained concepts well.,2026-05-13
502,2,4,Could include more real-world projects.,2026-07-18
503,3,5,Excellent course with clear explanations.,2026-10-26
504,4,5,Highly recommended for beginners.,2026-04-08
505,5,4,Loved the hands-on exercises.,2026-12-18
506,6,5,Well structured and engaging.,2026-12-10
507,7,4,Great learning experience.,2026-06-03
508,8,3,Great learning experience.,2026-04-03
509,9,4,Very informative and easy to follow.,2026-08-30
510,10,3,Instructor explained concepts well.,2026-10-14
511,11,3,Course content was useful.,2026-12-02
512,12,3,Loved the hands-on exercises.,2026-07-01
513,13,3,Instructor explained concepts well.,2026-08-04
514,14,4,Course content was useful.,2026-05-14
515,15,5,Instructor explained concepts well.,2026-08-26
516,16,3,Well structured and engaging.,2026-01-28
517,17,5,Highly recommended for beginners.,2026-10-25
518,18,5,Very informative and easy to follow.,2026-08-30
519,19,3,Great learning experience.,2026-03-03
520,20,5,Could include more real-world projects.,2026-09-29
521,21,4,Could include more real-world projects.,2026-01-28
522,22,3,Good practical examples.,2026-04-13
523,23,4,Could include more real-world projects.,2026-10-19
524,24,4,Good practical examples.,2026-06-11
525,25,5,Good practical examples.,2026-02-11
526,26,4,Course content was useful.,2026-11-20
527,27,3,Course content was useful.,2026-11-21
528,28,3,Excellent course with clear explanations.,2026-08-20
529,29,4,Loved the hands-on exercises.,2026-03-28
530,30,5,Good practical examples.,2026-09-08
531,31,3,Good practical examples.,2026-11-11
532,32,4,Could include more real-world projects.,2026-07-26
533,33,4,Well structured and engaging.,2026-07-16
534,34,3,Excellent course with clear explanations.,2026-10-01
535,35,3,Course content was useful.,2026-01-08
536,36,4,Great learning experience.,2026-04-08
537,37,3,Excellent course with clear explanations.,2026-11-17
538,38,5,Loved the hands-on exercises.,2026-04-26
539,39,5,Course content was useful.,2026-06-09
540,40,3,Very informative and easy to follow.,2026-07-16
541,41,5,Highly recommended for beginners.,2026-06-06
542,42,3,Very informative and easy to follow.,2026-01-24
543,43,4,Instructor explained concepts well.,2026-08-22
544,44,5,Great learning experience.,2026-11-02
545,45,5,Course content was useful.,2026-08-11
546,46,5,Good practical examples.,2026-06-25
547,47,4,Course content was useful.,2026-04-07
548,48,3,Could include more real-world projects.,2026-01-10
549,49,3,Loved the hands-on exercises.,2026-03-09
550,50,3,Excellent course with clear explanations.,2026-10-29
551,51,5,Good practical examples.,2026-03-05
552,52,4,Excellent course with clear explanations.,2026-07-12
553,53,5,Instructor explained concepts well.,2026-10-01
554,54,5,Excellent course with clear explanations.,2026-11-01
555,55,3,Very informative and easy to follow.,2026-12-01
556,56,3,Excellent course with clear explanations.,2026-12-20
557,57,3,Could include more real-world projects.,2026-08-16
558,58,4,Very informative and easy to follow.,2026-10-08
559,59,4,Well structured and engaging.,2026-12-26
560,60,3,Loved the hands-on exercises.,2026-12-22
561,61,5,Excellent course with clear explanations.,2026-06-04
562,62,4,Very informative and easy to follow.,2026-12-06
563,63,5,Instructor explained concepts well.,2026-11-15
564,64,5,Good practical examples.,2026-08-03
565,65,3,Great learning experience.,2026-11-13
566,66,3,Instructor explained concepts well.,2026-02-28
567,67,3,Well structured and engaging.,2026-04-12
568,68,5,Loved the hands-on exercises.,2026-05-15
569,69,5,Loved the hands-on exercises.,2026-07-03
570,70,5,Could include more real-world projects.,2026-06-01
571,71,3,Excellent course with clear explanations.,2026-10-08
572,72,4,Loved the hands-on exercises.,2026-12-19
573,73,4,Course content was useful.,2026-05-01
574,74,3,Excellent course with clear explanations.,2026-12-10
575,75,3,Very informative and easy to follow.,2026-10-21
576,76,5,Well structured and engaging.,2026-03-18
577,77,3,Great learning experience.,2026-02-08
578,78,5,Very informative and easy to follow.,2026-05-12
579,79,5,Loved the hands-on exercises.,2026-08-22
580,80,4,Instructor explained concepts well.,2026-08-26
581,81,3,Very informative and easy to follow.,2026-03-31
582,82,3,Instructor explained concepts well.,2026-07-04
583,83,5,Course content was useful.,2026-08-07
584,84,5,Very informative and easy to follow.,2026-02-18
585,85,3,Excellent course with clear explanations.,2026-03-12
586,86,5,Good practical examples.,2026-06-18
587,87,4,Well structured and engaging.,2026-11-15
588,88,4,Very informative and easy to follow.,2026-07-10
589,89,4,Good practical examples.,2026-02-28
590,90,4,Could include more real-world projects.,2026-08-22
591,91,4,Could include more real-world projects.,2026-12-20
592,92,4,Could include more real-world projects.,2026-11-29
593,93,3,Very informative and easy to follow.,2026-03-09
594,94,5,Excellent course with clear explanations.,2026-03-23
595,95,3,Could include more real-world projects.,2026-10-30
596,96,4,Highly recommended for beginners.,2026-12-14
597,97,4,Good practical examples.,2026-11-09
598,98,4,Course content was useful.,2026-11-10
599,99,3,Good practical examples.,2026-09-05
600,100,4,Very informative and easy to follow.,2026-07-30
601,1,4,Excellent course with clear explanations.,2026-02-02
602,2,4,Course content was useful.,2026-01-07
603,3,5,Great learning experience.,2026-10-23
604,4,5,Highly recommended for beginners.,2026-04-25
605,5,5,Course content was useful.,2026-09-23
606,6,5,Highly recommended for beginners.,2026-02-18
607,7,4,Loved the hands-on exercises.,2026-09-04
608,8,4,Could include more real-world projects.,2026-03-18
609,9,5,Highly recommended for beginners.,2026-01-28
610,10,3,Good practical examples.,2026-09-16
611,11,4,Well structured and engaging.,2026-03-26
612,12,3,Well structured and engaging.,2026-06-14
613,13,3,Course content was useful.,2026-05-23
614,14,3,Great learning experience.,2026-04-25
615,15,5,Could include more real-world projects.,2026-07-26
616,16,3,Very informative and easy to follow.,2026-08-24
617,17,4,Highly recommended for beginners.,2026-08-18
618,18,3,Well structured and engaging.,2026-08-17
619,19,4,Very informative and easy to follow.,2026-09-12
620,20,5,Excellent course with clear explanations.,2026-02-22
621,21,4,Could include more real-world projects.,2026-01-19
622,22,5,Great learning experience.,2026-01-01
623,23,3,Highly recommended for beginners.,2026-11-13
624,24,5,Instructor explained concepts well.,2026-09-18
625,25,5,Loved the hands-on exercises.,2026-12-02
626,26,5,Well structured and engaging.,2026-06-24
627,27,4,Excellent course with clear explanations.,2026-04-25
628,28,4,Course content was useful.,2026-10-14
629,29,5,Highly recommended for beginners.,2026-08-31
630,30,5,Course content was useful.,2026-08-20
631,31,3,Very informative and easy to follow.,2026-12-04
632,32,3,Excellent course with clear explanations.,2026-06-24
633,33,4,Instructor explained concepts well.,2026-10-08
634,34,5,Course content was useful.,2026-12-26
635,35,3,Excellent course with clear explanations.,2026-03-26
636,36,4,Good practical examples.,2026-07-29
637,37,3,Instructor explained concepts well.,2026-11-09
638,38,3,Loved the hands-on exercises.,2026-03-03
639,39,4,Loved the hands-on exercises.,2026-08-23
640,40,3,Course content was useful.,2026-02-25
641,41,4,Excellent course with clear explanations.,2026-11-21
642,42,5,Highly recommended for beginners.,2026-03-05
643,43,4,Well structured and engaging.,2026-12-04
644,44,5,Great learning experience.,2026-03-10
645,45,4,Excellent course with clear explanations.,2026-09-29
646,46,5,Excellent course with clear explanations.,2026-10-11
647,47,4,Highly recommended for beginners.,2026-09-05
648,48,5,Good practical examples.,2026-12-21
649,49,5,Good practical examples.,2026-03-07
650,50,3,Could include more real-world projects.,2026-12-03
651,51,5,Highly recommended for beginners.,2026-06-14
652,52,5,Could include more real-world projects.,2026-08-03
653,53,5,Loved the hands-on exercises.,2026-05-21
654,54,4,Course content was useful.,2026-05-31
655,55,4,Good practical examples.,2026-03-12
656,56,4,Highly recommended for beginners.,2026-12-25
657,57,5,Great learning experience.,2026-06-03
658,58,5,Great learning experience.,2026-06-10
659,59,5,Great learning experience.,2026-11-20
660,60,3,Loved the hands-on exercises.,2026-04-18
661,61,5,Instructor explained concepts well.,2026-12-18
662,62,4,Good practical examples.,2026-12-30
663,63,5,Good practical examples.,2026-09-15
664,64,5,Course content was useful.,2026-12-30
665,65,3,Course content was useful.,2026-10-15
666,66,4,Highly recommended for beginners.,2026-10-20
667,67,5,Could include more real-world projects.,2026-12-12
668,68,5,Great learning experience.,2026-05-27
669,69,4,Excellent course with clear explanations.,2026-09-25
670,70,3,Excellent course with clear explanations.,2026-07-15
671,71,3,Excellent course with clear explanations.,2026-12-10
672,72,3,Loved the hands-on exercises.,2026-05-17
673,73,3,Instructor explained concepts well.,2026-12-16
674,74,4,Good practical examples.,2026-02-01
675,75,5,Instructor explained concepts well.,2026-04-15
676,76,5,Excellent course with clear explanations.,2026-07-03
677,77,4,Very informative and easy to follow.,2026-11-12
678,78,5,Great learning experience.,2026-04-25
679,79,5,Great learning experience.,2026-07-19
680,80,3,Great learning experience.,2026-12-23
681,81,4,Excellent course with clear explanations.,2026-07-15
682,82,4,Could include more real-world projects.,2026-12-17
683,83,4,Great learning experience.,2026-01-28
684,84,3,Instructor explained concepts well.,2026-04-14
685,85,5,Well structured and engaging.,2026-04-26
686,86,5,Course content was useful.,2026-10-29
687,87,5,Highly recommended for beginners.,2026-04-11
688,88,5,Loved the hands-on exercises.,2026-05-31
689,89,4,Good practical examples.,2026-12-16
690,90,3,Good practical examples.,2026-03-30
691,91,5,Great learning experience.,2026-03-03
692,92,4,Excellent course with clear explanations.,2026-08-08
693,93,4,Great learning experience.,2026-05-16
694,94,3,Good practical examples.,2026-10-27
695,95,4,Excellent course with clear explanations.,2026-06-19
696,96,4,Good practical examples.,2026-01-21
697,97,3,Course content was useful.,2026-11-02
698,98,3,Highly recommended for beginners.,2026-12-05
699,99,4,Well structured and engaging.,2026-10-21
700,100,5,Course content was useful.,2026-02-07
701,1,5,Course content was useful.,2026-09-27
702,2,3,Good practical examples.,2026-09-24
703,3,3,Great learning experience.,2026-03-23
704,4,4,Great learning experience.,2026-10-02
705,5,4,Very informative and easy to follow.,2026-06-28
706,6,3,Loved the hands-on exercises.,2026-12-06
707,7,4,Course content was useful.,2026-07-04
708,8,4,Loved the hands-on exercises.,2026-11-13
709,9,5,Well structured and engaging.,2026-10-15
710,10,5,Excellent course with clear explanations.,2026-02-28
711,11,5,Course content was useful.,2026-08-17
712,12,3,Highly recommended for beginners.,2026-11-15
713,13,3,Excellent course with clear explanations.,2026-12-16
714,14,4,Could include more real-world projects.,2026-02-28
715,15,4,Instructor explained concepts well.,2026-10-04
716,16,5,Instructor explained concepts well.,2026-01-13
717,17,5,Course content was useful.,2026-09-21
718,18,5,Well structured and engaging.,2026-09-07
719,19,3,Instructor explained concepts well.,2026-11-30
720,20,3,Course content was useful.,2026-09-21
721,21,3,Very informative and easy to follow.,2026-03-27
722,22,5,Great learning experience.,2026-01-04
723,23,5,Very informative and easy to follow.,2026-04-18
724,24,5,Loved the hands-on exercises.,2026-12-17
725,25,4,Very informative and easy to follow.,2026-04-16
726,26,5,Could include more real-world projects.,2026-11-28
727,27,3,Good practical examples.,2026-01-13
728,28,4,Course content was useful.,2026-01-20
729,29,3,Very informative and easy to follow.,2026-01-28
730,30,3,Instructor explained concepts well.,2026-10-13
731,31,3,Highly recommended for beginners.,2026-04-27
732,32,4,Could include more real-world projects.,2026-07-18
733,33,4,Could include more real-world projects.,2026-08-10
734,34,4,Excellent course with clear explanations.,2026-07-19
735,35,5,Very informative and easy to follow.,2026-10-01
736,36,3,Highly recommended for beginners.,2026-02-02
737,37,5,Highly recommended for beginners.,2026-01-24
738,38,5,Very informative and easy to follow.,2026-07-03
739,39,5,Very informative and easy to follow.,2026-05-29
740,40,5,Instructor explained concepts well.,2026-11-07
741,41,3,Instructor explained concepts well.,2026-08-13
742,42,4,Could include more real-world projects.,2026-12-05
743,43,3,Well structured and engaging.,2026-03-22
744,44,5,Loved the hands-on exercises.,2026-03-11
745,45,5,Could include more real-world projects.,2026-10-07
746,46,4,Good practical examples.,2026-06-02
747,47,5,Course content was useful.,2026-01-06
748,48,5,Great learning experience.,2026-03-14
749,49,3,Excellent course with clear explanations.,2026-01-03
750,50,5,Highly recommended for beginners.,2026-07-21
751,51,5,Great learning experience.,2026-02-13
752,52,4,Loved the hands-on exercises.,2026-06-26
753,53,3,Could include more real-world projects.,2026-11-27
754,54,5,Good practical examples.,2026-03-24
755,55,3,Loved the hands-on exercises.,2026-11-12
756,56,4,Loved the hands-on exercises.,2026-02-28
757,57,3,Highly recommended for beginners.,2026-01-28
758,58,5,Well structured and engaging.,2026-11-27
759,59,5,Very informative and easy to follow.,2026-05-29
760,60,5,Very informative and easy to follow.,2026-05-09
761,61,3,Loved the hands-on exercises.,2026-10-25
762,62,4,Course content was useful.,2026-07-02
763,63,3,Loved the hands-on exercises.,2026-02-21
764,64,4,Highly recommended for beginners.,2026-02-05
765,65,3,Course content was useful.,2026-09-06
766,66,4,Course content was useful.,2026-11-12
767,67,5,Instructor explained concepts well.,2026-12-22
768,68,5,Good practical examples.,2026-10-17
769,69,5,Course content was useful.,2026-06-11
770,70,4,Good practical examples.,2026-01-03
771,71,4,Loved the hands-on exercises.,2026-04-24
772,72,5,Could include more real-world projects.,2026-05-22
773,73,4,Good practical examples.,2026-12-14
774,74,5,Course content was useful.,2026-09-03
775,75,4,Well structured and engaging.,2026-07-03
776,76,4,Well structured and engaging.,2026-10-10
777,77,3,Good practical examples.,2026-11-27
778,78,5,Very informative and easy to follow.,2026-05-24
779,79,3,Great learning experience.,2026-04-11
780,80,4,Very informative and easy to follow.,2026-02-08
781,81,3,Great learning experience.,2026-11-20
782,82,3,Highly recommended for beginners.,2026-10-24
783,83,4,Highly recommended for beginners.,2026-04-19
784,84,3,Great learning experience.,2026-05-14
785,85,5,Great learning experience.,2026-08-30
786,86,5,Good practical examples.,2026-07-07
787,87,4,Loved the hands-on exercises.,2026-10-29
788,88,5,Instructor explained concepts well.,2026-03-10
789,89,4,Great learning experience.,2026-09-19
790,90,3,Could include more real-world projects.,2026-07-06
791,91,5,Excellent course with clear explanations.,2026-12-06
792,92,3,Highly recommended for beginners.,2026-12-17
793,93,3,Great learning experience.,2026-03-13
794,94,4,Good practical examples.,2026-04-02
795,95,5,Highly recommended for beginners.,2026-12-04
796,96,3,Well structured and engaging.,2026-07-03
797,97,3,Loved the hands-on exercises.,2026-09-07
798,98,3,Very informative and easy to follow.,2026-05-16
799,99,4,Loved the hands-on exercises.,2026-01-22
800,100,5,Loved the hands-on exercises.,2026-09-23
801,1,4,Could include more real-world projects.,2026-08-29
802,2,4,Excellent course with clear explanations.,2026-01-21
803,3,5,Course content was useful.,2026-02-22
804,4,5,Great learning experience.,2026-11-21
805,5,4,Instructor explained concepts well.,2026-10-24
806,6,5,Highly recommended for beginners.,2026-03-31
807,7,4,Could include more real-world projects.,2026-07-07
808,8,5,Very informative and easy to follow.,2026-09-22
809,9,4,Could include more real-world projects.,2026-04-25
810,10,5,Could include more real-world projects.,2026-06-30
811,11,4,Well structured and engaging.,2026-09-04
812,12,5,Excellent course with clear explanations.,2026-09-14
813,13,3,Well structured and engaging.,2026-03-26
814,14,3,Very informative and easy to follow.,2026-09-21
815,15,5,Instructor explained concepts well.,2026-04-19
816,16,3,Good practical examples.,2026-03-22
817,17,4,Highly recommended for beginners.,2026-03-02
818,18,5,Loved the hands-on exercises.,2026-08-01
819,19,4,Very informative and easy to follow.,2026-09-04
820,20,5,Well structured and engaging.,2026-09-03
821,21,3,Highly recommended for beginners.,2026-03-24
822,22,5,Could include more real-world projects.,2026-01-12
823,23,3,Excellent course with clear explanations.,2026-03-07
824,24,5,Highly recommended for beginners.,2026-03-24
825,25,3,Great learning experience.,2026-01-21
826,26,5,Good practical examples.,2026-01-29
827,27,3,Instructor explained concepts well.,2026-04-03
828,28,5,Could include more real-world projects.,2026-11-03
829,29,5,Excellent course with clear explanations.,2026-12-05
830,30,4,Very informative and easy to follow.,2026-04-21
831,31,4,Highly recommended for beginners.,2026-08-30
832,32,4,Good practical examples.,2026-04-23
833,33,4,Highly recommended for beginners.,2026-03-15
834,34,5,Good practical examples.,2026-11-16
835,35,5,Great learning experience.,2026-05-16
836,36,3,Course content was useful.,2026-08-21
837,37,5,Highly recommended for beginners.,2026-02-05
838,38,3,Could include more real-world projects.,2026-07-17
839,39,3,Very informative and easy to follow.,2026-01-09
840,40,3,Great learning experience.,2026-09-16
841,41,5,Could include more real-world projects.,2026-03-18
842,42,5,Very informative and easy to follow.,2026-04-01
843,43,4,Highly recommended for beginners.,2026-11-04
844,44,3,Great learning experience.,2026-09-15
845,45,3,Very informative and easy to follow.,2026-09-04
846,46,5,Good practical examples.,2026-11-05
847,47,5,Excellent course with clear explanations.,2026-12-14
848,48,5,Could include more real-world projects.,2026-09-25
849,49,4,Course content was useful.,2026-01-23
850,50,5,Great learning experience.,2026-08-08
851,51,3,Well structured and engaging.,2026-07-15
852,52,4,Highly recommended for beginners.,2026-12-23
853,53,5,Very informative and easy to follow.,2026-08-06
854,54,3,Instructor explained concepts well.,2026-09-02
855,55,3,Very informative and easy to follow.,2026-05-26
856,56,5,Great learning experience.,2026-07-29
857,57,4,Loved the hands-on exercises.,2026-01-03
858,58,5,Excellent course with clear explanations.,2026-10-23
859,59,5,Very informative and easy to follow.,2026-09-24
860,60,3,Could include more real-world projects.,2026-12-02
861,61,3,Course content was useful.,2026-07-29
862,62,4,Very informative and easy to follow.,2026-03-21
863,63,4,Highly recommended for beginners.,2026-05-10
864,64,4,Great learning experience.,2026-08-05
865,65,5,Course content was useful.,2026-11-10
866,66,4,Could include more real-world projects.,2026-04-15
867,67,4,Great learning experience.,2026-10-13
868,68,4,Good practical examples.,2026-07-09
869,69,5,Great learning experience.,2026-09-05
870,70,4,Instructor explained concepts well.,2026-10-23
871,71,4,Could include more real-world projects.,2026-03-12
872,72,5,Very informative and easy to follow.,2026-04-28
873,73,4,Good practical examples.,2026-02-21
874,74,3,Great learning experience.,2026-07-25
875,75,4,Great learning experience.,2026-11-11
876,76,5,Excellent course with clear explanations.,2026-03-24
877,77,4,Excellent course with clear explanations.,2026-02-16
878,78,3,Well structured and engaging.,2026-11-04
879,79,4,Very informative and easy to follow.,2026-02-02
880,80,4,Loved the hands-on exercises.,2026-07-09
881,81,3,Highly recommended for beginners.,2026-01-20
882,82,5,Could include more real-world projects.,2026-07-25
883,83,5,Great learning experience.,2026-05-27
884,84,5,Highly recommended for beginners.,2026-01-30
885,85,3,Well structured and engaging.,2026-08-13
886,86,3,Loved the hands-on exercises.,2026-12-03
887,87,5,Instructor explained concepts well.,2026-04-10
888,88,3,Highly recommended for beginners.,2026-09-19
889,89,5,Loved the hands-on exercises.,2026-11-11
890,90,3,Excellent course with clear explanations.,2026-07-04
891,91,3,Excellent course with clear explanations.,2026-03-22
892,92,3,Instructor explained concepts well.,2026-07-24
893,93,4,Could include more real-world projects.,2026-07-27
894,94,5,Loved the hands-on exercises.,2026-09-23
895,95,3,Very informative and easy to follow.,2026-02-16
896,96,5,Instructor explained concepts well.,2026-10-14
897,97,5,Course content was useful.,2026-06-27
898,98,4,Loved the hands-on exercises.,2026-11-07
899,99,3,Well structured and engaging.,2026-07-26
900,100,5,Excellent course with clear explanations.,2026-05-14
901,1,3,Could include more real-world projects.,2026-09-17
902,2,3,Great learning experience.,2026-02-07
903,3,5,Instructor explained concepts well.,2026-06-24
904,4,3,Great learning experience.,2026-05-12
905,5,5,Highly recommended for beginners.,2026-05-09
906,6,5,Well structured and engaging.,2026-07-13
907,7,5,Well structured and engaging.,2026-05-05
908,8,4,Well structured and engaging.,2026-12-15
909,9,4,Highly recommended for beginners.,2026-01-15
910,10,4,Very informative and easy to follow.,2026-05-13
911,11,3,Could include more real-world projects.,2026-11-21
912,12,3,Loved the hands-on exercises.,2026-06-11
913,13,4,Course content was useful.,2026-09-22
914,14,5,Excellent course with clear explanations.,2026-12-25
915,15,4,Loved the hands-on exercises.,2026-05-28
916,16,3,Could include more real-world projects.,2026-12-11
917,17,5,Course content was useful.,2026-02-08
918,18,5,Good practical examples.,2026-09-01
919,19,4,Course content was useful.,2026-04-22
920,20,5,Instructor explained concepts well.,2026-04-04
921,21,5,Loved the hands-on exercises.,2026-09-13
922,22,5,Loved the hands-on exercises.,2026-05-01
923,23,5,Loved the hands-on exercises.,2026-05-16
924,24,3,Loved the hands-on exercises.,2026-04-14
925,25,3,Highly recommended for beginners.,2026-07-02
926,26,3,Very informative and easy to follow.,2026-03-03
927,27,3,Well structured and engaging.,2026-11-11
928,28,3,Great learning experience.,2026-01-22
929,29,4,Course content was useful.,2026-11-14
930,30,4,Well structured and engaging.,2026-10-22
931,31,4,Well structured and engaging.,2026-04-04
932,32,5,Instructor explained concepts well.,2026-07-23
933,33,3,Highly recommended for beginners.,2026-03-07
934,34,3,Great learning experience.,2026-08-05
935,35,4,Great learning experience.,2026-01-17
936,36,5,Course content was useful.,2026-07-21
937,37,5,Good practical examples.,2026-08-23
938,38,3,Great learning experience.,2026-08-24
939,39,4,Excellent course with clear explanations.,2026-01-07
940,40,5,Loved the hands-on exercises.,2026-07-14
941,41,5,Very informative and easy to follow.,2026-06-16
942,42,4,Highly recommended for beginners.,2026-05-13
943,43,3,Great learning experience.,2026-05-15
944,44,3,Instructor explained concepts well.,2026-08-30
945,45,5,Course content was useful.,2026-07-07
946,46,3,Well structured and engaging.,2026-08-06
947,47,3,Could include more real-world projects.,2026-12-25
948,48,4,Course content was useful.,2026-07-25
949,49,4,Well structured and engaging.,2026-04-03
950,50,5,Good practical examples.,2026-10-22
951,51,5,Loved the hands-on exercises.,2026-02-21
952,52,5,Instructor explained concepts well.,2026-05-01
953,53,5,Could include more real-world projects.,2026-07-15
954,54,3,Good practical examples.,2026-03-18
955,55,4,Excellent course with clear explanations.,2026-04-01
956,56,4,Well structured and engaging.,2026-03-10
957,57,5,Great learning experience.,2026-10-01
958,58,5,Course content was useful.,2026-09-07
959,59,4,Instructor explained concepts well.,2026-10-15
960,60,5,Excellent course with clear explanations.,2026-07-23
961,61,3,Good practical examples.,2026-01-31
962,62,3,Instructor explained concepts well.,2026-09-01
963,63,5,Very informative and easy to follow.,2026-08-19
964,64,5,Course content was useful.,2026-05-14
965,65,4,Course content was useful.,2026-10-14
966,66,5,Instructor explained concepts well.,2026-06-26
967,67,3,Could include more real-world projects.,2026-03-04
968,68,4,Highly recommended for beginners.,2026-04-12
969,69,5,Highly recommended for beginners.,2026-11-29
970,70,5,Great learning experience.,2026-03-31
971,71,4,Course content was useful.,2026-06-16
972,72,5,Great learning experience.,2026-09-07
973,73,5,Well structured and engaging.,2026-02-10
974,74,4,Highly recommended for beginners.,2026-05-27
975,75,4,Good practical examples.,2026-03-27
976,76,5,Course content was useful.,2026-08-04
977,77,5,Highly recommended for beginners.,2026-10-20
978,78,4,Very informative and easy to follow.,2026-02-10
979,79,3,Course content was useful.,2026-04-27
980,80,4,Course content was useful.,2026-12-01
981,81,4,Instructor explained concepts well.,2026-11-06
982,82,5,Could include more real-world projects.,2026-05-19
983,83,4,Course content was useful.,2026-10-28
984,84,5,Well structured and engaging.,2026-07-31
985,85,3,Good practical examples.,2026-01-12
986,86,3,Loved the hands-on exercises.,2026-12-05
987,87,4,Very informative and easy to follow.,2026-04-18
988,88,3,Could include more real-world projects.,2026-02-22
989,89,3,Very informative and easy to follow.,2026-08-31
990,90,5,Excellent course with clear explanations.,2026-01-14
991,91,4,Great learning experience.,2026-02-12
992,92,3,Instructor explained concepts well.,2026-11-13
993,93,3,Very informative and easy to follow.,2026-12-02
994,94,4,Instructor explained concepts well.,2026-04-28
995,95,3,Instructor explained concepts well.,2026-08-15
996,96,5,Good practical examples.,2026-03-09
997,97,5,Good practical examples.,2026-01-15
998,98,3,Course content was useful.,2026-06-16
999,99,4,Well structured and engaging.,2026-10-04
1000,100,4,Great learning experience.,2026-08-16
1,1,3,Great learning experience.,2026-04-01
2,2,5,Highly recommended for beginners.,2026-08-22
3,3,5,Highly recommended for beginners.,2026-08-11
4,4,5,Great learning experience.,2026-06-08
5,5,4,Well structured and engaging.,2026-10-04
6,6,3,Very informative and easy to follow.,2026-08-15
7,7,4,Course content was useful.,2026-07-31
8,8,4,Good practical examples.,2026-06-05
9,9,3,Excellent course with clear explanations.,2026-09-25
10,10,3,Course content was useful.,2026-05-27
11,11,4,Great learning experience.,2026-01-05
12,12,5,Well structured and engaging.,2026-09-02
13,13,4,Excellent course with clear explanations.,2026-08-09
14,14,4,Highly recommended for beginners.,2026-04-29
15,15,3,Great learning experience.,2026-07-11
16,16,3,Could include more real-world projects.,2026-10-15
17,17,4,Could include more real-world projects.,2026-05-08
18,18,3,Could include more real-world projects.,2026-07-13
19,19,3,Instructor explained concepts well.,2026-02-10
20,20,4,Loved the hands-on exercises.,2026-09-22
21,21,5,Instructor explained concepts well.,2026-05-26
22,22,5,Great learning experience.,2026-05-18
23,23,4,Loved the hands-on exercises.,2026-02-05
24,24,3,Good practical examples.,2026-05-29
25,25,3,Well structured and engaging.,2026-11-13
26,26,4,Instructor explained concepts well.,2026-12-25
27,27,5,Well structured and engaging.,2026-04-07
28,28,4,Excellent course with clear explanations.,2026-03-19
29,29,3,Great learning experience.,2026-01-12
30,30,3,Very informative and easy to follow.,2026-05-25
31,31,4,Good practical examples.,2026-08-13
32,32,5,Excellent course with clear explanations.,2026-04-30
33,33,3,Good practical examples.,2026-01-08
34,34,4,Loved the hands-on exercises.,2026-06-25
35,35,4,Instructor explained concepts well.,2026-09-13
36,36,4,Well structured and engaging.,2026-12-23
37,37,3,Course content was useful.,2026-02-11
38,38,3,Excellent course with clear explanations.,2026-05-17
39,39,4,Very informative and easy to follow.,2026-10-06
40,40,4,Good practical examples.,2026-04-09
41,41,4,Could include more real-world projects.,2026-01-07
42,42,3,Loved the hands-on exercises.,2026-07-17
43,43,4,Loved the hands-on exercises.,2026-01-18
44,44,3,Well structured and engaging.,2026-02-18
45,45,5,Loved the hands-on exercises.,2026-08-31
46,46,4,Instructor explained concepts well.,2026-06-15
47,47,3,Excellent course with clear explanations.,2026-10-09
48,48,5,Very informative and easy to follow.,2026-05-10
49,49,4,Instructor explained concepts well.,2026-04-12
50,50,4,Excellent course with clear explanations.,2026-12-08
51,51,3,Very informative and easy to follow.,2026-05-01
52,52,5,Could include more real-world projects.,2026-06-16
53,53,3,Good practical examples.,2026-05-22
54,54,5,Very informative and easy to follow.,2026-07-22
55,55,3,Excellent course with clear explanations.,2026-01-22
56,56,5,Well structured and engaging.,2026-12-19
57,57,5,Good practical examples.,2026-07-10
58,58,3,Loved the hands-on exercises.,2026-03-22
59,59,4,Very informative and easy to follow.,2026-12-18
60,60,5,Course content was useful.,2026-11-17
61,61,3,Excellent course with clear explanations.,2026-07-02
62,62,5,Good practical examples.,2026-12-26
63,63,5,Very informative and easy to follow.,2026-03-06
64,64,4,Loved the hands-on exercises.,2026-06-12
65,65,5,Course content was useful.,2026-08-13
66,66,5,Loved the hands-on exercises.,2026-01-11
67,67,5,Could include more real-world projects.,2026-07-03
68,68,5,Good practical examples.,2026-05-09
69,69,3,Well structured and engaging.,2026-12-28
70,70,4,Great learning experience.,2026-05-31
71,71,5,Well structured and engaging.,2026-04-08
72,72,5,Good practical examples.,2026-10-06
73,73,4,Course content was useful.,2026-08-28
74,74,4,Highly recommended for beginners.,2026-10-11
75,75,3,Very informative and easy to follow.,2026-09-29
76,76,3,Well structured and engaging.,2026-06-01
77,77,4,Great learning experience.,2026-07-07
78,78,4,Excellent course with clear explanations.,2026-11-23
79,79,5,Could include more real-world projects.,2026-04-05
80,80,3,Highly recommended for beginners.,2026-07-06
81,81,5,Loved the hands-on exercises.,2026-06-14
82,82,5,Very informative and easy to follow.,2026-12-04
83,83,5,Could include more real-world projects.,2026-04-08
84,84,5,Well structured and engaging.,2026-10-10
85,85,3,Highly recommended for beginners.,2026-05-25
86,86,4,Could include more real-world projects.,2026-11-25
87,87,4,Very informative and easy to follow.,2026-02-19
88,88,5,Very informative and easy to follow.,2026-01-23
89,89,3,Good practical examples.,2026-01-17
90,90,3,Very informative and easy to follow.,2026-09-06
91,91,3,Very informative and easy to follow.,2026-01-17
92,92,5,Could include more real-world projects.,2026-12-03
93,93,4,Great learning experience.,2026-11-16
94,94,5,Highly recommended for beginners.,2026-05-12
95,95,3,Course content was useful.,2026-04-24
96,96,5,Very informative and easy to follow.,2026-01-07
97,97,3,Well structured and engaging.,2026-02-10
98,98,4,Excellent course with clear explanations.,2026-07-04
99,99,5,Could include more real-world projects.,2026-07-08
100,100,5,Excellent course with clear explanations.,2026-11-12
101,1,4,Great learning experience.,2026-01-21
102,2,5,Very informative and easy to follow.,2026-06-05
103,3,3,Loved the hands-on exercises.,2026-09-23
104,4,3,Very informative and easy to follow.,2026-04-29
105,5,5,Could include more real-world projects.,2026-04-08
106,6,3,Great learning experience.,2026-12-03
107,7,3,Highly recommended for beginners.,2026-11-17
108,8,3,Great learning experience.,2026-10-13
109,9,4,Very informative and easy to follow.,2026-11-23
110,10,5,Course content was useful.,2026-12-12
111,11,4,Could include more real-world projects.,2026-02-23
112,12,3,Good practical examples.,2026-10-09
113,13,4,Great learning experience.,2026-06-22
114,14,5,Good practical examples.,2026-10-01
115,15,5,Well structured and engaging.,2026-06-30
116,16,4,Great learning experience.,2026-06-16
117,17,4,Could include more real-world projects.,2026-11-21
118,18,4,Course content was useful.,2026-11-08
119,19,3,Highly recommended for beginners.,2026-10-07
120,20,3,Could include more real-world projects.,2026-10-09
121,21,5,Instructor explained concepts well.,2026-07-04
122,22,4,Well structured and engaging.,2026-07-23
123,23,3,Excellent course with clear explanations.,2026-05-26
124,24,5,Excellent course with clear explanations.,2026-09-23
125,25,3,Instructor explained concepts well.,2026-01-04
126,26,4,Loved the hands-on exercises.,2026-04-20
127,27,4,Excellent course with clear explanations.,2026-12-20
128,28,4,Great learning experience.,2026-09-19
129,29,5,Highly recommended for beginners.,2026-10-20
130,30,3,Very informative and easy to follow.,2026-01-20
131,31,4,Course content was useful.,2026-03-21
132,32,3,Instructor explained concepts well.,2026-07-07
133,33,5,Loved the hands-on exercises.,2026-04-30
134,34,4,Instructor explained concepts well.,2026-02-17
135,35,5,Could include more real-world projects.,2026-10-19
136,36,3,Very informative and easy to follow.,2026-06-16
137,37,4,Good practical examples.,2026-09-07
138,38,5,Highly recommended for beginners.,2026-02-18
139,39,5,Instructor explained concepts well.,2026-01-20
140,40,5,Highly recommended for beginners.,2026-07-15
141,41,3,Excellent course with clear explanations.,2026-06-21
142,42,4,Could include more real-world projects.,2026-08-02
143,43,3,Loved the hands-on exercises.,2026-12-01
144,44,5,Excellent course with clear explanations.,2026-11-21
145,45,5,Could include more real-world projects.,2026-01-28
146,46,4,Great learning experience.,2026-01-22
147,47,4,Great learning experience.,2026-10-17
148,48,3,Course content was useful.,2026-09-15
149,49,5,Loved the hands-on exercises.,2026-03-20
150,50,3,Could include more real-world projects.,2026-08-17
151,51,5,Highly recommended for beginners.,2026-09-16
152,52,3,Loved the hands-on exercises.,2026-08-10
153,53,4,Could include more real-world projects.,2026-03-17
154,54,3,Course content was useful.,2026-02-12
155,55,4,Highly recommended for beginners.,2026-01-26
156,56,5,Could include more real-world projects.,2026-05-15
157,57,3,Could include more real-world projects.,2026-09-14
158,58,4,Good practical examples.,2026-03-11
159,59,4,Great learning experience.,2026-04-12
160,60,4,Could include more real-world projects.,2026-11-30
161,61,5,Loved the hands-on exercises.,2026-10-15
162,62,5,Great learning experience.,2026-05-07
163,63,3,Very informative and easy to follow.,2026-05-17
164,64,4,Course content was useful.,2026-12-17
165,65,5,Very informative and easy to follow.,2026-02-27
166,66,5,Could include more real-world projects.,2026-08-05
167,67,4,Course content was useful.,2026-04-08
168,68,4,Course content was useful.,2026-11-01
169,69,5,Excellent course with clear explanations.,2026-06-06
170,70,3,Course content was useful.,2026-11-12
171,71,4,Highly recommended for beginners.,2026-03-16
172,72,4,Excellent course with clear explanations.,2026-04-30
173,73,3,Course content was useful.,2026-03-21
174,74,5,Very informative and easy to follow.,2026-02-27
175,75,5,Excellent course with clear explanations.,2026-05-05
176,76,5,Good practical examples.,2026-05-28
177,77,3,Course content was useful.,2026-12-22
178,78,3,Instructor explained concepts well.,2026-08-19
179,79,4,Excellent course with clear explanations.,2026-06-19
180,80,3,Great learning experience.,2026-04-19
181,81,3,Great learning experience.,2026-09-25
182,82,4,Great learning experience.,2026-09-05
183,83,5,Good practical examples.,2026-12-22
184,84,5,Excellent course with clear explanations.,2026-07-12
185,85,5,Great learning experience.,2026-01-23
186,86,4,Good practical examples.,2026-01-31
187,87,4,Loved the hands-on exercises.,2026-12-23
188,88,5,Instructor explained concepts well.,2026-01-28
189,89,4,Excellent course with clear explanations.,2026-02-04
190,90,4,Instructor explained concepts well.,2026-12-06
191,91,5,Course content was useful.,2026-02-25
192,92,3,Instructor explained concepts well.,2026-11-29
193,93,4,Loved the hands-on exercises.,2026-07-14
194,94,5,Very informative and easy to follow.,2026-06-11
195,95,4,Highly recommended for beginners.,2026-09-30
196,96,3,Good practical examples.,2026-04-12
197,97,5,Well structured and engaging.,2026-10-15
198,98,5,Excellent course with clear explanations.,2026-01-21
199,99,3,Great learning experience.,2026-06-06
200,100,4,Well structured and engaging.,2026-07-21
201,1,5,Good practical examples.,2026-01-10
202,2,4,Course content was useful.,2026-07-01
203,3,5,Instructor explained concepts well.,2026-05-01
204,4,5,Instructor explained concepts well.,2026-02-01
205,5,5,Instructor explained concepts well.,2026-07-18
206,6,3,Great learning experience.,2026-05-24
207,7,3,Good practical examples.,2026-06-24
208,8,4,Good practical examples.,2026-02-14
209,9,5,Could include more real-world projects.,2026-09-24
210,10,5,Highly recommended for beginners.,2026-11-17
211,11,5,Loved the hands-on exercises.,2026-08-02
212,12,3,Highly recommended for beginners.,2026-03-20
213,13,4,Instructor explained concepts well.,2026-11-06
214,14,4,Well structured and engaging.,2026-10-05
215,15,3,Loved the hands-on exercises.,2026-12-01
216,16,3,Highly recommended for beginners.,2026-10-05
217,17,5,Loved the hands-on exercises.,2026-03-12
218,18,4,Great learning experience.,2026-03-11
219,19,4,Good practical examples.,2026-12-02
220,20,5,Good practical examples.,2026-06-12
221,21,3,Great learning experience.,2026-09-30
222,22,5,Very informative and easy to follow.,2026-04-05
223,23,4,Good practical examples.,2026-01-16
224,24,4,Could include more real-world projects.,2026-07-30
225,25,4,Well structured and engaging.,2026-11-23
226,26,5,Instructor explained concepts well.,2026-03-19
227,27,3,Very informative and easy to follow.,2026-03-09
228,28,3,Excellent course with clear explanations.,2026-11-10
229,29,5,Instructor explained concepts well.,2026-11-07
230,30,5,Highly recommended for beginners.,2026-04-29
231,31,5,Loved the hands-on exercises.,2026-04-29
232,32,5,Excellent course with clear explanations.,2026-07-03
233,33,3,Well structured and engaging.,2026-03-10
234,34,5,Highly recommended for beginners.,2026-08-29
235,35,5,Course content was useful.,2026-04-05
236,36,4,Well structured and engaging.,2026-08-31
237,37,3,Good practical examples.,2026-04-09
238,38,3,Excellent course with clear explanations.,2026-07-29
239,39,3,Instructor explained concepts well.,2026-07-31
240,40,3,Loved the hands-on exercises.,2026-04-15
241,41,3,Good practical examples.,2026-08-13
242,42,5,Well structured and engaging.,2026-12-19
243,43,4,Well structured and engaging.,2026-05-07
244,44,4,Could include more real-world projects.,2026-01-22
245,45,5,Could include more real-world projects.,2026-06-10
246,46,4,Highly recommended for beginners.,2026-10-20
247,47,5,Great learning experience.,2026-09-26
248,48,5,Excellent course with clear explanations.,2026-09-24
249,49,3,Well structured and engaging.,2026-08-22
250,50,3,Loved the hands-on exercises.,2026-09-23
251,51,5,Could include more real-world projects.,2026-01-21
252,52,5,Could include more real-world projects.,2026-09-22
253,53,5,Excellent course with clear explanations.,2026-04-08
254,54,4,Well structured and engaging.,2026-07-23
255,55,4,Instructor explained concepts well.,2026-08-25
256,56,3,Could include more real-world projects.,2026-05-31
257,57,5,Excellent course with clear explanations.,2026-12-20
258,58,5,Good practical examples.,2026-08-26
259,59,5,Well structured and engaging.,2026-02-16
260,60,5,Great learning experience.,2026-02-27
261,61,3,Highly recommended for beginners.,2026-12-23
262,62,5,Good practical examples.,2026-07-21
263,63,4,Course content was useful.,2026-08-19
264,64,3,Good practical examples.,2026-08-21
265,65,5,Loved the hands-on exercises.,2026-08-21
266,66,3,Instructor explained concepts well.,2026-06-15
267,67,5,Good practical examples.,2026-03-05
268,68,3,Very informative and easy to follow.,2026-12-28
269,69,4,Course content was useful.,2026-02-13
270,70,5,Could include more real-world projects.,2026-09-19
271,71,5,Good practical examples.,2026-07-13
272,72,5,Could include more real-world projects.,2026-01-23
273,73,3,Course content was useful.,2026-10-17
274,74,5,Good practical examples.,2026-03-25
275,75,3,Good practical examples.,2026-12-31
276,76,3,Could include more real-world projects.,2026-06-07
277,77,4,Well structured and engaging.,2026-05-28
278,78,5,Good practical examples.,2026-03-02
279,79,3,Loved the hands-on exercises.,2026-01-02
280,80,5,Instructor explained concepts well.,2026-01-07
281,81,4,Well structured and engaging.,2026-09-13
282,82,5,Excellent course with clear explanations.,2026-11-08
283,83,4,Loved the hands-on exercises.,2026-04-22
284,84,5,Well structured and engaging.,2026-08-21
285,85,4,Well structured and engaging.,2026-02-10
286,86,5,Highly recommended for beginners.,2026-01-04
287,87,3,Great learning experience.,2026-05-23
288,88,5,Great learning experience.,2026-04-17
289,89,3,Good practical examples.,2026-03-17
290,90,3,Course content was useful.,2026-01-19
291,91,3,Excellent course with clear explanations.,2026-12-08
292,92,5,Highly recommended for beginners.,2026-06-02
293,93,4,Very informative and easy to follow.,2026-01-26
294,94,3,Could include more real-world projects.,2026-04-02
295,95,3,Instructor explained concepts well.,2026-11-09
296,96,5,Highly recommended for beginners.,2026-10-21
297,97,5,Good practical examples.,2026-08-22
298,98,5,Highly recommended for beginners.,2026-07-04
299,99,3,Very informative and easy to follow.,2026-06-03
300,100,4,Course content was useful.,2026-07-14
301,1,3,Could include more real-world projects.,2026-10-09
302,2,3,Instructor explained concepts well.,2026-08-30
303,3,3,Very informative and easy to follow.,2026-12-22
304,4,4,Course content was useful.,2026-09-27
305,5,4,Great learning experience.,2026-04-18
306,6,5,Loved the hands-on exercises.,2026-11-10
307,7,3,Very informative and easy to follow.,2026-10-20
308,8,5,Great learning experience.,2026-02-14
309,9,4,Highly recommended for beginners.,2026-12-28
310,10,4,Could include more real-world projects.,2026-11-08
311,11,4,Instructor explained concepts well.,2026-09-27
312,12,5,Highly recommended for beginners.,2026-07-01
313,13,3,Highly recommended for beginners.,2026-10-16
314,14,4,Great learning experience.,2026-11-20
315,15,4,Well structured and engaging.,2026-04-03
316,16,5,Loved the hands-on exercises.,2026-12-29
317,17,4,Loved the hands-on exercises.,2026-01-01
318,18,3,Excellent course with clear explanations.,2026-08-27
319,19,5,Very informative and easy to follow.,2026-04-17
320,20,5,Could include more real-world projects.,2026-07-31
321,21,3,Course content was useful.,2026-06-29
322,22,5,Loved the hands-on exercises.,2026-01-06
323,23,5,Loved the hands-on exercises.,2026-12-20
324,24,4,Instructor explained concepts well.,2026-02-04
325,25,4,Instructor explained concepts well.,2026-09-17
326,26,5,Course content was useful.,2026-01-04
327,27,3,Course content was useful.,2026-06-24
328,28,4,Highly recommended for beginners.,2026-11-12
329,29,3,Good practical examples.,2026-04-10
330,30,4,Course content was useful.,2026-12-11
331,31,4,Well structured and engaging.,2026-01-19
332,32,5,Good practical examples.,2026-09-04
333,33,3,Well structured and engaging.,2026-10-02
334,34,4,Well structured and engaging.,2026-07-31
335,35,5,Excellent course with clear explanations.,2026-09-24
336,36,4,Highly recommended for beginners.,2026-12-14
337,37,4,Great learning experience.,2026-10-02
338,38,3,Loved the hands-on exercises.,2026-10-23
339,39,5,Course content was useful.,2026-07-01
340,40,3,Good practical examples.,2026-05-24
341,41,3,Course content was useful.,2026-07-12
342,42,5,Great learning experience.,2026-03-26
343,43,5,Highly recommended for beginners.,2026-07-19
344,44,3,Highly recommended for beginners.,2026-03-01
345,45,4,Course content was useful.,2026-12-30
346,46,3,Instructor explained concepts well.,2026-07-31
347,47,3,Well structured and engaging.,2026-05-02
348,48,4,Well structured and engaging.,2026-06-04
349,49,3,Great learning experience.,2026-06-04
350,50,3,Very informative and easy to follow.,2026-07-11
351,51,3,Loved the hands-on exercises.,2026-02-17
352,52,4,Great learning experience.,2026-01-13
353,53,4,Great learning experience.,2026-03-20
354,54,3,Course content was useful.,2026-09-05
355,55,5,Great learning experience.,2026-06-08
356,56,4,Good practical examples.,2026-02-20
357,57,5,Good practical examples.,2026-04-16
358,58,5,Excellent course with clear explanations.,2026-08-24
359,59,4,Great learning experience.,2026-03-01
360,60,3,Instructor explained concepts well.,2026-01-23
361,61,5,Highly recommended for beginners.,2026-02-14
362,62,4,Well structured and engaging.,2026-01-24
363,63,3,Great learning experience.,2026-12-04
364,64,5,Instructor explained concepts well.,2026-01-12
365,65,5,Instructor explained concepts well.,2026-11-24
366,66,3,Course content was useful.,2026-04-13
367,67,3,Instructor explained concepts well.,2026-05-22
368,68,5,Course content was useful.,2026-08-14
369,69,5,Very informative and easy to follow.,2026-05-20
370,70,3,Good practical examples.,2026-05-21
371,71,3,Excellent course with clear explanations.,2026-11-15
372,72,5,Great learning experience.,2026-02-22
373,73,3,Great learning experience.,2026-06-29
374,74,5,Course content was useful.,2026-05-19
375,75,3,Instructor explained concepts well.,2026-10-21
376,76,3,Good practical examples.,2026-02-06
377,77,4,Highly recommended for beginners.,2026-06-23
378,78,5,Well structured and engaging.,2026-01-26
379,79,3,Excellent course with clear explanations.,2026-08-30
380,80,5,Excellent course with clear explanations.,2026-02-24
381,81,4,Excellent course with clear explanations.,2026-02-14
382,82,4,Could include more real-world projects.,2026-04-02
383,83,5,Highly recommended for beginners.,2026-10-31
384,84,5,Well structured and engaging.,2026-11-12
385,85,4,Instructor explained concepts well.,2026-06-20
386,86,3,Great learning experience.,2026-02-10
387,87,4,Highly recommended for beginners.,2026-03-09
388,88,3,Well structured and engaging.,2026-02-19
389,89,4,Instructor explained concepts well.,2026-12-17
390,90,5,Well structured and engaging.,2026-08-29
391,91,3,Loved the hands-on exercises.,2026-03-15
392,92,5,Instructor explained concepts well.,2026-07-06
393,93,4,Good practical examples.,2026-12-25
394,94,5,Course content was useful.,2026-06-16
395,95,4,Well structured and engaging.,2026-01-16
396,96,3,Well structured and engaging.,2026-02-27
397,97,4,Well structured and engaging.,2026-08-25
398,98,3,Instructor explained concepts well.,2026-06-28
399,99,5,Highly recommended for beginners.,2026-03-07
400,100,5,Very informative and easy to follow.,2026-07-27
401,1,5,Very informative and easy to follow.,2026-06-16
402,2,5,Very informative and easy to follow.,2026-06-04
403,3,5,Well structured and engaging.,2026-07-25
404,4,5,Could include more real-world projects.,2026-05-03
405,5,5,Loved the hands-on exercises.,2026-10-08
406,6,3,Well structured and engaging.,2026-07-16
407,7,3,Course content was useful.,2026-04-17
408,8,5,Highly recommended for beginners.,2026-08-09
409,9,4,Highly recommended for beginners.,2026-06-25
410,10,5,Loved the hands-on exercises.,2026-03-30
411,11,5,Very informative and easy to follow.,2026-12-31
412,12,5,Well structured and engaging.,2026-02-28
413,13,5,Highly recommended for beginners.,2026-08-26
414,14,4,Great learning experience.,2026-02-19
415,15,4,Good practical examples.,2026-06-07
416,16,4,Very informative and easy to follow.,2026-11-03
417,17,3,Highly recommended for beginners.,2026-07-14
418,18,4,Well structured and engaging.,2026-11-27
419,19,5,Excellent course with clear explanations.,2026-02-16
420,20,3,Good practical examples.,2026-10-25
421,21,5,Excellent course with clear explanations.,2026-03-17
422,22,5,Good practical examples.,2026-08-20
423,23,5,Instructor explained concepts well.,2026-07-19
424,24,5,Highly recommended for beginners.,2026-08-17
425,25,3,Loved the hands-on exercises.,2026-12-15
426,26,4,Instructor explained concepts well.,2026-10-19
427,27,5,Instructor explained concepts well.,2026-08-11
428,28,5,Course content was useful.,2026-02-15
429,29,5,Excellent course with clear explanations.,2026-11-10
430,30,5,Could include more real-world projects.,2026-03-07
431,31,4,Excellent course with clear explanations.,2026-07-09
432,32,5,Excellent course with clear explanations.,2026-01-01
433,33,5,Great learning experience.,2026-07-03
434,34,3,Instructor explained concepts well.,2026-01-16
435,35,3,Could include more real-world projects.,2026-12-26
436,36,5,Could include more real-world projects.,2026-11-17
437,37,4,Could include more real-world projects.,2026-07-27
438,38,4,Could include more real-world projects.,2026-10-07
439,39,3,Good practical examples.,2026-09-01
440,40,3,Loved the hands-on exercises.,2026-10-12
441,41,4,Course content was useful.,2026-08-02
442,42,3,Instructor explained concepts well.,2026-12-10
443,43,3,Good practical examples.,2026-01-06
444,44,3,Excellent course with clear explanations.,2026-03-15
445,45,5,Well structured and engaging.,2026-12-03
446,46,4,Good practical examples.,2026-02-13
447,47,3,Could include more real-world projects.,2026-08-22
448,48,5,Highly recommended for beginners.,2026-08-06
449,49,5,Good practical examples.,2026-08-21
450,50,5,Could include more real-world projects.,2026-10-10
451,51,4,Could include more real-world projects.,2026-07-01
452,52,3,Good practical examples.,2026-08-06
453,53,5,Excellent course with clear explanations.,2026-10-23
454,54,4,Loved the hands-on exercises.,2026-12-31
455,55,5,Instructor explained concepts well.,2026-07-30
456,56,5,Highly recommended for beginners.,2026-07-07
457,57,3,Excellent course with clear explanations.,2026-10-18
458,58,4,Course content was useful.,2026-02-27
459,59,5,Well structured and engaging.,2026-12-20
460,60,3,Good practical examples.,2026-09-27
461,61,4,Well structured and engaging.,2026-09-22
462,62,3,Great learning experience.,2026-11-09
463,63,3,Loved the hands-on exercises.,2026-08-30
464,64,5,Very informative and easy to follow.,2026-12-17
465,65,5,Great learning experience.,2026-10-24
466,66,4,Highly recommended for beginners.,2026-01-28
467,67,4,Great learning experience.,2026-01-06
468,68,4,Well structured and engaging.,2026-09-20
469,69,4,Highly recommended for beginners.,2026-06-19
470,70,4,Course content was useful.,2026-05-31
471,71,4,Good practical examples.,2026-01-19
472,72,5,Highly recommended for beginners.,2026-06-05
473,73,5,Highly recommended for beginners.,2026-05-14
474,74,3,Well structured and engaging.,2026-10-24
475,75,3,Highly recommended for beginners.,2026-01-27
476,76,5,Instructor explained concepts well.,2026-11-16
477,77,3,Instructor explained concepts well.,2026-09-06
478,78,3,Good practical examples.,2026-09-16
479,79,3,Instructor explained concepts well.,2026-05-10
480,80,3,Highly recommended for beginners.,2026-05-24
481,81,4,Instructor explained concepts well.,2026-01-08
482,82,5,Very informative and easy to follow.,2026-11-06
483,83,3,Highly recommended for beginners.,2026-03-19
484,84,5,Well structured and engaging.,2026-07-09
485,85,3,Instructor explained concepts well.,2026-12-25
486,86,3,Well structured and engaging.,2026-04-03
487,87,5,Excellent course with clear explanations.,2026-06-25
488,88,3,Good practical examples.,2026-11-01
489,89,3,Well structured and engaging.,2026-07-31
490,90,4,Loved the hands-on exercises.,2026-12-05
491,91,4,Good practical examples.,2026-04-18
492,92,5,Course content was useful.,2026-01-28
493,93,5,Instructor explained concepts well.,2026-03-01
494,94,3,Good practical examples.,2026-08-26
495,95,4,Well structured and engaging.,2026-06-04
496,96,4,Great learning experience.,2026-04-30
497,97,4,Could include more real-world projects.,2026-08-31
498,98,4,Good practical examples.,2026-09-29
499,99,4,Excellent course with clear explanations.,2026-05-28
500,100,4,Could include more real-world projects.,2026-12-14
501,1,4,Great learning experience.,2026-12-16
502,2,3,Very informative and easy to follow.,2026-09-30
503,3,5,Course content was useful.,2026-08-10
504,4,5,Instructor explained concepts well.,2026-06-21
505,5,4,Instructor explained concepts well.,2026-02-20
506,6,4,Highly recommended for beginners.,2026-07-20
507,7,4,Loved the hands-on exercises.,2026-12-11
508,8,5,Loved the hands-on exercises.,2026-09-24
509,9,4,Good practical examples.,2026-06-10
510,10,5,Excellent course with clear explanations.,2026-12-11
511,11,3,Very informative and easy to follow.,2026-01-07
512,12,4,Very informative and easy to follow.,2026-09-26
513,13,3,Well structured and engaging.,2026-06-29
514,14,3,Instructor explained concepts well.,2026-05-09
515,15,3,Excellent course with clear explanations.,2026-01-13
516,16,5,Very informative and easy to follow.,2026-01-30
517,17,5,Loved the hands-on exercises.,2026-11-03
518,18,5,Very informative and easy to follow.,2026-12-29
519,19,3,Very informative and easy to follow.,2026-11-06
520,20,3,Could include more real-world projects.,2026-12-03
521,21,5,Highly recommended for beginners.,2026-04-05
522,22,3,Good practical examples.,2026-05-10
523,23,4,Well structured and engaging.,2026-12-05
524,24,3,Well structured and engaging.,2026-05-22
525,25,4,Course content was useful.,2026-05-12
526,26,3,Very informative and easy to follow.,2026-05-22
527,27,3,Could include more real-world projects.,2026-07-18
528,28,4,Excellent course with clear explanations.,2026-05-13
529,29,4,Good practical examples.,2026-08-14
530,30,3,Well structured and engaging.,2026-04-13
531,31,5,Could include more real-world projects.,2026-04-02
532,32,5,Well structured and engaging.,2026-02-25
533,33,3,Great learning experience.,2026-08-09
534,34,3,Highly recommended for beginners.,2026-11-26
535,35,3,Well structured and engaging.,2026-05-13
536,36,3,Excellent course with clear explanations.,2026-02-07
537,37,3,Highly recommended for beginners.,2026-05-09
538,38,4,Excellent course with clear explanations.,2026-09-12
539,39,3,Excellent course with clear explanations.,2026-01-20
540,40,5,Could include more real-world projects.,2026-05-17
541,41,3,Course content was useful.,2026-07-20
542,42,5,Excellent course with clear explanations.,2026-09-21
543,43,5,Well structured and engaging.,2026-09-02
544,44,4,Could include more real-world projects.,2026-02-05
545,45,5,Loved the hands-on exercises.,2026-01-02
546,46,4,Well structured and engaging.,2026-03-04
547,47,5,Great learning experience.,2026-07-03
548,48,4,Instructor explained concepts well.,2026-07-25
549,49,3,Very informative and easy to follow.,2026-07-07
550,50,5,Course content was useful.,2026-02-11
551,51,4,Instructor explained concepts well.,2026-11-28
552,52,3,Good practical examples.,2026-10-11
553,53,3,Could include more real-world projects.,2026-12-05
554,54,3,Instructor explained concepts well.,2026-12-23
555,55,4,Very informative and easy to follow.,2026-11-19
556,56,5,Course content was useful.,2026-09-07
557,57,3,Well structured and engaging.,2026-04-08
558,58,3,Excellent course with clear explanations.,2026-04-09
559,59,3,Highly recommended for beginners.,2026-05-03
560,60,4,Could include more real-world projects.,2026-02-02
561,61,5,Instructor explained concepts well.,2026-09-13
562,62,5,Well structured and engaging.,2026-01-09
563,63,3,Course content was useful.,2026-01-29
564,64,4,Excellent course with clear explanations.,2026-07-27
565,65,3,Loved the hands-on exercises.,2026-12-01
566,66,5,Great learning experience.,2026-08-23
567,67,5,Great learning experience.,2026-03-18
568,68,5,Highly recommended for beginners.,2026-04-30
569,69,3,Excellent course with clear explanations.,2026-03-14
570,70,4,Excellent course with clear explanations.,2026-08-30
571,71,5,Excellent course with clear explanations.,2026-05-05
572,72,5,Good practical examples.,2026-01-08
573,73,3,Excellent course with clear explanations.,2026-06-07
574,74,3,Well structured and engaging.,2026-11-09
575,75,3,Highly recommended for beginners.,2026-02-02
576,76,3,Very informative and easy to follow.,2026-09-12
577,77,5,Highly recommended for beginners.,2026-04-23
578,78,3,Loved the hands-on exercises.,2026-08-07
579,79,4,Could include more real-world projects.,2026-06-16
580,80,3,Highly recommended for beginners.,2026-10-07
581,81,3,Course content was useful.,2026-04-20
582,82,3,Highly recommended for beginners.,2026-03-30
583,83,4,Very informative and easy to follow.,2026-03-03
584,84,4,Good practical examples.,2026-08-01
585,85,3,Course content was useful.,2026-10-11
586,86,3,Well structured and engaging.,2026-05-05
587,87,5,Excellent course with clear explanations.,2026-03-10
588,88,3,Highly recommended for beginners.,2026-07-12
589,89,3,Excellent course with clear explanations.,2026-09-07
590,90,3,Excellent course with clear explanations.,2026-01-04
591,91,3,Very informative and easy to follow.,2026-12-28
592,92,5,Highly recommended for beginners.,2026-05-26
593,93,4,Well structured and engaging.,2026-12-21
594,94,3,Loved the hands-on exercises.,2026-03-15
595,95,5,Instructor explained concepts well.,2026-09-25
596,96,4,Could include more real-world projects.,2026-05-03
597,97,3,Highly recommended for beginners.,2026-12-21
598,98,3,Highly recommended for beginners.,2026-04-03
599,99,5,Well structured and engaging.,2026-11-10
600,100,3,Instructor explained concepts well.,2026-06-28
601,1,4,Excellent course with clear explanations.,2026-10-13
602,2,3,Loved the hands-on exercises.,2026-03-02
603,3,5,Very informative and easy to follow.,2026-11-13
604,4,4,Great learning experience.,2026-09-17
605,5,3,Well structured and engaging.,2026-11-17
606,6,5,Loved the hands-on exercises.,2026-05-22
607,7,3,Loved the hands-on exercises.,2026-02-27
608,8,3,Well structured and engaging.,2026-09-12
609,9,3,Good practical examples.,2026-12-10
610,10,3,Excellent course with clear explanations.,2026-11-27
611,11,4,Instructor explained concepts well.,2026-04-18
612,12,4,Instructor explained concepts well.,2026-06-21
613,13,5,Well structured and engaging.,2026-01-23
614,14,3,Excellent course with clear explanations.,2026-10-03
615,15,3,Good practical examples.,2026-01-15
616,16,4,Great learning experience.,2026-03-01
617,17,3,Loved the hands-on exercises.,2026-08-16
618,18,5,Highly recommended for beginners.,2026-06-16
619,19,4,Loved the hands-on exercises.,2026-12-13
620,20,4,Loved the hands-on exercises.,2026-02-26
621,21,4,Loved the hands-on exercises.,2026-02-20
622,22,3,Could include more real-world projects.,2026-04-13
623,23,4,Loved the hands-on exercises.,2026-02-07
624,24,4,Highly recommended for beginners.,2026-09-06
625,25,3,Could include more real-world projects.,2026-03-16
626,26,3,Highly recommended for beginners.,2026-08-21
627,27,3,Could include more real-world projects.,2026-07-11
628,28,3,Well structured and engaging.,2026-04-10
629,29,5,Course content was useful.,2026-05-19
630,30,3,Course content was useful.,2026-03-07
631,31,3,Highly recommended for beginners.,2026-01-31
632,32,4,Good practical examples.,2026-02-26
633,33,4,Well structured and engaging.,2026-08-03
634,34,3,Course content was useful.,2026-04-23
635,35,4,Highly recommended for beginners.,2026-03-22
636,36,5,Highly recommended for beginners.,2026-03-29
637,37,5,Great learning experience.,2026-04-28
638,38,3,Could include more real-world projects.,2026-09-25
639,39,4,Loved the hands-on exercises.,2026-10-30
640,40,4,Well structured and engaging.,2026-05-23
641,41,3,Could include more real-world projects.,2026-05-07
642,42,3,Course content was useful.,2026-08-11
643,43,5,Loved the hands-on exercises.,2026-10-30
644,44,3,Highly recommended for beginners.,2026-01-03
645,45,4,Excellent course with clear explanations.,2026-01-21
646,46,4,Great learning experience.,2026-01-18
647,47,4,Great learning experience.,2026-07-21
648,48,4,Very informative and easy to follow.,2026-08-20
649,49,4,Loved the hands-on exercises.,2026-02-12
650,50,5,Excellent course with clear explanations.,2026-12-21
651,51,5,Could include more real-world projects.,2026-04-22
652,52,3,Course content was useful.,2026-06-01
653,53,3,Very informative and easy to follow.,2026-01-09
654,54,4,Instructor explained concepts well.,2026-03-24
655,55,5,Well structured and engaging.,2026-10-20
656,56,5,Highly recommended for beginners.,2026-01-13
657,57,4,Well structured and engaging.,2026-03-12
658,58,5,Could include more real-world projects.,2026-04-05
659,59,4,Well structured and engaging.,2026-12-27
660,60,5,Excellent course with clear explanations.,2026-11-18
661,61,3,Could include more real-world projects.,2026-12-20
662,62,4,Great learning experience.,2026-01-17
663,63,4,Could include more real-world projects.,2026-05-19
664,64,5,Highly recommended for beginners.,2026-10-05
665,65,5,Loved the hands-on exercises.,2026-12-17
666,66,3,Highly recommended for beginners.,2026-06-21
667,67,5,Excellent course with clear explanations.,2026-09-21
668,68,5,Course content was useful.,2026-01-27
669,69,3,Could include more real-world projects.,2026-07-07
670,70,4,Highly recommended for beginners.,2026-01-21
671,71,4,Course content was useful.,2026-03-31
672,72,5,Great learning experience.,2026-12-27
673,73,3,Great learning experience.,2026-12-30
674,74,3,Good practical examples.,2026-06-21
675,75,3,Great learning experience.,2026-02-28
676,76,5,Well structured and engaging.,2026-10-25
677,77,5,Loved the hands-on exercises.,2026-04-26
678,78,4,Course content was useful.,2026-05-17
679,79,5,Could include more real-world projects.,2026-05-22
680,80,3,Very informative and easy to follow.,2026-07-10
681,81,4,Well structured and engaging.,2026-09-06
682,82,5,Great learning experience.,2026-03-04
683,83,4,Great learning experience.,2026-12-14
684,84,5,Instructor explained concepts well.,2026-08-20
685,85,5,Course content was useful.,2026-12-11
686,86,5,Very informative and easy to follow.,2026-04-07
687,87,4,Very informative and easy to follow.,2026-02-11
688,88,4,Good practical examples.,2026-05-28
689,89,3,Very informative and easy to follow.,2026-03-26
690,90,4,Very informative and easy to follow.,2026-12-23
691,91,3,Well structured and engaging.,2026-03-19
692,92,3,Great learning experience.,2026-11-18
693,93,3,Instructor explained concepts well.,2026-08-02
694,94,5,Great learning experience.,2026-03-09
695,95,4,Course content was useful.,2026-08-04
696,96,4,Excellent course with clear explanations.,2026-05-30
697,97,3,Very informative and easy to follow.,2026-01-12
698,98,3,Great learning experience.,2026-11-27
699,99,4,Could include more real-world projects.,2026-10-24
700,100,4,Course content was useful.,2026-09-06
701,1,5,Great learning experience.,2026-10-08
702,2,4,Well structured and engaging.,2026-06-05
703,3,5,Good practical examples.,2026-06-06
704,4,3,Instructor explained concepts well.,2026-04-27
705,5,4,Course content was useful.,2026-05-28
706,6,3,Good practical examples.,2026-06-30
707,7,4,Well structured and engaging.,2026-03-27
708,8,5,Good practical examples.,2026-12-31
709,9,5,Instructor explained concepts well.,2026-04-04
710,10,3,Good practical examples.,2026-03-24
711,11,3,Very informative and easy to follow.,2026-01-22
712,12,4,Highly recommended for beginners.,2026-03-06
713,13,4,Instructor explained concepts well.,2026-07-09
714,14,3,Loved the hands-on exercises.,2026-10-15
715,15,5,Excellent course with clear explanations.,2026-12-07
716,16,4,Course content was useful.,2026-03-17
717,17,4,Well structured and engaging.,2026-10-04
718,18,3,Great learning experience.,2026-06-04
719,19,3,Excellent course with clear explanations.,2026-07-27
720,20,4,Good practical examples.,2026-08-23
721,21,4,Good practical examples.,2026-01-03
722,22,5,Great learning experience.,2026-09-17
723,23,4,Instructor explained concepts well.,2026-08-31
724,24,4,Highly recommended for beginners.,2026-12-08
725,25,3,Highly recommended for beginners.,2026-08-15
726,26,4,Very informative and easy to follow.,2026-09-03
727,27,3,Good practical examples.,2026-12-14
728,28,5,Very informative and easy to follow.,2026-06-07
729,29,3,Could include more real-world projects.,2026-11-13
730,30,3,Well structured and engaging.,2026-07-02
731,31,3,Course content was useful.,2026-01-29
732,32,5,Loved the hands-on exercises.,2026-10-26
733,33,5,Loved the hands-on exercises.,2026-05-23
734,34,3,Excellent course with clear explanations.,2026-02-12
735,35,5,Well structured and engaging.,2026-12-13
736,36,5,Very informative and easy to follow.,2026-09-20
737,37,4,Loved the hands-on exercises.,2026-09-09
738,38,4,Highly recommended for beginners.,2026-11-06
739,39,5,Excellent course with clear explanations.,2026-12-08
740,40,4,Could include more real-world projects.,2026-03-17
741,41,5,Could include more real-world projects.,2026-07-09
742,42,4,Course content was useful.,2026-01-07
743,43,4,Course content was useful.,2026-06-29
744,44,4,Well structured and engaging.,2026-10-15
745,45,3,Loved the hands-on exercises.,2026-08-16
746,46,5,Could include more real-world projects.,2026-08-15
747,47,4,Good practical examples.,2026-08-06
748,48,5,Could include more real-world projects.,2026-03-13
749,49,5,Highly recommended for beginners.,2026-02-14
750,50,3,Loved the hands-on exercises.,2026-06-05
751,51,4,Great learning experience.,2026-06-21
752,52,3,Highly recommended for beginners.,2026-07-12
753,53,3,Excellent course with clear explanations.,2026-07-29
754,54,5,Instructor explained concepts well.,2026-08-01
755,55,3,Great learning experience.,2026-08-25
756,56,5,Highly recommended for beginners.,2026-03-12
757,57,3,Good practical examples.,2026-07-15
758,58,4,Great learning experience.,2026-09-09
759,59,3,Instructor explained concepts well.,2026-10-27
760,60,4,Well structured and engaging.,2026-10-14
761,61,5,Well structured and engaging.,2026-04-25
762,62,3,Excellent course with clear explanations.,2026-03-20
763,63,4,Instructor explained concepts well.,2026-11-24
764,64,5,Well structured and engaging.,2026-03-05
765,65,5,Instructor explained concepts well.,2026-08-02
766,66,3,Well structured and engaging.,2026-12-19
767,67,5,Loved the hands-on exercises.,2026-01-15
768,68,3,Instructor explained concepts well.,2026-09-10
769,69,3,Highly recommended for beginners.,2026-07-05
770,70,5,Well structured and engaging.,2026-10-17
771,71,4,Instructor explained concepts well.,2026-11-18
772,72,5,Well structured and engaging.,2026-12-22
773,73,3,Course content was useful.,2026-09-20
774,74,5,Highly recommended for beginners.,2026-01-09
775,75,4,Good practical examples.,2026-10-25
776,76,3,Good practical examples.,2026-06-13
777,77,4,Good practical examples.,2026-07-02
778,78,3,Excellent course with clear explanations.,2026-05-20
779,79,4,Could include more real-world projects.,2026-11-22
780,80,4,Excellent course with clear explanations.,2026-05-29
781,81,4,Great learning experience.,2026-11-24
782,82,3,Great learning experience.,2026-04-10
783,83,5,Good practical examples.,2026-02-18
784,84,5,Good practical examples.,2026-10-06
785,85,4,Course content was useful.,2026-12-17
786,86,4,Instructor explained concepts well.,2026-12-17
787,87,5,Course content was useful.,2026-02-19
788,88,5,Highly recommended for beginners.,2026-06-30
789,89,3,Excellent course with clear explanations.,2026-03-12
790,90,5,Instructor explained concepts well.,2026-07-10
791,91,4,Could include more real-world projects.,2026-06-24
792,92,3,Very informative and easy to follow.,2026-04-22
793,93,3,Great learning experience.,2026-04-24
794,94,3,Great learning experience.,2026-11-11
795,95,5,Great learning experience.,2026-09-30
796,96,5,Great learning experience.,2026-12-26
797,97,3,Could include more real-world projects.,2026-08-24
798,98,3,Very informative and easy to follow.,2026-03-09
799,99,3,Well structured and engaging.,2026-06-28
800,100,4,Course content was useful.,2026-03-13
801,1,4,Highly recommended for beginners.,2026-09-25
802,2,4,Good practical examples.,2026-12-30
803,3,4,Excellent course with clear explanations.,2026-03-02
804,4,3,Good practical examples.,2026-12-22
805,5,3,Loved the hands-on exercises.,2026-06-07
806,6,3,Loved the hands-on exercises.,2026-03-08
807,7,3,Could include more real-world projects.,2026-12-20
808,8,3,Very informative and easy to follow.,2026-01-10
809,9,4,Could include more real-world projects.,2026-01-22
810,10,3,Very informative and easy to follow.,2026-01-17
811,11,5,Great learning experience.,2026-10-31
812,12,3,Well structured and engaging.,2026-03-02
813,13,4,Excellent course with clear explanations.,2026-02-03
814,14,4,Excellent course with clear explanations.,2026-02-19
815,15,3,Highly recommended for beginners.,2026-04-16
816,16,5,Loved the hands-on exercises.,2026-04-05
817,17,5,Course content was useful.,2026-01-15
818,18,3,Good practical examples.,2026-05-23
819,19,5,Course content was useful.,2026-06-30
820,20,3,Great learning experience.,2026-11-10
821,21,3,Great learning experience.,2026-10-19
822,22,3,Very informative and easy to follow.,2026-10-24
823,23,3,Great learning experience.,2026-04-22
824,24,5,Loved the hands-on exercises.,2026-05-25
825,25,3,Great learning experience.,2026-01-03
826,26,5,Very informative and easy to follow.,2026-04-20
827,27,5,Well structured and engaging.,2026-07-07
828,28,5,Highly recommended for beginners.,2026-04-05
829,29,4,Very informative and easy to follow.,2026-04-03
830,30,4,Could include more real-world projects.,2026-08-06
831,31,3,Great learning experience.,2026-04-27
832,32,4,Very informative and easy to follow.,2026-06-10
833,33,3,Well structured and engaging.,2026-02-26
834,34,5,Good practical examples.,2026-09-11
835,35,4,Instructor explained concepts well.,2026-10-13
836,36,5,Excellent course with clear explanations.,2026-02-12
837,37,4,Well structured and engaging.,2026-03-01
838,38,4,Instructor explained concepts well.,2026-08-22
839,39,5,Instructor explained concepts well.,2026-12-18
840,40,4,Loved the hands-on exercises.,2026-10-11
841,41,4,Instructor explained concepts well.,2026-08-08
842,42,3,Very informative and easy to follow.,2026-09-01
843,43,5,Course content was useful.,2026-04-02
844,44,3,Well structured and engaging.,2026-12-11
845,45,3,Could include more real-world projects.,2026-08-13
846,46,5,Very informative and easy to follow.,2026-03-03
847,47,3,Could include more real-world projects.,2026-07-25
848,48,5,Highly recommended for beginners.,2026-02-22
849,49,5,Good practical examples.,2026-02-03
850,50,4,Loved the hands-on exercises.,2026-06-23
851,51,3,Highly recommended for beginners.,2026-07-26
852,52,3,Loved the hands-on exercises.,2026-08-06
853,53,5,Well structured and engaging.,2026-05-23
854,54,5,Highly recommended for beginners.,2026-10-31
855,55,4,Could include more real-world projects.,2026-07-02
856,56,4,Highly recommended for beginners.,2026-07-27
857,57,4,Great learning experience.,2026-05-23
858,58,3,Well structured and engaging.,2026-02-25
859,59,3,Instructor explained concepts well.,2026-09-08
860,60,4,Loved the hands-on exercises.,2026-11-18
861,61,3,Excellent course with clear explanations.,2026-02-20
862,62,5,Excellent course with clear explanations.,2026-02-04
863,63,4,Excellent course with clear explanations.,2026-04-02
864,64,4,Highly recommended for beginners.,2026-12-14
865,65,4,Good practical examples.,2026-06-05
866,66,5,Highly recommended for beginners.,2026-02-19
867,67,3,Great learning experience.,2026-09-10
868,68,4,Loved the hands-on exercises.,2026-05-31
869,69,5,Well structured and engaging.,2026-09-09
870,70,5,Instructor explained concepts well.,2026-10-05
871,71,4,Great learning experience.,2026-10-07
872,72,3,Excellent course with clear explanations.,2026-08-09
873,73,3,Could include more real-world projects.,2026-08-19
874,74,4,Could include more real-world projects.,2026-08-15
875,75,4,Excellent course with clear explanations.,2026-01-17
876,76,3,Great learning experience.,2026-12-04
877,77,4,Good practical examples.,2026-09-09
878,78,4,Good practical examples.,2026-06-09
879,79,5,Could include more real-world projects.,2026-09-07
880,80,3,Highly recommended for beginners.,2026-12-12
881,81,4,Great learning experience.,2026-12-17
882,82,5,Highly recommended for beginners.,2026-08-29
883,83,4,Great learning experience.,2026-03-22
884,84,5,Excellent course with clear explanations.,2026-07-20
885,85,4,Well structured and engaging.,2026-10-30
886,86,4,Highly recommended for beginners.,2026-12-13
887,87,4,Instructor explained concepts well.,2026-06-14
888,88,3,Excellent course with clear explanations.,2026-10-30
889,89,3,Good practical examples.,2026-07-07
890,90,4,Highly recommended for beginners.,2026-01-14
891,91,5,Course content was useful.,2026-07-14
892,92,3,Could include more real-world projects.,2026-06-26
893,93,4,Could include more real-world projects.,2026-06-29
894,94,3,Loved the hands-on exercises.,2026-05-07
895,95,3,Instructor explained concepts well.,2026-10-31
896,96,3,Very informative and easy to follow.,2026-06-06
897,97,3,Course content was useful.,2026-03-28
898,98,3,Great learning experience.,2026-06-16
899,99,3,Well structured and engaging.,2026-12-03
900,100,4,Highly recommended for beginners.,2026-09-21
901,1,4,Instructor explained concepts well.,2026-01-11
902,2,5,Well structured and engaging.,2026-10-29
903,3,3,Course content was useful.,2026-07-13
904,4,5,Could include more real-world projects.,2026-06-15
905,5,5,Very informative and easy to follow.,2026-09-08
906,6,3,Loved the hands-on exercises.,2026-06-22
907,7,4,Great learning experience.,2026-12-08
908,8,4,Good practical examples.,2026-11-11
909,9,4,Course content was useful.,2026-08-12
910,10,3,Well structured and engaging.,2026-11-22
911,11,3,Great learning experience.,2026-04-20
912,12,4,Instructor explained concepts well.,2026-01-25
913,13,4,Highly recommended for beginners.,2026-07-25
914,14,3,Highly recommended for beginners.,2026-02-17
915,15,5,Highly recommended for beginners.,2026-02-18
916,16,5,Course content was useful.,2026-05-20
917,17,3,Highly recommended for beginners.,2026-09-29
918,18,4,Could include more real-world projects.,2026-04-18
919,19,4,Very informative and easy to follow.,2026-11-30
920,20,4,Great learning experience.,2026-06-03
921,21,4,Great learning experience.,2026-06-10
922,22,3,Could include more real-world projects.,2026-07-25
923,23,4,Highly recommended for beginners.,2026-09-21
924,24,4,Great learning experience.,2026-04-03
925,25,3,Great learning experience.,2026-04-06
926,26,5,Well structured and engaging.,2026-04-20
927,27,5,Well structured and engaging.,2026-05-18
928,28,5,Great learning experience.,2026-11-11
929,29,4,Highly recommended for beginners.,2026-11-17
930,30,3,Great learning experience.,2026-04-13
931,31,4,Well structured and engaging.,2026-03-17
932,32,3,Good practical examples.,2026-12-17
933,33,4,Could include more real-world projects.,2026-07-30
934,34,4,Very informative and easy to follow.,2026-11-21
935,35,3,Could include more real-world projects.,2026-05-17
936,36,4,Good practical examples.,2026-05-12
937,37,5,Highly recommended for beginners.,2026-05-01
938,38,4,Loved the hands-on exercises.,2026-02-28
939,39,3,Loved the hands-on exercises.,2026-01-15
940,40,3,Instructor explained concepts well.,2026-08-26
941,41,4,Great learning experience.,2026-08-12
942,42,4,Excellent course with clear explanations.,2026-04-14
943,43,3,Instructor explained concepts well.,2026-03-11
944,44,3,Instructor explained concepts well.,2026-05-23
945,45,5,Great learning experience.,2026-04-01
946,46,5,Excellent course with clear explanations.,2026-09-06
947,47,3,Excellent course with clear explanations.,2026-02-12
948,48,4,Highly recommended for beginners.,2026-06-02
949,49,3,Could include more real-world projects.,2026-07-06
950,50,5,Very informative and easy to follow.,2026-07-23
951,51,5,Good practical examples.,2026-05-01
952,52,3,Highly recommended for beginners.,2026-09-14
953,53,3,Great learning experience.,2026-12-07
954,54,5,Great learning experience.,2026-05-09
955,55,4,Very informative and easy to follow.,2026-05-02
956,56,5,Very informative and easy to follow.,2026-06-10
957,57,4,Highly recommended for beginners.,2026-07-19
958,58,5,Loved the hands-on exercises.,2026-08-05
959,59,3,Good practical examples.,2026-02-24
960,60,3,Loved the hands-on exercises.,2026-05-21
961,61,4,Could include more real-world projects.,2026-05-11
962,62,5,Excellent course with clear explanations.,2026-09-09
963,63,5,Course content was useful.,2026-12-25
964,64,3,Course content was useful.,2026-10-07
965,65,4,Well structured and engaging.,2026-12-16
966,66,3,Instructor explained concepts well.,2026-03-16
967,67,4,Well structured and engaging.,2026-07-08
968,68,4,Excellent course with clear explanations.,2026-11-27
969,69,5,Excellent course with clear explanations.,2026-12-06
970,70,3,Loved the hands-on exercises.,2026-05-10
971,71,5,Could include more real-world projects.,2026-06-08
972,72,5,Course content was useful.,2026-12-17
973,73,3,Great learning experience.,2026-05-02
974,74,4,Could include more real-world projects.,2026-01-05
975,75,4,Instructor explained concepts well.,2026-06-04
976,76,3,Loved the hands-on exercises.,2026-06-02
977,77,3,Good practical examples.,2026-08-13
978,78,5,Course content was useful.,2026-11-26
979,79,4,Excellent course with clear explanations.,2026-05-21
980,80,3,Well structured and engaging.,2026-08-30
981,81,5,Could include more real-world projects.,2026-06-20
982,82,5,Could include more real-world projects.,2026-02-21
983,83,3,Instructor explained concepts well.,2026-09-17
984,84,3,Course content was useful.,2026-08-04
985,85,5,Great learning experience.,2026-06-17
986,86,4,Excellent course with clear explanations.,2026-01-27
987,87,5,Good practical examples.,2026-11-19
988,88,4,Good practical examples.,2026-01-02
989,89,4,Loved the hands-on exercises.,2026-11-18
990,90,4,Course content was useful.,2026-10-22
991,91,3,Very informative and easy to follow.,2026-03-22
992,92,3,Great learning experience.,2027-01-01
993,93,5,Good practical examples.,2026-11-01
994,94,5,Could include more real-world projects.,2026-06-13
995,95,4,Well structured and engaging.,2026-03-10
996,96,4,Good practical examples.,2026-12-18
997,97,5,Course content was useful.,2026-05-25
998,98,3,Very informative and easy to follow.,2026-08-01
999,99,4,Good practical examples.,2026-07-21
1000,100,4,Highly recommended for beginners.,2026-04-25
1,1,3,Excellent course with clear explanations.,2026-10-13
2,2,5,Highly recommended for beginners.,2026-11-17
3,3,3,Very informative and easy to follow.,2026-08-25
4,4,3,Instructor explained concepts well.,2026-12-26
5,5,3,Excellent course with clear explanations.,2026-07-25
6,6,5,Could include more real-world projects.,2026-11-04
7,7,4,Good practical examples.,2026-02-15
8,8,4,Good practical examples.,2026-10-18
9,9,3,Excellent course with clear explanations.,2026-09-27
10,10,4,Well structured and engaging.,2026-12-11
11,11,4,Very informative and easy to follow.,2026-04-25
12,12,5,Loved the hands-on exercises.,2026-04-08
13,13,4,Instructor explained concepts well.,2026-09-11
14,14,4,Good practical examples.,2026-08-09
15,15,3,Highly recommended for beginners.,2026-04-21
16,16,4,Loved the hands-on exercises.,2026-08-03
17,17,3,Could include more real-world projects.,2026-03-16
18,18,3,Instructor explained concepts well.,2026-05-15
19,19,3,Highly recommended for beginners.,2026-08-19
20,20,3,Course content was useful.,2026-10-26
21,21,5,Well structured and engaging.,2026-02-13
22,22,3,Well structured and engaging.,2026-03-10
23,23,4,Could include more real-world projects.,2026-12-18
24,24,3,Could include more real-world projects.,2026-12-29
25,25,4,Highly recommended for beginners.,2026-05-12
26,26,3,Very informative and easy to follow.,2026-10-13
27,27,3,Excellent course with clear explanations.,2026-06-20
28,28,3,Well structured and engaging.,2026-07-01
29,29,5,Highly recommended for beginners.,2026-12-30
30,30,5,Excellent course with clear explanations.,2026-01-03
31,31,4,Great learning experience.,2026-11-14
32,32,4,Instructor explained concepts well.,2026-07-22
33,33,5,Course content was useful.,2026-03-09
34,34,5,Excellent course with clear explanations.,2026-10-25
35,35,3,Instructor explained concepts well.,2026-03-28
36,36,5,Well structured and engaging.,2026-06-23
37,37,4,Good practical examples.,2026-02-15
38,38,4,Great learning experience.,2026-08-10
39,39,3,Instructor explained concepts well.,2026-03-01
40,40,4,Excellent course with clear explanations.,2026-03-07
41,41,4,Instructor explained concepts well.,2026-07-04
42,42,4,Instructor explained concepts well.,2026-05-15
43,43,5,Instructor explained concepts well.,2026-09-22
44,44,4,Could include more real-world projects.,2026-03-26
45,45,4,Well structured and engaging.,2026-03-19
46,46,5,Well structured and engaging.,2026-01-28
47,47,3,Good practical examples.,2026-01-28
48,48,3,Good practical examples.,2026-01-19
49,49,4,Instructor explained concepts well.,2026-03-25
50,50,5,Well structured and engaging.,2026-08-12
51,51,3,Well structured and engaging.,2026-01-21
52,52,4,Course content was useful.,2026-12-30
53,53,5,Well structured and engaging.,2026-08-23
54,54,4,Very informative and easy to follow.,2026-03-17
55,55,3,Course content was useful.,2026-02-17
56,56,3,Instructor explained concepts well.,2026-04-03
57,57,3,Great learning experience.,2026-05-20
58,58,5,Highly recommended for beginners.,2026-04-19
59,59,5,Excellent course with clear explanations.,2026-09-27
60,60,5,Good practical examples.,2026-08-02
61,61,3,Loved the hands-on exercises.,2026-09-13
62,62,5,Very informative and easy to follow.,2026-06-18
63,63,3,Instructor explained concepts well.,2026-12-15
64,64,5,Very informative and easy to follow.,2026-07-21
65,65,4,Highly recommended for beginners.,2026-02-24
66,66,4,Good practical examples.,2026-01-15
67,67,3,Well structured and engaging.,2026-12-29
68,68,5,Well structured and engaging.,2026-08-21
69,69,5,Instructor explained concepts well.,2026-11-01
70,70,5,Excellent course with clear explanations.,2026-06-18
71,71,3,Highly recommended for beginners.,2026-08-20
72,72,4,Highly recommended for beginners.,2026-03-08
73,73,3,Excellent course with clear explanations.,2026-11-26
74,74,4,Course content was useful.,2026-01-29
75,75,5,Very informative and easy to follow.,2026-10-08
76,76,5,Could include more real-world projects.,2026-02-17
77,77,4,Instructor explained concepts well.,2026-04-02
78,78,3,Could include more real-world projects.,2026-02-15
79,79,3,Loved the hands-on exercises.,2026-03-25
80,80,4,Could include more real-world projects.,2026-05-26
81,81,5,Good practical examples.,2026-03-03
82,82,4,Well structured and engaging.,2026-08-10
83,83,5,Instructor explained concepts well.,2026-12-17
84,84,5,Good practical examples.,2026-07-03
85,85,5,Very informative and easy to follow.,2026-07-08
86,86,5,Loved the hands-on exercises.,2026-09-08
87,87,4,Could include more real-world projects.,2026-09-01
88,88,4,Highly recommended for beginners.,2026-11-04
89,89,4,Very informative and easy to follow.,2026-08-05
90,90,4,Highly recommended for beginners.,2026-04-06
91,91,4,Could include more real-world projects.,2026-02-17
92,92,3,Great learning experience.,2026-06-24
93,93,4,Loved the hands-on exercises.,2026-11-28
94,94,5,Good practical examples.,2026-09-11
95,95,5,Great learning experience.,2026-02-12
96,96,4,Well structured and engaging.,2026-08-12
97,97,3,Well structured and engaging.,2026-06-03
98,98,3,Good practical examples.,2026-12-17
99,99,4,Loved the hands-on exercises.,2026-09-25
100,100,4,Instructor explained concepts well.,2026-10-19
101,1,3,Great learning experience.,2026-02-09
102,2,3,Great learning experience.,2026-02-25
103,3,5,Could include more real-world projects.,2026-07-31
104,4,3,Well structured and engaging.,2026-12-05
105,5,5,Highly recommended for beginners.,2026-05-10
106,6,4,Instructor explained concepts well.,2026-10-27
107,7,3,Great learning experience.,2026-01-09
108,8,3,Well structured and engaging.,2026-04-02
109,9,3,Could include more real-world projects.,2026-01-24
110,10,3,Could include more real-world projects.,2026-12-27
111,11,4,Course content was useful.,2026-10-28
112,12,5,Well structured and engaging.,2026-12-10
113,13,4,Highly recommended for beginners.,2026-05-16
114,14,4,Good practical examples.,2026-04-19
115,15,3,Very informative and easy to follow.,2026-11-06
116,16,4,Very informative and easy to follow.,2026-08-11
117,17,5,Excellent course with clear explanations.,2026-01-03
118,18,4,Very informative and easy to follow.,2026-01-07
119,19,3,Well structured and engaging.,2026-08-24
120,20,5,Could include more real-world projects.,2026-12-03
121,21,5,Highly recommended for beginners.,2026-09-07
122,22,4,Highly recommended for beginners.,2026-11-12
123,23,4,Could include more real-world projects.,2026-06-04
124,24,3,Good practical examples.,2026-03-11
125,25,3,Loved the hands-on exercises.,2026-02-27
126,26,3,Loved the hands-on exercises.,2026-01-14
127,27,3,Well structured and engaging.,2026-11-29
128,28,3,Loved the hands-on exercises.,2026-08-12
129,29,5,Great learning experience.,2026-04-08
130,30,3,Instructor explained concepts well.,2026-08-26
131,31,3,Well structured and engaging.,2026-08-05
132,32,3,Very informative and easy to follow.,2026-03-27
133,33,3,Well structured and engaging.,2026-09-06
134,34,4,Excellent course with clear explanations.,2026-08-19
135,35,5,Loved the hands-on exercises.,2026-04-14
136,36,4,Highly recommended for beginners.,2026-07-20
137,37,3,Course content was useful.,2026-01-05
138,38,3,Could include more real-world projects.,2026-08-01
139,39,4,Highly recommended for beginners.,2026-11-02
140,40,5,Great learning experience.,2026-05-29
141,41,3,Well structured and engaging.,2026-07-24
142,42,4,Great learning experience.,2026-10-30
143,43,5,Highly recommended for beginners.,2026-12-14
144,44,4,Loved the hands-on exercises.,2027-01-01
145,45,3,Great learning experience.,2026-01-10
146,46,4,Highly recommended for beginners.,2026-06-11
147,47,5,Very informative and easy to follow.,2026-05-18
148,48,5,Could include more real-world projects.,2026-08-31
149,49,3,Well structured and engaging.,2026-11-15
150,50,5,Course content was useful.,2026-08-18
151,51,5,Could include more real-world projects.,2026-01-11
152,52,3,Instructor explained concepts well.,2026-04-09
153,53,4,Course content was useful.,2026-08-13
154,54,3,Great learning experience.,2026-04-23
155,55,5,Course content was useful.,2026-11-05
156,56,5,Well structured and engaging.,2026-03-09
157,57,4,Could include more real-world projects.,2026-08-02
158,58,5,Course content was useful.,2026-08-30
159,59,3,Highly recommended for beginners.,2026-04-17
160,60,4,Very informative and easy to follow.,2026-12-08
161,61,4,Good practical examples.,2026-03-30
162,62,3,Good practical examples.,2026-11-07
163,63,4,Very informative and easy to follow.,2026-08-01
164,64,4,Instructor explained concepts well.,2026-05-01
165,65,3,Great learning experience.,2026-01-25
166,66,3,Course content was useful.,2026-05-14
167,67,4,Good practical examples.,2026-03-31
168,68,5,Excellent course with clear explanations.,2026-02-02
169,69,4,Could include more real-world projects.,2026-02-28
170,70,5,Loved the hands-on exercises.,2026-03-03
171,71,5,Loved the hands-on exercises.,2026-09-07
172,72,4,Course content was useful.,2026-07-01
173,73,3,Great learning experience.,2026-05-17
174,74,3,Great learning experience.,2026-11-06
175,75,5,Very informative and easy to follow.,2026-12-28
176,76,3,Well structured and engaging.,2026-08-23
177,77,3,Very informative and easy to follow.,2026-11-09
178,78,5,Very informative and easy to follow.,2026-10-15
179,79,3,Great learning experience.,2026-02-23
180,80,3,Very informative and easy to follow.,2026-04-16
181,81,4,Good practical examples.,2026-05-30
182,82,5,Well structured and engaging.,2026-09-17
183,83,4,Very informative and easy to follow.,2026-03-20
184,84,5,Course content was useful.,2026-06-21
185,85,3,Very informative and easy to follow.,2026-04-14
186,86,4,Could include more real-world projects.,2026-01-04
187,87,3,Well structured and engaging.,2026-06-24
188,88,4,Great learning experience.,2026-03-29
189,89,3,Instructor explained concepts well.,2026-07-10
190,90,5,Could include more real-world projects.,2026-07-04
191,91,5,Loved the hands-on exercises.,2026-03-19
192,92,5,Could include more real-world projects.,2026-04-27
193,93,3,Could include more real-world projects.,2026-07-31
194,94,4,Well structured and engaging.,2026-09-22
195,95,5,Course content was useful.,2026-01-16
196,96,4,Good practical examples.,2026-01-06
197,97,5,Great learning experience.,2026-02-05
198,98,3,Course content was useful.,2026-06-11
199,99,4,Good practical examples.,2026-08-11
200,100,3,Could include more real-world projects.,2026-01-19
201,1,5,Good practical examples.,2026-10-22
202,2,3,Great learning experience.,2026-06-01
203,3,4,Could include more real-world projects.,2026-12-15
204,4,5,Great learning experience.,2026-06-05
205,5,5,Course content was useful.,2026-06-26
206,6,3,Instructor explained concepts well.,2026-09-28
207,7,5,Good practical examples.,2026-12-25
208,8,4,Well structured and engaging.,2026-11-26
209,9,3,Great learning experience.,2026-11-16
210,10,5,Well structured and engaging.,2026-12-24
211,11,4,Could include more real-world projects.,2026-04-12
212,12,4,Very informative and easy to follow.,2026-01-19
213,13,5,Course content was useful.,2026-07-19
214,14,5,Good practical examples.,2026-09-24
215,15,5,Instructor explained concepts well.,2026-04-20
216,16,3,Great learning experience.,2026-10-10
217,17,4,Great learning experience.,2026-06-24
218,18,5,Good practical examples.,2026-01-12
219,19,3,Great learning experience.,2026-10-31
220,20,4,Loved the hands-on exercises.,2026-06-05
221,21,5,Could include more real-world projects.,2026-09-16
222,22,3,Excellent course with clear explanations.,2026-07-10
223,23,4,Great learning experience.,2026-07-01
224,24,3,Excellent course with clear explanations.,2026-11-30
225,25,3,Well structured and engaging.,2026-06-02
226,26,5,Excellent course with clear explanations.,2026-08-21
227,27,4,Loved the hands-on exercises.,2026-10-25
228,28,5,Great learning experience.,2026-11-01
229,29,3,Course content was useful.,2026-06-03
230,30,4,Highly recommended for beginners.,2026-12-11
231,31,3,Could include more real-world projects.,2026-09-24
232,32,5,Loved the hands-on exercises.,2026-02-23
233,33,4,Great learning experience.,2026-10-26
234,34,3,Course content was useful.,2026-08-21
235,35,3,Good practical examples.,2026-12-31
236,36,4,Could include more real-world projects.,2026-02-11
237,37,3,Excellent course with clear explanations.,2026-08-06
238,38,3,Well structured and engaging.,2026-04-20
239,39,4,Very informative and easy to follow.,2026-07-09
240,40,5,Great learning experience.,2026-07-26
241,41,5,Great learning experience.,2026-09-23
242,42,4,Instructor explained concepts well.,2026-10-27
243,43,4,Could include more real-world projects.,2026-08-14
244,44,5,Well structured and engaging.,2026-08-02
245,45,3,Good practical examples.,2026-09-16
246,46,3,Well structured and engaging.,2026-12-31
247,47,4,Good practical examples.,2026-12-27
248,48,5,Great learning experience.,2026-03-02
249,49,5,Loved the hands-on exercises.,2026-08-22
250,50,4,Excellent course with clear explanations.,2026-03-22
251,51,5,Course content was useful.,2026-03-02
252,52,5,Could include more real-world projects.,2026-02-26
253,53,3,Course content was useful.,2026-10-20
254,54,4,Excellent course with clear explanations.,2026-09-25
255,55,3,Very informative and easy to follow.,2026-07-10
256,56,4,Course content was useful.,2026-06-05
257,57,4,Well structured and engaging.,2026-01-15
258,58,3,Good practical examples.,2026-10-29
259,59,4,Excellent course with clear explanations.,2026-06-06
260,60,4,Loved the hands-on exercises.,2026-04-04
261,61,5,Well structured and engaging.,2026-01-02
262,62,3,Great learning experience.,2026-06-28
263,63,3,Excellent course with clear explanations.,2026-08-02
264,64,4,Highly recommended for beginners.,2026-06-08
265,65,5,Well structured and engaging.,2026-06-22
266,66,4,Well structured and engaging.,2026-11-07
267,67,3,Good practical examples.,2026-09-16
268,68,5,Well structured and engaging.,2026-08-19
269,69,5,Well structured and engaging.,2026-03-18
270,70,5,Course content was useful.,2026-02-15
271,71,5,Highly recommended for beginners.,2026-07-29
272,72,4,Loved the hands-on exercises.,2026-07-22
273,73,4,Great learning experience.,2026-01-24
274,74,5,Well structured and engaging.,2026-05-23
275,75,5,Very informative and easy to follow.,2026-03-26
276,76,5,Excellent course with clear explanations.,2026-10-20
277,77,5,Instructor explained concepts well.,2026-10-15
278,78,5,Very informative and easy to follow.,2026-11-26
279,79,5,Very informative and easy to follow.,2026-04-09
280,80,5,Great learning experience.,2026-10-23
281,81,3,Highly recommended for beginners.,2026-09-25
282,82,3,Well structured and engaging.,2026-09-15
283,83,3,Very informative and easy to follow.,2026-12-04
284,84,5,Good practical examples.,2026-01-10
285,85,4,Loved the hands-on exercises.,2026-05-06
286,86,5,Highly recommended for beginners.,2026-08-16
287,87,3,Great learning experience.,2026-11-07
288,88,4,Could include more real-world projects.,2026-10-29
289,89,3,Well structured and engaging.,2026-01-12
290,90,4,Could include more real-world projects.,2026-04-03
291,91,4,Excellent course with clear explanations.,2026-09-28
292,92,4,Could include more real-world projects.,2026-05-12
293,93,3,Very informative and easy to follow.,2026-02-20
294,94,5,Good practical examples.,2026-05-27
295,95,3,Good practical examples.,2026-05-11
296,96,3,Good practical examples.,2026-06-07
297,97,4,Good practical examples.,2026-01-31
298,98,5,Course content was useful.,2026-04-03
299,99,3,Excellent course with clear explanations.,2026-06-02
300,100,4,Very informative and easy to follow.,2026-06-13
301,1,3,Could include more real-world projects.,2026-06-15
302,2,4,Could include more real-world projects.,2026-03-03
303,3,3,Loved the hands-on exercises.,2026-05-03
304,4,5,Highly recommended for beginners.,2026-05-02
305,5,4,Great learning experience.,2026-09-16
306,6,4,Very informative and easy to follow.,2026-05-18
307,7,3,Course content was useful.,2026-08-26
308,8,5,Could include more real-world projects.,2026-02-03
309,9,4,Excellent course with clear explanations.,2026-07-28
310,10,5,Loved the hands-on exercises.,2026-01-10
311,11,4,Great learning experience.,2026-10-28
312,12,5,Very informative and easy to follow.,2026-05-07
313,13,5,Good practical examples.,2026-06-05
314,14,5,Could include more real-world projects.,2026-08-17
315,15,3,Great learning experience.,2026-04-15
316,16,3,Course content was useful.,2026-10-04
317,17,3,Loved the hands-on exercises.,2026-10-03
318,18,4,Great learning experience.,2026-08-20
319,19,3,Excellent course with clear explanations.,2026-08-26
320,20,5,Instructor explained concepts well.,2026-12-01
321,21,3,Excellent course with clear explanations.,2026-01-31
322,22,4,Instructor explained concepts well.,2026-11-03
323,23,4,Could include more real-world projects.,2026-06-29
324,24,5,Loved the hands-on exercises.,2026-10-27
325,25,5,Instructor explained concepts well.,2026-01-24
326,26,3,Great learning experience.,2026-10-16
327,27,3,Instructor explained concepts well.,2026-02-15
328,28,4,Very informative and easy to follow.,2026-03-13
329,29,5,Great learning experience.,2026-05-24
330,30,4,Loved the hands-on exercises.,2026-11-09
331,31,5,Course content was useful.,2026-12-16
332,32,4,Instructor explained concepts well.,2026-12-29
333,33,4,Instructor explained concepts well.,2026-05-06
334,34,5,Course content was useful.,2026-06-24
335,35,3,Well structured and engaging.,2026-11-03
336,36,4,Excellent course with clear explanations.,2026-12-21
337,37,3,Excellent course with clear explanations.,2026-11-08
338,38,4,Excellent course with clear explanations.,2026-01-05
339,39,5,Good practical examples.,2026-07-31
340,40,5,Well structured and engaging.,2026-07-21
341,41,5,Very informative and easy to follow.,2026-11-29
342,42,5,Very informative and easy to follow.,2026-10-03
343,43,3,Well structured and engaging.,2026-12-11
344,44,3,Course content was useful.,2026-07-12
345,45,5,Course content was useful.,2026-07-18
346,46,3,Excellent course with clear explanations.,2026-03-05
347,47,4,Course content was useful.,2026-04-09
348,48,4,Excellent course with clear explanations.,2026-04-24
349,49,5,Excellent course with clear explanations.,2026-05-24
350,50,5,Course content was useful.,2026-04-09
351,51,3,Highly recommended for beginners.,2026-11-17
352,52,4,Loved the hands-on exercises.,2026-04-30
353,53,4,Course content was useful.,2026-01-19
354,54,4,Well structured and engaging.,2026-12-27
355,55,5,Highly recommended for beginners.,2026-04-18
356,56,3,Loved the hands-on exercises.,2026-11-23
357,57,4,Very informative and easy to follow.,2026-05-23
358,58,5,Great learning experience.,2026-09-10
359,59,3,Great learning experience.,2026-04-10
360,60,5,Highly recommended for beginners.,2026-12-11
361,61,5,Highly recommended for beginners.,2026-10-17
362,62,3,Very informative and easy to follow.,2026-10-29
363,63,3,Very informative and easy to follow.,2026-03-07
364,64,4,Highly recommended for beginners.,2026-04-27
365,65,5,Instructor explained concepts well.,2026-04-09
366,66,5,Excellent course with clear explanations.,2026-12-21
367,67,5,Great learning experience.,2026-11-11
368,68,4,Great learning experience.,2026-08-21
369,69,3,Could include more real-world projects.,2026-11-25
370,70,5,Excellent course with clear explanations.,2026-06-15
371,71,4,Could include more real-world projects.,2026-05-21
372,72,3,Great learning experience.,2026-08-27
373,73,4,Course content was useful.,2026-09-22
374,74,3,Loved the hands-on exercises.,2026-01-25
375,75,4,Could include more real-world projects.,2026-09-30
376,76,4,Course content was useful.,2026-01-03
377,77,4,Loved the hands-on exercises.,2026-06-21
378,78,3,Highly recommended for beginners.,2026-01-13
379,79,5,Loved the hands-on exercises.,2026-12-20
380,80,4,Very informative and easy to follow.,2026-05-08
381,81,3,Good practical examples.,2026-06-18
382,82,4,Very informative and easy to follow.,2026-11-17
383,83,5,Very informative and easy to follow.,2026-01-15
384,84,4,Could include more real-world projects.,2026-01-13
385,85,5,Course content was useful.,2026-05-09
386,86,3,Very informative and easy to follow.,2026-08-31
387,87,3,Course content was useful.,2026-01-28
388,88,4,Great learning experience.,2026-05-02
389,89,3,Highly recommended for beginners.,2026-11-14
390,90,4,Very informative and easy to follow.,2026-11-17
391,91,4,Highly recommended for beginners.,2026-03-05
392,92,3,Excellent course with clear explanations.,2026-01-18
393,93,4,Course content was useful.,2026-12-22
394,94,3,Good practical examples.,2026-02-01
395,95,4,Excellent course with clear explanations.,2026-06-04
396,96,5,Could include more real-world projects.,2026-02-03
397,97,3,Excellent course with clear explanations.,2026-10-14
398,98,3,Instructor explained concepts well.,2026-07-15
399,99,4,Very informative and easy to follow.,2026-11-13
400,100,4,Loved the hands-on exercises.,2026-11-03
401,1,5,Highly recommended for beginners.,2026-01-06
402,2,4,Could include more real-world projects.,2026-08-26
403,3,4,Highly recommended for beginners.,2026-11-14
404,4,3,Course content was useful.,2026-11-30
405,5,5,Excellent course with clear explanations.,2026-08-21
406,6,5,Course content was useful.,2026-10-28
407,7,3,Very informative and easy to follow.,2026-02-22
408,8,3,Highly recommended for beginners.,2027-01-01
409,9,3,Highly recommended for beginners.,2026-04-10
410,10,5,Good practical examples.,2026-11-23
411,11,5,Instructor explained concepts well.,2026-07-01
412,12,4,Well structured and engaging.,2026-11-14
413,13,4,Good practical examples.,2026-05-05
414,14,3,Excellent course with clear explanations.,2026-01-31
415,15,3,Instructor explained concepts well.,2026-10-27
416,16,4,Great learning experience.,2026-11-30
417,17,4,Instructor explained concepts well.,2026-10-26
418,18,5,Good practical examples.,2026-03-17
419,19,4,Instructor explained concepts well.,2026-11-05
420,20,4,Instructor explained concepts well.,2026-07-08
421,21,3,Great learning experience.,2026-10-28
422,22,5,Good practical examples.,2026-01-30
423,23,3,Great learning experience.,2026-10-14
424,24,3,Could include more real-world projects.,2026-06-26
425,25,3,Loved the hands-on exercises.,2026-11-24
426,26,3,Very informative and easy to follow.,2026-06-24
427,27,3,Well structured and engaging.,2026-12-22
428,28,5,Well structured and engaging.,2026-11-04
429,29,5,Course content was useful.,2026-10-24
430,30,5,Course content was useful.,2026-11-12
431,31,4,Could include more real-world projects.,2026-06-18
432,32,3,Very informative and easy to follow.,2026-08-21
433,33,3,Well structured and engaging.,2026-04-23
434,34,3,Loved the hands-on exercises.,2026-12-21
435,35,3,Well structured and engaging.,2026-11-16
436,36,3,Loved the hands-on exercises.,2026-09-04
437,37,5,Course content was useful.,2026-07-12
438,38,3,Could include more real-world projects.,2026-04-05
439,39,3,Course content was useful.,2026-01-06
440,40,3,Course content was useful.,2026-01-16
441,41,5,Very informative and easy to follow.,2026-03-14
442,42,4,Well structured and engaging.,2026-04-10
443,43,5,Highly recommended for beginners.,2026-07-04
444,44,3,Excellent course with clear explanations.,2026-04-12
445,45,3,Instructor explained concepts well.,2026-03-31
446,46,3,Instructor explained concepts well.,2026-03-31
447,47,4,Great learning experience.,2026-05-06
448,48,3,Loved the hands-on exercises.,2026-01-12
449,49,3,Instructor explained concepts well.,2026-02-21
450,50,3,Good practical examples.,2026-07-14
451,51,5,Very informative and easy to follow.,2026-06-23
452,52,3,Instructor explained concepts well.,2026-08-22
453,53,3,Course content was useful.,2026-07-10
454,54,5,Good practical examples.,2026-09-27
455,55,5,Could include more real-world projects.,2026-12-31
456,56,3,Very informative and easy to follow.,2026-03-15
457,57,3,Loved the hands-on exercises.,2026-04-09
458,58,5,Could include more real-world projects.,2026-12-22
459,59,4,Course content was useful.,2026-11-03
460,60,4,Loved the hands-on exercises.,2026-01-24
461,61,5,Highly recommended for beginners.,2026-04-07
462,62,5,Instructor explained concepts well.,2026-03-18
463,63,4,Loved the hands-on exercises.,2026-01-28
464,64,5,Instructor explained concepts well.,2026-03-06
465,65,5,Highly recommended for beginners.,2026-09-08
466,66,3,Very informative and easy to follow.,2026-08-29
467,67,5,Highly recommended for beginners.,2026-02-03
468,68,3,Great learning experience.,2026-07-18
469,69,5,Great learning experience.,2026-07-11
470,70,4,Great learning experience.,2026-08-26
471,71,3,Course content was useful.,2026-12-31
472,72,4,Great learning experience.,2026-12-22
473,73,4,Well structured and engaging.,2026-08-31
474,74,4,Highly recommended for beginners.,2026-07-25
475,75,5,Highly recommended for beginners.,2026-11-29
476,76,3,Loved the hands-on exercises.,2026-04-23
477,77,3,Well structured and engaging.,2026-05-01
478,78,4,Loved the hands-on exercises.,2026-06-06
479,79,4,Could include more real-world projects.,2026-10-20
480,80,3,Course content was useful.,2026-05-11
481,81,5,Very informative and easy to follow.,2026-03-10
482,82,3,Instructor explained concepts well.,2026-08-16
483,83,5,Course content was useful.,2026-04-28
484,84,5,Excellent course with clear explanations.,2026-08-27
485,85,5,Highly recommended for beginners.,2026-06-22
486,86,4,Well structured and engaging.,2026-08-28
487,87,4,Could include more real-world projects.,2026-07-08
488,88,4,Course content was useful.,2026-05-20
489,89,4,Excellent course with clear explanations.,2026-04-02
490,90,4,Loved the hands-on exercises.,2026-05-16
491,91,5,Very informative and easy to follow.,2026-07-03
492,92,3,Instructor explained concepts well.,2026-09-14
493,93,5,Great learning experience.,2026-11-26
494,94,3,Instructor explained concepts well.,2026-04-27
495,95,3,Very informative and easy to follow.,2026-02-06
496,96,4,Excellent course with clear explanations.,2026-10-07
497,97,3,Course content was useful.,2026-04-11
498,98,5,Course content was useful.,2026-05-09
499,99,4,Instructor explained concepts well.,2026-04-08
500,100,5,Highly recommended for beginners.,2026-03-12
501,1,5,Great learning experience.,2026-05-14
502,2,3,Instructor explained concepts well.,2026-05-25
503,3,4,Could include more real-world projects.,2026-07-27
504,4,5,Excellent course with clear explanations.,2026-08-30
505,5,5,Great learning experience.,2026-03-18
506,6,4,Loved the hands-on exercises.,2026-04-27
507,7,5,Loved the hands-on exercises.,2026-08-31
508,8,3,Great learning experience.,2026-10-28
509,9,5,Well structured and engaging.,2026-08-25
510,10,4,Very informative and easy to follow.,2026-06-10
511,11,3,Could include more real-world projects.,2026-12-24
512,12,4,Loved the hands-on exercises.,2026-08-13
513,13,4,Great learning experience.,2026-01-16
514,14,4,Good practical examples.,2026-10-23
515,15,3,Instructor explained concepts well.,2026-01-05
516,16,4,Course content was useful.,2026-06-23
517,17,3,Could include more real-world projects.,2026-08-06
518,18,5,Could include more real-world projects.,2026-12-20
519,19,5,Instructor explained concepts well.,2026-06-16
520,20,5,Excellent course with clear explanations.,2026-10-18
521,21,3,Good practical examples.,2026-03-20
522,22,4,Highly recommended for beginners.,2026-11-19
523,23,5,Highly recommended for beginners.,2026-10-21
524,24,4,Could include more real-world projects.,2026-04-15
525,25,4,Very informative and easy to follow.,2026-10-01
526,26,4,Loved the hands-on exercises.,2026-09-01
527,27,3,Course content was useful.,2026-10-19
528,28,4,Instructor explained concepts well.,2026-02-17
529,29,3,Very informative and easy to follow.,2026-12-12
530,30,5,Good practical examples.,2026-01-17
531,31,5,Highly recommended for beginners.,2026-09-08
532,32,3,Good practical examples.,2026-04-12
533,33,3,Could include more real-world projects.,2026-05-26
534,34,3,Loved the hands-on exercises.,2026-05-30
535,35,5,Great learning experience.,2026-02-05
536,36,4,Excellent course with clear explanations.,2026-07-08
537,37,5,Excellent course with clear explanations.,2026-03-29
538,38,4,Could include more real-world projects.,2026-07-20
539,39,3,Very informative and easy to follow.,2026-03-08
540,40,5,Could include more real-world projects.,2026-09-02
541,41,5,Very informative and easy to follow.,2026-07-19
542,42,3,Good practical examples.,2026-04-16
543,43,4,Could include more real-world projects.,2026-12-30
544,44,5,Well structured and engaging.,2026-03-23
545,45,5,Highly recommended for beginners.,2026-06-08
546,46,5,Loved the hands-on exercises.,2026-09-15
547,47,5,Well structured and engaging.,2026-05-22
548,48,3,Excellent course with clear explanations.,2026-03-15
549,49,4,Very informative and easy to follow.,2026-07-24
550,50,5,Loved the hands-on exercises.,2026-09-27
551,51,4,Highly recommended for beginners.,2026-09-09
552,52,4,Well structured and engaging.,2026-10-22
553,53,3,Very informative and easy to follow.,2026-05-28
554,54,5,Well structured and engaging.,2026-06-27
555,55,5,Instructor explained concepts well.,2026-07-20
556,56,5,Good practical examples.,2026-08-01
557,57,3,Good practical examples.,2026-11-13
558,58,5,Could include more real-world projects.,2026-08-23
559,59,4,Good practical examples.,2026-12-24
560,60,5,Very informative and easy to follow.,2026-07-21
561,61,5,Excellent course with clear explanations.,2026-05-03
562,62,3,Instructor explained concepts well.,2026-11-18
563,63,5,Instructor explained concepts well.,2026-12-08
564,64,3,Loved the hands-on exercises.,2026-09-10
565,65,4,Great learning experience.,2026-03-04
566,66,4,Very informative and easy to follow.,2026-02-23
567,67,5,Course content was useful.,2026-07-29
568,68,4,Good practical examples.,2026-05-10
569,69,3,Great learning experience.,2026-01-23
570,70,4,Excellent course with clear explanations.,2026-02-07
571,71,5,Well structured and engaging.,2026-07-15
572,72,4,Could include more real-world projects.,2026-04-10
573,73,4,Excellent course with clear explanations.,2026-01-06
574,74,4,Very informative and easy to follow.,2026-12-30
575,75,3,Course content was useful.,2026-12-10
576,76,5,Well structured and engaging.,2026-09-06
577,77,4,Very informative and easy to follow.,2026-02-12
578,78,5,Loved the hands-on exercises.,2027-01-01
579,79,4,Good practical examples.,2026-08-30
580,80,4,Good practical examples.,2026-03-29
581,81,3,Highly recommended for beginners.,2026-02-21
582,82,3,Instructor explained concepts well.,2026-03-05
583,83,5,Could include more real-world projects.,2026-03-28
584,84,3,Excellent course with clear explanations.,2026-12-13
585,85,4,Good practical examples.,2026-08-14
586,86,4,Good practical examples.,2026-04-21
587,87,5,Excellent course with clear explanations.,2026-12-12
588,88,5,Loved the hands-on exercises.,2026-08-15
589,89,5,Excellent course with clear explanations.,2026-11-22
590,90,5,Very informative and easy to follow.,2026-07-19
591,91,5,Instructor explained concepts well.,2026-08-16
592,92,3,Highly recommended for beginners.,2026-01-03
593,93,3,Could include more real-world projects.,2026-04-14
594,94,3,Course content was useful.,2026-05-03
595,95,3,Very informative and easy to follow.,2026-01-09
596,96,4,Excellent course with clear explanations.,2026-01-08
597,97,4,Loved the hands-on exercises.,2026-12-15
598,98,5,Very informative and easy to follow.,2026-04-23
599,99,3,Good practical examples.,2026-03-27
600,100,3,Could include more real-world projects.,2026-09-20
601,1,3,Course content was useful.,2026-06-15
602,2,5,Loved the hands-on exercises.,2026-11-16
603,3,3,Great learning experience.,2026-07-22
604,4,4,Very informative and easy to follow.,2026-04-29
605,5,3,Very informative and easy to follow.,2026-07-02
606,6,4,Good practical examples.,2026-01-08
607,7,4,Course content was useful.,2026-01-07
608,8,4,Loved the hands-on exercises.,2026-08-23
609,9,3,Very informative and easy to follow.,2026-12-03
610,10,4,Highly recommended for beginners.,2026-07-08
611,11,3,Very informative and easy to follow.,2026-04-22
612,12,4,Instructor explained concepts well.,2026-11-03
613,13,4,Very informative and easy to follow.,2026-12-31
614,14,5,Highly recommended for beginners.,2026-03-29
615,15,4,Very informative and easy to follow.,2026-11-04
616,16,4,Could include more real-world projects.,2026-12-14
617,17,5,Good practical examples.,2026-06-20
618,18,3,Course content was useful.,2026-12-08
619,19,4,Very informative and easy to follow.,2026-06-21
620,20,3,Highly recommended for beginners.,2026-10-27
621,21,4,Could include more real-world projects.,2026-09-19
622,22,5,Loved the hands-on exercises.,2026-09-15
623,23,5,Excellent course with clear explanations.,2026-04-30
624,24,3,Highly recommended for beginners.,2026-03-05
625,25,4,Loved the hands-on exercises.,2026-08-08
626,26,3,Highly recommended for beginners.,2026-02-10
627,27,3,Good practical examples.,2026-07-11
628,28,4,Instructor explained concepts well.,2026-04-14
629,29,3,Could include more real-world projects.,2026-04-15
630,30,5,Excellent course with clear explanations.,2026-05-02
631,31,5,Highly recommended for beginners.,2026-08-16
632,32,5,Course content was useful.,2026-03-10
633,33,4,Course content was useful.,2026-11-26
634,34,3,Great learning experience.,2026-08-01
635,35,5,Instructor explained concepts well.,2026-01-13
636,36,3,Course content was useful.,2026-06-25
637,37,3,Loved the hands-on exercises.,2026-10-04
638,38,3,Loved the hands-on exercises.,2026-12-18
639,39,5,Loved the hands-on exercises.,2026-11-08
640,40,4,Great learning experience.,2026-06-14
641,41,3,Well structured and engaging.,2026-11-19
642,42,3,Very informative and easy to follow.,2026-09-09
643,43,3,Loved the hands-on exercises.,2026-01-27
644,44,5,Good practical examples.,2026-04-15
645,45,3,Very informative and easy to follow.,2026-03-30
646,46,5,Great learning experience.,2026-04-15
647,47,3,Great learning experience.,2026-02-10
648,48,4,Well structured and engaging.,2026-06-09
649,49,3,Loved the hands-on exercises.,2026-05-06
650,50,4,Good practical examples.,2026-11-07
651,51,3,Instructor explained concepts well.,2026-05-27
652,52,5,Well structured and engaging.,2026-11-22
653,53,3,Instructor explained concepts well.,2026-09-04
654,54,3,Course content was useful.,2026-07-23
655,55,4,Good practical examples.,2026-08-30
656,56,4,Could include more real-world projects.,2026-09-16
657,57,5,Could include more real-world projects.,2026-03-21
658,58,4,Excellent course with clear explanations.,2026-07-15
659,59,4,Very informative and easy to follow.,2026-06-03
660,60,5,Great learning experience.,2026-03-20
661,61,5,Good practical examples.,2026-05-12
662,62,4,Well structured and engaging.,2026-06-06
663,63,4,Instructor explained concepts well.,2026-07-12
664,64,5,Highly recommended for beginners.,2026-09-04
665,65,3,Course content was useful.,2026-03-11
666,66,5,Well structured and engaging.,2026-04-11
667,67,3,Loved the hands-on exercises.,2026-01-03
668,68,3,Great learning experience.,2026-07-11
669,69,4,Could include more real-world projects.,2026-08-01
670,70,4,Course content was useful.,2026-07-16
671,71,4,Instructor explained concepts well.,2026-11-25
672,72,5,Very informative and easy to follow.,2026-07-29
673,73,3,Very informative and easy to follow.,2026-07-17
674,74,5,Good practical examples.,2026-04-10
675,75,4,Instructor explained concepts well.,2026-06-28
676,76,5,Well structured and engaging.,2026-11-22
677,77,5,Course content was useful.,2026-12-23
678,78,3,Could include more real-world projects.,2026-08-06
679,79,5,Loved the hands-on exercises.,2026-05-05
680,80,4,Excellent course with clear explanations.,2026-07-05
681,81,5,Excellent course with clear explanations.,2026-12-24
682,82,5,Good practical examples.,2026-05-14
683,83,5,Well structured and engaging.,2026-12-15
684,84,3,Instructor explained concepts well.,2026-05-07
685,85,5,Highly recommended for beginners.,2026-12-06
686,86,3,Excellent course with clear explanations.,2026-03-01
687,87,3,Could include more real-world projects.,2026-07-23
688,88,5,Highly recommended for beginners.,2026-02-11
689,89,5,Loved the hands-on exercises.,2026-08-05
690,90,3,Could include more real-world projects.,2026-05-10
691,91,5,Instructor explained concepts well.,2026-09-14
692,92,5,Could include more real-world projects.,2026-10-28
693,93,4,Could include more real-world projects.,2026-02-15
694,94,3,Highly recommended for beginners.,2026-06-26
695,95,3,Instructor explained concepts well.,2026-04-18
696,96,5,Could include more real-world projects.,2026-12-24
697,97,4,Excellent course with clear explanations.,2026-03-28
698,98,4,Excellent course with clear explanations.,2026-02-19
699,99,3,Could include more real-world projects.,2026-09-26
700,100,4,Instructor explained concepts well.,2026-08-09
701,1,3,Good practical examples.,2026-07-11
702,2,3,Good practical examples.,2026-04-12
703,3,4,Good practical examples.,2026-09-15
704,4,3,Well structured and engaging.,2026-10-18
705,5,3,Good practical examples.,2026-04-13
706,6,3,Good practical examples.,2026-04-09
707,7,4,Could include more real-world projects.,2026-08-14
708,8,5,Highly recommended for beginners.,2026-02-25
709,9,5,Good practical examples.,2026-02-10
710,10,4,Very informative and easy to follow.,2026-07-13
711,11,3,Instructor explained concepts well.,2026-02-02
712,12,4,Excellent course with clear explanations.,2026-10-27
713,13,3,Well structured and engaging.,2026-09-06
714,14,5,Very informative and easy to follow.,2026-01-05
715,15,3,Instructor explained concepts well.,2026-01-04
716,16,5,Highly recommended for beginners.,2026-01-22
717,17,3,Loved the hands-on exercises.,2026-09-25
718,18,3,Could include more real-world projects.,2026-11-05
719,19,5,Instructor explained concepts well.,2026-09-06
720,20,4,Course content was useful.,2026-11-06
721,21,4,Course content was useful.,2026-07-09
722,22,5,Course content was useful.,2026-06-11
723,23,3,Course content was useful.,2026-12-07
724,24,4,Could include more real-world projects.,2026-11-09
725,25,3,Course content was useful.,2026-06-19
726,26,3,Excellent course with clear explanations.,2026-08-22
727,27,5,Could include more real-world projects.,2026-03-13
728,28,3,Highly recommended for beginners.,2026-03-04
729,29,5,Instructor explained concepts well.,2026-12-25
730,30,3,Course content was useful.,2026-08-20
731,31,5,Well structured and engaging.,2026-09-21
732,32,4,Loved the hands-on exercises.,2026-01-02
733,33,5,Course content was useful.,2026-01-09
734,34,5,Course content was useful.,2026-01-24
735,35,5,Course content was useful.,2026-12-14
736,36,4,Loved the hands-on exercises.,2026-11-07
737,37,4,Could include more real-world projects.,2026-11-10
738,38,3,Course content was useful.,2026-08-08
739,39,4,Very informative and easy to follow.,2026-07-17
740,40,4,Highly recommended for beginners.,2026-04-10
741,41,5,Good practical examples.,2026-09-24
742,42,5,Great learning experience.,2026-01-17
743,43,3,Well structured and engaging.,2026-02-14
744,44,4,Great learning experience.,2026-08-28
745,45,3,Well structured and engaging.,2026-03-01
746,46,4,Great learning experience.,2026-05-04
747,47,3,Loved the hands-on exercises.,2026-03-29
748,48,5,Very informative and easy to follow.,2026-02-24
749,49,4,Excellent course with clear explanations.,2026-03-24
750,50,4,Could include more real-world projects.,2026-05-24
751,51,3,Instructor explained concepts well.,2026-12-07
752,52,4,Very informative and easy to follow.,2026-12-07
753,53,3,Great learning experience.,2026-11-21
754,54,5,Well structured and engaging.,2026-02-16
755,55,5,Course content was useful.,2026-04-25
756,56,5,Highly recommended for beginners.,2026-02-03
757,57,5,Course content was useful.,2026-07-13
758,58,5,Could include more real-world projects.,2026-12-01
759,59,5,Great learning experience.,2026-08-12
760,60,3,Loved the hands-on exercises.,2026-05-13
761,61,3,Instructor explained concepts well.,2026-02-14
762,62,3,Very informative and easy to follow.,2026-06-24
763,63,5,Highly recommended for beginners.,2026-04-07
764,64,5,Very informative and easy to follow.,2026-10-21
765,65,4,Good practical examples.,2026-06-10
766,66,4,Highly recommended for beginners.,2026-01-01
767,67,4,Excellent course with clear explanations.,2026-10-30
768,68,5,Loved the hands-on exercises.,2026-07-18
769,69,4,Course content was useful.,2026-07-06
770,70,5,Good practical examples.,2026-09-24
771,71,5,Highly recommended for beginners.,2026-10-30
772,72,3,Very informative and easy to follow.,2026-07-22
773,73,3,Great learning experience.,2026-08-24
774,74,4,Good practical examples.,2026-06-01
775,75,3,Well structured and engaging.,2026-12-15
776,76,4,Good practical examples.,2026-11-04
777,77,4,Good practical examples.,2026-12-07
778,78,5,Excellent course with clear explanations.,2026-11-03
779,79,4,Instructor explained concepts well.,2026-09-15
780,80,5,Very informative and easy to follow.,2026-05-21
781,81,5,Highly recommended for beginners.,2026-09-02
782,82,5,Loved the hands-on exercises.,2026-09-11
783,83,4,Could include more real-world projects.,2026-01-31
784,84,4,Good practical examples.,2026-04-18
785,85,5,Loved the hands-on exercises.,2026-12-25
786,86,5,Excellent course with clear explanations.,2026-04-02
787,87,4,Could include more real-world projects.,2026-06-03
788,88,5,Good practical examples.,2026-01-12
789,89,5,Could include more real-world projects.,2026-06-22
790,90,4,Well structured and engaging.,2026-06-28
791,91,4,Could include more real-world projects.,2026-02-06
792,92,5,Instructor explained concepts well.,2026-05-25
793,93,5,Loved the hands-on exercises.,2026-12-25
794,94,5,Could include more real-world projects.,2026-02-19
795,95,3,Course content was useful.,2026-10-25
796,96,3,Instructor explained concepts well.,2026-08-23
797,97,5,Good practical examples.,2026-10-23
798,98,3,Well structured and engaging.,2026-12-23
799,99,4,Instructor explained concepts well.,2026-03-16
800,100,3,Loved the hands-on exercises.,2026-04-11
801,1,5,Excellent course with clear explanations.,2026-07-05
802,2,5,Highly recommended for beginners.,2026-02-22
803,3,5,Good practical examples.,2026-07-12
804,4,4,Good practical examples.,2026-01-29
805,5,3,Course content was useful.,2026-08-31
806,6,3,Excellent course with clear explanations.,2026-03-02
807,7,5,Course content was useful.,2026-10-31
808,8,4,Good practical examples.,2026-11-18
809,9,5,Could include more real-world projects.,2026-05-06
810,10,3,Very informative and easy to follow.,2026-05-04
811,11,4,Well structured and engaging.,2026-06-04
812,12,5,Highly recommended for beginners.,2026-03-30
813,13,5,Could include more real-world projects.,2026-12-21
814,14,5,Very informative and easy to follow.,2026-08-26
815,15,5,Could include more real-world projects.,2026-05-21
816,16,5,Well structured and engaging.,2026-07-08
817,17,3,Very informative and easy to follow.,2026-03-01
818,18,3,Very informative and easy to follow.,2026-09-08
819,19,5,Great learning experience.,2026-04-26
820,20,3,Highly recommended for beginners.,2026-10-21
821,21,5,Well structured and engaging.,2026-05-21
822,22,5,Very informative and easy to follow.,2026-10-31
823,23,3,Could include more real-world projects.,2026-09-05
824,24,5,Could include more real-world projects.,2026-06-02
825,25,5,Good practical examples.,2026-02-20
826,26,4,Very informative and easy to follow.,2027-01-01
827,27,5,Good practical examples.,2026-07-27
828,28,5,Excellent course with clear explanations.,2026-07-21
829,29,5,Great learning experience.,2026-09-29
830,30,4,Very informative and easy to follow.,2026-09-23
831,31,5,Great learning experience.,2027-01-01
832,32,5,Very informative and easy to follow.,2026-04-17
833,33,5,Very informative and easy to follow.,2026-04-03
834,34,5,Good practical examples.,2026-01-03
835,35,5,Well structured and engaging.,2026-06-10
836,36,3,Excellent course with clear explanations.,2026-03-07
837,37,5,Loved the hands-on exercises.,2026-12-01
838,38,3,Very informative and easy to follow.,2026-10-15
839,39,4,Excellent course with clear explanations.,2026-02-13
840,40,3,Great learning experience.,2026-06-02
841,41,4,Great learning experience.,2026-03-29
842,42,4,Excellent course with clear explanations.,2026-05-08
843,43,4,Excellent course with clear explanations.,2026-09-23
844,44,4,Great learning experience.,2026-08-16
845,45,3,Highly recommended for beginners.,2026-09-09
846,46,5,Course content was useful.,2026-09-25
847,47,4,Highly recommended for beginners.,2026-10-03
848,48,5,Loved the hands-on exercises.,2026-12-19
849,49,3,Excellent course with clear explanations.,2026-05-02
850,50,3,Loved the hands-on exercises.,2026-03-14
851,51,4,Loved the hands-on exercises.,2026-03-10
852,52,5,Great learning experience.,2026-04-21
853,53,5,Course content was useful.,2026-05-23
854,54,3,Highly recommended for beginners.,2026-08-05
855,55,3,Great learning experience.,2026-05-11
856,56,4,Could include more real-world projects.,2026-11-29
857,57,3,Could include more real-world projects.,2026-08-22
858,58,3,Instructor explained concepts well.,2026-12-13
859,59,4,Good practical examples.,2026-10-02
860,60,3,Very informative and easy to follow.,2026-11-19
861,61,5,Instructor explained concepts well.,2026-11-21
862,62,5,Loved the hands-on exercises.,2027-01-01
863,63,4,Highly recommended for beginners.,2026-12-03
864,64,5,Great learning experience.,2026-11-06
865,65,3,Could include more real-world projects.,2026-03-20
866,66,4,Could include more real-world projects.,2026-07-14
867,67,3,Highly recommended for beginners.,2026-05-07
868,68,3,Instructor explained concepts well.,2026-03-05
869,69,5,Very informative and easy to follow.,2026-12-17
870,70,5,Could include more real-world projects.,2026-02-03
871,71,4,Very informative and easy to follow.,2026-07-05
872,72,4,Instructor explained concepts well.,2026-03-16
873,73,3,Instructor explained concepts well.,2026-01-06
874,74,3,Could include more real-world projects.,2026-04-24
875,75,4,Very informative and easy to follow.,2026-03-05
876,76,3,Great learning experience.,2026-06-06
877,77,5,Well structured and engaging.,2026-02-18
878,78,5,Course content was useful.,2026-12-25
879,79,5,Instructor explained concepts well.,2026-10-10
880,80,4,Highly recommended for beginners.,2026-02-20
881,81,3,Good practical examples.,2026-06-12
882,82,4,Good practical examples.,2026-06-26
883,83,5,Great learning experience.,2026-10-10
884,84,5,Could include more real-world projects.,2026-09-02
885,85,5,Good practical examples.,2026-05-13
886,86,3,Great learning experience.,2027-01-01
887,87,3,Good practical examples.,2026-03-15
888,88,4,Highly recommended for beginners.,2026-05-17
889,89,3,Course content was useful.,2026-12-29
890,90,3,Highly recommended for beginners.,2026-08-03
891,91,5,Well structured and engaging.,2026-04-04
892,92,4,Course content was useful.,2026-08-28
893,93,5,Instructor explained concepts well.,2026-05-22
894,94,4,Great learning experience.,2026-04-28
895,95,4,Very informative and easy to follow.,2026-06-06
896,96,4,Course content was useful.,2026-02-16
897,97,5,Very informative and easy to follow.,2026-02-09
898,98,5,Loved the hands-on exercises.,2026-02-17
899,99,3,Highly recommended for beginners.,2026-01-30
900,100,3,Instructor explained concepts well.,2026-10-11
901,1,4,Excellent course with clear explanations.,2026-08-06
902,2,5,Great learning experience.,2026-03-11
903,3,4,Well structured and engaging.,2026-09-21
904,4,5,Great learning experience.,2026-12-24
905,5,3,Could include more real-world projects.,2026-01-08
906,6,5,Loved the hands-on exercises.,2026-01-04
907,7,5,Could include more real-world projects.,2026-12-26
908,8,5,Course content was useful.,2026-05-06
909,9,5,Great learning experience.,2026-12-17
910,10,5,Excellent course with clear explanations.,2026-11-07
911,11,4,Good practical examples.,2026-12-12
912,12,5,Loved the hands-on exercises.,2026-03-31
913,13,3,Course content was useful.,2026-03-10
914,14,5,Course content was useful.,2026-01-27
915,15,4,Well structured and engaging.,2026-07-14
916,16,3,Course content was useful.,2026-02-27
917,17,4,Loved the hands-on exercises.,2026-10-04
918,18,3,Instructor explained concepts well.,2026-06-03
919,19,4,Instructor explained concepts well.,2026-05-16
920,20,3,Excellent course with clear explanations.,2026-11-20
921,21,5,Could include more real-world projects.,2026-04-22
922,22,4,Great learning experience.,2026-01-19
923,23,4,Highly recommended for beginners.,2026-09-07
924,24,3,Course content was useful.,2026-01-04
925,25,5,Well structured and engaging.,2026-06-18
926,26,4,Course content was useful.,2026-02-24
927,27,3,Course content was useful.,2026-04-06
928,28,4,Course content was useful.,2026-01-05
929,29,3,Could include more real-world projects.,2026-09-09
930,30,3,Very informative and easy to follow.,2026-09-28
931,31,5,Good practical examples.,2026-07-30
932,32,3,Well structured and engaging.,2026-01-04
933,33,3,Instructor explained concepts well.,2026-04-26
934,34,4,Could include more real-world projects.,2026-07-11
935,35,4,Course content was useful.,2026-08-08
936,36,3,Great learning experience.,2026-05-18
937,37,3,Well structured and engaging.,2026-12-03
938,38,4,Good practical examples.,2026-03-13
939,39,4,Could include more real-world projects.,2026-01-03
940,40,4,Loved the hands-on exercises.,2026-02-26
941,41,3,Instructor explained concepts well.,2026-01-21
942,42,3,Could include more real-world projects.,2026-08-04
943,43,5,Course content was useful.,2026-01-17
944,44,3,Loved the hands-on exercises.,2026-09-03
945,45,5,Instructor explained concepts well.,2026-03-02
946,46,4,Well structured and engaging.,2026-10-09
947,47,4,Good practical examples.,2026-06-16
948,48,4,Great learning experience.,2026-07-19
949,49,3,Very informative and easy to follow.,2026-02-25
950,50,3,Good practical examples.,2026-03-21
951,51,4,Great learning experience.,2026-01-07
952,52,5,Loved the hands-on exercises.,2026-01-27
953,53,5,Course content was useful.,2026-08-08
954,54,5,Excellent course with clear explanations.,2026-08-11
955,55,4,Instructor explained concepts well.,2026-05-25
956,56,4,Very informative and easy to follow.,2026-08-08
957,57,3,Highly recommended for beginners.,2026-03-20
958,58,5,Great learning experience.,2026-04-06
959,59,3,Instructor explained concepts well.,2026-02-28
960,60,4,Loved the hands-on exercises.,2026-12-08
961,61,4,Loved the hands-on exercises.,2026-08-31
962,62,5,Very informative and easy to follow.,2026-12-25
963,63,5,Great learning experience.,2026-11-09
964,64,3,Loved the hands-on exercises.,2026-10-30
965,65,5,Good practical examples.,2026-04-28
966,66,3,Good practical examples.,2026-07-25
967,67,3,Instructor explained concepts well.,2026-04-09
968,68,3,Could include more real-world projects.,2026-01-10
969,69,5,Loved the hands-on exercises.,2026-02-16
970,70,3,Could include more real-world projects.,2026-07-28
971,71,5,Instructor explained concepts well.,2026-12-25
972,72,5,Loved the hands-on exercises.,2026-04-24
973,73,4,Could include more real-world projects.,2026-09-03
974,74,3,Great learning experience.,2026-08-07
975,75,5,Excellent course with clear explanations.,2026-06-05
976,76,3,Instructor explained concepts well.,2026-07-06
977,77,4,Course content was useful.,2026-12-31
978,78,4,Loved the hands-on exercises.,2026-06-13
979,79,3,Good practical examples.,2026-01-21
980,80,3,Excellent course with clear explanations.,2026-12-05
981,81,5,Course content was useful.,2026-04-19
982,82,4,Well structured and engaging.,2026-05-24
983,83,5,Very informative and easy to follow.,2026-08-09
984,84,3,Instructor explained concepts well.,2026-09-09
985,85,4,Course content was useful.,2026-06-05
986,86,3,Very informative and easy to follow.,2026-12-09
987,87,3,Great learning experience.,2026-03-08
988,88,4,Course content was useful.,2026-07-05
989,89,5,Highly recommended for beginners.,2026-09-28
990,90,5,Course content was useful.,2026-05-02
991,91,5,Instructor explained concepts well.,2026-04-18
992,92,5,Could include more real-world projects.,2026-02-14
993,93,3,Good practical examples.,2026-11-19
994,94,5,Highly recommended for beginners.,2026-03-03
995,95,3,Highly recommended for beginners.,2026-12-02
996,96,3,Loved the hands-on exercises.,2026-12-27
997,97,4,Very informative and easy to follow.,2026-02-08
998,98,5,Highly recommended for beginners.,2026-06-25
999,99,4,Well structured and engaging.,2026-04-14
1000,100,5,Good practical examples.,2026-01-23
1,1,3,Loved the hands-on exercises.,2026-08-03
2,2,5,Instructor explained concepts well.,2026-10-14
3,3,4,Course content was useful.,2026-08-18
4,4,5,Very informative and easy to follow.,2026-08-12
5,5,3,Well structured and engaging.,2026-08-03
6,6,5,Great learning experience.,2026-01-12
7,7,3,Highly recommended for beginners.,2026-05-21
8,8,5,Good practical examples.,2026-05-29
9,9,3,Highly recommended for beginners.,2026-02-01
10,10,5,Loved the hands-on exercises.,2026-07-23
11,11,4,Great learning experience.,2026-09-20
12,12,3,Good practical examples.,2026-08-13
13,13,5,Could include more real-world projects.,2026-10-15
14,14,4,Could include more real-world projects.,2026-11-07
15,15,4,Loved the hands-on exercises.,2026-04-05
16,16,3,Good practical examples.,2026-10-20
17,17,3,Highly recommended for beginners.,2026-12-23
18,18,3,Great learning experience.,2026-08-22
19,19,5,Great learning experience.,2026-05-13
20,20,4,Loved the hands-on exercises.,2026-06-01
21,21,5,Instructor explained concepts well.,2026-10-10
22,22,3,Good practical examples.,2026-04-25
23,23,3,Great learning experience.,2026-05-02
24,24,4,Excellent course with clear explanations.,2026-11-24
25,25,3,Instructor explained concepts well.,2026-03-10
26,26,4,Excellent course with clear explanations.,2026-11-25
27,27,3,Loved the hands-on exercises.,2026-10-01
28,28,3,Excellent course with clear explanations.,2026-11-29
29,29,4,Highly recommended for beginners.,2026-07-08
30,30,4,Very informative and easy to follow.,2026-12-28
31,31,5,Instructor explained concepts well.,2026-03-10
32,32,4,Highly recommended for beginners.,2026-05-31
33,33,4,Excellent course with clear explanations.,2026-11-17
34,34,3,Course content was useful.,2026-04-23
35,35,5,Instructor explained concepts well.,2026-04-01
36,36,4,Excellent course with clear explanations.,2026-10-03
37,37,5,Highly recommended for beginners.,2026-02-24
38,38,5,Could include more real-world projects.,2026-12-01
39,39,4,Highly recommended for beginners.,2026-10-10
40,40,3,Well structured and engaging.,2026-04-23
41,41,4,Instructor explained concepts well.,2026-04-15
42,42,5,Could include more real-world projects.,2026-03-21
43,43,4,Loved the hands-on exercises.,2026-08-11
44,44,4,Good practical examples.,2026-09-03
45,45,3,Well structured and engaging.,2026-04-03
46,46,4,Good practical examples.,2026-04-01
47,47,3,Highly recommended for beginners.,2026-09-09
48,48,5,Good practical examples.,2026-11-28
49,49,4,Excellent course with clear explanations.,2026-06-08
50,50,3,Good practical examples.,2026-07-21
51,51,5,Highly recommended for beginners.,2026-04-07
52,52,3,Good practical examples.,2026-02-06
53,53,4,Loved the hands-on exercises.,2026-08-21
54,54,5,Could include more real-world projects.,2026-02-21
55,55,5,Great learning experience.,2026-03-12
56,56,5,Excellent course with clear explanations.,2026-11-05
57,57,3,Could include more real-world projects.,2026-07-16
58,58,3,Very informative and easy to follow.,2026-01-07
59,59,5,Excellent course with clear explanations.,2026-03-09
60,60,3,Very informative and easy to follow.,2026-05-18
61,61,3,Highly recommended for beginners.,2026-01-07
62,62,3,Very informative and easy to follow.,2026-10-05
63,63,5,Course content was useful.,2026-12-29
64,64,3,Loved the hands-on exercises.,2026-03-13
65,65,4,Highly recommended for beginners.,2026-08-16
66,66,3,Instructor explained concepts well.,2026-06-19
67,67,4,Good practical examples.,2026-05-05
68,68,3,Great learning experience.,2026-12-21
69,69,4,Great learning experience.,2026-03-05
70,70,3,Excellent course with clear explanations.,2026-02-22
71,71,5,Instructor explained concepts well.,2026-02-22
72,72,5,Could include more real-world projects.,2026-03-14
73,73,3,Loved the hands-on exercises.,2026-01-13
74,74,3,Could include more real-world projects.,2026-07-17
75,75,3,Course content was useful.,2026-12-02
76,76,4,Loved the hands-on exercises.,2026-12-17
77,77,4,Very informative and easy to follow.,2026-09-09
78,78,3,Very informative and easy to follow.,2026-04-25
79,79,3,Instructor explained concepts well.,2026-07-02
80,80,3,Highly recommended for beginners.,2026-06-20
81,81,3,Course content was useful.,2026-02-13
82,82,3,Highly recommended for beginners.,2026-03-19
83,83,3,Could include more real-world projects.,2026-09-29
84,84,4,Highly recommended for beginners.,2026-04-03
85,85,5,Could include more real-world projects.,2026-03-18
86,86,5,Instructor explained concepts well.,2026-11-16
87,87,4,Course content was useful.,2026-02-23
88,88,4,Well structured and engaging.,2026-12-05
89,89,4,Instructor explained concepts well.,2026-12-31
90,90,3,Excellent course with clear explanations.,2026-03-18
91,91,5,Good practical examples.,2026-06-13
92,92,3,Could include more real-world projects.,2026-08-17
93,93,5,Well structured and engaging.,2026-02-04
94,94,3,Highly recommended for beginners.,2026-08-07
95,95,5,Instructor explained concepts well.,2026-03-16
96,96,3,Course content was useful.,2026-03-07
97,97,3,Could include more real-world projects.,2026-06-30
98,98,4,Well structured and engaging.,2026-08-06
99,99,4,Could include more real-world projects.,2026-11-05
100,100,5,Course content was useful.,2026-03-12
101,1,5,Loved the hands-on exercises.,2026-07-16
102,2,4,Great learning experience.,2026-09-12
103,3,5,Great learning experience.,2026-09-10
104,4,5,Great learning experience.,2026-04-28
105,5,4,Very informative and easy to follow.,2026-10-25
106,6,5,Could include more real-world projects.,2026-09-27
107,7,5,Loved the hands-on exercises.,2026-12-26
108,8,3,Loved the hands-on exercises.,2026-07-05
109,9,3,Loved the hands-on exercises.,2026-01-09
110,10,4,Great learning experience.,2026-08-31
111,11,3,Very informative and easy to follow.,2026-01-31
112,12,4,Course content was useful.,2026-03-13
113,13,4,Well structured and engaging.,2026-03-15
114,14,5,Could include more real-world projects.,2026-05-05
115,15,3,Loved the hands-on exercises.,2026-01-29
116,16,5,Good practical examples.,2026-03-02
117,17,5,Good practical examples.,2026-07-13
118,18,5,Excellent course with clear explanations.,2026-12-23
119,19,4,Course content was useful.,2026-01-28
120,20,5,Very informative and easy to follow.,2026-12-06
121,21,5,Very informative and easy to follow.,2026-09-02
122,22,5,Good practical examples.,2026-01-16
123,23,3,Course content was useful.,2026-03-14
124,24,3,Loved the hands-on exercises.,2026-02-09
125,25,3,Highly recommended for beginners.,2026-08-02
126,26,3,Good practical examples.,2026-08-29
127,27,5,Good practical examples.,2026-09-28
128,28,5,Instructor explained concepts well.,2026-08-29
129,29,4,Course content was useful.,2026-08-16
130,30,5,Excellent course with clear explanations.,2026-05-27
131,31,3,Good practical examples.,2026-01-31
132,32,5,Excellent course with clear explanations.,2026-11-06
133,33,3,Great learning experience.,2026-03-24
134,34,3,Could include more real-world projects.,2026-08-05
135,35,5,Well structured and engaging.,2026-10-11
136,36,5,Instructor explained concepts well.,2026-10-20
137,37,5,Instructor explained concepts well.,2026-12-30
138,38,3,Could include more real-world projects.,2026-03-22
139,39,4,Very informative and easy to follow.,2026-09-25
140,40,4,Good practical examples.,2026-04-19
141,41,4,Highly recommended for beginners.,2026-01-29
142,42,3,Could include more real-world projects.,2026-04-05
143,43,5,Great learning experience.,2026-11-06
144,44,3,Well structured and engaging.,2026-09-02
145,45,4,Could include more real-world projects.,2026-07-14
146,46,3,Excellent course with clear explanations.,2026-07-10
147,47,5,Could include more real-world projects.,2026-04-10
148,48,4,Very informative and easy to follow.,2026-02-23
149,49,3,Course content was useful.,2026-11-05
150,50,4,Excellent course with clear explanations.,2026-05-03
151,51,4,Good practical examples.,2026-10-05
152,52,3,Very informative and easy to follow.,2026-04-19
153,53,5,Excellent course with clear explanations.,2026-06-08
154,54,3,Great learning experience.,2026-04-14
155,55,5,Excellent course with clear explanations.,2026-05-04
156,56,4,Very informative and easy to follow.,2026-10-19
157,57,5,Excellent course with clear explanations.,2026-10-16
158,58,4,Excellent course with clear explanations.,2026-01-25
159,59,4,Very informative and easy to follow.,2026-06-08
160,60,3,Course content was useful.,2026-05-25
161,61,4,Great learning experience.,2026-04-10
162,62,4,Could include more real-world projects.,2026-07-02
163,63,3,Very informative and easy to follow.,2026-06-19
164,64,4,Great learning experience.,2026-02-21
165,65,5,Good practical examples.,2026-01-13
166,66,5,Could include more real-world projects.,2026-09-02
167,67,5,Excellent course with clear explanations.,2026-05-29
168,68,3,Good practical examples.,2026-12-16
169,69,4,Very informative and easy to follow.,2026-11-17
170,70,3,Loved the hands-on exercises.,2026-04-21
171,71,5,Good practical examples.,2026-03-24
172,72,5,Great learning experience.,2026-11-08
173,73,5,Great learning experience.,2026-06-24
174,74,4,Good practical examples.,2026-06-23
175,75,4,Course content was useful.,2026-11-16
176,76,4,Excellent course with clear explanations.,2026-12-31
177,77,5,Could include more real-world projects.,2026-05-03
178,78,3,Highly recommended for beginners.,2026-11-07
179,79,3,Good practical examples.,2026-10-18
180,80,5,Well structured and engaging.,2026-02-19
181,81,3,Good practical examples.,2026-06-08
182,82,5,Very informative and easy to follow.,2026-09-13
183,83,3,Well structured and engaging.,2026-06-10
184,84,3,Instructor explained concepts well.,2026-03-24
185,85,3,Instructor explained concepts well.,2026-10-23
186,86,4,Course content was useful.,2026-02-15
187,87,3,Good practical examples.,2026-12-30
188,88,4,Instructor explained concepts well.,2026-08-31
189,89,4,Well structured and engaging.,2026-11-29
190,90,3,Very informative and easy to follow.,2026-10-19
191,91,4,Excellent course with clear explanations.,2026-07-06
192,92,4,Could include more real-world projects.,2026-07-29
193,93,5,Good practical examples.,2026-08-14
194,94,4,Great learning experience.,2026-11-16
195,95,4,Course content was useful.,2026-02-12
196,96,5,Could include more real-world projects.,2026-09-17
197,97,4,Instructor explained concepts well.,2026-12-16
198,98,3,Highly recommended for beginners.,2026-11-26
199,99,3,Loved the hands-on exercises.,2026-12-25
200,100,5,Excellent course with clear explanations.,2026-03-21
201,1,3,Instructor explained concepts well.,2026-07-12
202,2,3,Highly recommended for beginners.,2026-07-24
203,3,3,Loved the hands-on exercises.,2026-07-18
204,4,4,Very informative and easy to follow.,2026-06-28
205,5,4,Well structured and engaging.,2026-11-25
206,6,5,Well structured and engaging.,2026-02-25
207,7,3,Good practical examples.,2026-02-25
208,8,4,Could include more real-world projects.,2026-04-13
209,9,4,Course content was useful.,2026-02-03
210,10,4,Course content was useful.,2026-11-06
211,11,4,Loved the hands-on exercises.,2026-12-26
212,12,5,Well structured and engaging.,2026-02-28
213,13,4,Well structured and engaging.,2026-01-20
214,14,5,Good practical examples.,2026-08-29
215,15,3,Loved the hands-on exercises.,2026-06-13
216,16,5,Excellent course with clear explanations.,2026-11-04
217,17,4,Excellent course with clear explanations.,2026-07-05
218,18,4,Well structured and engaging.,2026-04-20
219,19,3,Loved the hands-on exercises.,2026-01-12
220,20,5,Could include more real-world projects.,2026-05-19
221,21,4,Good practical examples.,2026-02-12
222,22,3,Very informative and easy to follow.,2026-05-21
223,23,4,Very informative and easy to follow.,2026-06-02
224,24,5,Well structured and engaging.,2026-08-03
225,25,5,Loved the hands-on exercises.,2026-12-09
226,26,4,Good practical examples.,2026-01-28
227,27,3,Could include more real-world projects.,2026-06-25
228,28,4,Good practical examples.,2026-04-12
229,29,4,Could include more real-world projects.,2026-09-04
230,30,4,Great learning experience.,2026-12-19
231,31,3,Could include more real-world projects.,2026-07-01
232,32,5,Highly recommended for beginners.,2026-07-19
233,33,3,Great learning experience.,2026-11-02
234,34,3,Very informative and easy to follow.,2026-12-08
235,35,5,Highly recommended for beginners.,2026-03-16
236,36,4,Course content was useful.,2026-01-08
237,37,3,Well structured and engaging.,2026-03-17
238,38,4,Course content was useful.,2026-02-28
239,39,5,Could include more real-world projects.,2026-05-15
240,40,5,Excellent course with clear explanations.,2026-08-19
241,41,3,Well structured and engaging.,2026-11-24
242,42,5,Very informative and easy to follow.,2026-01-19
243,43,3,Loved the hands-on exercises.,2026-08-04
244,44,5,Great learning experience.,2026-03-27
245,45,5,Could include more real-world projects.,2026-04-21
246,46,4,Loved the hands-on exercises.,2026-04-08
247,47,5,Highly recommended for beginners.,2026-01-08
248,48,4,Course content was useful.,2026-01-09
249,49,4,Instructor explained concepts well.,2026-09-15
250,50,3,Well structured and engaging.,2026-11-29
251,51,4,Could include more real-world projects.,2026-07-30
252,52,4,Course content was useful.,2026-10-05
253,53,4,Great learning experience.,2026-06-21
254,54,3,Good practical examples.,2026-08-23
255,55,4,Course content was useful.,2026-04-01
256,56,5,Highly recommended for beginners.,2026-03-25
257,57,5,Could include more real-world projects.,2026-07-15
258,58,4,Could include more real-world projects.,2026-11-21
259,59,4,Highly recommended for beginners.,2026-02-20
260,60,3,Very informative and easy to follow.,2026-02-15
261,61,5,Excellent course with clear explanations.,2026-11-12
262,62,4,Very informative and easy to follow.,2026-09-12
263,63,5,Highly recommended for beginners.,2026-10-06
264,64,3,Well structured and engaging.,2026-09-15
265,65,5,Excellent course with clear explanations.,2026-12-08
266,66,4,Could include more real-world projects.,2026-04-19
267,67,3,Well structured and engaging.,2026-10-10
268,68,4,Very informative and easy to follow.,2026-04-11
269,69,4,Very informative and easy to follow.,2026-06-29
270,70,4,Could include more real-world projects.,2026-11-27
271,71,5,Could include more real-world projects.,2026-01-04
272,72,4,Loved the hands-on exercises.,2026-09-17
273,73,4,Instructor explained concepts well.,2026-12-04
274,74,4,Instructor explained concepts well.,2026-08-01
275,75,5,Loved the hands-on exercises.,2026-01-03
276,76,4,Excellent course with clear explanations.,2026-01-08
277,77,3,Good practical examples.,2026-07-11
278,78,5,Highly recommended for beginners.,2026-06-12
279,79,4,Good practical examples.,2026-10-20
280,80,4,Loved the hands-on exercises.,2026-10-12
281,81,4,Loved the hands-on exercises.,2026-11-12
282,82,5,Could include more real-world projects.,2026-01-27
283,83,5,Could include more real-world projects.,2026-03-07
284,84,5,Could include more real-world projects.,2026-03-30
285,85,4,Course content was useful.,2026-09-22
286,86,3,Could include more real-world projects.,2026-04-29
287,87,3,Good practical examples.,2026-09-16
288,88,3,Highly recommended for beginners.,2026-07-20
289,89,5,Instructor explained concepts well.,2026-10-11
290,90,3,Course content was useful.,2026-04-15
291,91,3,Very informative and easy to follow.,2026-01-14
292,92,4,Excellent course with clear explanations.,2026-11-18
293,93,5,Good practical examples.,2026-01-15
294,94,5,Great learning experience.,2026-02-10
295,95,5,Could include more real-world projects.,2026-01-13
296,96,5,Good practical examples.,2026-08-21
297,97,5,Course content was useful.,2026-04-06
298,98,3,Loved the hands-on exercises.,2026-06-02
299,99,3,Great learning experience.,2026-05-06
300,100,5,Could include more real-world projects.,2026-05-14
301,1,5,Excellent course with clear explanations.,2026-05-21
302,2,3,Good practical examples.,2026-11-18
303,3,3,Highly recommended for beginners.,2026-02-22
304,4,3,Well structured and engaging.,2026-11-02
305,5,3,Very informative and easy to follow.,2026-03-14
306,6,4,Instructor explained concepts well.,2026-04-03
307,7,3,Very informative and easy to follow.,2026-09-11
308,8,4,Loved the hands-on exercises.,2026-07-20
309,9,3,Well structured and engaging.,2026-01-12
310,10,4,Very informative and easy to follow.,2026-09-07
311,11,5,Very informative and easy to follow.,2026-04-18
312,12,5,Could include more real-world projects.,2026-07-12
313,13,4,Well structured and engaging.,2026-03-24
314,14,3,Instructor explained concepts well.,2026-01-06
315,15,3,Highly recommended for beginners.,2026-11-20
316,16,5,Excellent course with clear explanations.,2026-03-02
317,17,4,Course content was useful.,2026-09-05
318,18,5,Highly recommended for beginners.,2026-10-07
319,19,3,Good practical examples.,2026-09-25
320,20,5,Instructor explained concepts well.,2026-03-04
321,21,3,Highly recommended for beginners.,2026-01-16
322,22,5,Excellent course with clear explanations.,2026-09-23
323,23,5,Good practical examples.,2026-04-21
324,24,4,Very informative and easy to follow.,2026-04-22
325,25,3,Course content was useful.,2026-03-12
326,26,3,Very informative and easy to follow.,2026-12-21
327,27,3,Instructor explained concepts well.,2026-05-21
328,28,4,Loved the hands-on exercises.,2026-02-17
329,29,4,Great learning experience.,2026-11-30
330,30,4,Well structured and engaging.,2026-09-11
331,31,4,Great learning experience.,2026-07-24
332,32,3,Instructor explained concepts well.,2026-03-30
333,33,3,Instructor explained concepts well.,2026-07-21
334,34,3,Highly recommended for beginners.,2026-10-28
335,35,4,Good practical examples.,2026-04-16
336,36,5,Well structured and engaging.,2026-08-10
337,37,4,Could include more real-world projects.,2026-11-02
338,38,5,Instructor explained concepts well.,2026-06-13
339,39,5,Very informative and easy to follow.,2026-11-07
340,40,4,Could include more real-world projects.,2026-04-13
341,41,5,Course content was useful.,2026-07-11
342,42,5,Very informative and easy to follow.,2026-08-19
343,43,3,Excellent course with clear explanations.,2026-09-19
344,44,4,Highly recommended for beginners.,2026-07-29
345,45,4,Highly recommended for beginners.,2026-11-27
346,46,5,Course content was useful.,2026-07-23
347,47,3,Very informative and easy to follow.,2026-04-03
348,48,4,Could include more real-world projects.,2026-04-06
349,49,4,Loved the hands-on exercises.,2026-02-07
350,50,3,Course content was useful.,2026-07-10
351,51,3,Course content was useful.,2026-03-04
352,52,3,Course content was useful.,2026-12-19
353,53,3,Course content was useful.,2026-04-20
354,54,4,Highly recommended for beginners.,2026-06-14
355,55,3,Great learning experience.,2026-02-03
356,56,4,Instructor explained concepts well.,2026-11-05
357,57,3,Great learning experience.,2026-04-22
358,58,3,Great learning experience.,2026-05-23
359,59,5,Highly recommended for beginners.,2026-12-10
360,60,3,Highly recommended for beginners.,2026-11-27
361,61,4,Could include more real-world projects.,2026-06-12
362,62,4,Loved the hands-on exercises.,2026-04-11
363,63,3,Well structured and engaging.,2026-09-13
364,64,3,Instructor explained concepts well.,2026-08-04
365,65,3,Very informative and easy to follow.,2026-08-20
366,66,3,Highly recommended for beginners.,2026-06-17
367,67,5,Could include more real-world projects.,2026-05-02
368,68,5,Excellent course with clear explanations.,2026-05-26
369,69,3,Highly recommended for beginners.,2026-01-03
370,70,4,Instructor explained concepts well.,2026-03-09
371,71,4,Excellent course with clear explanations.,2026-10-01
372,72,5,Excellent course with clear explanations.,2026-06-22
373,73,5,Excellent course with clear explanations.,2026-02-05
374,74,4,Very informative and easy to follow.,2026-08-01
375,75,5,Instructor explained concepts well.,2026-05-21
376,76,4,Course content was useful.,2026-07-24
377,77,3,Great learning experience.,2026-06-10
378,78,4,Highly recommended for beginners.,2026-01-25
379,79,4,Instructor explained concepts well.,2026-12-23
380,80,4,Well structured and engaging.,2026-11-25
381,81,3,Course content was useful.,2026-11-13
382,82,3,Excellent course with clear explanations.,2026-04-25
383,83,3,Excellent course with clear explanations.,2026-03-13
384,84,3,Course content was useful.,2026-12-19
385,85,5,Could include more real-world projects.,2026-04-26
386,86,3,Very informative and easy to follow.,2026-04-08
387,87,5,Course content was useful.,2026-10-03
388,88,3,Excellent course with clear explanations.,2026-05-13
389,89,3,Very informative and easy to follow.,2026-01-25
390,90,4,Very informative and easy to follow.,2026-05-16
391,91,4,Highly recommended for beginners.,2026-07-14
392,92,4,Good practical examples.,2026-03-12
393,93,5,Well structured and engaging.,2026-03-03
394,94,3,Course content was useful.,2026-03-17
395,95,5,Could include more real-world projects.,2026-11-23
396,96,4,Very informative and easy to follow.,2026-09-25
397,97,5,Loved the hands-on exercises.,2026-10-23
398,98,4,Well structured and engaging.,2026-05-24
399,99,4,Well structured and engaging.,2026-04-26
400,100,3,Instructor explained concepts well.,2026-06-01
401,1,5,Very informative and easy to follow.,2026-06-30
402,2,5,Loved the hands-on exercises.,2026-12-04
403,3,5,Loved the hands-on exercises.,2026-12-22
404,4,3,Very informative and easy to follow.,2026-09-11
405,5,3,Loved the hands-on exercises.,2026-01-07
406,6,5,Loved the hands-on exercises.,2026-08-28
407,7,4,Loved the hands-on exercises.,2026-09-07
408,8,3,Course content was useful.,2026-04-17
409,9,5,Great learning experience.,2026-09-21
410,10,4,Instructor explained concepts well.,2026-12-29
411,11,4,Good practical examples.,2026-09-16
412,12,3,Good practical examples.,2026-04-23
413,13,4,Could include more real-world projects.,2026-08-20
414,14,5,Great learning experience.,2026-04-14
415,15,4,Loved the hands-on exercises.,2026-02-05
416,16,4,Could include more real-world projects.,2026-03-26
417,17,5,Instructor explained concepts well.,2026-10-23
418,18,5,Very informative and easy to follow.,2026-03-17
419,19,4,Very informative and easy to follow.,2026-02-26
420,20,3,Excellent course with clear explanations.,2026-08-24
421,21,3,Instructor explained concepts well.,2026-01-15
422,22,4,Great learning experience.,2026-08-20
423,23,4,Instructor explained concepts well.,2026-03-02
424,24,5,Very informative and easy to follow.,2026-07-01
425,25,4,Loved the hands-on exercises.,2026-03-19
426,26,4,Great learning experience.,2026-08-09
427,27,5,Course content was useful.,2026-01-28
428,28,4,Instructor explained concepts well.,2026-07-09
429,29,3,Excellent course with clear explanations.,2026-11-29
430,30,4,Could include more real-world projects.,2026-04-10
431,31,4,Loved the hands-on exercises.,2026-07-26
432,32,3,Highly recommended for beginners.,2026-05-22
433,33,5,Highly recommended for beginners.,2026-09-10
434,34,5,Could include more real-world projects.,2026-02-25
435,35,5,Excellent course with clear explanations.,2026-11-27
436,36,3,Very informative and easy to follow.,2026-04-23
437,37,3,Excellent course with clear explanations.,2026-01-19
438,38,5,Instructor explained concepts well.,2026-05-03
439,39,3,Great learning experience.,2026-02-21
440,40,4,Loved the hands-on exercises.,2026-11-14
441,41,5,Could include more real-world projects.,2026-07-20
442,42,4,Very informative and easy to follow.,2026-04-23
443,43,5,Instructor explained concepts well.,2026-09-11
444,44,3,Good practical examples.,2026-04-15
445,45,4,Instructor explained concepts well.,2026-12-28
446,46,5,Instructor explained concepts well.,2026-01-02
447,47,3,Good practical examples.,2026-09-15
448,48,5,Highly recommended for beginners.,2026-09-02
449,49,5,Instructor explained concepts well.,2026-12-19
450,50,3,Good practical examples.,2026-06-11
451,51,5,Very informative and easy to follow.,2026-03-27
452,52,3,Course content was useful.,2026-08-22
453,53,3,Excellent course with clear explanations.,2026-12-08
454,54,4,Could include more real-world projects.,2026-06-21
455,55,3,Good practical examples.,2026-05-16
456,56,3,Good practical examples.,2026-12-14
457,57,3,Highly recommended for beginners.,2026-06-30
458,58,4,Highly recommended for beginners.,2026-01-01
459,59,4,Loved the hands-on exercises.,2026-08-30
460,60,3,Excellent course with clear explanations.,2026-01-09
461,61,5,Instructor explained concepts well.,2026-04-27
462,62,5,Great learning experience.,2026-03-27
463,63,3,Very informative and easy to follow.,2026-02-21
464,64,4,Course content was useful.,2026-08-20
465,65,4,Course content was useful.,2026-10-07
466,66,4,Well structured and engaging.,2026-05-10
467,67,4,Well structured and engaging.,2026-01-07
468,68,4,Instructor explained concepts well.,2026-12-30
469,69,4,Great learning experience.,2026-12-06
470,70,5,Well structured and engaging.,2026-02-27
471,71,4,Great learning experience.,2026-11-24
472,72,3,Good practical examples.,2026-07-30
473,73,3,Good practical examples.,2026-07-02
474,74,4,Excellent course with clear explanations.,2026-05-06
475,75,5,Could include more real-world projects.,2026-07-04
476,76,3,Very informative and easy to follow.,2026-04-10
477,77,4,Very informative and easy to follow.,2026-05-21
478,78,5,Great learning experience.,2026-08-19
479,79,5,Good practical examples.,2026-05-16
480,80,5,Course content was useful.,2026-06-19
481,81,4,Highly recommended for beginners.,2026-08-02
482,82,4,Instructor explained concepts well.,2026-04-08
483,83,3,Highly recommended for beginners.,2026-09-24
484,84,5,Course content was useful.,2026-11-10
485,85,3,Could include more real-world projects.,2026-08-21
486,86,5,Course content was useful.,2026-05-28
487,87,3,Excellent course with clear explanations.,2026-09-13
488,88,5,Good practical examples.,2026-08-27
489,89,5,Good practical examples.,2026-09-25
490,90,4,Highly recommended for beginners.,2026-10-13
491,91,5,Good practical examples.,2026-06-05
492,92,4,Instructor explained concepts well.,2026-02-03
493,93,4,Excellent course with clear explanations.,2026-08-21
494,94,3,Loved the hands-on exercises.,2026-05-25
495,95,5,Very informative and easy to follow.,2026-01-28
496,96,4,Instructor explained concepts well.,2026-01-03
497,97,4,Course content was useful.,2026-12-05
498,98,3,Excellent course with clear explanations.,2026-05-09
499,99,3,Course content was useful.,2026-05-26
500,100,5,Great learning experience.,2026-03-21
501,1,3,Instructor explained concepts well.,2026-03-15
502,2,5,Loved the hands-on exercises.,2026-08-10
503,3,5,Very informative and easy to follow.,2026-05-29
504,4,3,Excellent course with clear explanations.,2026-08-31
505,5,4,Loved the hands-on exercises.,2026-12-14
506,6,5,Could include more real-world projects.,2026-08-05
507,7,4,Very informative and easy to follow.,2026-05-14
508,8,4,Highly recommended for beginners.,2026-06-09
509,9,3,Highly recommended for beginners.,2026-08-12
510,10,5,Course content was useful.,2026-10-24
511,11,3,Loved the hands-on exercises.,2026-05-09
512,12,3,Could include more real-world projects.,2026-10-11
513,13,3,Instructor explained concepts well.,2026-06-06
514,14,3,Instructor explained concepts well.,2026-10-18
515,15,5,Well structured and engaging.,2026-10-07
516,16,3,Could include more real-world projects.,2026-08-12
517,17,3,Good practical examples.,2026-09-27
518,18,4,Course content was useful.,2026-09-15
519,19,5,Course content was useful.,2026-08-28
520,20,4,Could include more real-world projects.,2026-08-27
521,21,4,Could include more real-world projects.,2026-08-25
522,22,3,Great learning experience.,2026-01-14
523,23,4,Very informative and easy to follow.,2026-03-13
524,24,5,Instructor explained concepts well.,2026-05-05
525,25,5,Great learning experience.,2026-07-11
526,26,3,Highly recommended for beginners.,2026-10-06
527,27,5,Instructor explained concepts well.,2026-01-28
528,28,4,Good practical examples.,2026-07-26
529,29,5,Excellent course with clear explanations.,2026-08-25
530,30,5,Well structured and engaging.,2026-01-28
531,31,3,Excellent course with clear explanations.,2026-05-19
532,32,5,Very informative and easy to follow.,2026-06-20
533,33,5,Very informative and easy to follow.,2026-05-29
534,34,5,Well structured and engaging.,2026-12-20
535,35,4,Excellent course with clear explanations.,2026-03-04
536,36,5,Highly recommended for beginners.,2026-12-12
537,37,5,Excellent course with clear explanations.,2026-12-26
538,38,3,Great learning experience.,2026-03-15
539,39,5,Well structured and engaging.,2026-03-11
540,40,3,Good practical examples.,2026-06-04
541,41,5,Instructor explained concepts well.,2026-01-04
542,42,4,Highly recommended for beginners.,2026-12-19
543,43,3,Very informative and easy to follow.,2026-02-04
544,44,3,Good practical examples.,2026-11-06
545,45,3,Great learning experience.,2026-02-19
546,46,3,Loved the hands-on exercises.,2026-02-23
547,47,4,Excellent course with clear explanations.,2026-09-16
548,48,4,Could include more real-world projects.,2026-01-29
549,49,3,Instructor explained concepts well.,2026-07-27
550,50,4,Good practical examples.,2026-05-01
551,51,5,Instructor explained concepts well.,2026-11-10
552,52,5,Well structured and engaging.,2026-12-03
553,53,5,Very informative and easy to follow.,2026-08-10
554,54,3,Excellent course with clear explanations.,2026-04-05
555,55,3,Loved the hands-on exercises.,2026-03-29
556,56,5,Great learning experience.,2026-04-13
557,57,4,Well structured and engaging.,2026-05-29
558,58,4,Very informative and easy to follow.,2026-10-29
559,59,4,Course content was useful.,2026-12-08
560,60,4,Could include more real-world projects.,2026-07-17
561,61,5,Very informative and easy to follow.,2026-08-26
562,62,4,Could include more real-world projects.,2026-03-17
563,63,3,Instructor explained concepts well.,2026-08-23
564,64,3,Highly recommended for beginners.,2026-07-19
565,65,3,Highly recommended for beginners.,2026-06-05
566,66,3,Highly recommended for beginners.,2026-08-16
567,67,3,Course content was useful.,2026-03-13
568,68,4,Well structured and engaging.,2026-05-22
569,69,3,Good practical examples.,2026-07-03
570,70,5,Great learning experience.,2026-04-18
571,71,4,Great learning experience.,2026-07-19
572,72,5,Very informative and easy to follow.,2026-03-31
573,73,5,Good practical examples.,2026-06-30
574,74,5,Highly recommended for beginners.,2026-06-23
575,75,4,Good practical examples.,2026-05-23
576,76,5,Instructor explained concepts well.,2026-07-21
577,77,3,Well structured and engaging.,2026-07-12
578,78,4,Highly recommended for beginners.,2026-12-04
579,79,3,Highly recommended for beginners.,2026-12-29
580,80,5,Great learning experience.,2026-05-13
581,81,3,Course content was useful.,2026-10-29
582,82,5,Course content was useful.,2026-10-27
583,83,5,Could include more real-world projects.,2026-02-04
584,84,3,Excellent course with clear explanations.,2026-03-23
585,85,3,Very informative and easy to follow.,2026-12-07
586,86,3,Well structured and engaging.,2026-12-14
587,87,4,Course content was useful.,2026-04-29
588,88,5,Loved the hands-on exercises.,2026-02-23
589,89,3,Could include more real-world projects.,2026-08-04
590,90,3,Excellent course with clear explanations.,2026-11-10
591,91,4,Very informative and easy to follow.,2026-01-20
592,92,5,Very informative and easy to follow.,2026-08-15
593,93,4,Highly recommended for beginners.,2026-11-20
594,94,3,Good practical examples.,2026-06-14
595,95,3,Well structured and engaging.,2026-07-13
596,96,3,Highly recommended for beginners.,2026-10-12
597,97,3,Loved the hands-on exercises.,2026-05-10
598,98,4,Well structured and engaging.,2026-12-14
599,99,4,Loved the hands-on exercises.,2026-04-14
600,100,5,Good practical examples.,2026-08-11
601,1,5,Loved the hands-on exercises.,2026-02-14
602,2,5,Excellent course with clear explanations.,2026-11-19
603,3,5,Very informative and easy to follow.,2026-04-15
604,4,3,Good practical examples.,2026-01-03
605,5,4,Could include more real-world projects.,2026-10-18
606,6,5,Very informative and easy to follow.,2026-06-24
607,7,3,Great learning experience.,2026-09-12
608,8,3,Loved the hands-on exercises.,2026-10-20
609,9,4,Great learning experience.,2026-06-30
610,10,4,Highly recommended for beginners.,2026-10-14
611,11,3,Very informative and easy to follow.,2026-08-13
612,12,4,Could include more real-world projects.,2026-02-06
613,13,5,Very informative and easy to follow.,2026-03-07
614,14,5,Instructor explained concepts well.,2026-02-21
615,15,3,Well structured and engaging.,2026-04-29
616,16,3,Highly recommended for beginners.,2026-10-04
617,17,4,Excellent course with clear explanations.,2026-04-25
618,18,4,Instructor explained concepts well.,2026-07-19
619,19,5,Course content was useful.,2026-02-04
620,20,3,Instructor explained concepts well.,2026-02-08
621,21,5,Highly recommended for beginners.,2026-05-04
622,22,5,Highly recommended for beginners.,2026-09-14
623,23,4,Could include more real-world projects.,2026-11-13
624,24,3,Great learning experience.,2026-12-24
625,25,3,Highly recommended for beginners.,2026-08-30
626,26,4,Excellent course with clear explanations.,2026-01-17
627,27,4,Could include more real-world projects.,2026-05-14
628,28,3,Course content was useful.,2026-01-31
629,29,3,Loved the hands-on exercises.,2026-10-08
630,30,5,Course content was useful.,2026-12-06
631,31,3,Loved the hands-on exercises.,2026-09-10
632,32,3,Highly recommended for beginners.,2026-11-09
633,33,5,Excellent course with clear explanations.,2026-06-27
634,34,3,Could include more real-world projects.,2026-11-03
635,35,5,Highly recommended for beginners.,2026-02-11
636,36,5,Well structured and engaging.,2026-03-08
637,37,4,Excellent course with clear explanations.,2026-02-23
638,38,3,Well structured and engaging.,2026-09-17
639,39,3,Course content was useful.,2026-08-09
640,40,4,Instructor explained concepts well.,2026-04-27
641,41,3,Excellent course with clear explanations.,2026-01-14
642,42,3,Great learning experience.,2026-11-08
643,43,4,Excellent course with clear explanations.,2026-10-10
644,44,4,Excellent course with clear explanations.,2026-07-18
645,45,4,Good practical examples.,2026-08-09
646,46,5,Could include more real-world projects.,2026-10-09
647,47,3,Very informative and easy to follow.,2026-08-13
648,48,3,Highly recommended for beginners.,2026-07-08
649,49,4,Loved the hands-on exercises.,2026-06-25
650,50,4,Excellent course with clear explanations.,2026-05-02
651,51,3,Very informative and easy to follow.,2026-10-29
652,52,3,Loved the hands-on exercises.,2026-07-31
653,53,5,Great learning experience.,2026-10-18
654,54,3,Excellent course with clear explanations.,2026-05-08
655,55,3,Very informative and easy to follow.,2026-01-30
656,56,3,Well structured and engaging.,2026-04-03
657,57,4,Excellent course with clear explanations.,2026-06-10
658,58,4,Highly recommended for beginners.,2026-12-02
659,59,3,Instructor explained concepts well.,2026-03-08
660,60,5,Could include more real-world projects.,2026-09-03
661,61,5,Very informative and easy to follow.,2026-12-03
662,62,3,Very informative and easy to follow.,2026-05-09
663,63,5,Loved the hands-on exercises.,2026-09-11
664,64,5,Course content was useful.,2026-04-23
665,65,4,Instructor explained concepts well.,2026-07-07
666,66,5,Instructor explained concepts well.,2026-12-01
667,67,3,Great learning experience.,2026-05-17
668,68,4,Great learning experience.,2026-09-15
669,69,3,Excellent course with clear explanations.,2026-06-27
670,70,4,Highly recommended for beginners.,2026-09-06
671,71,4,Very informative and easy to follow.,2026-04-15
672,72,3,Great learning experience.,2026-04-29
673,73,4,Great learning experience.,2026-04-18
674,74,3,Course content was useful.,2026-03-14
675,75,3,Loved the hands-on exercises.,2026-12-24
676,76,4,Well structured and engaging.,2026-02-28
677,77,3,Well structured and engaging.,2026-01-18
678,78,4,Instructor explained concepts well.,2026-10-29
679,79,4,Instructor explained concepts well.,2026-02-13
680,80,3,Instructor explained concepts well.,2026-11-09
681,81,4,Well structured and engaging.,2026-01-10
682,82,4,Could include more real-world projects.,2026-08-16
683,83,3,Loved the hands-on exercises.,2026-04-16
684,84,4,Good practical examples.,2026-12-04
685,85,4,Great learning experience.,2026-01-27
686,86,5,Instructor explained concepts well.,2026-01-17
687,87,5,Course content was useful.,2026-01-14
688,88,5,Course content was useful.,2026-05-15
689,89,5,Loved the hands-on exercises.,2026-01-15
690,90,4,Highly recommended for beginners.,2026-08-11
691,91,4,Excellent course with clear explanations.,2026-02-25
692,92,5,Could include more real-world projects.,2026-12-14
693,93,4,Great learning experience.,2026-08-26
694,94,4,Highly recommended for beginners.,2026-10-18
695,95,5,Instructor explained concepts well.,2026-03-25
696,96,4,Well structured and engaging.,2026-05-02
697,97,3,Excellent course with clear explanations.,2026-05-24
698,98,5,Instructor explained concepts well.,2026-02-13
699,99,3,Great learning experience.,2026-06-01
700,100,4,Highly recommended for beginners.,2026-07-22
701,1,3,Highly recommended for beginners.,2026-05-21
702,2,4,Instructor explained concepts well.,2026-12-04
703,3,4,Highly recommended for beginners.,2026-01-07
704,4,3,Instructor explained concepts well.,2026-10-19
705,5,5,Course content was useful.,2026-05-16
706,6,3,Well structured and engaging.,2026-08-25
707,7,3,Well structured and engaging.,2026-01-05
708,8,4,Excellent course with clear explanations.,2026-07-03
709,9,4,Great learning experience.,2026-04-22
710,10,4,Excellent course with clear explanations.,2026-10-24
711,11,3,Instructor explained concepts well.,2026-11-09
712,12,5,Course content was useful.,2026-02-02
713,13,4,Good practical examples.,2026-05-13
714,14,4,Instructor explained concepts well.,2026-09-11
715,15,3,Loved the hands-on exercises.,2026-11-19
716,16,3,Good practical examples.,2026-11-13
717,17,5,Excellent course with clear explanations.,2026-04-30
718,18,3,Excellent course with clear explanations.,2026-04-05
719,19,5,Great learning experience.,2026-08-14
720,20,5,Course content was useful.,2026-01-22
721,21,5,Loved the hands-on exercises.,2026-02-01
722,22,5,Instructor explained concepts well.,2026-05-12
723,23,3,Course content was useful.,2026-10-04
724,24,5,Excellent course with clear explanations.,2026-11-04
725,25,3,Course content was useful.,2026-02-25
726,26,3,Great learning experience.,2026-08-16
727,27,3,Great learning experience.,2026-02-09
728,28,3,Loved the hands-on exercises.,2026-06-16
729,29,5,Course content was useful.,2026-12-15
730,30,4,Very informative and easy to follow.,2026-11-25
731,31,4,Instructor explained concepts well.,2026-03-15
732,32,3,Course content was useful.,2026-11-07
733,33,4,Course content was useful.,2026-07-28
734,34,5,Course content was useful.,2026-08-29
735,35,4,Highly recommended for beginners.,2026-01-16
736,36,3,Course content was useful.,2026-01-23
737,37,4,Good practical examples.,2026-10-30
738,38,3,Very informative and easy to follow.,2026-11-08
739,39,3,Course content was useful.,2026-09-19
740,40,5,Great learning experience.,2026-10-25
741,41,5,Course content was useful.,2026-04-21
742,42,4,Highly recommended for beginners.,2026-01-17
743,43,5,Good practical examples.,2026-07-15
744,44,5,Very informative and easy to follow.,2026-02-09
745,45,3,Highly recommended for beginners.,2026-09-15
746,46,5,Great learning experience.,2026-08-03
747,47,5,Very informative and easy to follow.,2026-09-28
748,48,3,Highly recommended for beginners.,2026-08-30
749,49,5,Great learning experience.,2026-09-24
750,50,4,Course content was useful.,2026-05-18
751,51,3,Highly recommended for beginners.,2026-05-31
752,52,3,Course content was useful.,2026-05-05
753,53,4,Loved the hands-on exercises.,2026-08-22
754,54,4,Very informative and easy to follow.,2026-12-21
755,55,3,Well structured and engaging.,2026-07-29
756,56,4,Very informative and easy to follow.,2026-06-30
757,57,5,Great learning experience.,2026-02-09
758,58,4,Well structured and engaging.,2026-11-06
759,59,3,Well structured and engaging.,2026-08-03
760,60,3,Highly recommended for beginners.,2026-03-06
761,61,5,Loved the hands-on exercises.,2026-07-28
762,62,5,Highly recommended for beginners.,2026-12-07
763,63,3,Highly recommended for beginners.,2026-05-14
764,64,4,Course content was useful.,2026-06-10
765,65,3,Very informative and easy to follow.,2026-07-29
766,66,4,Great learning experience.,2026-03-17
767,67,5,Well structured and engaging.,2026-11-20
768,68,3,Good practical examples.,2026-08-21
769,69,3,Good practical examples.,2026-03-03
770,70,4,Instructor explained concepts well.,2026-10-11
771,71,5,Well structured and engaging.,2026-02-21
772,72,3,Excellent course with clear explanations.,2026-08-09
773,73,3,Good practical examples.,2026-02-07
774,74,3,Great learning experience.,2026-09-29
775,75,4,Could include more real-world projects.,2026-07-01
776,76,3,Could include more real-world projects.,2026-12-23
777,77,5,Loved the hands-on exercises.,2026-12-31
778,78,4,Very informative and easy to follow.,2026-06-22
779,79,4,Highly recommended for beginners.,2026-11-08
780,80,5,Very informative and easy to follow.,2026-01-24
781,81,3,Course content was useful.,2026-08-18
782,82,4,Well structured and engaging.,2026-08-12
783,83,4,Well structured and engaging.,2026-12-25
784,84,3,Good practical examples.,2026-10-29
785,85,5,Very informative and easy to follow.,2026-03-19
786,86,3,Highly recommended for beginners.,2026-10-31
787,87,4,Well structured and engaging.,2026-07-14
788,88,4,Well structured and engaging.,2026-04-01
789,89,5,Highly recommended for beginners.,2026-05-24
790,90,3,Loved the hands-on exercises.,2026-06-02
791,91,4,Course content was useful.,2026-01-25
792,92,5,Great learning experience.,2026-09-26
793,93,5,Great learning experience.,2026-08-07
794,94,4,Course content was useful.,2026-07-16
795,95,4,Good practical examples.,2026-03-15
796,96,3,Loved the hands-on exercises.,2026-08-09
797,97,5,Instructor explained concepts well.,2026-10-22
798,98,5,Course content was useful.,2026-02-20
799,99,4,Instructor explained concepts well.,2026-03-26
800,100,3,Instructor explained concepts well.,2026-05-21
801,1,4,Well structured and engaging.,2026-04-25
802,2,3,Instructor explained concepts well.,2026-05-13
803,3,5,Very informative and easy to follow.,2026-04-29
804,4,5,Instructor explained concepts well.,2026-03-14
805,5,3,Loved the hands-on exercises.,2026-10-10
806,6,5,Good practical examples.,2026-01-15
807,7,5,Excellent course with clear explanations.,2026-10-04
808,8,5,Loved the hands-on exercises.,2026-01-04
809,9,4,Excellent course with clear explanations.,2026-07-09
810,10,3,Instructor explained concepts well.,2026-10-20
811,11,4,Well structured and engaging.,2026-09-24
812,12,3,Well structured and engaging.,2026-06-01
813,13,3,Very informative and easy to follow.,2026-08-16
814,14,4,Well structured and engaging.,2026-05-15
815,15,3,Good practical examples.,2026-05-23
816,16,5,Very informative and easy to follow.,2026-07-01
817,17,3,Loved the hands-on exercises.,2026-02-08
818,18,4,Good practical examples.,2026-09-17
819,19,4,Instructor explained concepts well.,2026-08-21
820,20,5,Great learning experience.,2026-12-11
821,21,3,Course content was useful.,2026-01-20
822,22,4,Very informative and easy to follow.,2026-12-28
823,23,5,Course content was useful.,2026-04-08
824,24,5,Excellent course with clear explanations.,2026-11-21
825,25,5,Excellent course with clear explanations.,2026-05-06
826,26,3,Highly recommended for beginners.,2026-07-12
827,27,3,Loved the hands-on exercises.,2026-05-16
828,28,4,Good practical examples.,2026-09-06
829,29,3,Well structured and engaging.,2026-05-25
830,30,3,Loved the hands-on exercises.,2026-11-22
831,31,3,Great learning experience.,2026-04-20
832,32,3,Could include more real-world projects.,2026-02-04
833,33,4,Great learning experience.,2026-11-09
834,34,3,Good practical examples.,2026-01-20
835,35,4,Instructor explained concepts well.,2026-11-11
836,36,4,Highly recommended for beginners.,2026-05-01
837,37,5,Course content was useful.,2026-09-05
838,38,5,Good practical examples.,2026-06-03
839,39,3,Instructor explained concepts well.,2026-12-09
840,40,4,Well structured and engaging.,2026-11-19
841,41,4,Highly recommended for beginners.,2026-07-02
842,42,5,Well structured and engaging.,2026-06-01
843,43,3,Loved the hands-on exercises.,2026-02-27
844,44,4,Could include more real-world projects.,2026-08-17
845,45,4,Loved the hands-on exercises.,2026-12-06
846,46,4,Very informative and easy to follow.,2026-04-01
847,47,4,Course content was useful.,2026-12-05
848,48,3,Course content was useful.,2026-12-23
849,49,4,Good practical examples.,2026-09-05
850,50,4,Highly recommended for beginners.,2026-07-30
851,51,5,Loved the hands-on exercises.,2026-01-15
852,52,4,Instructor explained concepts well.,2026-09-17
853,53,3,Could include more real-world projects.,2026-02-01
854,54,5,Course content was useful.,2026-05-14
855,55,5,Course content was useful.,2026-07-30
856,56,4,Well structured and engaging.,2026-08-06
857,57,4,Instructor explained concepts well.,2026-01-28
858,58,4,Well structured and engaging.,2026-04-23
859,59,4,Excellent course with clear explanations.,2026-06-07
860,60,4,Could include more real-world projects.,2026-04-24
861,61,5,Good practical examples.,2026-10-02
862,62,3,Very informative and easy to follow.,2026-11-11
863,63,5,Course content was useful.,2026-03-08
864,64,5,Great learning experience.,2026-01-11
865,65,5,Excellent course with clear explanations.,2026-07-14
866,66,3,Course content was useful.,2026-06-30
867,67,5,Very informative and easy to follow.,2026-12-02
868,68,3,Great learning experience.,2026-04-18
869,69,4,Great learning experience.,2026-04-12
870,70,3,Great learning experience.,2026-07-22
871,71,5,Loved the hands-on exercises.,2026-05-29
872,72,3,Course content was useful.,2026-06-19
873,73,4,Loved the hands-on exercises.,2026-10-11
874,74,5,Loved the hands-on exercises.,2026-01-07
875,75,3,Excellent course with clear explanations.,2026-09-27
876,76,3,Great learning experience.,2026-07-23
877,77,4,Excellent course with clear explanations.,2026-03-22
878,78,4,Instructor explained concepts well.,2026-01-13
879,79,3,Loved the hands-on exercises.,2026-01-18
880,80,4,Very informative and easy to follow.,2026-07-13
881,81,5,Could include more real-world projects.,2026-03-09
882,82,5,Instructor explained concepts well.,2026-02-13
883,83,3,Very informative and easy to follow.,2026-09-16
884,84,5,Could include more real-world projects.,2026-01-11
885,85,3,Great learning experience.,2026-11-06
886,86,3,Very informative and easy to follow.,2026-10-29
887,87,4,Loved the hands-on exercises.,2026-11-07
888,88,4,Course content was useful.,2026-08-06
889,89,5,Excellent course with clear explanations.,2026-06-04
890,90,4,Well structured and engaging.,2026-04-14
891,91,3,Instructor explained concepts well.,2026-12-02
892,92,5,Well structured and engaging.,2026-07-12
893,93,4,Could include more real-world projects.,2026-02-17
894,94,3,Could include more real-world projects.,2026-10-15
895,95,4,Well structured and engaging.,2026-05-26
896,96,5,Great learning experience.,2026-09-17
897,97,3,Could include more real-world projects.,2026-01-09
898,98,4,Could include more real-world projects.,2026-07-10
899,99,5,Very informative and easy to follow.,2026-08-20
900,100,3,Highly recommended for beginners.,2026-01-13
901,1,4,Loved the hands-on exercises.,2026-08-17
902,2,4,Well structured and engaging.,2026-10-16
903,3,3,Instructor explained concepts well.,2026-06-20
904,4,3,Very informative and easy to follow.,2026-02-18
905,5,5,Good practical examples.,2026-04-17
906,6,4,Highly recommended for beginners.,2026-05-08
907,7,3,Good practical examples.,2026-07-26
908,8,5,Well structured and engaging.,2026-09-25
909,9,5,Highly recommended for beginners.,2026-04-30
910,10,3,Well structured and engaging.,2026-05-10
911,11,4,Instructor explained concepts well.,2026-06-22
912,12,3,Excellent course with clear explanations.,2026-06-14
913,13,5,Highly recommended for beginners.,2026-11-03
914,14,4,Excellent course with clear explanations.,2026-05-18
915,15,5,Loved the hands-on exercises.,2026-10-15
916,16,4,Great learning experience.,2026-09-13
917,17,4,Loved the hands-on exercises.,2026-06-14
918,18,4,Well structured and engaging.,2026-09-21
919,19,5,Very informative and easy to follow.,2026-02-23
920,20,4,Very informative and easy to follow.,2026-07-12
921,21,3,Excellent course with clear explanations.,2026-03-24
922,22,5,Very informative and easy to follow.,2026-03-27
923,23,3,Well structured and engaging.,2026-02-28
924,24,3,Could include more real-world projects.,2026-09-11
925,25,3,Great learning experience.,2026-09-07
926,26,3,Great learning experience.,2026-08-03
927,27,4,Excellent course with clear explanations.,2026-06-01
928,28,3,Could include more real-world projects.,2026-05-31
929,29,5,Instructor explained concepts well.,2026-09-25
930,30,4,Highly recommended for beginners.,2026-07-10
931,31,5,Good practical examples.,2026-03-14
932,32,4,Great learning experience.,2026-12-17
933,33,3,Highly recommended for beginners.,2027-01-01
934,34,4,Great learning experience.,2026-11-06
935,35,4,Well structured and engaging.,2026-08-25
936,36,3,Course content was useful.,2026-03-11
937,37,3,Great learning experience.,2026-08-31
938,38,3,Course content was useful.,2026-08-02
939,39,3,Good practical examples.,2026-08-29
940,40,3,Excellent course with clear explanations.,2026-06-09
941,41,5,Loved the hands-on exercises.,2026-04-13
942,42,5,Very informative and easy to follow.,2026-10-03
943,43,4,Course content was useful.,2026-02-18
944,44,3,Highly recommended for beginners.,2026-08-28
945,45,5,Good practical examples.,2026-02-04
946,46,4,Great learning experience.,2026-04-26
947,47,4,Excellent course with clear explanations.,2026-04-09
948,48,4,Instructor explained concepts well.,2026-08-07
949,49,5,Instructor explained concepts well.,2026-07-08
950,50,5,Could include more real-world projects.,2026-05-11
951,51,5,Great learning experience.,2026-11-25
952,52,5,Loved the hands-on exercises.,2026-02-09
953,53,5,Good practical examples.,2026-02-22
954,54,5,Loved the hands-on exercises.,2026-05-24
955,55,3,Instructor explained concepts well.,2026-10-16
956,56,3,Good practical examples.,2026-09-25
957,57,5,Could include more real-world projects.,2026-06-19
958,58,5,Highly recommended for beginners.,2026-11-06
959,59,4,Highly recommended for beginners.,2026-12-09
960,60,4,Loved the hands-on exercises.,2026-03-28
961,61,3,Loved the hands-on exercises.,2026-04-21
962,62,3,Highly recommended for beginners.,2026-03-17
963,63,3,Good practical examples.,2026-09-01
964,64,3,Course content was useful.,2026-02-09
965,65,3,Good practical examples.,2026-09-19
966,66,4,Could include more real-world projects.,2026-12-07
967,67,4,Course content was useful.,2026-06-04
968,68,5,Very informative and easy to follow.,2026-05-04
969,69,5,Could include more real-world projects.,2026-07-13
970,70,4,Well structured and engaging.,2026-07-01
971,71,4,Great learning experience.,2026-06-12
972,72,5,Very informative and easy to follow.,2026-11-06
973,73,3,Good practical examples.,2026-11-21
974,74,4,Good practical examples.,2026-08-12
975,75,5,Well structured and engaging.,2026-09-08
976,76,5,Instructor explained concepts well.,2026-12-17
977,77,3,Great learning experience.,2026-08-11
978,78,5,Course content was useful.,2026-04-02
979,79,3,Course content was useful.,2026-08-27
980,80,5,Course content was useful.,2026-08-06
981,81,3,Highly recommended for beginners.,2026-10-14
982,82,3,Could include more real-world projects.,2026-07-11
983,83,3,Excellent course with clear explanations.,2026-04-11
984,84,4,Course content was useful.,2026-09-27
985,85,3,Excellent course with clear explanations.,2026-10-28
986,86,4,Course content was useful.,2026-02-18
987,87,4,Instructor explained concepts well.,2026-09-15
988,88,3,Highly recommended for beginners.,2026-05-20
989,89,3,Instructor explained concepts well.,2026-11-25
990,90,4,Could include more real-world projects.,2026-01-23
991,91,5,Instructor explained concepts well.,2026-05-21
992,92,5,Excellent course with clear explanations.,2026-10-20
993,93,3,Well structured and engaging.,2026-11-08
994,94,5,Well structured and engaging.,2026-09-09
995,95,3,Well structured and engaging.,2026-11-28
996,96,5,Very informative and easy to follow.,2026-01-20
997,97,4,Excellent course with clear explanations.,2026-11-10
998,98,5,Good practical examples.,2026-12-28
999,99,5,Good practical examples.,2026-03-09
1000,100,3,Could include more real-world projects.,2026-03-03
