user_id,course_id,completed_topics,total_topics,progress_percentage,last_accessed
1,1,20,20,100,29-01-2026 10:00
1,2,0,20,0,12-03-2026 10:00
1,3,7,20,35,27-02-2026 10:00
1,4,4,20,20,27-01-2026 10:00
1,5,17,20,85,23-01-2026 10:00
2,6,18,20,90,19-04-2026 10:00
2,7,1,20,5,08-01-2026 10:00
2,8,2,20,10,25-02-2026 10:00
2,9,7,20,35,10-05-2026 10:00
2,10,19,20,95,07-01-2026 10:00
3,11,17,20,85,20-02-2026 10:00
3,12,20,20,100,29-06-2026 10:00
3,13,17,20,85,18-04-2026 10:00
3,14,7,20,35,25-04-2026 10:00
3,15,18,20,90,13-03-2026 10:00
4,16,0,20,0,10-02-2026 10:00
4,17,13,20,65,29-03-2026 10:00
4,18,8,20,40,09-02-2026 10:00
4,19,6,20,30,28-03-2026 10:00
4,20,3,20,15,24-01-2026 10:00
5,21,12,20,60,25-01-2026 10:00
5,22,11,20,55,30-03-2026 10:00
5,23,19,20,95,09-03-2026 10:00
5,24,1,20,5,28-04-2026 10:00
5,25,17,20,85,01-02-2026 10:00
6,26,12,20,60,21-01-2026 10:00
6,27,17,20,85,17-03-2026 10:00
6,28,20,20,100,08-06-2026 10:00
6,29,11,20,55,28-05-2026 10:00
6,30,6,20,30,30-06-2026 10:00
7,31,2,20,10,12-01-2026 10:00
7,32,7,20,35,16-03-2026 10:00
7,33,2,20,10,01-03-2026 10:00
7,34,3,20,15,08-04-2026 10:00
7,35,8,20,40,27-04-2026 10:00
8,36,20,20,100,04-04-2026 10:00
8,37,5,20,25,05-04-2026 10:00
8,38,11,20,55,23-02-2026 10:00
8,39,8,20,40,29-06-2026 10:00
8,40,20,20,100,19-01-2026 10:00
9,41,19,20,95,12-06-2026 10:00
9,42,5,20,25,17-05-2026 10:00
9,43,7,20,35,11-02-2026 10:00
9,44,14,20,70,08-04-2026 10:00
9,45,8,20,40,13-06-2026 10:00
10,46,17,20,85,26-02-2026 10:00
10,47,10,20,50,15-01-2026 10:00
10,48,7,20,35,09-01-2026 10:00
10,49,10,20,50,13-04-2026 10:00
10,50,8,20,40,17-01-2026 10:00
11,51,6,20,30,26-05-2026 10:00
11,52,10,20,50,24-02-2026 10:00
11,53,20,20,100,08-05-2026 10:00
11,54,12,20,60,14-06-2026 10:00
11,55,14,20,70,06-02-2026 10:00
12,56,8,20,40,05-02-2026 10:00
12,57,7,20,35,24-05-2026 10:00
12,58,17,20,85,09-03-2026 10:00
12,59,18,20,90,20-04-2026 10:00
12,60,18,20,90,13-04-2026 10:00
13,61,11,20,55,26-02-2026 10:00
13,62,4,20,20,11-05-2026 10:00
13,63,15,20,75,24-01-2026 10:00
13,64,1,20,5,29-01-2026 10:00
13,65,4,20,20,10-06-2026 10:00
14,66,5,20,25,24-06-2026 10:00
14,67,13,20,65,02-06-2026 10:00
14,68,2,20,10,09-04-2026 10:00
14,69,12,20,60,02-06-2026 10:00
14,70,14,20,70,16-05-2026 10:00
15,71,8,20,40,22-05-2026 10:00
15,72,0,20,0,24-06-2026 10:00
15,73,3,20,15,24-06-2026 10:00
15,74,17,20,85,10-03-2026 10:00
15,75,20,20,100,29-03-2026 10:00
16,76,3,20,15,17-03-2026 10:00
16,77,13,20,65,10-02-2026 10:00
16,78,14,20,70,01-01-2026 10:00
16,79,8,20,40,09-05-2026 10:00
16,80,5,20,25,10-05-2026 10:00
17,81,3,20,15,10-06-2026 10:00
17,82,9,20,45,13-06-2026 10:00
17,83,16,20,80,05-06-2026 10:00
17,84,6,20,30,09-02-2026 10:00
17,85,11,20,55,11-02-2026 10:00
18,86,17,20,85,16-05-2026 10:00
18,87,0,20,0,03-06-2026 10:00
18,88,10,20,50,06-05-2026 10:00
18,89,0,20,0,29-01-2026 10:00
18,90,11,20,55,20-03-2026 10:00
19,91,7,20,35,15-01-2026 10:00
19,92,7,20,35,26-05-2026 10:00
19,93,2,20,10,22-01-2026 10:00
19,94,15,20,75,18-01-2026 10:00
19,95,17,20,85,02-02-2026 10:00
20,96,4,20,20,18-06-2026 10:00
20,97,15,20,75,21-05-2026 10:00
20,98,5,20,25,09-03-2026 10:00
20,99,16,20,80,05-06-2026 10:00
20,100,13,20,65,24-02-2026 10:00
21,1,17,20,85,26-06-2026 10:00
21,2,6,20,30,21-03-2026 10:00
21,3,12,20,60,21-06-2026 10:00
21,4,20,20,100,06-04-2026 10:00
21,5,14,20,70,13-05-2026 10:00
22,6,14,20,70,31-01-2026 10:00
22,7,7,20,35,27-02-2026 10:00
22,8,2,20,10,28-03-2026 10:00
22,9,0,20,0,31-05-2026 10:00
22,10,17,20,85,28-02-2026 10:00
23,11,18,20,90,26-02-2026 10:00
23,12,0,20,0,19-01-2026 10:00
23,13,20,20,100,16-01-2026 10:00
23,14,7,20,35,18-01-2026 10:00
23,15,1,20,5,26-03-2026 10:00
24,16,2,20,10,12-05-2026 10:00
24,17,7,20,35,13-03-2026 10:00
24,18,15,20,75,24-02-2026 10:00
24,19,17,20,85,03-02-2026 10:00
24,20,18,20,90,28-05-2026 10:00
25,21,15,20,75,04-03-2026 10:00
25,22,15,20,75,15-04-2026 10:00
25,23,6,20,30,25-01-2026 10:00
25,24,3,20,15,18-06-2026 10:00
25,25,13,20,65,01-04-2026 10:00
26,26,13,20,65,16-04-2026 10:00
26,27,14,20,70,14-01-2026 10:00
26,28,20,20,100,15-06-2026 10:00
26,29,3,20,15,16-01-2026 10:00
26,30,12,20,60,28-03-2026 10:00
27,31,3,20,15,05-03-2026 10:00
27,32,6,20,30,18-02-2026 10:00
27,33,17,20,85,25-04-2026 10:00
27,34,4,20,20,19-04-2026 10:00
27,35,5,20,25,13-03-2026 10:00
28,36,14,20,70,05-03-2026 10:00
28,37,2,20,10,24-04-2026 10:00
28,38,17,20,85,26-01-2026 10:00
28,39,1,20,5,16-06-2026 10:00
28,40,17,20,85,04-01-2026 10:00
29,41,2,20,10,02-03-2026 10:00
29,42,5,20,25,15-04-2026 10:00
29,43,15,20,75,04-05-2026 10:00
29,44,6,20,30,13-04-2026 10:00
29,45,1,20,5,12-02-2026 10:00
30,46,12,20,60,01-01-2026 10:00
30,47,12,20,60,09-03-2026 10:00
30,48,14,20,70,15-03-2026 10:00
30,49,13,20,65,28-06-2026 10:00
30,50,17,20,85,19-06-2026 10:00
31,51,15,20,75,09-02-2026 10:00
31,52,6,20,30,17-03-2026 10:00
31,53,6,20,30,15-01-2026 10:00
31,54,18,20,90,19-05-2026 10:00
31,55,1,20,5,22-03-2026 10:00
32,56,1,20,5,13-01-2026 10:00
32,57,18,20,90,03-05-2026 10:00
32,58,16,20,80,16-05-2026 10:00
32,59,5,20,25,15-01-2026 10:00
32,60,16,20,80,21-01-2026 10:00
33,61,5,20,25,18-01-2026 10:00
33,62,19,20,95,18-01-2026 10:00
33,63,7,20,35,14-04-2026 10:00
33,64,3,20,15,26-05-2026 10:00
33,65,7,20,35,29-05-2026 10:00
34,66,19,20,95,11-01-2026 10:00
34,67,19,20,95,21-01-2026 10:00
34,68,13,20,65,18-06-2026 10:00
34,69,18,20,90,25-05-2026 10:00
34,70,16,20,80,22-03-2026 10:00
35,71,8,20,40,22-02-2026 10:00
35,72,10,20,50,03-03-2026 10:00
35,73,8,20,40,12-04-2026 10:00
35,74,4,20,20,21-06-2026 10:00
35,75,20,20,100,18-03-2026 10:00
36,76,14,20,70,22-03-2026 10:00
36,77,2,20,10,03-01-2026 10:00
36,78,14,20,70,09-06-2026 10:00
36,79,18,20,90,26-01-2026 10:00
36,80,2,20,10,18-05-2026 10:00
37,81,6,20,30,10-05-2026 10:00
37,82,8,20,40,03-02-2026 10:00
37,83,11,20,55,18-01-2026 10:00
37,84,7,20,35,05-04-2026 10:00
37,85,9,20,45,10-02-2026 10:00
38,86,14,20,70,20-05-2026 10:00
38,87,9,20,45,06-06-2026 10:00
38,88,20,20,100,16-05-2026 10:00
38,89,0,20,0,20-06-2026 10:00
38,90,17,20,85,18-03-2026 10:00
39,91,3,20,15,04-02-2026 10:00
39,92,8,20,40,30-01-2026 10:00
39,93,3,20,15,22-05-2026 10:00
39,94,4,20,20,11-03-2026 10:00
39,95,9,20,45,04-06-2026 10:00
40,96,6,20,30,29-03-2026 10:00
40,97,6,20,30,25-06-2026 10:00
40,98,20,20,100,09-03-2026 10:00
40,99,16,20,80,06-05-2026 10:00
40,100,8,20,40,14-01-2026 10:00
41,1,2,20,10,12-06-2026 10:00
41,2,13,20,65,12-03-2026 10:00
41,3,1,20,5,01-01-2026 10:00
41,4,10,20,50,03-02-2026 10:00
41,5,20,20,100,09-03-2026 10:00
42,6,5,20,25,24-04-2026 10:00
42,7,17,20,85,30-06-2026 10:00
42,8,13,20,65,24-05-2026 10:00
42,9,0,20,0,29-01-2026 10:00
42,10,2,20,10,26-06-2026 10:00
43,11,4,20,20,20-05-2026 10:00
43,12,1,20,5,05-04-2026 10:00
43,13,18,20,90,22-05-2026 10:00
43,14,4,20,20,21-04-2026 10:00
43,15,4,20,20,11-01-2026 10:00
44,16,9,20,45,04-04-2026 10:00
44,17,1,20,5,02-04-2026 10:00
44,18,6,20,30,24-06-2026 10:00
44,19,7,20,35,20-06-2026 10:00
44,20,3,20,15,01-04-2026 10:00
45,21,17,20,85,15-04-2026 10:00
45,22,19,20,95,09-02-2026 10:00
45,23,7,20,35,11-02-2026 10:00
45,24,5,20,25,16-04-2026 10:00
45,25,0,20,0,15-02-2026 10:00
46,26,10,20,50,16-04-2026 10:00
46,27,7,20,35,10-03-2026 10:00
46,28,5,20,25,29-06-2026 10:00
46,29,3,20,15,08-04-2026 10:00
46,30,1,20,5,01-05-2026 10:00
47,31,7,20,35,21-02-2026 10:00
47,32,14,20,70,31-03-2026 10:00
47,33,9,20,45,28-02-2026 10:00
47,34,7,20,35,07-01-2026 10:00
47,35,6,20,30,13-04-2026 10:00
48,36,10,20,50,13-03-2026 10:00
48,37,2,20,10,13-03-2026 10:00
48,38,11,20,55,14-06-2026 10:00
48,39,16,20,80,13-04-2026 10:00
48,40,17,20,85,26-03-2026 10:00
49,41,0,20,0,30-01-2026 10:00
49,42,8,20,40,15-02-2026 10:00
49,43,18,20,90,09-03-2026 10:00
49,44,1,20,5,28-01-2026 10:00
49,45,19,20,95,22-04-2026 10:00
50,46,11,20,55,22-03-2026 10:00
50,47,13,20,65,05-06-2026 10:00
50,48,16,20,80,30-01-2026 10:00
50,49,12,20,60,28-05-2026 10:00
50,50,6,20,30,07-03-2026 10:00
51,51,1,20,5,22-04-2026 10:00
51,52,0,20,0,14-05-2026 10:00
51,53,17,20,85,25-06-2026 10:00
51,54,6,20,30,04-04-2026 10:00
51,55,13,20,65,18-01-2026 10:00
52,56,10,20,50,09-06-2026 10:00
52,57,10,20,50,19-06-2026 10:00
52,58,3,20,15,18-03-2026 10:00
52,59,16,20,80,21-03-2026 10:00
52,60,13,20,65,25-03-2026 10:00
53,61,12,20,60,28-06-2026 10:00
53,62,9,20,45,22-05-2026 10:00
53,63,4,20,20,19-02-2026 10:00
53,64,13,20,65,20-06-2026 10:00
53,65,12,20,60,23-06-2026 10:00
54,66,5,20,25,07-06-2026 10:00
54,67,18,20,90,19-03-2026 10:00
54,68,12,20,60,21-05-2026 10:00
54,69,0,20,0,19-03-2026 10:00
54,70,9,20,45,23-02-2026 10:00
55,71,13,20,65,29-05-2026 10:00
55,72,19,20,95,17-06-2026 10:00
55,73,10,20,50,30-04-2026 10:00
55,74,14,20,70,24-04-2026 10:00
55,75,6,20,30,11-05-2026 10:00
56,76,15,20,75,13-02-2026 10:00
56,77,2,20,10,14-03-2026 10:00
56,78,16,20,80,19-06-2026 10:00
56,79,20,20,100,08-06-2026 10:00
56,80,10,20,50,24-01-2026 10:00
57,81,7,20,35,22-06-2026 10:00
57,82,9,20,45,27-02-2026 10:00
57,83,6,20,30,07-02-2026 10:00
57,84,0,20,0,12-01-2026 10:00
57,85,7,20,35,02-05-2026 10:00
58,86,19,20,95,19-01-2026 10:00
58,87,14,20,70,17-04-2026 10:00
58,88,20,20,100,28-05-2026 10:00
58,89,6,20,30,28-06-2026 10:00
58,90,12,20,60,07-05-2026 10:00
59,91,12,20,60,04-03-2026 10:00
59,92,4,20,20,17-06-2026 10:00
59,93,0,20,0,28-01-2026 10:00
59,94,13,20,65,26-02-2026 10:00
59,95,5,20,25,28-06-2026 10:00
60,96,16,20,80,29-04-2026 10:00
60,97,1,20,5,23-05-2026 10:00
60,98,7,20,35,01-02-2026 10:00
60,99,14,20,70,04-02-2026 10:00
60,100,14,20,70,20-06-2026 10:00
61,1,16,20,80,24-05-2026 10:00
61,2,19,20,95,23-03-2026 10:00
61,3,14,20,70,06-06-2026 10:00
61,4,16,20,80,20-04-2026 10:00
61,5,17,20,85,25-04-2026 10:00
62,6,5,20,25,02-05-2026 10:00
62,7,14,20,70,08-03-2026 10:00
62,8,7,20,35,13-06-2026 10:00
62,9,8,20,40,14-05-2026 10:00
62,10,15,20,75,10-06-2026 10:00
63,11,7,20,35,12-03-2026 10:00
63,12,14,20,70,20-01-2026 10:00
63,13,9,20,45,02-03-2026 10:00
63,14,8,20,40,27-03-2026 10:00
63,15,10,20,50,19-05-2026 10:00
64,16,2,20,10,05-02-2026 10:00
64,17,4,20,20,01-03-2026 10:00
64,18,12,20,60,27-06-2026 10:00
64,19,4,20,20,30-06-2026 10:00
64,20,6,20,30,17-01-2026 10:00
65,21,13,20,65,15-04-2026 10:00
65,22,10,20,50,19-05-2026 10:00
65,23,14,20,70,17-04-2026 10:00
65,24,1,20,5,22-02-2026 10:00
65,25,13,20,65,10-04-2026 10:00
66,26,18,20,90,28-06-2026 10:00
66,27,0,20,0,28-05-2026 10:00
66,28,12,20,60,03-05-2026 10:00
66,29,0,20,0,01-04-2026 10:00
66,30,9,20,45,10-04-2026 10:00
67,31,13,20,65,18-05-2026 10:00
67,32,17,20,85,04-06-2026 10:00
67,33,7,20,35,05-05-2026 10:00
67,34,7,20,35,11-03-2026 10:00
67,35,13,20,65,05-05-2026 10:00
68,36,0,20,0,10-04-2026 10:00
68,37,10,20,50,21-06-2026 10:00
68,38,12,20,60,12-02-2026 10:00
68,39,14,20,70,02-02-2026 10:00
68,40,19,20,95,17-05-2026 10:00
69,41,0,20,0,11-04-2026 10:00
69,42,18,20,90,25-05-2026 10:00
69,43,0,20,0,22-01-2026 10:00
69,44,20,20,100,20-04-2026 10:00
69,45,4,20,20,29-04-2026 10:00
70,46,5,20,25,13-01-2026 10:00
70,47,8,20,40,08-04-2026 10:00
70,48,10,20,50,24-02-2026 10:00
70,49,14,20,70,25-03-2026 10:00
70,50,10,20,50,08-04-2026 10:00
71,51,8,20,40,18-04-2026 10:00
71,52,8,20,40,21-01-2026 10:00
71,53,15,20,75,05-01-2026 10:00
71,54,17,20,85,14-01-2026 10:00
71,55,11,20,55,27-02-2026 10:00
72,56,20,20,100,18-01-2026 10:00
72,57,20,20,100,11-01-2026 10:00
72,58,0,20,0,05-03-2026 10:00
72,59,6,20,30,06-01-2026 10:00
72,60,19,20,95,09-02-2026 10:00
73,61,7,20,35,02-02-2026 10:00
73,62,15,20,75,21-06-2026 10:00
73,63,3,20,15,25-05-2026 10:00
73,64,6,20,30,30-04-2026 10:00
73,65,8,20,40,05-04-2026 10:00
74,66,5,20,25,05-06-2026 10:00
74,67,19,20,95,30-01-2026 10:00
74,68,5,20,25,21-03-2026 10:00
74,69,3,20,15,29-05-2026 10:00
74,70,0,20,0,21-03-2026 10:00
75,71,18,20,90,23-06-2026 10:00
75,72,12,20,60,12-04-2026 10:00
75,73,6,20,30,20-01-2026 10:00
75,74,18,20,90,26-06-2026 10:00
75,75,20,20,100,04-03-2026 10:00
76,76,3,20,15,28-06-2026 10:00
76,77,9,20,45,25-06-2026 10:00
76,78,19,20,95,31-01-2026 10:00
76,79,18,20,90,11-01-2026 10:00
76,80,11,20,55,17-05-2026 10:00
77,81,13,20,65,19-06-2026 10:00
77,82,11,20,55,18-01-2026 10:00
77,83,16,20,80,15-06-2026 10:00
77,84,10,20,50,04-01-2026 10:00
77,85,13,20,65,06-05-2026 10:00
78,86,3,20,15,21-04-2026 10:00
78,87,11,20,55,12-06-2026 10:00
78,88,14,20,70,09-02-2026 10:00
78,89,13,20,65,15-02-2026 10:00
78,90,16,20,80,16-06-2026 10:00
79,91,8,20,40,07-06-2026 10:00
79,92,17,20,85,04-05-2026 10:00
79,93,14,20,70,22-04-2026 10:00
79,94,18,20,90,10-03-2026 10:00
79,95,10,20,50,04-03-2026 10:00
80,96,2,20,10,13-03-2026 10:00
80,97,14,20,70,04-03-2026 10:00
80,98,14,20,70,26-05-2026 10:00
80,99,19,20,95,21-06-2026 10:00
80,100,12,20,60,28-03-2026 10:00
81,1,0,20,0,07-05-2026 10:00
81,2,10,20,50,16-02-2026 10:00
81,3,15,20,75,24-02-2026 10:00
81,4,11,20,55,08-03-2026 10:00
81,5,10,20,50,13-03-2026 10:00
82,6,19,20,95,29-06-2026 10:00
82,7,8,20,40,23-05-2026 10:00
82,8,0,20,0,13-05-2026 10:00
82,9,6,20,30,22-01-2026 10:00
82,10,7,20,35,15-04-2026 10:00
83,11,15,20,75,23-05-2026 10:00
83,12,7,20,35,26-06-2026 10:00
83,13,15,20,75,15-06-2026 10:00
83,14,15,20,75,25-04-2026 10:00
83,15,0,20,0,24-01-2026 10:00
84,16,9,20,45,26-02-2026 10:00
84,17,12,20,60,27-06-2026 10:00
84,18,7,20,35,20-03-2026 10:00
84,19,18,20,90,05-04-2026 10:00
84,20,15,20,75,22-05-2026 10:00
85,21,16,20,80,30-03-2026 10:00
85,22,13,20,65,21-05-2026 10:00
85,23,10,20,50,01-04-2026 10:00
85,24,14,20,70,11-03-2026 10:00
85,25,9,20,45,06-03-2026 10:00
86,26,7,20,35,31-01-2026 10:00
86,27,6,20,30,22-03-2026 10:00
86,28,3,20,15,18-05-2026 10:00
86,29,5,20,25,19-02-2026 10:00
86,30,6,20,30,04-05-2026 10:00
87,31,8,20,40,31-05-2026 10:00
87,32,16,20,80,02-06-2026 10:00
87,33,9,20,45,26-01-2026 10:00
87,34,6,20,30,17-03-2026 10:00
87,35,7,20,35,03-04-2026 10:00
88,36,5,20,25,19-03-2026 10:00
88,37,0,20,0,17-05-2026 10:00
88,38,4,20,20,12-03-2026 10:00
88,39,1,20,5,14-01-2026 10:00
88,40,17,20,85,16-03-2026 10:00
89,41,4,20,20,13-06-2026 10:00
89,42,15,20,75,27-01-2026 10:00
89,43,0,20,0,27-05-2026 10:00
89,44,9,20,45,01-05-2026 10:00
89,45,15,20,75,23-04-2026 10:00
90,46,10,20,50,17-02-2026 10:00
90,47,1,20,5,06-03-2026 10:00
90,48,15,20,75,30-01-2026 10:00
90,49,2,20,10,13-04-2026 10:00
90,50,15,20,75,19-01-2026 10:00
91,51,18,20,90,11-06-2026 10:00
91,52,1,20,5,08-02-2026 10:00
91,53,4,20,20,25-05-2026 10:00
91,54,9,20,45,22-01-2026 10:00
91,55,7,20,35,31-01-2026 10:00
92,56,17,20,85,17-04-2026 10:00
92,57,19,20,95,02-06-2026 10:00
92,58,19,20,95,27-02-2026 10:00
92,59,16,20,80,08-04-2026 10:00
92,60,14,20,70,24-04-2026 10:00
93,61,9,20,45,31-05-2026 10:00
93,62,13,20,65,20-03-2026 10:00
93,63,18,20,90,08-06-2026 10:00
93,64,1,20,5,06-06-2026 10:00
93,65,3,20,15,23-02-2026 10:00
94,66,20,20,100,24-02-2026 10:00
94,67,8,20,40,19-06-2026 10:00
94,68,2,20,10,10-02-2026 10:00
94,69,7,20,35,14-02-2026 10:00
94,70,17,20,85,20-01-2026 10:00
95,71,5,20,25,01-01-2026 10:00
95,72,13,20,65,26-04-2026 10:00
95,73,19,20,95,01-05-2026 10:00
95,74,9,20,45,09-01-2026 10:00
95,75,7,20,35,15-03-2026 10:00
96,76,9,20,45,29-06-2026 10:00
96,77,14,20,70,19-01-2026 10:00
96,78,7,20,35,09-03-2026 10:00
96,79,20,20,100,31-05-2026 10:00
96,80,6,20,30,19-04-2026 10:00
97,81,3,20,15,20-05-2026 10:00
97,82,7,20,35,15-06-2026 10:00
97,83,4,20,20,10-03-2026 10:00
97,84,4,20,20,19-01-2026 10:00
97,85,1,20,5,12-02-2026 10:00
98,86,9,20,45,02-06-2026 10:00
98,87,18,20,90,15-03-2026 10:00
98,88,14,20,70,01-02-2026 10:00
98,89,14,20,70,26-06-2026 10:00
98,90,9,20,45,29-06-2026 10:00
99,91,12,20,60,11-03-2026 10:00
99,92,16,20,80,19-05-2026 10:00
99,93,15,20,75,23-04-2026 10:00
99,94,2,20,10,03-06-2026 10:00
99,95,1,20,5,21-04-2026 10:00
100,96,10,20,50,04-06-2026 10:00
100,97,8,20,40,07-01-2026 10:00
100,98,2,20,10,28-02-2026 10:00
100,99,18,20,90,31-05-2026 10:00
100,100,0,20,0,22-06-2026 10:00
101,1,8,20,40,28-05-2026 10:00
101,2,1,20,5,14-02-2026 10:00
101,3,15,20,75,13-05-2026 10:00
101,4,20,20,100,24-04-2026 10:00
101,5,8,20,40,16-02-2026 10:00
102,6,18,20,90,22-04-2026 10:00
102,7,20,20,100,06-05-2026 10:00
102,8,2,20,10,01-05-2026 10:00
102,9,11,20,55,15-04-2026 10:00
102,10,10,20,50,24-03-2026 10:00
103,11,3,20,15,11-02-2026 10:00
103,12,10,20,50,16-04-2026 10:00
103,13,15,20,75,15-03-2026 10:00
103,14,12,20,60,21-05-2026 10:00
103,15,1,20,5,27-04-2026 10:00
104,16,2,20,10,22-03-2026 10:00
104,17,8,20,40,24-03-2026 10:00
104,18,3,20,15,14-04-2026 10:00
104,19,16,20,80,01-01-2026 10:00
104,20,17,20,85,29-04-2026 10:00
105,21,13,20,65,14-01-2026 10:00
105,22,6,20,30,13-05-2026 10:00
105,23,11,20,55,09-06-2026 10:00
105,24,15,20,75,10-06-2026 10:00
105,25,14,20,70,14-01-2026 10:00
106,26,6,20,30,10-03-2026 10:00
106,27,17,20,85,03-02-2026 10:00
106,28,9,20,45,23-04-2026 10:00
106,29,15,20,75,01-02-2026 10:00
106,30,0,20,0,11-06-2026 10:00
107,31,19,20,95,03-03-2026 10:00
107,32,5,20,25,21-03-2026 10:00
107,33,17,20,85,04-01-2026 10:00
107,34,17,20,85,15-04-2026 10:00
107,35,2,20,10,27-02-2026 10:00
108,36,3,20,15,29-04-2026 10:00
108,37,3,20,15,15-06-2026 10:00
108,38,4,20,20,08-05-2026 10:00
108,39,9,20,45,11-05-2026 10:00
108,40,8,20,40,17-04-2026 10:00
109,41,15,20,75,01-05-2026 10:00
109,42,7,20,35,27-04-2026 10:00
109,43,17,20,85,07-02-2026 10:00
109,44,12,20,60,18-02-2026 10:00
109,45,19,20,95,11-05-2026 10:00
110,46,4,20,20,18-01-2026 10:00
110,47,8,20,40,17-04-2026 10:00
110,48,10,20,50,10-05-2026 10:00
110,49,8,20,40,01-01-2026 10:00
110,50,9,20,45,18-03-2026 10:00
111,51,18,20,90,29-05-2026 10:00
111,52,15,20,75,08-02-2026 10:00
111,53,14,20,70,18-05-2026 10:00
111,54,15,20,75,30-03-2026 10:00
111,55,10,20,50,22-05-2026 10:00
112,56,17,20,85,07-04-2026 10:00
112,57,14,20,70,24-03-2026 10:00
112,58,6,20,30,28-06-2026 10:00
112,59,7,20,35,27-05-2026 10:00
112,60,12,20,60,01-03-2026 10:00
113,61,13,20,65,12-01-2026 10:00
113,62,10,20,50,02-05-2026 10:00
113,63,12,20,60,09-04-2026 10:00
113,64,20,20,100,08-02-2026 10:00
113,65,15,20,75,10-01-2026 10:00
114,66,4,20,20,09-05-2026 10:00
114,67,18,20,90,26-03-2026 10:00
114,68,3,20,15,23-04-2026 10:00
114,69,3,20,15,15-05-2026 10:00
114,70,14,20,70,04-01-2026 10:00
115,71,4,20,20,15-04-2026 10:00
115,72,20,20,100,09-02-2026 10:00
115,73,2,20,10,01-05-2026 10:00
115,74,8,20,40,28-03-2026 10:00
115,75,19,20,95,27-06-2026 10:00
116,76,12,20,60,16-06-2026 10:00
116,77,2,20,10,26-03-2026 10:00
116,78,17,20,85,08-04-2026 10:00
116,79,10,20,50,10-06-2026 10:00
116,80,15,20,75,19-05-2026 10:00
117,81,1,20,5,08-06-2026 10:00
117,82,2,20,10,02-03-2026 10:00
117,83,20,20,100,25-06-2026 10:00
117,84,9,20,45,28-02-2026 10:00
117,85,2,20,10,22-04-2026 10:00
118,86,3,20,15,12-06-2026 10:00
118,87,3,20,15,24-04-2026 10:00
118,88,5,20,25,27-06-2026 10:00
118,89,9,20,45,08-01-2026 10:00
118,90,1,20,5,25-03-2026 10:00
119,91,1,20,5,17-03-2026 10:00
119,92,11,20,55,06-04-2026 10:00
119,93,13,20,65,07-02-2026 10:00
119,94,7,20,35,16-05-2026 10:00
119,95,13,20,65,25-05-2026 10:00
120,96,5,20,25,13-02-2026 10:00
120,97,5,20,25,21-01-2026 10:00
120,98,19,20,95,08-04-2026 10:00
120,99,19,20,95,24-06-2026 10:00
120,100,7,20,35,08-05-2026 10:00
121,1,18,20,90,06-02-2026 10:00
121,2,7,20,35,29-04-2026 10:00
121,3,20,20,100,07-03-2026 10:00
121,4,14,20,70,07-03-2026 10:00
121,5,0,20,0,30-04-2026 10:00
122,6,9,20,45,23-06-2026 10:00
122,7,17,20,85,10-02-2026 10:00
122,8,2,20,10,24-04-2026 10:00
122,9,11,20,55,31-05-2026 10:00
122,10,9,20,45,13-06-2026 10:00
123,11,13,20,65,26-06-2026 10:00
123,12,8,20,40,27-04-2026 10:00
123,13,9,20,45,20-02-2026 10:00
123,14,12,20,60,04-05-2026 10:00
123,15,3,20,15,02-03-2026 10:00
124,16,12,20,60,27-05-2026 10:00
124,17,11,20,55,28-05-2026 10:00
124,18,9,20,45,29-06-2026 10:00
124,19,9,20,45,06-01-2026 10:00
124,20,12,20,60,12-03-2026 10:00
125,21,0,20,0,25-05-2026 10:00
125,22,1,20,5,05-06-2026 10:00
125,23,15,20,75,15-03-2026 10:00
125,24,7,20,35,05-06-2026 10:00
125,25,11,20,55,26-02-2026 10:00
126,26,20,20,100,18-02-2026 10:00
126,27,19,20,95,06-03-2026 10:00
126,28,4,20,20,10-06-2026 10:00
126,29,3,20,15,10-06-2026 10:00
126,30,20,20,100,11-01-2026 10:00
127,31,9,20,45,23-04-2026 10:00
127,32,1,20,5,29-05-2026 10:00
127,33,11,20,55,03-02-2026 10:00
127,34,2,20,10,17-03-2026 10:00
127,35,10,20,50,17-04-2026 10:00
128,36,5,20,25,21-02-2026 10:00
128,37,4,20,20,19-05-2026 10:00
128,38,11,20,55,16-05-2026 10:00
128,39,16,20,80,11-03-2026 10:00
128,40,5,20,25,07-03-2026 10:00
129,41,15,20,75,17-03-2026 10:00
129,42,10,20,50,30-01-2026 10:00
129,43,14,20,70,20-01-2026 10:00
129,44,4,20,20,27-02-2026 10:00
129,45,12,20,60,23-05-2026 10:00
130,46,11,20,55,24-01-2026 10:00
130,47,12,20,60,04-01-2026 10:00
130,48,8,20,40,18-05-2026 10:00
130,49,3,20,15,27-04-2026 10:00
130,50,11,20,55,22-06-2026 10:00
131,51,8,20,40,30-05-2026 10:00
131,52,12,20,60,13-06-2026 10:00
131,53,11,20,55,28-01-2026 10:00
131,54,7,20,35,01-05-2026 10:00
131,55,0,20,0,08-06-2026 10:00
132,56,17,20,85,25-03-2026 10:00
132,57,19,20,95,26-02-2026 10:00
132,58,20,20,100,17-01-2026 10:00
132,59,20,20,100,29-04-2026 10:00
132,60,9,20,45,16-06-2026 10:00
133,61,13,20,65,30-01-2026 10:00
133,62,4,20,20,12-01-2026 10:00
133,63,1,20,5,19-03-2026 10:00
133,64,15,20,75,30-01-2026 10:00
133,65,3,20,15,02-03-2026 10:00
134,66,17,20,85,04-02-2026 10:00
134,67,12,20,60,27-04-2026 10:00
134,68,11,20,55,21-06-2026 10:00
134,69,17,20,85,18-04-2026 10:00
134,70,18,20,90,09-02-2026 10:00
135,71,13,20,65,17-06-2026 10:00
135,72,3,20,15,06-05-2026 10:00
135,73,19,20,95,15-04-2026 10:00
135,74,8,20,40,09-01-2026 10:00
135,75,11,20,55,25-02-2026 10:00
136,76,14,20,70,24-04-2026 10:00
136,77,7,20,35,03-04-2026 10:00
136,78,3,20,15,25-06-2026 10:00
136,79,11,20,55,20-05-2026 10:00
136,80,20,20,100,02-04-2026 10:00
137,81,1,20,5,12-04-2026 10:00
137,82,8,20,40,18-02-2026 10:00
137,83,3,20,15,27-04-2026 10:00
137,84,2,20,10,19-06-2026 10:00
137,85,6,20,30,14-06-2026 10:00
138,86,20,20,100,02-06-2026 10:00
138,87,0,20,0,13-01-2026 10:00
138,88,10,20,50,04-03-2026 10:00
138,89,4,20,20,25-05-2026 10:00
138,90,6,20,30,18-01-2026 10:00
139,91,17,20,85,23-02-2026 10:00
139,92,18,20,90,25-02-2026 10:00
139,93,7,20,35,26-03-2026 10:00
139,94,4,20,20,02-06-2026 10:00
139,95,0,20,0,12-03-2026 10:00
140,96,4,20,20,03-02-2026 10:00
140,97,17,20,85,06-03-2026 10:00
140,98,5,20,25,29-01-2026 10:00
140,99,0,20,0,03-02-2026 10:00
140,100,0,20,0,02-04-2026 10:00
141,1,7,20,35,31-05-2026 10:00
141,2,10,20,50,05-01-2026 10:00
141,3,5,20,25,09-03-2026 10:00
141,4,1,20,5,02-02-2026 10:00
141,5,13,20,65,15-05-2026 10:00
142,6,3,20,15,17-01-2026 10:00
142,7,15,20,75,25-04-2026 10:00
142,8,11,20,55,12-05-2026 10:00
142,9,18,20,90,28-01-2026 10:00
142,10,14,20,70,09-05-2026 10:00
143,11,7,20,35,07-06-2026 10:00
143,12,1,20,5,18-06-2026 10:00
143,13,16,20,80,19-03-2026 10:00
143,14,14,20,70,14-06-2026 10:00
143,15,0,20,0,16-01-2026 10:00
144,16,15,20,75,13-04-2026 10:00
144,17,13,20,65,25-06-2026 10:00
144,18,3,20,15,06-05-2026 10:00
144,19,14,20,70,19-01-2026 10:00
144,20,2,20,10,24-03-2026 10:00
145,21,19,20,95,07-02-2026 10:00
145,22,2,20,10,02-02-2026 10:00
145,23,8,20,40,09-06-2026 10:00
145,24,20,20,100,30-05-2026 10:00
145,25,17,20,85,25-03-2026 10:00
146,26,12,20,60,02-06-2026 10:00
146,27,16,20,80,17-03-2026 10:00
146,28,14,20,70,10-05-2026 10:00
146,29,19,20,95,21-04-2026 10:00
146,30,3,20,15,29-06-2026 10:00
147,31,3,20,15,17-06-2026 10:00
147,32,20,20,100,22-05-2026 10:00
147,33,6,20,30,21-04-2026 10:00
147,34,14,20,70,28-02-2026 10:00
147,35,13,20,65,28-03-2026 10:00
148,36,14,20,70,13-04-2026 10:00
148,37,13,20,65,25-01-2026 10:00
148,38,10,20,50,20-04-2026 10:00
148,39,10,20,50,20-06-2026 10:00
148,40,8,20,40,06-04-2026 10:00
149,41,4,20,20,25-06-2026 10:00
149,42,15,20,75,18-01-2026 10:00
149,43,2,20,10,22-01-2026 10:00
149,44,2,20,10,21-04-2026 10:00
149,45,3,20,15,06-04-2026 10:00
150,46,4,20,20,23-05-2026 10:00
150,47,1,20,5,31-05-2026 10:00
150,48,17,20,85,24-05-2026 10:00
150,49,10,20,50,21-06-2026 10:00
150,50,3,20,15,16-04-2026 10:00
151,51,11,20,55,20-06-2026 10:00
151,52,13,20,65,14-01-2026 10:00
151,53,9,20,45,03-06-2026 10:00
151,54,9,20,45,01-04-2026 10:00
151,55,3,20,15,28-05-2026 10:00
152,56,16,20,80,24-02-2026 10:00
152,57,4,20,20,18-06-2026 10:00
152,58,15,20,75,27-02-2026 10:00
152,59,3,20,15,31-03-2026 10:00
152,60,17,20,85,05-04-2026 10:00
153,61,3,20,15,13-03-2026 10:00
153,62,18,20,90,27-02-2026 10:00
153,63,13,20,65,24-05-2026 10:00
153,64,19,20,95,07-06-2026 10:00
153,65,20,20,100,23-05-2026 10:00
154,66,0,20,0,05-06-2026 10:00
154,67,8,20,40,08-01-2026 10:00
154,68,5,20,25,11-03-2026 10:00
154,69,9,20,45,28-03-2026 10:00
154,70,11,20,55,02-01-2026 10:00
155,71,5,20,25,06-02-2026 10:00
155,72,18,20,90,18-06-2026 10:00
155,73,12,20,60,18-01-2026 10:00
155,74,4,20,20,12-06-2026 10:00
155,75,0,20,0,24-01-2026 10:00
156,76,16,20,80,25-02-2026 10:00
156,77,12,20,60,18-04-2026 10:00
156,78,14,20,70,29-03-2026 10:00
156,79,5,20,25,05-04-2026 10:00
156,80,9,20,45,25-03-2026 10:00
157,81,18,20,90,02-06-2026 10:00
157,82,2,20,10,14-01-2026 10:00
157,83,4,20,20,10-02-2026 10:00
157,84,19,20,95,13-01-2026 10:00
157,85,2,20,10,11-03-2026 10:00
158,86,14,20,70,19-06-2026 10:00
158,87,13,20,65,05-05-2026 10:00
158,88,19,20,95,24-04-2026 10:00
158,89,13,20,65,11-03-2026 10:00
158,90,6,20,30,12-05-2026 10:00
159,91,3,20,15,30-03-2026 10:00
159,92,13,20,65,29-01-2026 10:00
159,93,9,20,45,23-06-2026 10:00
159,94,18,20,90,05-05-2026 10:00
159,95,16,20,80,20-06-2026 10:00
160,96,9,20,45,12-01-2026 10:00
160,97,7,20,35,12-04-2026 10:00
160,98,19,20,95,15-01-2026 10:00
160,99,0,20,0,22-02-2026 10:00
160,100,9,20,45,24-02-2026 10:00
161,1,4,20,20,07-03-2026 10:00
161,2,9,20,45,25-03-2026 10:00
161,3,3,20,15,02-01-2026 10:00
161,4,15,20,75,21-04-2026 10:00
161,5,5,20,25,03-02-2026 10:00
162,6,12,20,60,17-05-2026 10:00
162,7,7,20,35,09-05-2026 10:00
162,8,17,20,85,21-06-2026 10:00
162,9,11,20,55,19-01-2026 10:00
162,10,12,20,60,11-01-2026 10:00
163,11,13,20,65,05-01-2026 10:00
163,12,14,20,70,20-01-2026 10:00
163,13,10,20,50,28-05-2026 10:00
163,14,13,20,65,27-05-2026 10:00
163,15,12,20,60,13-06-2026 10:00
164,16,13,20,65,16-03-2026 10:00
164,17,3,20,15,14-04-2026 10:00
164,18,0,20,0,25-03-2026 10:00
164,19,5,20,25,08-06-2026 10:00
164,20,14,20,70,26-06-2026 10:00
165,21,11,20,55,23-01-2026 10:00
165,22,13,20,65,28-01-2026 10:00
165,23,7,20,35,22-04-2026 10:00
165,24,18,20,90,13-04-2026 10:00
165,25,16,20,80,21-01-2026 10:00
166,26,12,20,60,21-03-2026 10:00
166,27,10,20,50,26-02-2026 10:00
166,28,10,20,50,13-02-2026 10:00
166,29,2,20,10,11-05-2026 10:00
166,30,20,20,100,30-01-2026 10:00
167,31,16,20,80,11-05-2026 10:00
167,32,6,20,30,31-03-2026 10:00
167,33,11,20,55,15-06-2026 10:00
167,34,4,20,20,02-03-2026 10:00
167,35,3,20,15,07-02-2026 10:00
168,36,8,20,40,20-02-2026 10:00
168,37,5,20,25,04-06-2026 10:00
168,38,4,20,20,17-06-2026 10:00
168,39,2,20,10,15-02-2026 10:00
168,40,20,20,100,07-05-2026 10:00
169,41,14,20,70,25-05-2026 10:00
169,42,18,20,90,25-04-2026 10:00
169,43,18,20,90,14-06-2026 10:00
169,44,20,20,100,09-06-2026 10:00
169,45,10,20,50,10-06-2026 10:00
170,46,10,20,50,08-02-2026 10:00
170,47,14,20,70,18-01-2026 10:00
170,48,15,20,75,24-04-2026 10:00
170,49,20,20,100,19-03-2026 10:00
170,50,8,20,40,01-06-2026 10:00
171,51,1,20,5,01-04-2026 10:00
171,52,16,20,80,19-01-2026 10:00
171,53,9,20,45,29-04-2026 10:00
171,54,14,20,70,10-01-2026 10:00
171,55,1,20,5,05-04-2026 10:00
172,56,9,20,45,20-01-2026 10:00
172,57,20,20,100,24-01-2026 10:00
172,58,19,20,95,02-06-2026 10:00
172,59,16,20,80,09-04-2026 10:00
172,60,14,20,70,29-05-2026 10:00
173,61,17,20,85,11-01-2026 10:00
173,62,14,20,70,27-05-2026 10:00
173,63,20,20,100,18-02-2026 10:00
173,64,10,20,50,04-06-2026 10:00
173,65,15,20,75,09-05-2026 10:00
174,66,4,20,20,16-01-2026 10:00
174,67,14,20,70,27-01-2026 10:00
174,68,10,20,50,22-01-2026 10:00
174,69,16,20,80,15-06-2026 10:00
174,70,5,20,25,11-01-2026 10:00
175,71,7,20,35,23-04-2026 10:00
175,72,14,20,70,15-05-2026 10:00
175,73,16,20,80,06-06-2026 10:00
175,74,5,20,25,04-04-2026 10:00
175,75,11,20,55,14-03-2026 10:00
176,76,12,20,60,15-04-2026 10:00
176,77,10,20,50,23-06-2026 10:00
176,78,19,20,95,14-01-2026 10:00
176,79,20,20,100,15-06-2026 10:00
176,80,10,20,50,17-01-2026 10:00
177,81,10,20,50,25-01-2026 10:00
177,82,17,20,85,23-06-2026 10:00
177,83,12,20,60,14-03-2026 10:00
177,84,8,20,40,18-06-2026 10:00
177,85,19,20,95,08-02-2026 10:00
178,86,10,20,50,21-01-2026 10:00
178,87,18,20,90,19-06-2026 10:00
178,88,4,20,20,31-03-2026 10:00
178,89,9,20,45,17-06-2026 10:00
178,90,12,20,60,03-02-2026 10:00
179,91,19,20,95,22-01-2026 10:00
179,92,9,20,45,24-05-2026 10:00
179,93,12,20,60,14-06-2026 10:00
179,94,10,20,50,02-02-2026 10:00
179,95,16,20,80,24-01-2026 10:00
180,96,20,20,100,21-06-2026 10:00
180,97,13,20,65,11-05-2026 10:00
180,98,11,20,55,05-01-2026 10:00
180,99,11,20,55,21-03-2026 10:00
180,100,5,20,25,24-02-2026 10:00
181,1,10,20,50,05-05-2026 10:00
181,2,6,20,30,27-02-2026 10:00
181,3,4,20,20,09-02-2026 10:00
181,4,2,20,10,17-03-2026 10:00
181,5,3,20,15,10-05-2026 10:00
182,6,17,20,85,15-05-2026 10:00
182,7,1,20,5,19-06-2026 10:00
182,8,10,20,50,08-06-2026 10:00
182,9,4,20,20,02-06-2026 10:00
182,10,12,20,60,09-02-2026 10:00
183,11,5,20,25,16-02-2026 10:00
183,12,19,20,95,12-02-2026 10:00
183,13,14,20,70,12-01-2026 10:00
183,14,13,20,65,04-04-2026 10:00
183,15,7,20,35,24-04-2026 10:00
184,16,19,20,95,14-03-2026 10:00
184,17,14,20,70,01-03-2026 10:00
184,18,17,20,85,03-03-2026 10:00
184,19,9,20,45,01-05-2026 10:00
184,20,6,20,30,05-04-2026 10:00
185,21,18,20,90,23-04-2026 10:00
185,22,14,20,70,14-03-2026 10:00
185,23,12,20,60,09-05-2026 10:00
185,24,16,20,80,18-04-2026 10:00
185,25,5,20,25,21-02-2026 10:00
186,26,19,20,95,05-02-2026 10:00
186,27,8,20,40,14-01-2026 10:00
186,28,20,20,100,04-05-2026 10:00
186,29,11,20,55,22-05-2026 10:00
186,30,3,20,15,13-05-2026 10:00
187,31,3,20,15,14-03-2026 10:00
187,32,2,20,10,11-02-2026 10:00
187,33,8,20,40,26-04-2026 10:00
187,34,16,20,80,07-02-2026 10:00
187,35,13,20,65,24-01-2026 10:00
188,36,7,20,35,26-04-2026 10:00
188,37,11,20,55,07-01-2026 10:00
188,38,13,20,65,14-01-2026 10:00
188,39,12,20,60,09-05-2026 10:00
188,40,11,20,55,02-03-2026 10:00
189,41,12,20,60,21-01-2026 10:00
189,42,11,20,55,27-02-2026 10:00
189,43,0,20,0,23-03-2026 10:00
189,44,3,20,15,16-06-2026 10:00
189,45,10,20,50,07-02-2026 10:00
190,46,4,20,20,10-01-2026 10:00
190,47,9,20,45,01-05-2026 10:00
190,48,4,20,20,30-06-2026 10:00
190,49,15,20,75,25-04-2026 10:00
190,50,19,20,95,02-01-2026 10:00
191,51,2,20,10,05-01-2026 10:00
191,52,8,20,40,25-02-2026 10:00
191,53,4,20,20,21-05-2026 10:00
191,54,19,20,95,16-05-2026 10:00
191,55,13,20,65,29-01-2026 10:00
192,56,9,20,45,02-03-2026 10:00
192,57,9,20,45,01-02-2026 10:00
192,58,1,20,5,03-03-2026 10:00
192,59,13,20,65,13-06-2026 10:00
192,60,19,20,95,28-04-2026 10:00
193,61,2,20,10,29-01-2026 10:00
193,62,15,20,75,02-06-2026 10:00
193,63,17,20,85,05-01-2026 10:00
193,64,20,20,100,12-05-2026 10:00
193,65,18,20,90,03-03-2026 10:00
194,66,4,20,20,16-03-2026 10:00
194,67,13,20,65,01-01-2026 10:00
194,68,19,20,95,01-04-2026 10:00
194,69,7,20,35,27-05-2026 10:00
194,70,13,20,65,17-02-2026 10:00
195,71,2,20,10,15-05-2026 10:00
195,72,11,20,55,18-01-2026 10:00
195,73,16,20,80,20-05-2026 10:00
195,74,16,20,80,10-05-2026 10:00
195,75,17,20,85,06-01-2026 10:00
196,76,12,20,60,01-05-2026 10:00
196,77,1,20,5,12-06-2026 10:00
196,78,12,20,60,06-04-2026 10:00
196,79,8,20,40,05-01-2026 10:00
196,80,11,20,55,18-01-2026 10:00
197,81,11,20,55,03-03-2026 10:00
197,82,20,20,100,27-01-2026 10:00
197,83,18,20,90,27-03-2026 10:00
197,84,4,20,20,12-01-2026 10:00
197,85,11,20,55,20-05-2026 10:00
198,86,10,20,50,14-06-2026 10:00
198,87,5,20,25,25-06-2026 10:00
198,88,14,20,70,28-06-2026 10:00
198,89,15,20,75,11-06-2026 10:00
198,90,5,20,25,04-02-2026 10:00
199,91,2,20,10,28-04-2026 10:00
199,92,1,20,5,17-03-2026 10:00
199,93,6,20,30,12-01-2026 10:00
199,94,6,20,30,11-01-2026 10:00
199,95,10,20,50,21-03-2026 10:00
200,96,16,20,80,12-04-2026 10:00
200,97,17,20,85,02-05-2026 10:00
200,98,8,20,40,10-01-2026 10:00
200,99,20,20,100,18-02-2026 10:00
200,100,9,20,45,02-04-2026 10:00
201,1,1,20,5,17-06-2026 10:00
201,2,10,20,50,11-03-2026 10:00
201,3,3,20,15,05-04-2026 10:00
201,4,13,20,65,13-04-2026 10:00
201,5,14,20,70,09-04-2026 10:00
202,6,10,20,50,17-02-2026 10:00
202,7,15,20,75,27-06-2026 10:00
202,8,15,20,75,05-04-2026 10:00
202,9,16,20,80,10-03-2026 10:00
202,10,2,20,10,19-04-2026 10:00
203,11,2,20,10,21-04-2026 10:00
203,12,19,20,95,16-02-2026 10:00
203,13,17,20,85,17-03-2026 10:00
203,14,10,20,50,27-01-2026 10:00
203,15,2,20,10,25-03-2026 10:00
204,16,9,20,45,20-03-2026 10:00
204,17,14,20,70,04-06-2026 10:00
204,18,13,20,65,12-02-2026 10:00
204,19,14,20,70,31-03-2026 10:00
204,20,14,20,70,11-01-2026 10:00
205,21,11,20,55,07-06-2026 10:00
205,22,13,20,65,12-03-2026 10:00
205,23,20,20,100,15-01-2026 10:00
205,24,2,20,10,21-06-2026 10:00
205,25,20,20,100,14-04-2026 10:00
206,26,11,20,55,12-05-2026 10:00
206,27,5,20,25,08-01-2026 10:00
206,28,4,20,20,05-06-2026 10:00
206,29,14,20,70,09-01-2026 10:00
206,30,4,20,20,18-01-2026 10:00
207,31,7,20,35,15-06-2026 10:00
207,32,11,20,55,03-04-2026 10:00
207,33,12,20,60,26-05-2026 10:00
207,34,1,20,5,04-06-2026 10:00
207,35,4,20,20,23-06-2026 10:00
208,36,14,20,70,05-04-2026 10:00
208,37,11,20,55,24-04-2026 10:00
208,38,2,20,10,27-05-2026 10:00
208,39,4,20,20,16-05-2026 10:00
208,40,11,20,55,12-04-2026 10:00
209,41,10,20,50,16-06-2026 10:00
209,42,8,20,40,05-03-2026 10:00
209,43,3,20,15,07-01-2026 10:00
209,44,5,20,25,08-05-2026 10:00
209,45,16,20,80,10-04-2026 10:00
210,46,17,20,85,31-01-2026 10:00
210,47,8,20,40,08-03-2026 10:00
210,48,14,20,70,24-02-2026 10:00
210,49,19,20,95,15-03-2026 10:00
210,50,15,20,75,21-02-2026 10:00
211,51,3,20,15,04-02-2026 10:00
211,52,2,20,10,26-04-2026 10:00
211,53,5,20,25,24-04-2026 10:00
211,54,2,20,10,24-06-2026 10:00
211,55,10,20,50,20-06-2026 10:00
212,56,11,20,55,17-01-2026 10:00
212,57,17,20,85,19-05-2026 10:00
212,58,9,20,45,18-03-2026 10:00
212,59,5,20,25,29-06-2026 10:00
212,60,20,20,100,14-02-2026 10:00
213,61,11,20,55,11-05-2026 10:00
213,62,7,20,35,01-02-2026 10:00
213,63,6,20,30,05-02-2026 10:00
213,64,7,20,35,07-05-2026 10:00
213,65,0,20,0,03-04-2026 10:00
214,66,17,20,85,27-05-2026 10:00
214,67,11,20,55,30-04-2026 10:00
214,68,17,20,85,03-02-2026 10:00
214,69,19,20,95,23-01-2026 10:00
214,70,2,20,10,21-03-2026 10:00
215,71,12,20,60,03-05-2026 10:00
215,72,16,20,80,16-04-2026 10:00
215,73,13,20,65,28-05-2026 10:00
215,74,2,20,10,02-02-2026 10:00
215,75,10,20,50,14-06-2026 10:00
216,76,2,20,10,26-04-2026 10:00
216,77,14,20,70,24-06-2026 10:00
216,78,16,20,80,30-03-2026 10:00
216,79,4,20,20,22-05-2026 10:00
216,80,20,20,100,31-05-2026 10:00
217,81,5,20,25,03-02-2026 10:00
217,82,13,20,65,09-05-2026 10:00
217,83,1,20,5,01-02-2026 10:00
217,84,16,20,80,09-02-2026 10:00
217,85,9,20,45,12-02-2026 10:00
218,86,5,20,25,24-03-2026 10:00
218,87,7,20,35,30-03-2026 10:00
218,88,16,20,80,14-03-2026 10:00
218,89,2,20,10,06-03-2026 10:00
218,90,6,20,30,12-06-2026 10:00
219,91,17,20,85,12-03-2026 10:00
219,92,4,20,20,10-06-2026 10:00
219,93,9,20,45,07-06-2026 10:00
219,94,17,20,85,24-01-2026 10:00
219,95,16,20,80,14-06-2026 10:00
220,96,5,20,25,01-06-2026 10:00
220,97,18,20,90,09-02-2026 10:00
220,98,5,20,25,18-06-2026 10:00
220,99,19,20,95,04-06-2026 10:00
220,100,10,20,50,25-05-2026 10:00
221,1,1,20,5,08-01-2026 10:00
221,2,2,20,10,12-01-2026 10:00
221,3,20,20,100,28-05-2026 10:00
221,4,8,20,40,16-06-2026 10:00
221,5,6,20,30,27-05-2026 10:00
222,6,13,20,65,08-06-2026 10:00
222,7,20,20,100,08-01-2026 10:00
222,8,15,20,75,10-06-2026 10:00
222,9,17,20,85,16-03-2026 10:00
222,10,20,20,100,19-03-2026 10:00
223,11,15,20,75,04-03-2026 10:00
223,12,12,20,60,18-03-2026 10:00
223,13,14,20,70,19-01-2026 10:00
223,14,1,20,5,10-02-2026 10:00
223,15,14,20,70,17-04-2026 10:00
224,16,15,20,75,29-04-2026 10:00
224,17,6,20,30,29-03-2026 10:00
224,18,19,20,95,06-02-2026 10:00
224,19,10,20,50,23-03-2026 10:00
224,20,11,20,55,13-04-2026 10:00
225,21,4,20,20,05-04-2026 10:00
225,22,16,20,80,24-05-2026 10:00
225,23,3,20,15,23-03-2026 10:00
225,24,7,20,35,30-04-2026 10:00
225,25,3,20,15,10-03-2026 10:00
226,26,14,20,70,05-03-2026 10:00
226,27,4,20,20,25-01-2026 10:00
226,28,1,20,5,16-03-2026 10:00
226,29,12,20,60,07-06-2026 10:00
226,30,13,20,65,05-03-2026 10:00
227,31,5,20,25,25-03-2026 10:00
227,32,18,20,90,22-03-2026 10:00
227,33,6,20,30,10-02-2026 10:00
227,34,15,20,75,12-05-2026 10:00
227,35,14,20,70,08-05-2026 10:00
228,36,9,20,45,08-05-2026 10:00
228,37,0,20,0,24-01-2026 10:00
228,38,12,20,60,10-05-2026 10:00
228,39,14,20,70,03-03-2026 10:00
228,40,6,20,30,30-05-2026 10:00
229,41,11,20,55,13-01-2026 10:00
229,42,1,20,5,14-03-2026 10:00
229,43,15,20,75,02-06-2026 10:00
229,44,20,20,100,22-06-2026 10:00
229,45,15,20,75,15-03-2026 10:00
230,46,17,20,85,03-01-2026 10:00
230,47,3,20,15,21-04-2026 10:00
230,48,4,20,20,09-03-2026 10:00
230,49,11,20,55,14-04-2026 10:00
230,50,11,20,55,12-01-2026 10:00
231,51,12,20,60,14-01-2026 10:00
231,52,18,20,90,24-05-2026 10:00
231,53,6,20,30,03-04-2026 10:00
231,54,17,20,85,15-03-2026 10:00
231,55,2,20,10,09-04-2026 10:00
232,56,16,20,80,26-04-2026 10:00
232,57,17,20,85,13-03-2026 10:00
232,58,19,20,95,24-06-2026 10:00
232,59,19,20,95,31-01-2026 10:00
232,60,4,20,20,25-01-2026 10:00
233,61,12,20,60,06-04-2026 10:00
233,62,10,20,50,23-05-2026 10:00
233,63,11,20,55,06-02-2026 10:00
233,64,6,20,30,04-06-2026 10:00
233,65,16,20,80,13-04-2026 10:00
234,66,16,20,80,11-01-2026 10:00
234,67,1,20,5,10-01-2026 10:00
234,68,4,20,20,27-03-2026 10:00
234,69,15,20,75,13-05-2026 10:00
234,70,14,20,70,08-02-2026 10:00
235,71,19,20,95,12-05-2026 10:00
235,72,4,20,20,25-03-2026 10:00
235,73,19,20,95,23-03-2026 10:00
235,74,5,20,25,11-04-2026 10:00
235,75,19,20,95,18-03-2026 10:00
236,76,18,20,90,28-03-2026 10:00
236,77,16,20,80,11-05-2026 10:00
236,78,17,20,85,06-05-2026 10:00
236,79,18,20,90,18-03-2026 10:00
236,80,15,20,75,05-01-2026 10:00
237,81,11,20,55,26-03-2026 10:00
237,82,3,20,15,17-04-2026 10:00
237,83,18,20,90,20-03-2026 10:00
237,84,20,20,100,07-01-2026 10:00
237,85,19,20,95,02-05-2026 10:00
238,86,8,20,40,17-06-2026 10:00
238,87,18,20,90,28-05-2026 10:00
238,88,7,20,35,14-01-2026 10:00
238,89,18,20,90,03-05-2026 10:00
238,90,5,20,25,15-05-2026 10:00
239,91,20,20,100,08-06-2026 10:00
239,92,12,20,60,07-02-2026 10:00
239,93,7,20,35,09-01-2026 10:00
239,94,18,20,90,29-06-2026 10:00
239,95,3,20,15,18-02-2026 10:00
240,96,0,20,0,23-04-2026 10:00
240,97,10,20,50,18-04-2026 10:00
240,98,4,20,20,16-04-2026 10:00
240,99,6,20,30,16-04-2026 10:00
240,100,16,20,80,06-06-2026 10:00
241,1,15,20,75,16-01-2026 10:00
241,2,4,20,20,13-05-2026 10:00
241,3,6,20,30,24-05-2026 10:00
241,4,10,20,50,19-06-2026 10:00
241,5,15,20,75,15-05-2026 10:00
242,6,12,20,60,22-03-2026 10:00
242,7,5,20,25,28-04-2026 10:00
242,8,17,20,85,29-03-2026 10:00
242,9,17,20,85,01-04-2026 10:00
242,10,20,20,100,27-06-2026 10:00
243,11,8,20,40,06-06-2026 10:00
243,12,15,20,75,19-02-2026 10:00
243,13,7,20,35,13-03-2026 10:00
243,14,17,20,85,18-03-2026 10:00
243,15,7,20,35,18-03-2026 10:00
244,16,9,20,45,30-06-2026 10:00
244,17,6,20,30,26-06-2026 10:00
244,18,15,20,75,23-03-2026 10:00
244,19,15,20,75,31-03-2026 10:00
244,20,17,20,85,12-03-2026 10:00
245,21,9,20,45,01-02-2026 10:00
245,22,18,20,90,23-06-2026 10:00
245,23,17,20,85,08-04-2026 10:00
245,24,12,20,60,30-03-2026 10:00
245,25,4,20,20,16-03-2026 10:00
246,26,1,20,5,15-03-2026 10:00
246,27,2,20,10,30-03-2026 10:00
246,28,14,20,70,17-06-2026 10:00
246,29,8,20,40,03-05-2026 10:00
246,30,6,20,30,21-02-2026 10:00
247,31,17,20,85,11-03-2026 10:00
247,32,17,20,85,28-06-2026 10:00
247,33,8,20,40,05-02-2026 10:00
247,34,3,20,15,07-06-2026 10:00
247,35,18,20,90,03-03-2026 10:00
248,36,7,20,35,13-01-2026 10:00
248,37,16,20,80,27-02-2026 10:00
248,38,20,20,100,01-03-2026 10:00
248,39,1,20,5,26-01-2026 10:00
248,40,13,20,65,26-03-2026 10:00
249,41,15,20,75,26-01-2026 10:00
249,42,4,20,20,02-01-2026 10:00
249,43,17,20,85,10-02-2026 10:00
249,44,13,20,65,17-06-2026 10:00
249,45,15,20,75,03-05-2026 10:00
250,46,20,20,100,21-02-2026 10:00
250,47,9,20,45,24-03-2026 10:00
250,48,9,20,45,15-06-2026 10:00
250,49,1,20,5,23-01-2026 10:00
250,50,20,20,100,27-05-2026 10:00
251,51,7,20,35,17-05-2026 10:00
251,52,1,20,5,14-02-2026 10:00
251,53,13,20,65,15-02-2026 10:00
251,54,1,20,5,12-04-2026 10:00
251,55,15,20,75,17-02-2026 10:00
252,56,9,20,45,10-01-2026 10:00
252,57,0,20,0,18-03-2026 10:00
252,58,18,20,90,04-06-2026 10:00
252,59,3,20,15,27-03-2026 10:00
252,60,9,20,45,27-04-2026 10:00
253,61,20,20,100,20-05-2026 10:00
253,62,16,20,80,07-05-2026 10:00
253,63,4,20,20,10-05-2026 10:00
253,64,14,20,70,11-03-2026 10:00
253,65,6,20,30,29-01-2026 10:00
254,66,10,20,50,11-02-2026 10:00
254,67,14,20,70,15-06-2026 10:00
254,68,8,20,40,17-02-2026 10:00
254,69,0,20,0,28-03-2026 10:00
254,70,9,20,45,26-05-2026 10:00
255,71,6,20,30,14-02-2026 10:00
255,72,19,20,95,13-06-2026 10:00
255,73,12,20,60,20-04-2026 10:00
255,74,16,20,80,25-03-2026 10:00
255,75,2,20,10,13-04-2026 10:00
256,76,3,20,15,17-02-2026 10:00
256,77,4,20,20,03-05-2026 10:00
256,78,10,20,50,05-03-2026 10:00
256,79,0,20,0,08-03-2026 10:00
256,80,12,20,60,02-03-2026 10:00
257,81,14,20,70,10-03-2026 10:00
257,82,10,20,50,19-03-2026 10:00
257,83,18,20,90,27-05-2026 10:00
257,84,0,20,0,08-03-2026 10:00
257,85,20,20,100,03-04-2026 10:00
258,86,7,20,35,16-01-2026 10:00
258,87,3,20,15,30-04-2026 10:00
258,88,9,20,45,10-02-2026 10:00
258,89,12,20,60,25-06-2026 10:00
258,90,16,20,80,30-06-2026 10:00
259,91,9,20,45,26-06-2026 10:00
259,92,3,20,15,13-06-2026 10:00
259,93,9,20,45,05-04-2026 10:00
259,94,19,20,95,26-02-2026 10:00
259,95,7,20,35,04-02-2026 10:00
260,96,15,20,75,09-02-2026 10:00
260,97,14,20,70,05-06-2026 10:00
260,98,11,20,55,17-04-2026 10:00
260,99,17,20,85,01-05-2026 10:00
260,100,17,20,85,20-06-2026 10:00
261,1,6,20,30,05-03-2026 10:00
261,2,19,20,95,21-01-2026 10:00
261,3,16,20,80,25-04-2026 10:00
261,4,16,20,80,30-06-2026 10:00
261,5,11,20,55,20-01-2026 10:00
262,6,18,20,90,29-01-2026 10:00
262,7,1,20,5,21-05-2026 10:00
262,8,16,20,80,21-02-2026 10:00
262,9,18,20,90,18-05-2026 10:00
262,10,4,20,20,12-02-2026 10:00
263,11,10,20,50,14-05-2026 10:00
263,12,14,20,70,30-01-2026 10:00
263,13,6,20,30,30-05-2026 10:00
263,14,15,20,75,24-01-2026 10:00
263,15,16,20,80,25-04-2026 10:00
264,16,1,20,5,27-04-2026 10:00
264,17,4,20,20,12-05-2026 10:00
264,18,13,20,65,27-04-2026 10:00
264,19,18,20,90,15-01-2026 10:00
264,20,17,20,85,29-04-2026 10:00
265,21,9,20,45,06-01-2026 10:00
265,22,12,20,60,07-03-2026 10:00
265,23,0,20,0,25-02-2026 10:00
265,24,18,20,90,19-01-2026 10:00
265,25,1,20,5,19-04-2026 10:00
266,26,11,20,55,29-06-2026 10:00
266,27,2,20,10,19-05-2026 10:00
266,28,1,20,5,18-01-2026 10:00
266,29,15,20,75,09-01-2026 10:00
266,30,9,20,45,15-04-2026 10:00
267,31,5,20,25,04-02-2026 10:00
267,32,20,20,100,15-06-2026 10:00
267,33,13,20,65,06-04-2026 10:00
267,34,12,20,60,25-04-2026 10:00
267,35,12,20,60,07-04-2026 10:00
268,36,2,20,10,24-06-2026 10:00
268,37,17,20,85,04-02-2026 10:00
268,38,20,20,100,31-03-2026 10:00
268,39,3,20,15,15-02-2026 10:00
268,40,17,20,85,11-04-2026 10:00
269,41,16,20,80,02-02-2026 10:00
269,42,7,20,35,01-01-2026 10:00
269,43,0,20,0,18-03-2026 10:00
269,44,14,20,70,22-06-2026 10:00
269,45,17,20,85,19-04-2026 10:00
270,46,17,20,85,08-04-2026 10:00
270,47,7,20,35,05-03-2026 10:00
270,48,14,20,70,30-03-2026 10:00
270,49,4,20,20,12-03-2026 10:00
270,50,6,20,30,29-01-2026 10:00
271,51,1,20,5,19-06-2026 10:00
271,52,13,20,65,07-06-2026 10:00
271,53,0,20,0,03-03-2026 10:00
271,54,6,20,30,18-01-2026 10:00
271,55,3,20,15,02-06-2026 10:00
272,56,1,20,5,25-04-2026 10:00
272,57,19,20,95,22-06-2026 10:00
272,58,1,20,5,04-03-2026 10:00
272,59,1,20,5,13-04-2026 10:00
272,60,14,20,70,01-03-2026 10:00
273,61,17,20,85,25-02-2026 10:00
273,62,1,20,5,05-02-2026 10:00
273,63,16,20,80,16-03-2026 10:00
273,64,7,20,35,28-05-2026 10:00
273,65,10,20,50,28-05-2026 10:00
274,66,19,20,95,22-06-2026 10:00
274,67,10,20,50,02-03-2026 10:00
274,68,9,20,45,06-02-2026 10:00
274,69,16,20,80,26-02-2026 10:00
274,70,13,20,65,18-03-2026 10:00
275,71,8,20,40,16-01-2026 10:00
275,72,17,20,85,01-06-2026 10:00
275,73,5,20,25,10-06-2026 10:00
275,74,13,20,65,23-05-2026 10:00
275,75,15,20,75,13-01-2026 10:00
276,76,11,20,55,14-06-2026 10:00
276,77,12,20,60,15-05-2026 10:00
276,78,10,20,50,28-06-2026 10:00
276,79,13,20,65,15-04-2026 10:00
276,80,4,20,20,18-03-2026 10:00
277,81,12,20,60,17-02-2026 10:00
277,82,17,20,85,02-05-2026 10:00
277,83,7,20,35,27-02-2026 10:00
277,84,9,20,45,06-02-2026 10:00
277,85,14,20,70,15-01-2026 10:00
278,86,17,20,85,16-04-2026 10:00
278,87,13,20,65,23-05-2026 10:00
278,88,16,20,80,04-02-2026 10:00
278,89,12,20,60,04-03-2026 10:00
278,90,8,20,40,22-02-2026 10:00
279,91,10,20,50,15-06-2026 10:00
279,92,2,20,10,26-04-2026 10:00
279,93,11,20,55,24-01-2026 10:00
279,94,17,20,85,18-02-2026 10:00
279,95,1,20,5,10-03-2026 10:00
280,96,12,20,60,22-06-2026 10:00
280,97,19,20,95,04-06-2026 10:00
280,98,1,20,5,19-01-2026 10:00
280,99,6,20,30,31-05-2026 10:00
280,100,17,20,85,25-02-2026 10:00
281,1,15,20,75,23-02-2026 10:00
281,2,10,20,50,19-03-2026 10:00
281,3,0,20,0,24-02-2026 10:00
281,4,6,20,30,31-01-2026 10:00
281,5,15,20,75,04-03-2026 10:00
282,6,19,20,95,30-06-2026 10:00
282,7,6,20,30,12-04-2026 10:00
282,8,7,20,35,22-05-2026 10:00
282,9,10,20,50,14-03-2026 10:00
282,10,12,20,60,30-04-2026 10:00
283,11,17,20,85,16-06-2026 10:00
283,12,11,20,55,20-03-2026 10:00
283,13,8,20,40,03-04-2026 10:00
283,14,16,20,80,08-05-2026 10:00
283,15,14,20,70,26-01-2026 10:00
284,16,15,20,75,23-03-2026 10:00
284,17,6,20,30,05-04-2026 10:00
284,18,10,20,50,16-04-2026 10:00
284,19,1,20,5,25-05-2026 10:00
284,20,7,20,35,07-02-2026 10:00
285,21,0,20,0,08-03-2026 10:00
285,22,17,20,85,30-05-2026 10:00
285,23,18,20,90,17-04-2026 10:00
285,24,9,20,45,09-02-2026 10:00
285,25,6,20,30,26-03-2026 10:00
286,26,7,20,35,08-04-2026 10:00
286,27,18,20,90,04-03-2026 10:00
286,28,15,20,75,21-05-2026 10:00
286,29,20,20,100,25-06-2026 10:00
286,30,10,20,50,07-03-2026 10:00
287,31,15,20,75,14-06-2026 10:00
287,32,15,20,75,28-04-2026 10:00
287,33,5,20,25,01-04-2026 10:00
287,34,5,20,25,05-02-2026 10:00
287,35,17,20,85,06-05-2026 10:00
288,36,5,20,25,19-05-2026 10:00
288,37,20,20,100,16-01-2026 10:00
288,38,16,20,80,09-01-2026 10:00
288,39,2,20,10,21-06-2026 10:00
288,40,1,20,5,02-01-2026 10:00
289,41,13,20,65,05-02-2026 10:00
289,42,20,20,100,01-03-2026 10:00
289,43,2,20,10,08-02-2026 10:00
289,44,0,20,0,25-02-2026 10:00
289,45,16,20,80,27-04-2026 10:00
290,46,11,20,55,16-01-2026 10:00
290,47,19,20,95,13-06-2026 10:00
290,48,19,20,95,04-05-2026 10:00
290,49,15,20,75,05-01-2026 10:00
290,50,0,20,0,17-05-2026 10:00
291,51,17,20,85,16-04-2026 10:00
291,52,0,20,0,05-01-2026 10:00
291,53,16,20,80,12-03-2026 10:00
291,54,17,20,85,15-03-2026 10:00
291,55,0,20,0,09-05-2026 10:00
292,56,13,20,65,15-02-2026 10:00
292,57,3,20,15,25-01-2026 10:00
292,58,16,20,80,08-02-2026 10:00
292,59,7,20,35,19-02-2026 10:00
292,60,19,20,95,15-05-2026 10:00
293,61,8,20,40,01-04-2026 10:00
293,62,8,20,40,12-04-2026 10:00
293,63,2,20,10,06-04-2026 10:00
293,64,12,20,60,28-04-2026 10:00
293,65,18,20,90,04-03-2026 10:00
294,66,7,20,35,18-03-2026 10:00
294,67,2,20,10,17-06-2026 10:00
294,68,20,20,100,09-01-2026 10:00
294,69,2,20,10,14-04-2026 10:00
294,70,12,20,60,07-04-2026 10:00
295,71,17,20,85,02-05-2026 10:00
295,72,1,20,5,13-06-2026 10:00
295,73,0,20,0,29-06-2026 10:00
295,74,5,20,25,22-01-2026 10:00
295,75,15,20,75,22-04-2026 10:00
296,76,20,20,100,26-03-2026 10:00
296,77,18,20,90,25-01-2026 10:00
296,78,16,20,80,11-01-2026 10:00
296,79,7,20,35,24-02-2026 10:00
296,80,18,20,90,02-05-2026 10:00
297,81,8,20,40,12-01-2026 10:00
297,82,2,20,10,25-06-2026 10:00
297,83,8,20,40,20-05-2026 10:00
297,84,18,20,90,18-06-2026 10:00
297,85,1,20,5,15-02-2026 10:00
298,86,10,20,50,05-01-2026 10:00
298,87,6,20,30,31-05-2026 10:00
298,88,4,20,20,12-04-2026 10:00
298,89,2,20,10,18-03-2026 10:00
298,90,5,20,25,25-05-2026 10:00
299,91,7,20,35,26-05-2026 10:00
299,92,12,20,60,23-06-2026 10:00
299,93,17,20,85,26-03-2026 10:00
299,94,12,20,60,05-02-2026 10:00
299,95,2,20,10,09-05-2026 10:00
300,96,11,20,55,14-01-2026 10:00
300,97,3,20,15,22-04-2026 10:00
300,98,7,20,35,20-01-2026 10:00
300,99,10,20,50,04-06-2026 10:00
300,100,19,20,95,02-06-2026 10:00
301,1,12,20,60,25-03-2026 10:00
301,2,0,20,0,12-06-2026 10:00
301,3,8,20,40,26-04-2026 10:00
301,4,15,20,75,28-02-2026 10:00
301,5,11,20,55,22-05-2026 10:00
302,6,12,20,60,21-04-2026 10:00
302,7,5,20,25,24-06-2026 10:00
302,8,18,20,90,19-06-2026 10:00
302,9,12,20,60,22-01-2026 10:00
302,10,19,20,95,17-03-2026 10:00
303,11,7,20,35,19-01-2026 10:00
303,12,2,20,10,10-03-2026 10:00
303,13,4,20,20,08-04-2026 10:00
303,14,20,20,100,09-02-2026 10:00
303,15,12,20,60,23-03-2026 10:00
304,16,11,20,55,28-01-2026 10:00
304,17,2,20,10,02-01-2026 10:00
304,18,9,20,45,24-04-2026 10:00
304,19,11,20,55,11-03-2026 10:00
304,20,3,20,15,03-02-2026 10:00
305,21,2,20,10,17-02-2026 10:00
305,22,13,20,65,25-04-2026 10:00
305,23,17,20,85,23-05-2026 10:00
305,24,16,20,80,15-04-2026 10:00
305,25,3,20,15,07-01-2026 10:00
306,26,2,20,10,01-04-2026 10:00
306,27,17,20,85,24-01-2026 10:00
306,28,19,20,95,03-06-2026 10:00
306,29,10,20,50,09-04-2026 10:00
306,30,0,20,0,16-03-2026 10:00
307,31,13,20,65,10-04-2026 10:00
307,32,2,20,10,24-05-2026 10:00
307,33,7,20,35,27-05-2026 10:00
307,34,16,20,80,13-02-2026 10:00
307,35,12,20,60,13-02-2026 10:00
308,36,4,20,20,10-03-2026 10:00
308,37,9,20,45,10-03-2026 10:00
308,38,15,20,75,07-02-2026 10:00
308,39,2,20,10,12-02-2026 10:00
308,40,13,20,65,12-03-2026 10:00
309,41,13,20,65,18-03-2026 10:00
309,42,15,20,75,20-01-2026 10:00
309,43,11,20,55,06-03-2026 10:00
309,44,7,20,35,10-06-2026 10:00
309,45,15,20,75,02-06-2026 10:00
310,46,19,20,95,20-02-2026 10:00
310,47,14,20,70,28-01-2026 10:00
310,48,4,20,20,19-03-2026 10:00
310,49,0,20,0,12-04-2026 10:00
310,50,10,20,50,08-06-2026 10:00
311,51,12,20,60,26-03-2026 10:00
311,52,14,20,70,27-03-2026 10:00
311,53,13,20,65,16-06-2026 10:00
311,54,19,20,95,04-02-2026 10:00
311,55,9,20,45,24-03-2026 10:00
312,56,19,20,95,27-06-2026 10:00
312,57,6,20,30,03-05-2026 10:00
312,58,10,20,50,15-02-2026 10:00
312,59,12,20,60,23-03-2026 10:00
312,60,9,20,45,27-06-2026 10:00
313,61,20,20,100,06-05-2026 10:00
313,62,18,20,90,04-03-2026 10:00
313,63,10,20,50,07-04-2026 10:00
313,64,8,20,40,11-04-2026 10:00
313,65,11,20,55,30-01-2026 10:00
314,66,18,20,90,21-02-2026 10:00
314,67,18,20,90,20-05-2026 10:00
314,68,5,20,25,24-06-2026 10:00
314,69,17,20,85,07-01-2026 10:00
314,70,14,20,70,23-02-2026 10:00
315,71,14,20,70,16-03-2026 10:00
315,72,2,20,10,15-04-2026 10:00
315,73,15,20,75,05-02-2026 10:00
315,74,20,20,100,19-03-2026 10:00
315,75,7,20,35,06-03-2026 10:00
316,76,4,20,20,19-04-2026 10:00
316,77,12,20,60,19-01-2026 10:00
316,78,14,20,70,03-06-2026 10:00
316,79,15,20,75,30-05-2026 10:00
316,80,12,20,60,17-05-2026 10:00
317,81,16,20,80,27-06-2026 10:00
317,82,13,20,65,20-05-2026 10:00
317,83,1,20,5,03-04-2026 10:00
317,84,17,20,85,02-06-2026 10:00
317,85,20,20,100,22-01-2026 10:00
318,86,3,20,15,05-03-2026 10:00
318,87,11,20,55,12-02-2026 10:00
318,88,20,20,100,06-06-2026 10:00
318,89,1,20,5,25-05-2026 10:00
318,90,20,20,100,23-06-2026 10:00
319,91,20,20,100,13-04-2026 10:00
319,92,10,20,50,21-04-2026 10:00
319,93,3,20,15,03-01-2026 10:00
319,94,3,20,15,08-03-2026 10:00
319,95,7,20,35,11-05-2026 10:00
320,96,16,20,80,23-05-2026 10:00
320,97,18,20,90,26-06-2026 10:00
320,98,18,20,90,26-02-2026 10:00
320,99,14,20,70,06-04-2026 10:00
320,100,12,20,60,29-04-2026 10:00
321,1,18,20,90,26-06-2026 10:00
321,2,16,20,80,08-02-2026 10:00
321,3,11,20,55,07-01-2026 10:00
321,4,15,20,75,27-01-2026 10:00
321,5,9,20,45,17-04-2026 10:00
322,6,2,20,10,30-01-2026 10:00
322,7,4,20,20,31-03-2026 10:00
322,8,9,20,45,29-03-2026 10:00
322,9,14,20,70,22-02-2026 10:00
322,10,16,20,80,04-05-2026 10:00
323,11,11,20,55,02-05-2026 10:00
323,12,3,20,15,23-04-2026 10:00
323,13,14,20,70,23-03-2026 10:00
323,14,2,20,10,18-03-2026 10:00
323,15,1,20,5,30-01-2026 10:00
324,16,0,20,0,29-03-2026 10:00
324,17,20,20,100,28-01-2026 10:00
324,18,5,20,25,04-03-2026 10:00
324,19,16,20,80,14-02-2026 10:00
324,20,17,20,85,10-02-2026 10:00
325,21,10,20,50,24-05-2026 10:00
325,22,13,20,65,29-04-2026 10:00
325,23,7,20,35,14-04-2026 10:00
325,24,20,20,100,17-02-2026 10:00
325,25,5,20,25,13-06-2026 10:00
326,26,13,20,65,12-04-2026 10:00
326,27,0,20,0,07-06-2026 10:00
326,28,6,20,30,26-04-2026 10:00
326,29,18,20,90,20-04-2026 10:00
326,30,12,20,60,02-01-2026 10:00
327,31,6,20,30,22-02-2026 10:00
327,32,8,20,40,30-06-2026 10:00
327,33,2,20,10,28-05-2026 10:00
327,34,3,20,15,18-05-2026 10:00
327,35,5,20,25,04-04-2026 10:00
328,36,10,20,50,20-02-2026 10:00
328,37,14,20,70,30-01-2026 10:00
328,38,8,20,40,21-06-2026 10:00
328,39,15,20,75,16-05-2026 10:00
328,40,20,20,100,22-03-2026 10:00
329,41,19,20,95,10-04-2026 10:00
329,42,19,20,95,11-04-2026 10:00
329,43,18,20,90,30-01-2026 10:00
329,44,11,20,55,01-04-2026 10:00
329,45,14,20,70,08-06-2026 10:00
330,46,5,20,25,22-06-2026 10:00
330,47,9,20,45,07-06-2026 10:00
330,48,18,20,90,22-01-2026 10:00
330,49,4,20,20,22-03-2026 10:00
330,50,3,20,15,03-03-2026 10:00
331,51,9,20,45,30-01-2026 10:00
331,52,5,20,25,06-04-2026 10:00
331,53,4,20,20,11-05-2026 10:00
331,54,12,20,60,18-04-2026 10:00
331,55,19,20,95,05-02-2026 10:00
332,56,18,20,90,09-04-2026 10:00
332,57,13,20,65,17-02-2026 10:00
332,58,15,20,75,12-06-2026 10:00
332,59,17,20,85,27-06-2026 10:00
332,60,20,20,100,14-02-2026 10:00
333,61,17,20,85,12-02-2026 10:00
333,62,15,20,75,15-03-2026 10:00
333,63,4,20,20,17-02-2026 10:00
333,64,10,20,50,26-04-2026 10:00
333,65,19,20,95,14-01-2026 10:00
334,66,11,20,55,03-01-2026 10:00
334,67,15,20,75,04-02-2026 10:00
334,68,6,20,30,09-04-2026 10:00
334,69,17,20,85,10-05-2026 10:00
334,70,20,20,100,07-05-2026 10:00
335,71,13,20,65,25-06-2026 10:00
335,72,15,20,75,17-04-2026 10:00
335,73,14,20,70,06-05-2026 10:00
335,74,5,20,25,22-01-2026 10:00
335,75,18,20,90,08-01-2026 10:00
336,76,7,20,35,16-03-2026 10:00
336,77,1,20,5,12-03-2026 10:00
336,78,7,20,35,18-05-2026 10:00
336,79,9,20,45,13-02-2026 10:00
336,80,14,20,70,25-05-2026 10:00
337,81,15,20,75,21-05-2026 10:00
337,82,16,20,80,29-01-2026 10:00
337,83,18,20,90,30-01-2026 10:00
337,84,8,20,40,20-05-2026 10:00
337,85,11,20,55,19-05-2026 10:00
338,86,1,20,5,23-04-2026 10:00
338,87,17,20,85,25-02-2026 10:00
338,88,13,20,65,27-01-2026 10:00
338,89,20,20,100,05-03-2026 10:00
338,90,9,20,45,09-01-2026 10:00
339,91,14,20,70,09-03-2026 10:00
339,92,11,20,55,23-01-2026 10:00
339,93,14,20,70,31-01-2026 10:00
339,94,7,20,35,23-02-2026 10:00
339,95,18,20,90,26-06-2026 10:00
340,96,11,20,55,06-06-2026 10:00
340,97,20,20,100,20-04-2026 10:00
340,98,5,20,25,07-06-2026 10:00
340,99,4,20,20,22-02-2026 10:00
340,100,6,20,30,16-01-2026 10:00
341,1,18,20,90,31-03-2026 10:00
341,2,17,20,85,13-03-2026 10:00
341,3,19,20,95,18-05-2026 10:00
341,4,5,20,25,24-03-2026 10:00
341,5,9,20,45,16-03-2026 10:00
342,6,18,20,90,10-03-2026 10:00
342,7,16,20,80,23-06-2026 10:00
342,8,3,20,15,04-02-2026 10:00
342,9,13,20,65,16-01-2026 10:00
342,10,8,20,40,17-06-2026 10:00
343,11,4,20,20,29-06-2026 10:00
343,12,4,20,20,05-03-2026 10:00
343,13,4,20,20,24-03-2026 10:00
343,14,7,20,35,23-06-2026 10:00
343,15,12,20,60,06-05-2026 10:00
344,16,4,20,20,28-05-2026 10:00
344,17,20,20,100,10-03-2026 10:00
344,18,20,20,100,17-04-2026 10:00
344,19,12,20,60,26-04-2026 10:00
344,20,2,20,10,12-06-2026 10:00
345,21,2,20,10,14-04-2026 10:00
345,22,16,20,80,13-03-2026 10:00
345,23,11,20,55,27-04-2026 10:00
345,24,15,20,75,25-03-2026 10:00
345,25,18,20,90,01-01-2026 10:00
346,26,2,20,10,28-04-2026 10:00
346,27,20,20,100,20-06-2026 10:00
346,28,11,20,55,17-01-2026 10:00
346,29,17,20,85,12-04-2026 10:00
346,30,6,20,30,20-04-2026 10:00
347,31,6,20,30,07-05-2026 10:00
347,32,8,20,40,24-03-2026 10:00
347,33,9,20,45,28-03-2026 10:00
347,34,17,20,85,28-05-2026 10:00
347,35,4,20,20,25-05-2026 10:00
348,36,15,20,75,29-03-2026 10:00
348,37,1,20,5,12-01-2026 10:00
348,38,3,20,15,10-06-2026 10:00
348,39,14,20,70,05-01-2026 10:00
348,40,3,20,15,10-02-2026 10:00
349,41,14,20,70,27-04-2026 10:00
349,42,0,20,0,20-04-2026 10:00
349,43,6,20,30,26-06-2026 10:00
349,44,4,20,20,16-06-2026 10:00
349,45,9,20,45,10-02-2026 10:00
350,46,8,20,40,24-01-2026 10:00
350,47,20,20,100,03-04-2026 10:00
350,48,8,20,40,22-01-2026 10:00
350,49,11,20,55,20-06-2026 10:00
350,50,20,20,100,12-02-2026 10:00
351,51,1,20,5,12-04-2026 10:00
351,52,20,20,100,20-03-2026 10:00
351,53,7,20,35,20-04-2026 10:00
351,54,20,20,100,24-01-2026 10:00
351,55,3,20,15,01-01-2026 10:00
352,56,6,20,30,03-05-2026 10:00
352,57,2,20,10,03-02-2026 10:00
352,58,18,20,90,27-02-2026 10:00
352,59,16,20,80,24-06-2026 10:00
352,60,14,20,70,03-01-2026 10:00
353,61,0,20,0,28-06-2026 10:00
353,62,10,20,50,31-01-2026 10:00
353,63,13,20,65,27-06-2026 10:00
353,64,4,20,20,03-05-2026 10:00
353,65,2,20,10,28-02-2026 10:00
354,66,12,20,60,23-01-2026 10:00
354,67,3,20,15,27-01-2026 10:00
354,68,10,20,50,05-04-2026 10:00
354,69,9,20,45,05-02-2026 10:00
354,70,12,20,60,04-02-2026 10:00
355,71,20,20,100,23-06-2026 10:00
355,72,4,20,20,18-01-2026 10:00
355,73,16,20,80,25-05-2026 10:00
355,74,0,20,0,06-06-2026 10:00
355,75,20,20,100,12-02-2026 10:00
356,76,14,20,70,31-03-2026 10:00
356,77,6,20,30,10-06-2026 10:00
356,78,4,20,20,16-04-2026 10:00
356,79,19,20,95,25-06-2026 10:00
356,80,14,20,70,25-02-2026 10:00
357,81,2,20,10,26-01-2026 10:00
357,82,4,20,20,01-02-2026 10:00
357,83,18,20,90,09-04-2026 10:00
357,84,11,20,55,20-04-2026 10:00
357,85,10,20,50,05-02-2026 10:00
358,86,7,20,35,12-03-2026 10:00
358,87,20,20,100,22-01-2026 10:00
358,88,7,20,35,22-05-2026 10:00
358,89,19,20,95,03-06-2026 10:00
358,90,19,20,95,14-03-2026 10:00
359,91,0,20,0,18-06-2026 10:00
359,92,9,20,45,22-02-2026 10:00
359,93,16,20,80,05-06-2026 10:00
359,94,16,20,80,18-02-2026 10:00
359,95,12,20,60,17-03-2026 10:00
360,96,20,20,100,14-01-2026 10:00
360,97,7,20,35,07-05-2026 10:00
360,98,12,20,60,29-01-2026 10:00
360,99,7,20,35,08-05-2026 10:00
360,100,20,20,100,02-06-2026 10:00
361,1,2,20,10,16-05-2026 10:00
361,2,0,20,0,03-04-2026 10:00
361,3,10,20,50,03-02-2026 10:00
361,4,12,20,60,26-05-2026 10:00
361,5,13,20,65,04-04-2026 10:00
362,6,17,20,85,24-06-2026 10:00
362,7,5,20,25,01-05-2026 10:00
362,8,2,20,10,05-01-2026 10:00
362,9,18,20,90,18-01-2026 10:00
362,10,0,20,0,09-03-2026 10:00
363,11,6,20,30,11-01-2026 10:00
363,12,1,20,5,12-04-2026 10:00
363,13,16,20,80,15-03-2026 10:00
363,14,20,20,100,09-05-2026 10:00
363,15,13,20,65,19-04-2026 10:00
364,16,12,20,60,22-01-2026 10:00
364,17,20,20,100,18-05-2026 10:00
364,18,17,20,85,07-06-2026 10:00
364,19,4,20,20,13-03-2026 10:00
364,20,2,20,10,21-03-2026 10:00
365,21,2,20,10,11-05-2026 10:00
365,22,6,20,30,09-02-2026 10:00
365,23,17,20,85,25-03-2026 10:00
365,24,12,20,60,31-05-2026 10:00
365,25,20,20,100,16-06-2026 10:00
366,26,20,20,100,17-01-2026 10:00
366,27,9,20,45,28-06-2026 10:00
366,28,13,20,65,03-03-2026 10:00
366,29,1,20,5,04-03-2026 10:00
366,30,2,20,10,22-04-2026 10:00
367,31,3,20,15,27-04-2026 10:00
367,32,19,20,95,05-06-2026 10:00
367,33,1,20,5,21-03-2026 10:00
367,34,5,20,25,31-01-2026 10:00
367,35,0,20,0,05-02-2026 10:00
368,36,0,20,0,11-02-2026 10:00
368,37,15,20,75,30-03-2026 10:00
368,38,16,20,80,13-05-2026 10:00
368,39,8,20,40,12-02-2026 10:00
368,40,11,20,55,02-02-2026 10:00
369,41,8,20,40,31-01-2026 10:00
369,42,0,20,0,27-03-2026 10:00
369,43,13,20,65,11-03-2026 10:00
369,44,16,20,80,17-01-2026 10:00
369,45,8,20,40,28-05-2026 10:00
370,46,20,20,100,20-01-2026 10:00
370,47,15,20,75,27-04-2026 10:00
370,48,16,20,80,03-04-2026 10:00
370,49,1,20,5,08-05-2026 10:00
370,50,18,20,90,12-02-2026 10:00
371,51,11,20,55,10-02-2026 10:00
371,52,8,20,40,27-01-2026 10:00
371,53,18,20,90,22-06-2026 10:00
371,54,3,20,15,28-02-2026 10:00
371,55,16,20,80,01-01-2026 10:00
372,56,1,20,5,04-01-2026 10:00
372,57,7,20,35,12-01-2026 10:00
372,58,15,20,75,04-04-2026 10:00
372,59,12,20,60,08-02-2026 10:00
372,60,5,20,25,10-01-2026 10:00
373,61,17,20,85,17-06-2026 10:00
373,62,13,20,65,27-02-2026 10:00
373,63,10,20,50,05-03-2026 10:00
373,64,13,20,65,23-03-2026 10:00
373,65,8,20,40,20-01-2026 10:00
374,66,18,20,90,06-04-2026 10:00
374,67,3,20,15,09-05-2026 10:00
374,68,1,20,5,15-02-2026 10:00
374,69,7,20,35,13-05-2026 10:00
374,70,1,20,5,13-04-2026 10:00
375,71,2,20,10,30-04-2026 10:00
375,72,9,20,45,21-03-2026 10:00
375,73,10,20,50,23-01-2026 10:00
375,74,17,20,85,27-04-2026 10:00
375,75,0,20,0,05-04-2026 10:00
376,76,6,20,30,16-03-2026 10:00
376,77,18,20,90,19-03-2026 10:00
376,78,19,20,95,04-03-2026 10:00
376,79,14,20,70,05-04-2026 10:00
376,80,18,20,90,07-05-2026 10:00
377,81,6,20,30,20-05-2026 10:00
377,82,7,20,35,08-02-2026 10:00
377,83,0,20,0,15-04-2026 10:00
377,84,0,20,0,01-03-2026 10:00
377,85,17,20,85,30-03-2026 10:00
378,86,20,20,100,27-06-2026 10:00
378,87,0,20,0,27-03-2026 10:00
378,88,0,20,0,18-06-2026 10:00
378,89,12,20,60,20-03-2026 10:00
378,90,3,20,15,22-02-2026 10:00
379,91,16,20,80,02-03-2026 10:00
379,92,13,20,65,06-05-2026 10:00
379,93,1,20,5,06-02-2026 10:00
379,94,8,20,40,24-01-2026 10:00
379,95,1,20,5,01-03-2026 10:00
380,96,16,20,80,16-04-2026 10:00
380,97,11,20,55,28-04-2026 10:00
380,98,2,20,10,29-05-2026 10:00
380,99,3,20,15,10-05-2026 10:00
380,100,4,20,20,13-06-2026 10:00
381,1,12,20,60,20-01-2026 10:00
381,2,18,20,90,26-05-2026 10:00
381,3,1,20,5,22-04-2026 10:00
381,4,4,20,20,02-03-2026 10:00
381,5,9,20,45,08-03-2026 10:00
382,6,10,20,50,11-04-2026 10:00
382,7,10,20,50,23-03-2026 10:00
382,8,14,20,70,11-03-2026 10:00
382,9,7,20,35,20-01-2026 10:00
382,10,6,20,30,04-02-2026 10:00
383,11,18,20,90,28-01-2026 10:00
383,12,4,20,20,28-01-2026 10:00
383,13,5,20,25,26-04-2026 10:00
383,14,14,20,70,22-03-2026 10:00
383,15,13,20,65,31-01-2026 10:00
384,16,17,20,85,02-04-2026 10:00
384,17,6,20,30,26-04-2026 10:00
384,18,9,20,45,29-04-2026 10:00
384,19,8,20,40,31-01-2026 10:00
384,20,2,20,10,10-02-2026 10:00
385,21,9,20,45,30-06-2026 10:00
385,22,19,20,95,11-01-2026 10:00
385,23,6,20,30,25-03-2026 10:00
385,24,4,20,20,24-01-2026 10:00
385,25,7,20,35,02-04-2026 10:00
386,26,12,20,60,12-05-2026 10:00
386,27,1,20,5,23-06-2026 10:00
386,28,9,20,45,08-03-2026 10:00
386,29,5,20,25,08-01-2026 10:00
386,30,12,20,60,26-04-2026 10:00
387,31,17,20,85,21-05-2026 10:00
387,32,7,20,35,25-01-2026 10:00
387,33,14,20,70,27-01-2026 10:00
387,34,4,20,20,01-02-2026 10:00
387,35,0,20,0,16-01-2026 10:00
388,36,7,20,35,03-02-2026 10:00
388,37,6,20,30,13-04-2026 10:00
388,38,11,20,55,25-06-2026 10:00
388,39,20,20,100,15-06-2026 10:00
388,40,2,20,10,30-05-2026 10:00
389,41,18,20,90,08-03-2026 10:00
389,42,2,20,10,06-01-2026 10:00
389,43,2,20,10,20-02-2026 10:00
389,44,20,20,100,24-04-2026 10:00
389,45,4,20,20,24-01-2026 10:00
390,46,10,20,50,01-02-2026 10:00
390,47,1,20,5,29-04-2026 10:00
390,48,1,20,5,13-02-2026 10:00
390,49,18,20,90,21-04-2026 10:00
390,50,12,20,60,08-05-2026 10:00
391,51,0,20,0,08-04-2026 10:00
391,52,13,20,65,14-02-2026 10:00
391,53,11,20,55,24-02-2026 10:00
391,54,5,20,25,12-03-2026 10:00
391,55,8,20,40,25-04-2026 10:00
392,56,4,20,20,09-01-2026 10:00
392,57,19,20,95,08-06-2026 10:00
392,58,19,20,95,04-03-2026 10:00
392,59,20,20,100,17-03-2026 10:00
392,60,15,20,75,16-04-2026 10:00
393,61,17,20,85,03-05-2026 10:00
393,62,1,20,5,23-01-2026 10:00
393,63,8,20,40,09-04-2026 10:00
393,64,4,20,20,18-04-2026 10:00
393,65,6,20,30,14-06-2026 10:00
394,66,16,20,80,05-03-2026 10:00
394,67,20,20,100,20-05-2026 10:00
394,68,0,20,0,08-04-2026 10:00
394,69,11,20,55,03-05-2026 10:00
394,70,17,20,85,05-05-2026 10:00
395,71,11,20,55,25-05-2026 10:00
395,72,16,20,80,24-03-2026 10:00
395,73,12,20,60,11-03-2026 10:00
395,74,5,20,25,07-01-2026 10:00
395,75,10,20,50,02-06-2026 10:00
396,76,7,20,35,08-01-2026 10:00
396,77,8,20,40,15-01-2026 10:00
396,78,15,20,75,16-05-2026 10:00
396,79,11,20,55,30-05-2026 10:00
396,80,7,20,35,10-02-2026 10:00
397,81,3,20,15,05-03-2026 10:00
397,82,7,20,35,10-03-2026 10:00
397,83,17,20,85,15-01-2026 10:00
397,84,7,20,35,28-05-2026 10:00
397,85,12,20,60,01-04-2026 10:00
398,86,5,20,25,15-02-2026 10:00
398,87,7,20,35,01-06-2026 10:00
398,88,10,20,50,28-06-2026 10:00
398,89,11,20,55,01-06-2026 10:00
398,90,0,20,0,30-06-2026 10:00
399,91,11,20,55,26-05-2026 10:00
399,92,18,20,90,06-02-2026 10:00
399,93,18,20,90,18-02-2026 10:00
399,94,15,20,75,19-05-2026 10:00
399,95,9,20,45,14-02-2026 10:00
400,96,15,20,75,10-01-2026 10:00
400,97,2,20,10,15-01-2026 10:00
400,98,7,20,35,04-06-2026 10:00
400,99,7,20,35,06-01-2026 10:00
400,100,16,20,80,03-05-2026 10:00
401,1,0,20,0,26-03-2026 10:00
401,2,19,20,95,21-02-2026 10:00
401,3,4,20,20,29-03-2026 10:00
401,4,5,20,25,24-03-2026 10:00
401,5,1,20,5,06-01-2026 10:00
402,6,4,20,20,31-05-2026 10:00
402,7,4,20,20,29-01-2026 10:00
402,8,16,20,80,04-04-2026 10:00
402,9,2,20,10,06-04-2026 10:00
402,10,12,20,60,31-05-2026 10:00
403,11,3,20,15,28-03-2026 10:00
403,12,9,20,45,24-03-2026 10:00
403,13,4,20,20,10-02-2026 10:00
403,14,13,20,65,13-06-2026 10:00
403,15,15,20,75,16-06-2026 10:00
404,16,10,20,50,14-02-2026 10:00
404,17,17,20,85,27-06-2026 10:00
404,18,19,20,95,02-04-2026 10:00
404,19,7,20,35,20-06-2026 10:00
404,20,18,20,90,14-02-2026 10:00
405,21,12,20,60,20-03-2026 10:00
405,22,9,20,45,02-02-2026 10:00
405,23,5,20,25,01-01-2026 10:00
405,24,18,20,90,11-04-2026 10:00
405,25,18,20,90,09-01-2026 10:00
406,26,5,20,25,04-06-2026 10:00
406,27,10,20,50,06-06-2026 10:00
406,28,7,20,35,13-06-2026 10:00
406,29,18,20,90,27-01-2026 10:00
406,30,15,20,75,06-02-2026 10:00
407,31,10,20,50,20-01-2026 10:00
407,32,7,20,35,30-03-2026 10:00
407,33,10,20,50,12-02-2026 10:00
407,34,20,20,100,23-01-2026 10:00
407,35,20,20,100,27-03-2026 10:00
408,36,14,20,70,03-01-2026 10:00
408,37,8,20,40,23-02-2026 10:00
408,38,7,20,35,27-06-2026 10:00
408,39,2,20,10,31-03-2026 10:00
408,40,8,20,40,28-01-2026 10:00
409,41,0,20,0,13-01-2026 10:00
409,42,12,20,60,23-04-2026 10:00
409,43,13,20,65,12-02-2026 10:00
409,44,13,20,65,07-05-2026 10:00
409,45,12,20,60,31-03-2026 10:00
410,46,17,20,85,07-04-2026 10:00
410,47,3,20,15,03-05-2026 10:00
410,48,18,20,90,16-06-2026 10:00
410,49,7,20,35,11-02-2026 10:00
410,50,14,20,70,19-01-2026 10:00
411,51,1,20,5,17-03-2026 10:00
411,52,0,20,0,23-03-2026 10:00
411,53,8,20,40,27-01-2026 10:00
411,54,2,20,10,29-03-2026 10:00
411,55,5,20,25,07-04-2026 10:00
412,56,5,20,25,20-01-2026 10:00
412,57,17,20,85,24-01-2026 10:00
412,58,10,20,50,02-06-2026 10:00
412,59,19,20,95,04-05-2026 10:00
412,60,0,20,0,21-04-2026 10:00
413,61,20,20,100,12-02-2026 10:00
413,62,19,20,95,22-04-2026 10:00
413,63,5,20,25,14-01-2026 10:00
413,64,3,20,15,26-03-2026 10:00
413,65,6,20,30,18-02-2026 10:00
414,66,13,20,65,28-06-2026 10:00
414,67,17,20,85,19-05-2026 10:00
414,68,8,20,40,19-06-2026 10:00
414,69,9,20,45,18-03-2026 10:00
414,70,7,20,35,25-01-2026 10:00
415,71,1,20,5,11-04-2026 10:00
415,72,18,20,90,21-05-2026 10:00
415,73,15,20,75,09-02-2026 10:00
415,74,1,20,5,03-04-2026 10:00
415,75,0,20,0,20-04-2026 10:00
416,76,2,20,10,17-03-2026 10:00
416,77,20,20,100,03-06-2026 10:00
416,78,15,20,75,21-02-2026 10:00
416,79,3,20,15,07-01-2026 10:00
416,80,6,20,30,13-02-2026 10:00
417,81,20,20,100,16-03-2026 10:00
417,82,2,20,10,02-05-2026 10:00
417,83,3,20,15,20-03-2026 10:00
417,84,12,20,60,01-05-2026 10:00
417,85,15,20,75,19-06-2026 10:00
418,86,8,20,40,24-01-2026 10:00
418,87,20,20,100,20-05-2026 10:00
418,88,12,20,60,17-02-2026 10:00
418,89,11,20,55,08-04-2026 10:00
418,90,11,20,55,17-02-2026 10:00
419,91,14,20,70,12-01-2026 10:00
419,92,8,20,40,23-04-2026 10:00
419,93,14,20,70,09-03-2026 10:00
419,94,7,20,35,10-03-2026 10:00
419,95,18,20,90,16-01-2026 10:00
420,96,4,20,20,28-06-2026 10:00
420,97,3,20,15,22-01-2026 10:00
420,98,11,20,55,19-05-2026 10:00
420,99,13,20,65,31-05-2026 10:00
420,100,7,20,35,22-05-2026 10:00
421,1,1,20,5,10-04-2026 10:00
421,2,16,20,80,18-04-2026 10:00
421,3,17,20,85,25-06-2026 10:00
421,4,15,20,75,27-05-2026 10:00
421,5,7,20,35,02-05-2026 10:00
422,6,9,20,45,21-01-2026 10:00
422,7,12,20,60,09-01-2026 10:00
422,8,16,20,80,27-05-2026 10:00
422,9,16,20,80,27-05-2026 10:00
422,10,19,20,95,07-02-2026 10:00
423,11,3,20,15,25-04-2026 10:00
423,12,5,20,25,12-02-2026 10:00
423,13,6,20,30,19-02-2026 10:00
423,14,4,20,20,11-01-2026 10:00
423,15,13,20,65,21-01-2026 10:00
424,16,13,20,65,21-02-2026 10:00
424,17,20,20,100,07-02-2026 10:00
424,18,19,20,95,08-03-2026 10:00
424,19,10,20,50,18-01-2026 10:00
424,20,2,20,10,10-04-2026 10:00
425,21,17,20,85,12-04-2026 10:00
425,22,17,20,85,25-03-2026 10:00
425,23,8,20,40,14-05-2026 10:00
425,24,14,20,70,04-01-2026 10:00
425,25,19,20,95,31-05-2026 10:00
426,26,16,20,80,18-04-2026 10:00
426,27,3,20,15,17-04-2026 10:00
426,28,4,20,20,07-02-2026 10:00
426,29,18,20,90,31-05-2026 10:00
426,30,18,20,90,26-01-2026 10:00
427,31,3,20,15,25-05-2026 10:00
427,32,3,20,15,15-03-2026 10:00
427,33,17,20,85,30-03-2026 10:00
427,34,13,20,65,09-03-2026 10:00
427,35,12,20,60,17-06-2026 10:00
428,36,15,20,75,27-05-2026 10:00
428,37,19,20,95,02-05-2026 10:00
428,38,1,20,5,14-02-2026 10:00
428,39,8,20,40,14-04-2026 10:00
428,40,4,20,20,08-06-2026 10:00
429,41,19,20,95,24-06-2026 10:00
429,42,12,20,60,10-01-2026 10:00
429,43,12,20,60,26-03-2026 10:00
429,44,7,20,35,13-01-2026 10:00
429,45,15,20,75,10-03-2026 10:00
430,46,11,20,55,06-01-2026 10:00
430,47,10,20,50,19-03-2026 10:00
430,48,9,20,45,13-03-2026 10:00
430,49,15,20,75,28-06-2026 10:00
430,50,3,20,15,28-02-2026 10:00
431,51,4,20,20,18-03-2026 10:00
431,52,14,20,70,24-03-2026 10:00
431,53,8,20,40,17-04-2026 10:00
431,54,19,20,95,15-06-2026 10:00
431,55,2,20,10,18-02-2026 10:00
432,56,14,20,70,24-02-2026 10:00
432,57,13,20,65,05-05-2026 10:00
432,58,16,20,80,06-04-2026 10:00
432,59,1,20,5,12-05-2026 10:00
432,60,5,20,25,17-01-2026 10:00
433,61,9,20,45,10-05-2026 10:00
433,62,12,20,60,04-02-2026 10:00
433,63,16,20,80,26-05-2026 10:00
433,64,0,20,0,14-02-2026 10:00
433,65,6,20,30,21-02-2026 10:00
434,66,1,20,5,05-03-2026 10:00
434,67,1,20,5,27-04-2026 10:00
434,68,1,20,5,03-04-2026 10:00
434,69,6,20,30,12-03-2026 10:00
434,70,11,20,55,29-04-2026 10:00
435,71,16,20,80,12-04-2026 10:00
435,72,20,20,100,01-02-2026 10:00
435,73,0,20,0,03-03-2026 10:00
435,74,11,20,55,06-05-2026 10:00
435,75,19,20,95,25-04-2026 10:00
436,76,5,20,25,02-05-2026 10:00
436,77,18,20,90,22-05-2026 10:00
436,78,11,20,55,30-03-2026 10:00
436,79,5,20,25,08-03-2026 10:00
436,80,2,20,10,14-03-2026 10:00
437,81,0,20,0,09-04-2026 10:00
437,82,1,20,5,11-02-2026 10:00
437,83,18,20,90,24-02-2026 10:00
437,84,7,20,35,15-06-2026 10:00
437,85,7,20,35,23-06-2026 10:00
438,86,6,20,30,10-03-2026 10:00
438,87,20,20,100,15-04-2026 10:00
438,88,16,20,80,06-01-2026 10:00
438,89,0,20,0,02-05-2026 10:00
438,90,4,20,20,15-06-2026 10:00
439,91,5,20,25,03-06-2026 10:00
439,92,0,20,0,27-02-2026 10:00
439,93,8,20,40,05-06-2026 10:00
439,94,9,20,45,14-06-2026 10:00
439,95,8,20,40,19-04-2026 10:00
440,96,12,20,60,31-03-2026 10:00
440,97,14,20,70,06-03-2026 10:00
440,98,6,20,30,30-04-2026 10:00
440,99,9,20,45,23-06-2026 10:00
440,100,16,20,80,09-06-2026 10:00
441,1,12,20,60,30-05-2026 10:00
441,2,3,20,15,02-01-2026 10:00
441,3,16,20,80,19-06-2026 10:00
441,4,11,20,55,24-05-2026 10:00
441,5,20,20,100,02-06-2026 10:00
442,6,19,20,95,14-03-2026 10:00
442,7,9,20,45,25-06-2026 10:00
442,8,3,20,15,04-05-2026 10:00
442,9,2,20,10,28-03-2026 10:00
442,10,8,20,40,13-06-2026 10:00
443,11,10,20,50,12-03-2026 10:00
443,12,8,20,40,17-06-2026 10:00
443,13,20,20,100,18-03-2026 10:00
443,14,6,20,30,08-02-2026 10:00
443,15,16,20,80,03-03-2026 10:00
444,16,1,20,5,03-06-2026 10:00
444,17,12,20,60,19-06-2026 10:00
444,18,10,20,50,24-06-2026 10:00
444,19,4,20,20,07-01-2026 10:00
444,20,20,20,100,08-05-2026 10:00
445,21,9,20,45,08-03-2026 10:00
445,22,13,20,65,14-04-2026 10:00
445,23,12,20,60,10-01-2026 10:00
445,24,18,20,90,27-05-2026 10:00
445,25,6,20,30,29-03-2026 10:00
446,26,7,20,35,25-06-2026 10:00
446,27,17,20,85,13-06-2026 10:00
446,28,15,20,75,21-06-2026 10:00
446,29,11,20,55,10-05-2026 10:00
446,30,9,20,45,13-02-2026 10:00
447,31,17,20,85,16-02-2026 10:00
447,32,9,20,45,25-01-2026 10:00
447,33,15,20,75,02-02-2026 10:00
447,34,8,20,40,24-05-2026 10:00
447,35,5,20,25,24-06-2026 10:00
448,36,10,20,50,17-06-2026 10:00
448,37,2,20,10,26-02-2026 10:00
448,38,11,20,55,27-02-2026 10:00
448,39,9,20,45,18-04-2026 10:00
448,40,10,20,50,06-04-2026 10:00
449,41,8,20,40,30-05-2026 10:00
449,42,9,20,45,29-04-2026 10:00
449,43,3,20,15,01-05-2026 10:00
449,44,1,20,5,12-06-2026 10:00
449,45,18,20,90,29-05-2026 10:00
450,46,19,20,95,19-01-2026 10:00
450,47,15,20,75,19-02-2026 10:00
450,48,16,20,80,31-01-2026 10:00
450,49,12,20,60,16-05-2026 10:00
450,50,9,20,45,16-04-2026 10:00
451,51,1,20,5,08-02-2026 10:00
451,52,4,20,20,21-02-2026 10:00
451,53,10,20,50,15-04-2026 10:00
451,54,18,20,90,28-04-2026 10:00
451,55,4,20,20,22-03-2026 10:00
452,56,5,20,25,21-01-2026 10:00
452,57,15,20,75,27-03-2026 10:00
452,58,20,20,100,15-02-2026 10:00
452,59,10,20,50,12-06-2026 10:00
452,60,1,20,5,02-01-2026 10:00
453,61,14,20,70,12-03-2026 10:00
453,62,6,20,30,13-02-2026 10:00
453,63,18,20,90,10-02-2026 10:00
453,64,15,20,75,23-01-2026 10:00
453,65,4,20,20,07-06-2026 10:00
454,66,13,20,65,12-06-2026 10:00
454,67,13,20,65,14-04-2026 10:00
454,68,13,20,65,03-05-2026 10:00
454,69,12,20,60,02-01-2026 10:00
454,70,1,20,5,17-05-2026 10:00
455,71,6,20,30,06-04-2026 10:00
455,72,0,20,0,24-03-2026 10:00
455,73,16,20,80,18-02-2026 10:00
455,74,0,20,0,23-06-2026 10:00
455,75,0,20,0,10-06-2026 10:00
456,76,7,20,35,27-02-2026 10:00
456,77,11,20,55,21-03-2026 10:00
456,78,4,20,20,27-01-2026 10:00
456,79,12,20,60,09-05-2026 10:00
456,80,18,20,90,20-03-2026 10:00
457,81,5,20,25,17-01-2026 10:00
457,82,1,20,5,18-03-2026 10:00
457,83,9,20,45,27-04-2026 10:00
457,84,16,20,80,02-06-2026 10:00
457,85,16,20,80,28-03-2026 10:00
458,86,13,20,65,25-06-2026 10:00
458,87,4,20,20,29-03-2026 10:00
458,88,15,20,75,02-04-2026 10:00
458,89,6,20,30,12-02-2026 10:00
458,90,12,20,60,05-01-2026 10:00
459,91,7,20,35,27-02-2026 10:00
459,92,4,20,20,24-02-2026 10:00
459,93,0,20,0,31-05-2026 10:00
459,94,16,20,80,13-02-2026 10:00
459,95,3,20,15,04-04-2026 10:00
460,96,20,20,100,10-01-2026 10:00
460,97,12,20,60,13-06-2026 10:00
460,98,8,20,40,17-05-2026 10:00
460,99,19,20,95,13-01-2026 10:00
460,100,19,20,95,13-01-2026 10:00
461,1,3,20,15,17-06-2026 10:00
461,2,0,20,0,13-01-2026 10:00
461,3,3,20,15,17-04-2026 10:00
461,4,14,20,70,08-04-2026 10:00
461,5,3,20,15,21-05-2026 10:00
462,6,8,20,40,02-05-2026 10:00
462,7,4,20,20,22-02-2026 10:00
462,8,20,20,100,03-01-2026 10:00
462,9,9,20,45,18-04-2026 10:00
462,10,3,20,15,19-06-2026 10:00
463,11,16,20,80,11-03-2026 10:00
463,12,19,20,95,05-06-2026 10:00
463,13,4,20,20,18-04-2026 10:00
463,14,3,20,15,11-05-2026 10:00
463,15,19,20,95,31-01-2026 10:00
464,16,9,20,45,30-01-2026 10:00
464,17,3,20,15,08-05-2026 10:00
464,18,6,20,30,05-06-2026 10:00
464,19,6,20,30,09-03-2026 10:00
464,20,16,20,80,21-02-2026 10:00
465,21,11,20,55,30-06-2026 10:00
465,22,13,20,65,17-03-2026 10:00
465,23,5,20,25,11-01-2026 10:00
465,24,17,20,85,08-05-2026 10:00
465,25,6,20,30,26-06-2026 10:00
466,26,15,20,75,26-03-2026 10:00
466,27,7,20,35,01-01-2026 10:00
466,28,0,20,0,21-06-2026 10:00
466,29,2,20,10,29-01-2026 10:00
466,30,18,20,90,21-06-2026 10:00
467,31,15,20,75,08-02-2026 10:00
467,32,2,20,10,11-05-2026 10:00
467,33,2,20,10,26-01-2026 10:00
467,34,8,20,40,14-06-2026 10:00
467,35,7,20,35,27-04-2026 10:00
468,36,9,20,45,09-03-2026 10:00
468,37,14,20,70,13-01-2026 10:00
468,38,3,20,15,14-02-2026 10:00
468,39,1,20,5,16-03-2026 10:00
468,40,11,20,55,23-06-2026 10:00
469,41,10,20,50,20-04-2026 10:00
469,42,3,20,15,25-01-2026 10:00
469,43,1,20,5,03-01-2026 10:00
469,44,4,20,20,19-06-2026 10:00
469,45,20,20,100,13-02-2026 10:00
470,46,10,20,50,02-04-2026 10:00
470,47,14,20,70,09-06-2026 10:00
470,48,8,20,40,24-01-2026 10:00
470,49,11,20,55,29-03-2026 10:00
470,50,5,20,25,30-01-2026 10:00
471,51,12,20,60,13-04-2026 10:00
471,52,14,20,70,11-03-2026 10:00
471,53,12,20,60,26-06-2026 10:00
471,54,15,20,75,18-04-2026 10:00
471,55,20,20,100,12-02-2026 10:00
472,56,3,20,15,03-02-2026 10:00
472,57,1,20,5,10-02-2026 10:00
472,58,3,20,15,17-04-2026 10:00
472,59,18,20,90,04-05-2026 10:00
472,60,18,20,90,23-06-2026 10:00
473,61,14,20,70,16-02-2026 10:00
473,62,19,20,95,08-04-2026 10:00
473,63,11,20,55,06-06-2026 10:00
473,64,0,20,0,25-06-2026 10:00
473,65,4,20,20,04-05-2026 10:00
474,66,15,20,75,29-01-2026 10:00
474,67,13,20,65,23-04-2026 10:00
474,68,1,20,5,17-01-2026 10:00
474,69,8,20,40,17-06-2026 10:00
474,70,10,20,50,04-01-2026 10:00
475,71,16,20,80,28-05-2026 10:00
475,72,18,20,90,27-02-2026 10:00
475,73,10,20,50,13-05-2026 10:00
475,74,16,20,80,26-06-2026 10:00
475,75,19,20,95,25-01-2026 10:00
476,76,13,20,65,19-06-2026 10:00
476,77,7,20,35,04-05-2026 10:00
476,78,11,20,55,19-06-2026 10:00
476,79,20,20,100,09-04-2026 10:00
476,80,4,20,20,23-05-2026 10:00
477,81,19,20,95,14-01-2026 10:00
477,82,0,20,0,14-06-2026 10:00
477,83,5,20,25,10-05-2026 10:00
477,84,15,20,75,07-05-2026 10:00
477,85,5,20,25,20-01-2026 10:00
478,86,15,20,75,24-03-2026 10:00
478,87,7,20,35,26-03-2026 10:00
478,88,8,20,40,13-01-2026 10:00
478,89,16,20,80,27-02-2026 10:00
478,90,17,20,85,14-06-2026 10:00
479,91,12,20,60,14-04-2026 10:00
479,92,7,20,35,21-01-2026 10:00
479,93,14,20,70,24-04-2026 10:00
479,94,18,20,90,25-04-2026 10:00
479,95,2,20,10,08-05-2026 10:00
480,96,14,20,70,22-03-2026 10:00
480,97,3,20,15,08-05-2026 10:00
480,98,20,20,100,05-01-2026 10:00
480,99,3,20,15,14-04-2026 10:00
480,100,13,20,65,10-01-2026 10:00
481,1,17,20,85,21-05-2026 10:00
481,2,0,20,0,24-01-2026 10:00
481,3,19,20,95,08-06-2026 10:00
481,4,20,20,100,19-03-2026 10:00
481,5,16,20,80,24-05-2026 10:00
482,6,6,20,30,17-06-2026 10:00
482,7,14,20,70,29-03-2026 10:00
482,8,11,20,55,14-01-2026 10:00
482,9,7,20,35,27-04-2026 10:00
482,10,10,20,50,24-05-2026 10:00
483,11,19,20,95,03-06-2026 10:00
483,12,15,20,75,18-06-2026 10:00
483,13,11,20,55,26-04-2026 10:00
483,14,3,20,15,25-01-2026 10:00
483,15,7,20,35,01-01-2026 10:00
484,16,10,20,50,01-04-2026 10:00
484,17,20,20,100,16-03-2026 10:00
484,18,17,20,85,14-05-2026 10:00
484,19,11,20,55,29-06-2026 10:00
484,20,3,20,15,12-01-2026 10:00
485,21,5,20,25,07-05-2026 10:00
485,22,4,20,20,15-04-2026 10:00
485,23,3,20,15,07-03-2026 10:00
485,24,19,20,95,20-02-2026 10:00
485,25,6,20,30,31-01-2026 10:00
486,26,12,20,60,25-02-2026 10:00
486,27,14,20,70,18-02-2026 10:00
486,28,10,20,50,28-01-2026 10:00
486,29,13,20,65,12-01-2026 10:00
486,30,20,20,100,22-06-2026 10:00
487,31,18,20,90,01-02-2026 10:00
487,32,14,20,70,28-04-2026 10:00
487,33,18,20,90,10-05-2026 10:00
487,34,4,20,20,08-05-2026 10:00
487,35,0,20,0,16-05-2026 10:00
488,36,1,20,5,22-05-2026 10:00
488,37,13,20,65,30-05-2026 10:00
488,38,15,20,75,11-05-2026 10:00
488,39,5,20,25,27-06-2026 10:00
488,40,18,20,90,14-02-2026 10:00
489,41,4,20,20,27-01-2026 10:00
489,42,12,20,60,18-06-2026 10:00
489,43,19,20,95,05-06-2026 10:00
489,44,10,20,50,10-05-2026 10:00
489,45,12,20,60,18-04-2026 10:00
490,46,19,20,95,27-06-2026 10:00
490,47,7,20,35,12-03-2026 10:00
490,48,12,20,60,29-03-2026 10:00
490,49,9,20,45,26-04-2026 10:00
490,50,4,20,20,05-02-2026 10:00
491,51,13,20,65,04-06-2026 10:00
491,52,16,20,80,18-03-2026 10:00
491,53,17,20,85,22-03-2026 10:00
491,54,17,20,85,11-06-2026 10:00
491,55,6,20,30,21-02-2026 10:00
492,56,6,20,30,09-06-2026 10:00
492,57,9,20,45,25-06-2026 10:00
492,58,11,20,55,22-06-2026 10:00
492,59,4,20,20,16-06-2026 10:00
492,60,5,20,25,09-05-2026 10:00
493,61,17,20,85,27-06-2026 10:00
493,62,20,20,100,24-03-2026 10:00
493,63,3,20,15,01-04-2026 10:00
493,64,17,20,85,03-05-2026 10:00
493,65,18,20,90,27-05-2026 10:00
494,66,13,20,65,22-06-2026 10:00
494,67,17,20,85,15-03-2026 10:00
494,68,13,20,65,04-01-2026 10:00
494,69,16,20,80,28-01-2026 10:00
494,70,0,20,0,08-04-2026 10:00
495,71,4,20,20,14-01-2026 10:00
495,72,1,20,5,21-02-2026 10:00
495,73,8,20,40,11-02-2026 10:00
495,74,9,20,45,24-06-2026 10:00
495,75,8,20,40,07-02-2026 10:00
496,76,1,20,5,26-06-2026 10:00
496,77,9,20,45,22-02-2026 10:00
496,78,17,20,85,09-01-2026 10:00
496,79,11,20,55,26-04-2026 10:00
496,80,3,20,15,07-06-2026 10:00
497,81,17,20,85,27-02-2026 10:00
497,82,20,20,100,24-05-2026 10:00
497,83,12,20,60,02-03-2026 10:00
497,84,16,20,80,28-06-2026 10:00
497,85,9,20,45,27-06-2026 10:00
498,86,1,20,5,08-04-2026 10:00
498,87,12,20,60,17-04-2026 10:00
498,88,10,20,50,22-05-2026 10:00
498,89,1,20,5,04-01-2026 10:00
498,90,8,20,40,21-02-2026 10:00
499,91,19,20,95,24-04-2026 10:00
499,92,7,20,35,12-06-2026 10:00
499,93,20,20,100,05-04-2026 10:00
499,94,18,20,90,20-05-2026 10:00
499,95,19,20,95,20-02-2026 10:00
500,96,6,20,30,17-03-2026 10:00
500,97,14,20,70,15-02-2026 10:00
500,98,2,20,10,17-02-2026 10:00
500,99,5,20,25,12-05-2026 10:00
500,100,3,20,15,07-04-2026 10:00
501,1,1,20,5,20-04-2026 10:00
501,2,8,20,40,23-05-2026 10:00
501,3,8,20,40,03-02-2026 10:00
501,4,5,20,25,30-05-2026 10:00
501,5,8,20,40,02-01-2026 10:00
502,6,10,20,50,30-04-2026 10:00
502,7,4,20,20,11-01-2026 10:00
502,8,4,20,20,24-03-2026 10:00
502,9,19,20,95,14-01-2026 10:00
502,10,20,20,100,07-06-2026 10:00
503,11,9,20,45,06-05-2026 10:00
503,12,18,20,90,21-05-2026 10:00
503,13,11,20,55,19-01-2026 10:00
503,14,10,20,50,15-05-2026 10:00
503,15,7,20,35,17-02-2026 10:00
504,16,16,20,80,18-01-2026 10:00
504,17,16,20,80,10-02-2026 10:00
504,18,13,20,65,20-05-2026 10:00
504,19,17,20,85,14-04-2026 10:00
504,20,2,20,10,31-03-2026 10:00
505,21,7,20,35,24-02-2026 10:00
505,22,10,20,50,26-03-2026 10:00
505,23,11,20,55,17-03-2026 10:00
505,24,6,20,30,08-06-2026 10:00
505,25,16,20,80,02-05-2026 10:00
506,26,17,20,85,16-06-2026 10:00
506,27,0,20,0,30-01-2026 10:00
506,28,11,20,55,25-04-2026 10:00
506,29,7,20,35,14-06-2026 10:00
506,30,19,20,95,09-06-2026 10:00
507,31,7,20,35,11-01-2026 10:00
507,32,10,20,50,08-04-2026 10:00
507,33,3,20,15,09-04-2026 10:00
507,34,8,20,40,19-05-2026 10:00
507,35,9,20,45,07-01-2026 10:00
508,36,16,20,80,06-04-2026 10:00
508,37,16,20,80,11-05-2026 10:00
508,38,14,20,70,05-05-2026 10:00
508,39,1,20,5,17-03-2026 10:00
508,40,20,20,100,19-02-2026 10:00
509,41,10,20,50,12-05-2026 10:00
509,42,2,20,10,25-01-2026 10:00
509,43,5,20,25,18-05-2026 10:00
509,44,17,20,85,02-01-2026 10:00
509,45,20,20,100,17-01-2026 10:00
510,46,6,20,30,21-06-2026 10:00
510,47,20,20,100,24-02-2026 10:00
510,48,13,20,65,27-01-2026 10:00
510,49,6,20,30,18-05-2026 10:00
510,50,13,20,65,15-06-2026 10:00
511,51,2,20,10,25-06-2026 10:00
511,52,4,20,20,07-01-2026 10:00
511,53,14,20,70,26-03-2026 10:00
511,54,1,20,5,23-01-2026 10:00
511,55,2,20,10,14-01-2026 10:00
512,56,5,20,25,06-03-2026 10:00
512,57,17,20,85,19-01-2026 10:00
512,58,18,20,90,28-02-2026 10:00
512,59,8,20,40,15-04-2026 10:00
512,60,12,20,60,26-04-2026 10:00
513,61,20,20,100,14-04-2026 10:00
513,62,13,20,65,22-03-2026 10:00
513,63,0,20,0,10-04-2026 10:00
513,64,3,20,15,17-05-2026 10:00
513,65,0,20,0,14-06-2026 10:00
514,66,19,20,95,17-01-2026 10:00
514,67,18,20,90,12-01-2026 10:00
514,68,2,20,10,02-04-2026 10:00
514,69,16,20,80,28-01-2026 10:00
514,70,9,20,45,25-06-2026 10:00
515,71,9,20,45,05-06-2026 10:00
515,72,2,20,10,14-03-2026 10:00
515,73,14,20,70,08-04-2026 10:00
515,74,12,20,60,19-06-2026 10:00
515,75,0,20,0,02-05-2026 10:00
516,76,5,20,25,17-05-2026 10:00
516,77,7,20,35,04-02-2026 10:00
516,78,12,20,60,20-05-2026 10:00
516,79,9,20,45,12-06-2026 10:00
516,80,4,20,20,18-03-2026 10:00
517,81,20,20,100,06-04-2026 10:00
517,82,0,20,0,22-05-2026 10:00
517,83,17,20,85,06-02-2026 10:00
517,84,3,20,15,11-01-2026 10:00
517,85,0,20,0,27-05-2026 10:00
518,86,19,20,95,11-04-2026 10:00
518,87,17,20,85,21-05-2026 10:00
518,88,2,20,10,20-03-2026 10:00
518,89,6,20,30,30-03-2026 10:00
518,90,6,20,30,16-04-2026 10:00
519,91,20,20,100,12-05-2026 10:00
519,92,4,20,20,11-02-2026 10:00
519,93,5,20,25,26-02-2026 10:00
519,94,19,20,95,06-03-2026 10:00
519,95,6,20,30,30-01-2026 10:00
520,96,5,20,25,21-06-2026 10:00
520,97,18,20,90,14-01-2026 10:00
520,98,17,20,85,29-04-2026 10:00
520,99,20,20,100,21-05-2026 10:00
520,100,2,20,10,16-03-2026 10:00
521,1,2,20,10,06-03-2026 10:00
521,2,3,20,15,20-02-2026 10:00
521,3,18,20,90,05-05-2026 10:00
521,4,10,20,50,02-04-2026 10:00
521,5,4,20,20,21-06-2026 10:00
522,6,20,20,100,02-03-2026 10:00
522,7,3,20,15,14-03-2026 10:00
522,8,19,20,95,18-01-2026 10:00
522,9,6,20,30,23-03-2026 10:00
522,10,15,20,75,26-04-2026 10:00
523,11,10,20,50,07-06-2026 10:00
523,12,9,20,45,27-06-2026 10:00
523,13,18,20,90,09-02-2026 10:00
523,14,18,20,90,26-05-2026 10:00
523,15,11,20,55,22-03-2026 10:00
524,16,13,20,65,13-02-2026 10:00
524,17,0,20,0,22-03-2026 10:00
524,18,7,20,35,26-02-2026 10:00
524,19,20,20,100,22-04-2026 10:00
524,20,8,20,40,03-04-2026 10:00
525,21,4,20,20,23-06-2026 10:00
525,22,10,20,50,03-05-2026 10:00
525,23,14,20,70,25-04-2026 10:00
525,24,11,20,55,20-03-2026 10:00
525,25,15,20,75,22-05-2026 10:00
526,26,3,20,15,14-02-2026 10:00
526,27,20,20,100,05-06-2026 10:00
526,28,2,20,10,13-03-2026 10:00
526,29,4,20,20,18-05-2026 10:00
526,30,6,20,30,09-03-2026 10:00
527,31,20,20,100,20-01-2026 10:00
527,32,2,20,10,05-01-2026 10:00
527,33,16,20,80,11-06-2026 10:00
527,34,0,20,0,29-05-2026 10:00
527,35,18,20,90,14-04-2026 10:00
528,36,18,20,90,24-02-2026 10:00
528,37,1,20,5,22-05-2026 10:00
528,38,8,20,40,20-05-2026 10:00
528,39,17,20,85,01-05-2026 10:00
528,40,20,20,100,08-02-2026 10:00
529,41,11,20,55,11-04-2026 10:00
529,42,7,20,35,31-05-2026 10:00
529,43,9,20,45,04-02-2026 10:00
529,44,14,20,70,09-05-2026 10:00
529,45,16,20,80,24-01-2026 10:00
530,46,12,20,60,04-04-2026 10:00
530,47,16,20,80,03-01-2026 10:00
530,48,7,20,35,07-06-2026 10:00
530,49,5,20,25,12-05-2026 10:00
530,50,4,20,20,25-04-2026 10:00
531,51,5,20,25,15-02-2026 10:00
531,52,18,20,90,25-05-2026 10:00
531,53,4,20,20,04-05-2026 10:00
531,54,11,20,55,11-01-2026 10:00
531,55,7,20,35,05-05-2026 10:00
532,56,7,20,35,17-01-2026 10:00
532,57,8,20,40,05-04-2026 10:00
532,58,7,20,35,11-01-2026 10:00
532,59,6,20,30,13-05-2026 10:00
532,60,11,20,55,10-04-2026 10:00
533,61,15,20,75,27-04-2026 10:00
533,62,1,20,5,11-01-2026 10:00
533,63,20,20,100,24-03-2026 10:00
533,64,3,20,15,30-06-2026 10:00
533,65,16,20,80,12-06-2026 10:00
534,66,8,20,40,09-03-2026 10:00
534,67,18,20,90,20-05-2026 10:00
534,68,18,20,90,14-02-2026 10:00
534,69,12,20,60,17-06-2026 10:00
534,70,12,20,60,04-04-2026 10:00
535,71,18,20,90,17-06-2026 10:00
535,72,2,20,10,13-05-2026 10:00
535,73,8,20,40,07-04-2026 10:00
535,74,7,20,35,13-05-2026 10:00
535,75,12,20,60,01-04-2026 10:00
536,76,11,20,55,05-05-2026 10:00
536,77,15,20,75,04-06-2026 10:00
536,78,0,20,0,09-05-2026 10:00
536,79,4,20,20,23-04-2026 10:00
536,80,5,20,25,28-02-2026 10:00
537,81,2,20,10,12-05-2026 10:00
537,82,20,20,100,13-03-2026 10:00
537,83,6,20,30,08-02-2026 10:00
537,84,5,20,25,10-02-2026 10:00
537,85,11,20,55,04-06-2026 10:00
538,86,3,20,15,19-06-2026 10:00
538,87,7,20,35,17-04-2026 10:00
538,88,10,20,50,30-01-2026 10:00
538,89,15,20,75,22-06-2026 10:00
538,90,15,20,75,03-05-2026 10:00
539,91,6,20,30,01-06-2026 10:00
539,92,5,20,25,15-06-2026 10:00
539,93,13,20,65,06-01-2026 10:00
539,94,7,20,35,12-01-2026 10:00
539,95,4,20,20,27-05-2026 10:00
540,96,18,20,90,11-02-2026 10:00
540,97,4,20,20,11-06-2026 10:00
540,98,16,20,80,11-01-2026 10:00
540,99,18,20,90,07-02-2026 10:00
540,100,1,20,5,12-02-2026 10:00
541,1,8,20,40,16-02-2026 10:00
541,2,16,20,80,14-04-2026 10:00
541,3,19,20,95,25-05-2026 10:00
541,4,20,20,100,05-01-2026 10:00
541,5,9,20,45,22-01-2026 10:00
542,6,6,20,30,25-04-2026 10:00
542,7,19,20,95,01-05-2026 10:00
542,8,15,20,75,13-02-2026 10:00
542,9,7,20,35,16-04-2026 10:00
542,10,19,20,95,06-02-2026 10:00
543,11,18,20,90,16-02-2026 10:00
543,12,19,20,95,18-06-2026 10:00
543,13,16,20,80,09-03-2026 10:00
543,14,5,20,25,25-06-2026 10:00
543,15,10,20,50,27-04-2026 10:00
544,16,19,20,95,01-06-2026 10:00
544,17,2,20,10,28-02-2026 10:00
544,18,12,20,60,09-04-2026 10:00
544,19,4,20,20,28-01-2026 10:00
544,20,0,20,0,21-02-2026 10:00
545,21,16,20,80,10-05-2026 10:00
545,22,13,20,65,08-02-2026 10:00
545,23,19,20,95,25-01-2026 10:00
545,24,5,20,25,02-05-2026 10:00
545,25,19,20,95,03-06-2026 10:00
546,26,1,20,5,17-05-2026 10:00
546,27,16,20,80,31-01-2026 10:00
546,28,2,20,10,04-05-2026 10:00
546,29,4,20,20,04-06-2026 10:00
546,30,17,20,85,01-01-2026 10:00
547,31,20,20,100,21-04-2026 10:00
547,32,16,20,80,18-04-2026 10:00
547,33,11,20,55,12-01-2026 10:00
547,34,16,20,80,20-04-2026 10:00
547,35,7,20,35,04-05-2026 10:00
548,36,12,20,60,31-03-2026 10:00
548,37,18,20,90,28-06-2026 10:00
548,38,18,20,90,26-01-2026 10:00
548,39,13,20,65,04-02-2026 10:00
548,40,8,20,40,03-05-2026 10:00
549,41,7,20,35,22-01-2026 10:00
549,42,9,20,45,03-06-2026 10:00
549,43,17,20,85,15-04-2026 10:00
549,44,8,20,40,18-02-2026 10:00
549,45,0,20,0,02-01-2026 10:00
550,46,18,20,90,14-05-2026 10:00
550,47,3,20,15,14-05-2026 10:00
550,48,0,20,0,07-04-2026 10:00
550,49,20,20,100,22-02-2026 10:00
550,50,10,20,50,15-04-2026 10:00
551,51,11,20,55,28-01-2026 10:00
551,52,4,20,20,20-04-2026 10:00
551,53,20,20,100,30-05-2026 10:00
551,54,8,20,40,08-03-2026 10:00
551,55,17,20,85,19-04-2026 10:00
552,56,18,20,90,04-04-2026 10:00
552,57,19,20,95,12-03-2026 10:00
552,58,12,20,60,22-02-2026 10:00
552,59,13,20,65,22-05-2026 10:00
552,60,17,20,85,04-05-2026 10:00
553,61,5,20,25,05-04-2026 10:00
553,62,17,20,85,23-05-2026 10:00
553,63,15,20,75,06-03-2026 10:00
553,64,9,20,45,28-05-2026 10:00
553,65,11,20,55,30-06-2026 10:00
554,66,12,20,60,05-02-2026 10:00
554,67,3,20,15,28-02-2026 10:00
554,68,14,20,70,29-06-2026 10:00
554,69,5,20,25,26-01-2026 10:00
554,70,6,20,30,11-05-2026 10:00
555,71,12,20,60,28-03-2026 10:00
555,72,17,20,85,07-06-2026 10:00
555,73,1,20,5,11-02-2026 10:00
555,74,12,20,60,12-06-2026 10:00
555,75,0,20,0,24-01-2026 10:00
556,76,4,20,20,01-05-2026 10:00
556,77,19,20,95,22-04-2026 10:00
556,78,2,20,10,17-01-2026 10:00
556,79,8,20,40,26-02-2026 10:00
556,80,11,20,55,21-01-2026 10:00
557,81,19,20,95,10-01-2026 10:00
557,82,12,20,60,13-04-2026 10:00
557,83,19,20,95,17-06-2026 10:00
557,84,16,20,80,15-03-2026 10:00
557,85,19,20,95,15-01-2026 10:00
558,86,5,20,25,13-06-2026 10:00
558,87,15,20,75,23-04-2026 10:00
558,88,0,20,0,21-02-2026 10:00
558,89,16,20,80,15-03-2026 10:00
558,90,6,20,30,09-01-2026 10:00
559,91,19,20,95,11-05-2026 10:00
559,92,16,20,80,28-06-2026 10:00
559,93,7,20,35,07-06-2026 10:00
559,94,5,20,25,22-06-2026 10:00
559,95,1,20,5,03-04-2026 10:00
560,96,7,20,35,17-06-2026 10:00
560,97,0,20,0,10-02-2026 10:00
560,98,2,20,10,12-03-2026 10:00
560,99,12,20,60,01-04-2026 10:00
560,100,12,20,60,14-04-2026 10:00
561,1,18,20,90,21-02-2026 10:00
561,2,16,20,80,04-01-2026 10:00
561,3,2,20,10,24-01-2026 10:00
561,4,17,20,85,14-03-2026 10:00
561,5,17,20,85,30-05-2026 10:00
562,6,11,20,55,30-03-2026 10:00
562,7,8,20,40,27-02-2026 10:00
562,8,19,20,95,19-02-2026 10:00
562,9,14,20,70,14-04-2026 10:00
562,10,18,20,90,02-01-2026 10:00
563,11,8,20,40,14-02-2026 10:00
563,12,13,20,65,10-05-2026 10:00
563,13,3,20,15,24-05-2026 10:00
563,14,2,20,10,09-05-2026 10:00
563,15,9,20,45,29-03-2026 10:00
564,16,3,20,15,12-05-2026 10:00
564,17,8,20,40,18-05-2026 10:00
564,18,18,20,90,06-03-2026 10:00
564,19,14,20,70,07-04-2026 10:00
564,20,18,20,90,04-05-2026 10:00
565,21,7,20,35,28-03-2026 10:00
565,22,14,20,70,24-06-2026 10:00
565,23,14,20,70,31-05-2026 10:00
565,24,0,20,0,04-05-2026 10:00
565,25,3,20,15,08-03-2026 10:00
566,26,2,20,10,08-04-2026 10:00
566,27,20,20,100,26-02-2026 10:00
566,28,7,20,35,22-03-2026 10:00
566,29,13,20,65,01-04-2026 10:00
566,30,16,20,80,18-05-2026 10:00
567,31,0,20,0,29-06-2026 10:00
567,32,8,20,40,05-03-2026 10:00
567,33,9,20,45,24-01-2026 10:00
567,34,12,20,60,22-06-2026 10:00
567,35,10,20,50,20-01-2026 10:00
568,36,17,20,85,15-02-2026 10:00
568,37,15,20,75,22-03-2026 10:00
568,38,11,20,55,25-02-2026 10:00
568,39,18,20,90,10-03-2026 10:00
568,40,5,20,25,24-06-2026 10:00
569,41,6,20,30,08-05-2026 10:00
569,42,6,20,30,02-03-2026 10:00
569,43,7,20,35,09-03-2026 10:00
569,44,6,20,30,28-02-2026 10:00
569,45,6,20,30,05-03-2026 10:00
570,46,19,20,95,02-04-2026 10:00
570,47,4,20,20,28-01-2026 10:00
570,48,3,20,15,21-01-2026 10:00
570,49,15,20,75,07-06-2026 10:00
570,50,0,20,0,19-05-2026 10:00
571,51,1,20,5,04-05-2026 10:00
571,52,11,20,55,08-06-2026 10:00
571,53,10,20,50,07-05-2026 10:00
571,54,18,20,90,12-03-2026 10:00
571,55,15,20,75,16-02-2026 10:00
572,56,16,20,80,13-03-2026 10:00
572,57,12,20,60,26-02-2026 10:00
572,58,18,20,90,02-02-2026 10:00
572,59,1,20,5,15-05-2026 10:00
572,60,13,20,65,03-05-2026 10:00
573,61,17,20,85,09-01-2026 10:00
573,62,16,20,80,30-03-2026 10:00
573,63,12,20,60,25-06-2026 10:00
573,64,5,20,25,28-04-2026 10:00
573,65,3,20,15,28-06-2026 10:00
574,66,16,20,80,28-04-2026 10:00
574,67,10,20,50,26-06-2026 10:00
574,68,0,20,0,04-01-2026 10:00
574,69,6,20,30,08-04-2026 10:00
574,70,18,20,90,26-01-2026 10:00
575,71,10,20,50,03-04-2026 10:00
575,72,19,20,95,08-03-2026 10:00
575,73,5,20,25,21-05-2026 10:00
575,74,8,20,40,02-03-2026 10:00
575,75,8,20,40,01-05-2026 10:00
576,76,19,20,95,29-03-2026 10:00
576,77,11,20,55,17-02-2026 10:00
576,78,15,20,75,19-04-2026 10:00
576,79,6,20,30,18-04-2026 10:00
576,80,11,20,55,04-04-2026 10:00
577,81,12,20,60,13-03-2026 10:00
577,82,14,20,70,16-02-2026 10:00
577,83,18,20,90,03-02-2026 10:00
577,84,18,20,90,25-06-2026 10:00
577,85,7,20,35,26-01-2026 10:00
578,86,8,20,40,02-03-2026 10:00
578,87,17,20,85,21-04-2026 10:00
578,88,12,20,60,20-02-2026 10:00
578,89,4,20,20,08-02-2026 10:00
578,90,15,20,75,03-01-2026 10:00
579,91,5,20,25,18-04-2026 10:00
579,92,15,20,75,04-02-2026 10:00
579,93,20,20,100,13-05-2026 10:00
579,94,17,20,85,22-03-2026 10:00
579,95,15,20,75,18-03-2026 10:00
580,96,8,20,40,24-05-2026 10:00
580,97,18,20,90,13-01-2026 10:00
580,98,12,20,60,26-01-2026 10:00
580,99,5,20,25,16-01-2026 10:00
580,100,6,20,30,07-03-2026 10:00
581,1,15,20,75,11-06-2026 10:00
581,2,3,20,15,26-04-2026 10:00
581,3,10,20,50,08-03-2026 10:00
581,4,11,20,55,03-04-2026 10:00
581,5,17,20,85,23-05-2026 10:00
582,6,8,20,40,30-03-2026 10:00
582,7,0,20,0,16-04-2026 10:00
582,8,3,20,15,31-03-2026 10:00
582,9,19,20,95,20-02-2026 10:00
582,10,18,20,90,28-05-2026 10:00
583,11,20,20,100,16-06-2026 10:00
583,12,17,20,85,14-02-2026 10:00
583,13,9,20,45,01-04-2026 10:00
583,14,10,20,50,22-06-2026 10:00
583,15,16,20,80,05-05-2026 10:00
584,16,14,20,70,21-01-2026 10:00
584,17,12,20,60,07-06-2026 10:00
584,18,9,20,45,29-04-2026 10:00
584,19,20,20,100,07-02-2026 10:00
584,20,5,20,25,13-06-2026 10:00
585,21,10,20,50,18-04-2026 10:00
585,22,20,20,100,06-06-2026 10:00
585,23,18,20,90,14-04-2026 10:00
585,24,2,20,10,21-01-2026 10:00
585,25,5,20,25,29-03-2026 10:00
586,26,7,20,35,22-03-2026 10:00
586,27,10,20,50,17-06-2026 10:00
586,28,9,20,45,10-03-2026 10:00
586,29,19,20,95,15-06-2026 10:00
586,30,12,20,60,11-03-2026 10:00
587,31,14,20,70,03-04-2026 10:00
587,32,18,20,90,14-05-2026 10:00
587,33,14,20,70,16-04-2026 10:00
587,34,5,20,25,17-02-2026 10:00
587,35,0,20,0,02-02-2026 10:00
588,36,7,20,35,19-06-2026 10:00
588,37,8,20,40,29-06-2026 10:00
588,38,2,20,10,23-02-2026 10:00
588,39,5,20,25,12-04-2026 10:00
588,40,3,20,15,25-01-2026 10:00
589,41,2,20,10,02-05-2026 10:00
589,42,17,20,85,14-01-2026 10:00
589,43,0,20,0,12-04-2026 10:00
589,44,16,20,80,22-01-2026 10:00
589,45,3,20,15,09-03-2026 10:00
590,46,19,20,95,09-02-2026 10:00
590,47,2,20,10,17-06-2026 10:00
590,48,12,20,60,21-03-2026 10:00
590,49,7,20,35,05-03-2026 10:00
590,50,9,20,45,24-04-2026 10:00
591,51,20,20,100,02-02-2026 10:00
591,52,4,20,20,15-05-2026 10:00
591,53,5,20,25,08-01-2026 10:00
591,54,1,20,5,19-06-2026 10:00
591,55,11,20,55,25-03-2026 10:00
592,56,15,20,75,30-04-2026 10:00
592,57,17,20,85,11-03-2026 10:00
592,58,17,20,85,24-04-2026 10:00
592,59,4,20,20,28-06-2026 10:00
592,60,17,20,85,15-02-2026 10:00
593,61,18,20,90,02-06-2026 10:00
593,62,14,20,70,11-06-2026 10:00
593,63,20,20,100,25-05-2026 10:00
593,64,13,20,65,15-05-2026 10:00
593,65,20,20,100,13-06-2026 10:00
594,66,17,20,85,21-03-2026 10:00
594,67,11,20,55,04-05-2026 10:00
594,68,17,20,85,28-02-2026 10:00
594,69,2,20,10,24-04-2026 10:00
594,70,9,20,45,04-04-2026 10:00
595,71,13,20,65,08-03-2026 10:00
595,72,4,20,20,19-03-2026 10:00
595,73,0,20,0,01-01-2026 10:00
595,74,16,20,80,04-02-2026 10:00
595,75,11,20,55,15-03-2026 10:00
596,76,15,20,75,17-05-2026 10:00
596,77,0,20,0,26-06-2026 10:00
596,78,15,20,75,03-05-2026 10:00
596,79,9,20,45,03-01-2026 10:00
596,80,13,20,65,16-03-2026 10:00
597,81,19,20,95,01-03-2026 10:00
597,82,0,20,0,21-05-2026 10:00
597,83,11,20,55,18-02-2026 10:00
597,84,13,20,65,24-05-2026 10:00
597,85,13,20,65,12-04-2026 10:00
598,86,7,20,35,11-02-2026 10:00
598,87,20,20,100,10-04-2026 10:00
598,88,12,20,60,26-02-2026 10:00
598,89,8,20,40,21-01-2026 10:00
598,90,13,20,65,10-06-2026 10:00
599,91,7,20,35,13-05-2026 10:00
599,92,19,20,95,27-06-2026 10:00
599,93,8,20,40,14-03-2026 10:00
599,94,20,20,100,17-05-2026 10:00
599,95,8,20,40,16-04-2026 10:00
600,96,6,20,30,18-01-2026 10:00
600,97,5,20,25,04-02-2026 10:00
600,98,9,20,45,29-01-2026 10:00
600,99,20,20,100,27-04-2026 10:00
600,100,19,20,95,26-04-2026 10:00
601,1,8,20,40,29-06-2026 10:00
601,2,19,20,95,06-05-2026 10:00
601,3,6,20,30,24-03-2026 10:00
601,4,0,20,0,08-02-2026 10:00
601,5,1,20,5,17-05-2026 10:00
602,6,0,20,0,17-02-2026 10:00
602,7,3,20,15,14-03-2026 10:00
602,8,8,20,40,02-02-2026 10:00
602,9,14,20,70,03-01-2026 10:00
602,10,7,20,35,24-01-2026 10:00
603,11,4,20,20,04-01-2026 10:00
603,12,15,20,75,25-02-2026 10:00
603,13,10,20,50,18-04-2026 10:00
603,14,9,20,45,08-05-2026 10:00
603,15,11,20,55,29-04-2026 10:00
604,16,1,20,5,26-03-2026 10:00
604,17,2,20,10,07-02-2026 10:00
604,18,1,20,5,10-03-2026 10:00
604,19,12,20,60,19-01-2026 10:00
604,20,17,20,85,01-05-2026 10:00
605,21,5,20,25,19-02-2026 10:00
605,22,8,20,40,08-04-2026 10:00
605,23,0,20,0,01-02-2026 10:00
605,24,7,20,35,09-04-2026 10:00
605,25,14,20,70,05-03-2026 10:00
606,26,1,20,5,20-02-2026 10:00
606,27,14,20,70,25-01-2026 10:00
606,28,16,20,80,20-06-2026 10:00
606,29,6,20,30,02-05-2026 10:00
606,30,12,20,60,24-06-2026 10:00
607,31,9,20,45,24-03-2026 10:00
607,32,5,20,25,11-06-2026 10:00
607,33,1,20,5,21-05-2026 10:00
607,34,16,20,80,01-02-2026 10:00
607,35,8,20,40,04-05-2026 10:00
608,36,20,20,100,18-03-2026 10:00
608,37,6,20,30,03-04-2026 10:00
608,38,1,20,5,20-06-2026 10:00
608,39,6,20,30,29-01-2026 10:00
608,40,7,20,35,12-06-2026 10:00
609,41,13,20,65,25-03-2026 10:00
609,42,0,20,0,12-02-2026 10:00
609,43,8,20,40,30-05-2026 10:00
609,44,3,20,15,12-04-2026 10:00
609,45,7,20,35,03-01-2026 10:00
610,46,1,20,5,29-05-2026 10:00
610,47,15,20,75,26-06-2026 10:00
610,48,19,20,95,09-02-2026 10:00
610,49,11,20,55,23-01-2026 10:00
610,50,7,20,35,10-02-2026 10:00
611,51,15,20,75,24-01-2026 10:00
611,52,19,20,95,28-03-2026 10:00
611,53,20,20,100,16-01-2026 10:00
611,54,1,20,5,02-04-2026 10:00
611,55,20,20,100,09-02-2026 10:00
612,56,17,20,85,28-01-2026 10:00
612,57,4,20,20,05-05-2026 10:00
612,58,7,20,35,23-03-2026 10:00
612,59,17,20,85,15-06-2026 10:00
612,60,11,20,55,23-04-2026 10:00
613,61,6,20,30,06-01-2026 10:00
613,62,12,20,60,02-04-2026 10:00
613,63,4,20,20,06-03-2026 10:00
613,64,1,20,5,05-05-2026 10:00
613,65,14,20,70,24-05-2026 10:00
614,66,9,20,45,19-05-2026 10:00
614,67,15,20,75,18-02-2026 10:00
614,68,18,20,90,17-02-2026 10:00
614,69,17,20,85,31-03-2026 10:00
614,70,10,20,50,30-04-2026 10:00
615,71,8,20,40,03-06-2026 10:00
615,72,17,20,85,11-02-2026 10:00
615,73,2,20,10,16-05-2026 10:00
615,74,4,20,20,26-04-2026 10:00
615,75,9,20,45,09-03-2026 10:00
616,76,17,20,85,04-04-2026 10:00
616,77,14,20,70,01-01-2026 10:00
616,78,20,20,100,10-05-2026 10:00
616,79,12,20,60,17-02-2026 10:00
616,80,0,20,0,08-06-2026 10:00
617,81,11,20,55,08-06-2026 10:00
617,82,7,20,35,24-03-2026 10:00
617,83,2,20,10,18-06-2026 10:00
617,84,17,20,85,10-04-2026 10:00
617,85,6,20,30,15-05-2026 10:00
618,86,15,20,75,22-05-2026 10:00
618,87,4,20,20,06-06-2026 10:00
618,88,9,20,45,24-03-2026 10:00
618,89,13,20,65,14-06-2026 10:00
618,90,10,20,50,29-01-2026 10:00
619,91,3,20,15,14-05-2026 10:00
619,92,2,20,10,12-01-2026 10:00
619,93,4,20,20,15-02-2026 10:00
619,94,1,20,5,21-02-2026 10:00
619,95,3,20,15,05-05-2026 10:00
620,96,6,20,30,26-01-2026 10:00
620,97,1,20,5,27-05-2026 10:00
620,98,20,20,100,10-04-2026 10:00
620,99,15,20,75,15-05-2026 10:00
620,100,19,20,95,29-06-2026 10:00
621,1,18,20,90,07-03-2026 10:00
621,2,1,20,5,04-04-2026 10:00
621,3,7,20,35,05-06-2026 10:00
621,4,2,20,10,04-01-2026 10:00
621,5,6,20,30,17-06-2026 10:00
622,6,15,20,75,21-01-2026 10:00
622,7,14,20,70,13-06-2026 10:00
622,8,1,20,5,03-04-2026 10:00
622,9,17,20,85,17-04-2026 10:00
622,10,11,20,55,15-01-2026 10:00
623,11,19,20,95,10-03-2026 10:00
623,12,16,20,80,11-01-2026 10:00
623,13,2,20,10,19-03-2026 10:00
623,14,2,20,10,25-02-2026 10:00
623,15,16,20,80,25-01-2026 10:00
624,16,3,20,15,01-03-2026 10:00
624,17,17,20,85,09-04-2026 10:00
624,18,6,20,30,19-02-2026 10:00
624,19,16,20,80,18-06-2026 10:00
624,20,7,20,35,26-05-2026 10:00
625,21,20,20,100,15-02-2026 10:00
625,22,17,20,85,23-05-2026 10:00
625,23,13,20,65,28-01-2026 10:00
625,24,20,20,100,28-05-2026 10:00
625,25,11,20,55,22-06-2026 10:00
626,26,14,20,70,29-06-2026 10:00
626,27,13,20,65,27-01-2026 10:00
626,28,5,20,25,16-02-2026 10:00
626,29,17,20,85,13-04-2026 10:00
626,30,16,20,80,28-03-2026 10:00
627,31,5,20,25,17-05-2026 10:00
627,32,19,20,95,24-04-2026 10:00
627,33,11,20,55,22-03-2026 10:00
627,34,17,20,85,25-03-2026 10:00
627,35,11,20,55,16-04-2026 10:00
628,36,20,20,100,21-04-2026 10:00
628,37,10,20,50,05-06-2026 10:00
628,38,7,20,35,25-05-2026 10:00
628,39,17,20,85,24-02-2026 10:00
628,40,12,20,60,21-05-2026 10:00
629,41,8,20,40,03-04-2026 10:00
629,42,14,20,70,25-04-2026 10:00
629,43,12,20,60,01-01-2026 10:00
629,44,1,20,5,14-03-2026 10:00
629,45,19,20,95,05-01-2026 10:00
630,46,16,20,80,04-02-2026 10:00
630,47,9,20,45,02-01-2026 10:00
630,48,9,20,45,26-02-2026 10:00
630,49,6,20,30,22-03-2026 10:00
630,50,0,20,0,26-06-2026 10:00
631,51,8,20,40,22-05-2026 10:00
631,52,16,20,80,23-05-2026 10:00
631,53,18,20,90,27-05-2026 10:00
631,54,4,20,20,25-01-2026 10:00
631,55,1,20,5,28-04-2026 10:00
632,56,11,20,55,09-02-2026 10:00
632,57,4,20,20,09-03-2026 10:00
632,58,11,20,55,30-05-2026 10:00
632,59,7,20,35,01-03-2026 10:00
632,60,8,20,40,18-03-2026 10:00
633,61,2,20,10,27-05-2026 10:00
633,62,12,20,60,26-05-2026 10:00
633,63,6,20,30,20-01-2026 10:00
633,64,10,20,50,04-05-2026 10:00
633,65,5,20,25,05-05-2026 10:00
634,66,18,20,90,25-01-2026 10:00
634,67,19,20,95,14-06-2026 10:00
634,68,9,20,45,10-01-2026 10:00
634,69,18,20,90,08-04-2026 10:00
634,70,2,20,10,15-01-2026 10:00
635,71,10,20,50,31-03-2026 10:00
635,72,13,20,65,17-04-2026 10:00
635,73,3,20,15,28-02-2026 10:00
635,74,20,20,100,04-06-2026 10:00
635,75,0,20,0,12-06-2026 10:00
636,76,20,20,100,08-04-2026 10:00
636,77,1,20,5,20-03-2026 10:00
636,78,16,20,80,11-01-2026 10:00
636,79,10,20,50,19-05-2026 10:00
636,80,18,20,90,08-02-2026 10:00
637,81,10,20,50,09-05-2026 10:00
637,82,7,20,35,09-02-2026 10:00
637,83,1,20,5,22-06-2026 10:00
637,84,12,20,60,25-04-2026 10:00
637,85,19,20,95,28-05-2026 10:00
638,86,16,20,80,24-01-2026 10:00
638,87,7,20,35,21-04-2026 10:00
638,88,9,20,45,11-04-2026 10:00
638,89,4,20,20,03-02-2026 10:00
638,90,10,20,50,22-01-2026 10:00
639,91,15,20,75,27-05-2026 10:00
639,92,1,20,5,21-05-2026 10:00
639,93,12,20,60,09-03-2026 10:00
639,94,2,20,10,13-04-2026 10:00
639,95,16,20,80,22-04-2026 10:00
640,96,4,20,20,04-02-2026 10:00
640,97,15,20,75,24-05-2026 10:00
640,98,6,20,30,05-05-2026 10:00
640,99,12,20,60,16-06-2026 10:00
640,100,18,20,90,20-02-2026 10:00
641,1,17,20,85,07-06-2026 10:00
641,2,16,20,80,05-03-2026 10:00
641,3,7,20,35,19-01-2026 10:00
641,4,8,20,40,21-04-2026 10:00
641,5,10,20,50,25-06-2026 10:00
642,6,18,20,90,23-01-2026 10:00
642,7,3,20,15,21-06-2026 10:00
642,8,13,20,65,19-04-2026 10:00
642,9,11,20,55,31-03-2026 10:00
642,10,6,20,30,24-03-2026 10:00
643,11,11,20,55,02-06-2026 10:00
643,12,20,20,100,07-01-2026 10:00
643,13,9,20,45,13-02-2026 10:00
643,14,11,20,55,07-06-2026 10:00
643,15,14,20,70,09-06-2026 10:00
644,16,4,20,20,23-04-2026 10:00
644,17,1,20,5,01-03-2026 10:00
644,18,6,20,30,25-06-2026 10:00
644,19,11,20,55,09-02-2026 10:00
644,20,2,20,10,29-01-2026 10:00
645,21,1,20,5,04-03-2026 10:00
645,22,19,20,95,07-02-2026 10:00
645,23,9,20,45,04-01-2026 10:00
645,24,10,20,50,27-06-2026 10:00
645,25,3,20,15,20-03-2026 10:00
646,26,14,20,70,01-05-2026 10:00
646,27,0,20,0,26-03-2026 10:00
646,28,6,20,30,18-05-2026 10:00
646,29,6,20,30,22-02-2026 10:00
646,30,17,20,85,14-05-2026 10:00
647,31,8,20,40,21-05-2026 10:00
647,32,15,20,75,09-06-2026 10:00
647,33,4,20,20,27-06-2026 10:00
647,34,0,20,0,07-04-2026 10:00
647,35,18,20,90,19-06-2026 10:00
648,36,16,20,80,12-01-2026 10:00
648,37,8,20,40,13-02-2026 10:00
648,38,1,20,5,14-03-2026 10:00
648,39,6,20,30,28-06-2026 10:00
648,40,19,20,95,11-03-2026 10:00
649,41,1,20,5,30-04-2026 10:00
649,42,20,20,100,03-01-2026 10:00
649,43,2,20,10,10-04-2026 10:00
649,44,8,20,40,19-06-2026 10:00
649,45,11,20,55,28-01-2026 10:00
650,46,0,20,0,16-03-2026 10:00
650,47,20,20,100,09-04-2026 10:00
650,48,7,20,35,08-04-2026 10:00
650,49,16,20,80,26-01-2026 10:00
650,50,10,20,50,05-05-2026 10:00
651,51,19,20,95,17-05-2026 10:00
651,52,2,20,10,17-02-2026 10:00
651,53,6,20,30,09-05-2026 10:00
651,54,14,20,70,24-05-2026 10:00
651,55,0,20,0,11-01-2026 10:00
652,56,7,20,35,16-05-2026 10:00
652,57,9,20,45,27-03-2026 10:00
652,58,15,20,75,11-04-2026 10:00
652,59,5,20,25,05-01-2026 10:00
652,60,11,20,55,25-06-2026 10:00
653,61,11,20,55,01-04-2026 10:00
653,62,20,20,100,19-03-2026 10:00
653,63,7,20,35,09-05-2026 10:00
653,64,8,20,40,16-01-2026 10:00
653,65,20,20,100,07-03-2026 10:00
654,66,12,20,60,08-01-2026 10:00
654,67,17,20,85,13-03-2026 10:00
654,68,7,20,35,08-02-2026 10:00
654,69,10,20,50,11-04-2026 10:00
654,70,4,20,20,23-01-2026 10:00
655,71,12,20,60,14-05-2026 10:00
655,72,19,20,95,10-06-2026 10:00
655,73,7,20,35,17-04-2026 10:00
655,74,7,20,35,27-05-2026 10:00
655,75,4,20,20,20-04-2026 10:00
656,76,9,20,45,04-06-2026 10:00
656,77,10,20,50,25-04-2026 10:00
656,78,17,20,85,03-02-2026 10:00
656,79,6,20,30,17-06-2026 10:00
656,80,4,20,20,29-05-2026 10:00
657,81,17,20,85,25-06-2026 10:00
657,82,6,20,30,05-02-2026 10:00
657,83,9,20,45,26-06-2026 10:00
657,84,16,20,80,04-02-2026 10:00
657,85,13,20,65,07-02-2026 10:00
658,86,20,20,100,25-05-2026 10:00
658,87,5,20,25,23-03-2026 10:00
658,88,2,20,10,23-05-2026 10:00
658,89,17,20,85,31-01-2026 10:00
658,90,5,20,25,23-03-2026 10:00
659,91,4,20,20,08-01-2026 10:00
659,92,10,20,50,16-04-2026 10:00
659,93,13,20,65,19-03-2026 10:00
659,94,14,20,70,13-06-2026 10:00
659,95,8,20,40,08-02-2026 10:00
660,96,6,20,30,28-01-2026 10:00
660,97,4,20,20,17-02-2026 10:00
660,98,0,20,0,06-06-2026 10:00
660,99,19,20,95,10-03-2026 10:00
660,100,19,20,95,26-05-2026 10:00
661,1,19,20,95,01-03-2026 10:00
661,2,19,20,95,01-03-2026 10:00
661,3,7,20,35,25-06-2026 10:00
661,4,0,20,0,02-04-2026 10:00
661,5,2,20,10,26-06-2026 10:00
662,6,15,20,75,04-02-2026 10:00
662,7,16,20,80,04-06-2026 10:00
662,8,15,20,75,16-06-2026 10:00
662,9,11,20,55,17-02-2026 10:00
662,10,12,20,60,06-05-2026 10:00
663,11,15,20,75,05-02-2026 10:00
663,12,5,20,25,19-02-2026 10:00
663,13,7,20,35,09-01-2026 10:00
663,14,13,20,65,04-01-2026 10:00
663,15,8,20,40,16-04-2026 10:00
664,16,7,20,35,21-06-2026 10:00
664,17,6,20,30,22-02-2026 10:00
664,18,2,20,10,15-02-2026 10:00
664,19,14,20,70,07-06-2026 10:00
664,20,15,20,75,26-06-2026 10:00
665,21,10,20,50,28-04-2026 10:00
665,22,7,20,35,20-04-2026 10:00
665,23,12,20,60,11-01-2026 10:00
665,24,19,20,95,08-04-2026 10:00
665,25,10,20,50,11-04-2026 10:00
666,26,19,20,95,27-05-2026 10:00
666,27,19,20,95,18-05-2026 10:00
666,28,16,20,80,14-06-2026 10:00
666,29,1,20,5,14-05-2026 10:00
666,30,3,20,15,26-04-2026 10:00
667,31,14,20,70,11-01-2026 10:00
667,32,7,20,35,13-05-2026 10:00
667,33,17,20,85,12-04-2026 10:00
667,34,1,20,5,23-05-2026 10:00
667,35,12,20,60,13-05-2026 10:00
668,36,20,20,100,13-01-2026 10:00
668,37,6,20,30,16-03-2026 10:00
668,38,14,20,70,12-04-2026 10:00
668,39,9,20,45,15-03-2026 10:00
668,40,14,20,70,12-02-2026 10:00
669,41,13,20,65,17-03-2026 10:00
669,42,19,20,95,14-01-2026 10:00
669,43,16,20,80,06-02-2026 10:00
669,44,14,20,70,15-06-2026 10:00
669,45,14,20,70,24-01-2026 10:00
670,46,16,20,80,29-01-2026 10:00
670,47,5,20,25,30-05-2026 10:00
670,48,17,20,85,04-02-2026 10:00
670,49,12,20,60,16-04-2026 10:00
670,50,10,20,50,26-04-2026 10:00
671,51,0,20,0,15-02-2026 10:00
671,52,14,20,70,01-06-2026 10:00
671,53,6,20,30,27-04-2026 10:00
671,54,2,20,10,06-03-2026 10:00
671,55,10,20,50,27-06-2026 10:00
672,56,20,20,100,11-02-2026 10:00
672,57,3,20,15,24-01-2026 10:00
672,58,3,20,15,30-06-2026 10:00
672,59,14,20,70,12-06-2026 10:00
672,60,11,20,55,22-01-2026 10:00
673,61,16,20,80,09-04-2026 10:00
673,62,16,20,80,06-06-2026 10:00
673,63,5,20,25,07-04-2026 10:00
673,64,17,20,85,08-04-2026 10:00
673,65,1,20,5,13-02-2026 10:00
674,66,10,20,50,25-05-2026 10:00
674,67,4,20,20,11-02-2026 10:00
674,68,4,20,20,15-02-2026 10:00
674,69,1,20,5,18-04-2026 10:00
674,70,9,20,45,21-03-2026 10:00
675,71,14,20,70,15-03-2026 10:00
675,72,20,20,100,16-02-2026 10:00
675,73,3,20,15,03-02-2026 10:00
675,74,6,20,30,01-01-2026 10:00
675,75,19,20,95,06-03-2026 10:00
676,76,0,20,0,28-04-2026 10:00
676,77,15,20,75,08-05-2026 10:00
676,78,17,20,85,02-01-2026 10:00
676,79,19,20,95,07-05-2026 10:00
676,80,7,20,35,25-02-2026 10:00
677,81,18,20,90,18-06-2026 10:00
677,82,15,20,75,27-04-2026 10:00
677,83,13,20,65,24-04-2026 10:00
677,84,2,20,10,03-06-2026 10:00
677,85,19,20,95,02-01-2026 10:00
678,86,7,20,35,21-05-2026 10:00
678,87,8,20,40,08-06-2026 10:00
678,88,20,20,100,23-05-2026 10:00
678,89,6,20,30,13-01-2026 10:00
678,90,5,20,25,07-02-2026 10:00
679,91,1,20,5,17-06-2026 10:00
679,92,11,20,55,10-01-2026 10:00
679,93,4,20,20,09-01-2026 10:00
679,94,18,20,90,04-06-2026 10:00
679,95,9,20,45,26-03-2026 10:00
680,96,2,20,10,13-01-2026 10:00
680,97,3,20,15,17-04-2026 10:00
680,98,5,20,25,11-02-2026 10:00
680,99,9,20,45,06-06-2026 10:00
680,100,19,20,95,27-05-2026 10:00
681,1,17,20,85,15-02-2026 10:00
681,2,14,20,70,29-05-2026 10:00
681,3,11,20,55,10-01-2026 10:00
681,4,2,20,10,18-03-2026 10:00
681,5,10,20,50,05-04-2026 10:00
682,6,12,20,60,18-01-2026 10:00
682,7,13,20,65,21-05-2026 10:00
682,8,2,20,10,16-03-2026 10:00
682,9,15,20,75,04-02-2026 10:00
682,10,3,20,15,27-06-2026 10:00
683,11,8,20,40,26-03-2026 10:00
683,12,16,20,80,16-04-2026 10:00
683,13,16,20,80,23-02-2026 10:00
683,14,6,20,30,06-06-2026 10:00
683,15,1,20,5,28-01-2026 10:00
684,16,18,20,90,11-06-2026 10:00
684,17,16,20,80,23-01-2026 10:00
684,18,15,20,75,26-06-2026 10:00
684,19,19,20,95,30-06-2026 10:00
684,20,9,20,45,20-04-2026 10:00
685,21,19,20,95,23-03-2026 10:00
685,22,8,20,40,15-05-2026 10:00
685,23,18,20,90,09-06-2026 10:00
685,24,11,20,55,03-02-2026 10:00
685,25,19,20,95,25-05-2026 10:00
686,26,15,20,75,14-05-2026 10:00
686,27,20,20,100,08-05-2026 10:00
686,28,15,20,75,16-02-2026 10:00
686,29,19,20,95,01-03-2026 10:00
686,30,9,20,45,19-02-2026 10:00
687,31,0,20,0,31-01-2026 10:00
687,32,0,20,0,30-04-2026 10:00
687,33,20,20,100,31-01-2026 10:00
687,34,6,20,30,07-06-2026 10:00
687,35,13,20,65,16-04-2026 10:00
688,36,1,20,5,27-03-2026 10:00
688,37,11,20,55,24-05-2026 10:00
688,38,20,20,100,24-02-2026 10:00
688,39,0,20,0,13-06-2026 10:00
688,40,6,20,30,26-06-2026 10:00
689,41,9,20,45,07-03-2026 10:00
689,42,2,20,10,20-03-2026 10:00
689,43,9,20,45,10-05-2026 10:00
689,44,17,20,85,24-03-2026 10:00
689,45,0,20,0,30-01-2026 10:00
690,46,10,20,50,29-03-2026 10:00
690,47,12,20,60,26-05-2026 10:00
690,48,19,20,95,08-01-2026 10:00
690,49,5,20,25,19-02-2026 10:00
690,50,10,20,50,28-03-2026 10:00
691,51,15,20,75,02-05-2026 10:00
691,52,1,20,5,15-06-2026 10:00
691,53,4,20,20,04-05-2026 10:00
691,54,4,20,20,10-06-2026 10:00
691,55,14,20,70,18-05-2026 10:00
692,56,10,20,50,29-04-2026 10:00
692,57,13,20,65,15-01-2026 10:00
692,58,16,20,80,18-03-2026 10:00
692,59,18,20,90,23-06-2026 10:00
692,60,10,20,50,23-05-2026 10:00
693,61,17,20,85,05-01-2026 10:00
693,62,6,20,30,28-05-2026 10:00
693,63,10,20,50,01-04-2026 10:00
693,64,2,20,10,08-02-2026 10:00
693,65,8,20,40,08-01-2026 10:00
694,66,10,20,50,07-04-2026 10:00
694,67,20,20,100,17-05-2026 10:00
694,68,5,20,25,27-05-2026 10:00
694,69,19,20,95,10-04-2026 10:00
694,70,5,20,25,02-06-2026 10:00
695,71,3,20,15,20-03-2026 10:00
695,72,10,20,50,09-01-2026 10:00
695,73,8,20,40,16-04-2026 10:00
695,74,2,20,10,08-05-2026 10:00
695,75,7,20,35,06-04-2026 10:00
696,76,14,20,70,19-03-2026 10:00
696,77,6,20,30,15-05-2026 10:00
696,78,9,20,45,14-02-2026 10:00
696,79,3,20,15,06-04-2026 10:00
696,80,1,20,5,21-02-2026 10:00
697,81,2,20,10,24-04-2026 10:00
697,82,16,20,80,07-01-2026 10:00
697,83,15,20,75,09-05-2026 10:00
697,84,4,20,20,18-02-2026 10:00
697,85,10,20,50,04-05-2026 10:00
698,86,16,20,80,21-03-2026 10:00
698,87,10,20,50,06-02-2026 10:00
698,88,3,20,15,13-05-2026 10:00
698,89,4,20,20,22-02-2026 10:00
698,90,1,20,5,28-04-2026 10:00
699,91,12,20,60,14-05-2026 10:00
699,92,3,20,15,02-01-2026 10:00
699,93,9,20,45,12-01-2026 10:00
699,94,19,20,95,23-01-2026 10:00
699,95,10,20,50,30-04-2026 10:00
700,96,1,20,5,27-01-2026 10:00
700,97,16,20,80,18-06-2026 10:00
700,98,9,20,45,06-01-2026 10:00
700,99,18,20,90,21-03-2026 10:00
700,100,20,20,100,23-02-2026 10:00
701,1,10,20,50,21-02-2026 10:00
701,2,6,20,30,15-03-2026 10:00
701,3,8,20,40,17-05-2026 10:00
701,4,10,20,50,23-04-2026 10:00
701,5,3,20,15,11-03-2026 10:00
702,6,4,20,20,10-02-2026 10:00
702,7,8,20,40,30-01-2026 10:00
702,8,0,20,0,09-06-2026 10:00
702,9,17,20,85,12-05-2026 10:00
702,10,3,20,15,22-02-2026 10:00
703,11,17,20,85,31-03-2026 10:00
703,12,17,20,85,23-03-2026 10:00
703,13,8,20,40,06-02-2026 10:00
703,14,9,20,45,27-05-2026 10:00
703,15,7,20,35,13-02-2026 10:00
704,16,2,20,10,21-03-2026 10:00
704,17,19,20,95,28-03-2026 10:00
704,18,17,20,85,24-04-2026 10:00
704,19,1,20,5,03-02-2026 10:00
704,20,0,20,0,01-05-2026 10:00
705,21,1,20,5,28-01-2026 10:00
705,22,12,20,60,14-01-2026 10:00
705,23,2,20,10,20-04-2026 10:00
705,24,12,20,60,15-02-2026 10:00
705,25,19,20,95,01-06-2026 10:00
706,26,20,20,100,26-06-2026 10:00
706,27,14,20,70,07-06-2026 10:00
706,28,11,20,55,21-03-2026 10:00
706,29,10,20,50,20-02-2026 10:00
706,30,17,20,85,21-01-2026 10:00
707,31,14,20,70,26-05-2026 10:00
707,32,4,20,20,24-01-2026 10:00
707,33,14,20,70,25-01-2026 10:00
707,34,14,20,70,21-03-2026 10:00
707,35,20,20,100,30-04-2026 10:00
708,36,15,20,75,01-03-2026 10:00
708,37,7,20,35,06-02-2026 10:00
708,38,19,20,95,08-03-2026 10:00
708,39,11,20,55,11-04-2026 10:00
708,40,5,20,25,29-06-2026 10:00
709,41,10,20,50,25-03-2026 10:00
709,42,14,20,70,05-05-2026 10:00
709,43,0,20,0,17-01-2026 10:00
709,44,15,20,75,29-01-2026 10:00
709,45,11,20,55,03-05-2026 10:00
710,46,14,20,70,13-02-2026 10:00
710,47,9,20,45,31-03-2026 10:00
710,48,19,20,95,28-05-2026 10:00
710,49,4,20,20,11-05-2026 10:00
710,50,3,20,15,14-04-2026 10:00
711,51,3,20,15,25-03-2026 10:00
711,52,17,20,85,16-06-2026 10:00
711,53,2,20,10,19-03-2026 10:00
711,54,17,20,85,29-04-2026 10:00
711,55,12,20,60,01-06-2026 10:00
712,56,13,20,65,03-03-2026 10:00
712,57,19,20,95,04-03-2026 10:00
712,58,17,20,85,10-02-2026 10:00
712,59,15,20,75,09-04-2026 10:00
712,60,2,20,10,29-03-2026 10:00
713,61,6,20,30,27-06-2026 10:00
713,62,18,20,90,21-04-2026 10:00
713,63,13,20,65,26-05-2026 10:00
713,64,10,20,50,20-05-2026 10:00
713,65,7,20,35,14-02-2026 10:00
714,66,2,20,10,27-05-2026 10:00
714,67,15,20,75,30-01-2026 10:00
714,68,18,20,90,02-06-2026 10:00
714,69,14,20,70,25-03-2026 10:00
714,70,17,20,85,25-01-2026 10:00
715,71,14,20,70,15-02-2026 10:00
715,72,9,20,45,14-04-2026 10:00
715,73,2,20,10,03-06-2026 10:00
715,74,3,20,15,25-06-2026 10:00
715,75,19,20,95,08-04-2026 10:00
716,76,10,20,50,07-05-2026 10:00
716,77,20,20,100,19-06-2026 10:00
716,78,1,20,5,24-01-2026 10:00
716,79,6,20,30,05-02-2026 10:00
716,80,18,20,90,12-06-2026 10:00
717,81,0,20,0,07-02-2026 10:00
717,82,4,20,20,26-04-2026 10:00
717,83,17,20,85,16-03-2026 10:00
717,84,12,20,60,07-06-2026 10:00
717,85,18,20,90,25-04-2026 10:00
718,86,6,20,30,22-02-2026 10:00
718,87,10,20,50,18-03-2026 10:00
718,88,18,20,90,23-06-2026 10:00
718,89,9,20,45,22-04-2026 10:00
718,90,11,20,55,23-01-2026 10:00
719,91,18,20,90,03-01-2026 10:00
719,92,19,20,95,11-05-2026 10:00
719,93,12,20,60,02-02-2026 10:00
719,94,9,20,45,16-01-2026 10:00
719,95,11,20,55,21-05-2026 10:00
720,96,1,20,5,01-01-2026 10:00
720,97,17,20,85,02-04-2026 10:00
720,98,3,20,15,14-03-2026 10:00
720,99,0,20,0,02-03-2026 10:00
720,100,13,20,65,29-06-2026 10:00
721,1,18,20,90,11-04-2026 10:00
721,2,20,20,100,23-03-2026 10:00
721,3,12,20,60,14-04-2026 10:00
721,4,12,20,60,22-04-2026 10:00
721,5,17,20,85,24-02-2026 10:00
722,6,5,20,25,02-05-2026 10:00
722,7,4,20,20,18-02-2026 10:00
722,8,17,20,85,09-04-2026 10:00
722,9,11,20,55,17-04-2026 10:00
722,10,4,20,20,15-03-2026 10:00
723,11,4,20,20,04-02-2026 10:00
723,12,0,20,0,19-01-2026 10:00
723,13,20,20,100,05-01-2026 10:00
723,14,4,20,20,05-05-2026 10:00
723,15,13,20,65,04-02-2026 10:00
724,16,2,20,10,05-02-2026 10:00
724,17,20,20,100,17-04-2026 10:00
724,18,14,20,70,28-06-2026 10:00
724,19,19,20,95,19-04-2026 10:00
724,20,19,20,95,16-02-2026 10:00
725,21,14,20,70,11-05-2026 10:00
725,22,13,20,65,22-05-2026 10:00
725,23,14,20,70,09-04-2026 10:00
725,24,11,20,55,27-02-2026 10:00
725,25,5,20,25,19-04-2026 10:00
726,26,19,20,95,02-01-2026 10:00
726,27,18,20,90,08-05-2026 10:00
726,28,7,20,35,09-05-2026 10:00
726,29,8,20,40,16-04-2026 10:00
726,30,17,20,85,28-05-2026 10:00
727,31,11,20,55,09-01-2026 10:00
727,32,1,20,5,26-05-2026 10:00
727,33,15,20,75,30-06-2026 10:00
727,34,11,20,55,29-01-2026 10:00
727,35,18,20,90,04-05-2026 10:00
728,36,2,20,10,06-02-2026 10:00
728,37,16,20,80,13-03-2026 10:00
728,38,14,20,70,13-05-2026 10:00
728,39,2,20,10,14-05-2026 10:00
728,40,19,20,95,23-01-2026 10:00
729,41,7,20,35,01-05-2026 10:00
729,42,20,20,100,19-06-2026 10:00
729,43,2,20,10,25-06-2026 10:00
729,44,20,20,100,19-05-2026 10:00
729,45,18,20,90,21-03-2026 10:00
730,46,19,20,95,14-01-2026 10:00
730,47,10,20,50,17-05-2026 10:00
730,48,0,20,0,01-05-2026 10:00
730,49,14,20,70,12-05-2026 10:00
730,50,15,20,75,27-05-2026 10:00
731,51,10,20,50,18-04-2026 10:00
731,52,11,20,55,17-03-2026 10:00
731,53,9,20,45,12-02-2026 10:00
731,54,1,20,5,27-06-2026 10:00
731,55,19,20,95,19-03-2026 10:00
732,56,18,20,90,08-03-2026 10:00
732,57,1,20,5,11-06-2026 10:00
732,58,15,20,75,29-05-2026 10:00
732,59,5,20,25,27-05-2026 10:00
732,60,1,20,5,18-06-2026 10:00
733,61,9,20,45,09-06-2026 10:00
733,62,0,20,0,15-03-2026 10:00
733,63,15,20,75,22-01-2026 10:00
733,64,4,20,20,10-05-2026 10:00
733,65,2,20,10,13-03-2026 10:00
734,66,8,20,40,03-02-2026 10:00
734,67,19,20,95,13-03-2026 10:00
734,68,8,20,40,07-03-2026 10:00
734,69,0,20,0,29-01-2026 10:00
734,70,19,20,95,14-02-2026 10:00
735,71,18,20,90,08-02-2026 10:00
735,72,14,20,70,05-04-2026 10:00
735,73,5,20,25,08-03-2026 10:00
735,74,7,20,35,05-05-2026 10:00
735,75,5,20,25,16-05-2026 10:00
736,76,1,20,5,29-03-2026 10:00
736,77,2,20,10,07-02-2026 10:00
736,78,19,20,95,09-02-2026 10:00
736,79,15,20,75,16-04-2026 10:00
736,80,12,20,60,02-03-2026 10:00
737,81,14,20,70,13-06-2026 10:00
737,82,5,20,25,23-02-2026 10:00
737,83,18,20,90,30-03-2026 10:00
737,84,1,20,5,14-06-2026 10:00
737,85,8,20,40,30-01-2026 10:00
738,86,1,20,5,12-02-2026 10:00
738,87,14,20,70,13-04-2026 10:00
738,88,15,20,75,19-03-2026 10:00
738,89,15,20,75,17-05-2026 10:00
738,90,7,20,35,08-04-2026 10:00
739,91,12,20,60,02-05-2026 10:00
739,92,8,20,40,07-02-2026 10:00
739,93,16,20,80,22-04-2026 10:00
739,94,0,20,0,15-03-2026 10:00
739,95,14,20,70,08-04-2026 10:00
740,96,10,20,50,16-05-2026 10:00
740,97,1,20,5,25-01-2026 10:00
740,98,17,20,85,13-06-2026 10:00
740,99,11,20,55,21-04-2026 10:00
740,100,19,20,95,16-06-2026 10:00
741,1,8,20,40,27-03-2026 10:00
741,2,8,20,40,10-03-2026 10:00
741,3,3,20,15,07-03-2026 10:00
741,4,20,20,100,30-05-2026 10:00
741,5,12,20,60,29-04-2026 10:00
742,6,7,20,35,22-06-2026 10:00
742,7,18,20,90,19-02-2026 10:00
742,8,16,20,80,28-03-2026 10:00
742,9,5,20,25,22-03-2026 10:00
742,10,17,20,85,03-01-2026 10:00
743,11,0,20,0,18-01-2026 10:00
743,12,0,20,0,16-04-2026 10:00
743,13,3,20,15,15-05-2026 10:00
743,14,3,20,15,25-06-2026 10:00
743,15,14,20,70,31-03-2026 10:00
744,16,7,20,35,14-03-2026 10:00
744,17,8,20,40,19-02-2026 10:00
744,18,1,20,5,07-01-2026 10:00
744,19,19,20,95,24-01-2026 10:00
744,20,1,20,5,02-06-2026 10:00
745,21,6,20,30,03-06-2026 10:00
745,22,20,20,100,01-02-2026 10:00
745,23,3,20,15,23-01-2026 10:00
745,24,19,20,95,03-02-2026 10:00
745,25,12,20,60,18-06-2026 10:00
746,26,20,20,100,25-05-2026 10:00
746,27,5,20,25,29-01-2026 10:00
746,28,5,20,25,06-03-2026 10:00
746,29,9,20,45,30-04-2026 10:00
746,30,2,20,10,13-06-2026 10:00
747,31,14,20,70,12-03-2026 10:00
747,32,13,20,65,27-06-2026 10:00
747,33,10,20,50,07-03-2026 10:00
747,34,5,20,25,19-01-2026 10:00
747,35,8,20,40,16-01-2026 10:00
748,36,12,20,60,10-04-2026 10:00
748,37,10,20,50,16-01-2026 10:00
748,38,8,20,40,09-03-2026 10:00
748,39,5,20,25,23-04-2026 10:00
748,40,2,20,10,06-05-2026 10:00
749,41,6,20,30,06-06-2026 10:00
749,42,12,20,60,15-02-2026 10:00
749,43,20,20,100,06-05-2026 10:00
749,44,3,20,15,06-02-2026 10:00
749,45,17,20,85,21-04-2026 10:00
750,46,6,20,30,07-06-2026 10:00
750,47,20,20,100,28-01-2026 10:00
750,48,14,20,70,08-03-2026 10:00
750,49,3,20,15,09-01-2026 10:00
750,50,2,20,10,19-01-2026 10:00
751,51,18,20,90,06-03-2026 10:00
751,52,14,20,70,05-01-2026 10:00
751,53,15,20,75,08-02-2026 10:00
751,54,20,20,100,13-06-2026 10:00
751,55,0,20,0,10-01-2026 10:00
752,56,12,20,60,10-03-2026 10:00
752,57,4,20,20,29-06-2026 10:00
752,58,10,20,50,11-04-2026 10:00
752,59,18,20,90,01-01-2026 10:00
752,60,16,20,80,06-05-2026 10:00
753,61,15,20,75,22-04-2026 10:00
753,62,12,20,60,18-01-2026 10:00
753,63,17,20,85,27-02-2026 10:00
753,64,0,20,0,09-04-2026 10:00
753,65,15,20,75,01-02-2026 10:00
754,66,18,20,90,18-05-2026 10:00
754,67,11,20,55,27-03-2026 10:00
754,68,9,20,45,13-04-2026 10:00
754,69,1,20,5,11-06-2026 10:00
754,70,20,20,100,24-01-2026 10:00
755,71,11,20,55,17-05-2026 10:00
755,72,10,20,50,21-01-2026 10:00
755,73,14,20,70,16-03-2026 10:00
755,74,20,20,100,21-02-2026 10:00
755,75,5,20,25,22-05-2026 10:00
756,76,1,20,5,09-04-2026 10:00
756,77,6,20,30,18-03-2026 10:00
756,78,12,20,60,28-01-2026 10:00
756,79,20,20,100,26-06-2026 10:00
756,80,11,20,55,05-05-2026 10:00
757,81,2,20,10,11-06-2026 10:00
757,82,14,20,70,18-02-2026 10:00
757,83,4,20,20,10-01-2026 10:00
757,84,6,20,30,07-01-2026 10:00
757,85,18,20,90,03-03-2026 10:00
758,86,15,20,75,10-04-2026 10:00
758,87,2,20,10,19-05-2026 10:00
758,88,20,20,100,20-03-2026 10:00
758,89,15,20,75,17-05-2026 10:00
758,90,14,20,70,05-01-2026 10:00
759,91,1,20,5,28-03-2026 10:00
759,92,1,20,5,28-03-2026 10:00
759,93,1,20,5,14-04-2026 10:00
759,94,3,20,15,24-02-2026 10:00
759,95,20,20,100,20-06-2026 10:00
760,96,16,20,80,28-04-2026 10:00
760,97,17,20,85,08-02-2026 10:00
760,98,18,20,90,01-03-2026 10:00
760,99,2,20,10,10-01-2026 10:00
760,100,4,20,20,06-05-2026 10:00
761,1,20,20,100,05-01-2026 10:00
761,2,15,20,75,08-06-2026 10:00
761,3,1,20,5,04-03-2026 10:00
761,4,20,20,100,03-02-2026 10:00
761,5,0,20,0,14-02-2026 10:00
762,6,20,20,100,13-01-2026 10:00
762,7,9,20,45,25-01-2026 10:00
762,8,14,20,70,06-06-2026 10:00
762,9,5,20,25,01-06-2026 10:00
762,10,2,20,10,28-01-2026 10:00
763,11,3,20,15,08-05-2026 10:00
763,12,19,20,95,07-06-2026 10:00
763,13,7,20,35,17-01-2026 10:00
763,14,6,20,30,20-04-2026 10:00
763,15,10,20,50,23-06-2026 10:00
764,16,12,20,60,25-03-2026 10:00
764,17,3,20,15,25-06-2026 10:00
764,18,18,20,90,20-05-2026 10:00
764,19,4,20,20,24-03-2026 10:00
764,20,6,20,30,12-01-2026 10:00
765,21,18,20,90,14-02-2026 10:00
765,22,10,20,50,17-01-2026 10:00
765,23,3,20,15,12-03-2026 10:00
765,24,4,20,20,17-04-2026 10:00
765,25,5,20,25,28-06-2026 10:00
766,26,11,20,55,22-05-2026 10:00
766,27,5,20,25,23-04-2026 10:00
766,28,7,20,35,29-05-2026 10:00
766,29,1,20,5,04-02-2026 10:00
766,30,3,20,15,11-06-2026 10:00
767,31,19,20,95,07-04-2026 10:00
767,32,5,20,25,05-01-2026 10:00
767,33,15,20,75,21-01-2026 10:00
767,34,0,20,0,02-01-2026 10:00
767,35,5,20,25,23-01-2026 10:00
768,36,20,20,100,01-06-2026 10:00
768,37,9,20,45,17-04-2026 10:00
768,38,15,20,75,27-06-2026 10:00
768,39,4,20,20,22-02-2026 10:00
768,40,4,20,20,13-06-2026 10:00
769,41,8,20,40,14-05-2026 10:00
769,42,14,20,70,16-04-2026 10:00
769,43,7,20,35,14-02-2026 10:00
769,44,19,20,95,27-06-2026 10:00
769,45,1,20,5,02-06-2026 10:00
770,46,5,20,25,08-05-2026 10:00
770,47,19,20,95,23-01-2026 10:00
770,48,20,20,100,19-03-2026 10:00
770,49,11,20,55,18-04-2026 10:00
770,50,0,20,0,23-05-2026 10:00
771,51,7,20,35,19-02-2026 10:00
771,52,3,20,15,16-05-2026 10:00
771,53,3,20,15,08-06-2026 10:00
771,54,11,20,55,19-05-2026 10:00
771,55,16,20,80,26-02-2026 10:00
772,56,14,20,70,10-06-2026 10:00
772,57,6,20,30,12-03-2026 10:00
772,58,1,20,5,19-02-2026 10:00
772,59,3,20,15,08-02-2026 10:00
772,60,15,20,75,08-05-2026 10:00
773,61,5,20,25,10-02-2026 10:00
773,62,1,20,5,14-01-2026 10:00
773,63,20,20,100,04-04-2026 10:00
773,64,9,20,45,23-02-2026 10:00
773,65,13,20,65,06-03-2026 10:00
774,66,10,20,50,07-06-2026 10:00
774,67,14,20,70,12-01-2026 10:00
774,68,3,20,15,14-01-2026 10:00
774,69,17,20,85,15-02-2026 10:00
774,70,5,20,25,08-01-2026 10:00
775,71,15,20,75,12-05-2026 10:00
775,72,3,20,15,19-01-2026 10:00
775,73,7,20,35,24-04-2026 10:00
775,74,18,20,90,29-05-2026 10:00
775,75,10,20,50,18-04-2026 10:00
776,76,6,20,30,23-06-2026 10:00
776,77,10,20,50,28-02-2026 10:00
776,78,3,20,15,25-03-2026 10:00
776,79,7,20,35,26-01-2026 10:00
776,80,7,20,35,16-04-2026 10:00
777,81,6,20,30,07-04-2026 10:00
777,82,7,20,35,19-01-2026 10:00
777,83,15,20,75,30-05-2026 10:00
777,84,15,20,75,14-01-2026 10:00
777,85,13,20,65,07-02-2026 10:00
778,86,6,20,30,06-06-2026 10:00
778,87,14,20,70,15-02-2026 10:00
778,88,12,20,60,06-04-2026 10:00
778,89,4,20,20,28-04-2026 10:00
778,90,6,20,30,11-06-2026 10:00
779,91,11,20,55,11-03-2026 10:00
779,92,6,20,30,27-03-2026 10:00
779,93,4,20,20,09-01-2026 10:00
779,94,18,20,90,16-01-2026 10:00
779,95,8,20,40,04-02-2026 10:00
780,96,3,20,15,30-04-2026 10:00
780,97,14,20,70,18-04-2026 10:00
780,98,5,20,25,29-03-2026 10:00
780,99,7,20,35,17-03-2026 10:00
780,100,19,20,95,10-02-2026 10:00
781,1,20,20,100,06-06-2026 10:00
781,2,5,20,25,28-05-2026 10:00
781,3,17,20,85,28-02-2026 10:00
781,4,2,20,10,16-04-2026 10:00
781,5,16,20,80,06-05-2026 10:00
782,6,6,20,30,01-06-2026 10:00
782,7,15,20,75,29-04-2026 10:00
782,8,8,20,40,04-01-2026 10:00
782,9,13,20,65,05-03-2026 10:00
782,10,7,20,35,25-03-2026 10:00
783,11,13,20,65,29-05-2026 10:00
783,12,7,20,35,01-06-2026 10:00
783,13,4,20,20,27-05-2026 10:00
783,14,0,20,0,17-04-2026 10:00
783,15,1,20,5,11-01-2026 10:00
784,16,15,20,75,10-05-2026 10:00
784,17,1,20,5,19-04-2026 10:00
784,18,16,20,80,11-04-2026 10:00
784,19,15,20,75,28-06-2026 10:00
784,20,3,20,15,26-04-2026 10:00
785,21,15,20,75,03-03-2026 10:00
785,22,2,20,10,23-05-2026 10:00
785,23,0,20,0,27-06-2026 10:00
785,24,13,20,65,25-02-2026 10:00
785,25,4,20,20,02-04-2026 10:00
786,26,9,20,45,03-03-2026 10:00
786,27,20,20,100,24-01-2026 10:00
786,28,0,20,0,03-05-2026 10:00
786,29,9,20,45,11-02-2026 10:00
786,30,14,20,70,27-05-2026 10:00
787,31,18,20,90,07-01-2026 10:00
787,32,14,20,70,29-04-2026 10:00
787,33,4,20,20,30-06-2026 10:00
787,34,12,20,60,17-02-2026 10:00
787,35,11,20,55,10-06-2026 10:00
788,36,14,20,70,30-06-2026 10:00
788,37,20,20,100,01-01-2026 10:00
788,38,20,20,100,19-01-2026 10:00
788,39,12,20,60,26-06-2026 10:00
788,40,10,20,50,16-05-2026 10:00
789,41,1,20,5,17-03-2026 10:00
789,42,13,20,65,11-03-2026 10:00
789,43,19,20,95,19-05-2026 10:00
789,44,18,20,90,23-02-2026 10:00
789,45,2,20,10,08-06-2026 10:00
790,46,10,20,50,15-01-2026 10:00
790,47,16,20,80,22-06-2026 10:00
790,48,11,20,55,14-01-2026 10:00
790,49,3,20,15,09-04-2026 10:00
790,50,11,20,55,30-04-2026 10:00
791,51,19,20,95,11-01-2026 10:00
791,52,11,20,55,04-04-2026 10:00
791,53,5,20,25,15-06-2026 10:00
791,54,17,20,85,30-06-2026 10:00
791,55,2,20,10,24-05-2026 10:00
792,56,6,20,30,05-02-2026 10:00
792,57,10,20,50,03-03-2026 10:00
792,58,17,20,85,30-01-2026 10:00
792,59,20,20,100,03-05-2026 10:00
792,60,18,20,90,29-06-2026 10:00
793,61,6,20,30,27-02-2026 10:00
793,62,10,20,50,01-04-2026 10:00
793,63,8,20,40,09-05-2026 10:00
793,64,13,20,65,12-03-2026 10:00
793,65,1,20,5,17-01-2026 10:00
794,66,11,20,55,30-03-2026 10:00
794,67,14,20,70,05-05-2026 10:00
794,68,16,20,80,15-05-2026 10:00
794,69,3,20,15,01-05-2026 10:00
794,70,17,20,85,23-06-2026 10:00
795,71,17,20,85,16-03-2026 10:00
795,72,14,20,70,08-06-2026 10:00
795,73,11,20,55,22-06-2026 10:00
795,74,2,20,10,18-02-2026 10:00
795,75,14,20,70,23-01-2026 10:00
796,76,2,20,10,11-04-2026 10:00
796,77,5,20,25,15-03-2026 10:00
796,78,2,20,10,28-01-2026 10:00
796,79,5,20,25,12-03-2026 10:00
796,80,3,20,15,28-06-2026 10:00
797,81,4,20,20,08-05-2026 10:00
797,82,4,20,20,22-02-2026 10:00
797,83,16,20,80,10-06-2026 10:00
797,84,0,20,0,17-03-2026 10:00
797,85,13,20,65,24-06-2026 10:00
798,86,17,20,85,03-02-2026 10:00
798,87,15,20,75,30-03-2026 10:00
798,88,13,20,65,24-04-2026 10:00
798,89,20,20,100,06-01-2026 10:00
798,90,9,20,45,18-02-2026 10:00
799,91,2,20,10,06-01-2026 10:00
799,92,7,20,35,14-05-2026 10:00
799,93,20,20,100,27-03-2026 10:00
799,94,13,20,65,29-05-2026 10:00
799,95,10,20,50,17-06-2026 10:00
800,96,20,20,100,25-03-2026 10:00
800,97,15,20,75,01-06-2026 10:00
800,98,16,20,80,21-05-2026 10:00
800,99,14,20,70,28-04-2026 10:00
800,100,9,20,45,26-05-2026 10:00
801,1,4,20,20,20-03-2026 10:00
801,2,5,20,25,08-03-2026 10:00
801,3,7,20,35,04-05-2026 10:00
801,4,11,20,55,15-03-2026 10:00
801,5,1,20,5,07-02-2026 10:00
802,6,11,20,55,14-03-2026 10:00
802,7,14,20,70,12-02-2026 10:00
802,8,19,20,95,11-02-2026 10:00
802,9,17,20,85,15-03-2026 10:00
802,10,5,20,25,14-02-2026 10:00
803,11,4,20,20,11-02-2026 10:00
803,12,7,20,35,30-01-2026 10:00
803,13,1,20,5,23-03-2026 10:00
803,14,18,20,90,02-02-2026 10:00
803,15,14,20,70,08-03-2026 10:00
804,16,11,20,55,17-02-2026 10:00
804,17,6,20,30,24-05-2026 10:00
804,18,1,20,5,20-06-2026 10:00
804,19,10,20,50,30-03-2026 10:00
804,20,4,20,20,06-04-2026 10:00
805,21,14,20,70,19-05-2026 10:00
805,22,5,20,25,17-05-2026 10:00
805,23,9,20,45,01-02-2026 10:00
805,24,0,20,0,14-04-2026 10:00
805,25,15,20,75,07-02-2026 10:00
806,26,14,20,70,23-03-2026 10:00
806,27,4,20,20,02-01-2026 10:00
806,28,17,20,85,10-05-2026 10:00
806,29,10,20,50,15-06-2026 10:00
806,30,9,20,45,02-05-2026 10:00
807,31,9,20,45,27-05-2026 10:00
807,32,4,20,20,25-05-2026 10:00
807,33,14,20,70,28-03-2026 10:00
807,34,3,20,15,03-05-2026 10:00
807,35,1,20,5,05-02-2026 10:00
808,36,17,20,85,30-01-2026 10:00
808,37,9,20,45,07-01-2026 10:00
808,38,12,20,60,08-06-2026 10:00
808,39,7,20,35,25-04-2026 10:00
808,40,11,20,55,24-01-2026 10:00
809,41,10,20,50,15-01-2026 10:00
809,42,19,20,95,14-06-2026 10:00
809,43,6,20,30,30-05-2026 10:00
809,44,16,20,80,26-02-2026 10:00
809,45,8,20,40,20-02-2026 10:00
810,46,0,20,0,22-01-2026 10:00
810,47,17,20,85,25-04-2026 10:00
810,48,2,20,10,12-05-2026 10:00
810,49,12,20,60,19-02-2026 10:00
810,50,15,20,75,23-03-2026 10:00
811,51,19,20,95,04-06-2026 10:00
811,52,16,20,80,15-01-2026 10:00
811,53,11,20,55,12-04-2026 10:00
811,54,4,20,20,20-04-2026 10:00
811,55,11,20,55,09-04-2026 10:00
812,56,11,20,55,04-01-2026 10:00
812,57,9,20,45,30-03-2026 10:00
812,58,11,20,55,20-03-2026 10:00
812,59,14,20,70,24-05-2026 10:00
812,60,2,20,10,25-02-2026 10:00
813,61,14,20,70,17-04-2026 10:00
813,62,14,20,70,15-03-2026 10:00
813,63,5,20,25,19-04-2026 10:00
813,64,13,20,65,05-02-2026 10:00
813,65,18,20,90,03-06-2026 10:00
814,66,2,20,10,06-02-2026 10:00
814,67,6,20,30,19-03-2026 10:00
814,68,15,20,75,15-05-2026 10:00
814,69,10,20,50,17-01-2026 10:00
814,70,18,20,90,07-04-2026 10:00
815,71,2,20,10,02-01-2026 10:00
815,72,13,20,65,13-06-2026 10:00
815,73,8,20,40,17-04-2026 10:00
815,74,5,20,25,23-05-2026 10:00
815,75,14,20,70,26-05-2026 10:00
816,76,4,20,20,21-02-2026 10:00
816,77,5,20,25,08-04-2026 10:00
816,78,9,20,45,22-05-2026 10:00
816,79,15,20,75,11-01-2026 10:00
816,80,9,20,45,30-05-2026 10:00
817,81,9,20,45,07-05-2026 10:00
817,82,17,20,85,29-04-2026 10:00
817,83,7,20,35,07-01-2026 10:00
817,84,0,20,0,09-02-2026 10:00
817,85,8,20,40,18-03-2026 10:00
818,86,20,20,100,12-06-2026 10:00
818,87,15,20,75,01-02-2026 10:00
818,88,20,20,100,20-06-2026 10:00
818,89,9,20,45,17-04-2026 10:00
818,90,5,20,25,06-05-2026 10:00
819,91,20,20,100,04-03-2026 10:00
819,92,0,20,0,31-01-2026 10:00
819,93,8,20,40,07-05-2026 10:00
819,94,2,20,10,03-06-2026 10:00
819,95,11,20,55,29-05-2026 10:00
820,96,15,20,75,25-05-2026 10:00
820,97,13,20,65,08-03-2026 10:00
820,98,20,20,100,25-06-2026 10:00
820,99,15,20,75,27-06-2026 10:00
820,100,3,20,15,06-04-2026 10:00
821,1,16,20,80,28-05-2026 10:00
821,2,0,20,0,08-03-2026 10:00
821,3,5,20,25,29-05-2026 10:00
821,4,1,20,5,07-02-2026 10:00
821,5,10,20,50,29-04-2026 10:00
822,6,4,20,20,02-04-2026 10:00
822,7,5,20,25,14-01-2026 10:00
822,8,8,20,40,03-04-2026 10:00
822,9,13,20,65,12-06-2026 10:00
822,10,11,20,55,13-01-2026 10:00
823,11,9,20,45,16-03-2026 10:00
823,12,16,20,80,13-06-2026 10:00
823,13,2,20,10,12-05-2026 10:00
823,14,6,20,30,10-06-2026 10:00
823,15,5,20,25,25-01-2026 10:00
824,16,19,20,95,12-02-2026 10:00
824,17,17,20,85,24-03-2026 10:00
824,18,10,20,50,25-06-2026 10:00
824,19,9,20,45,11-03-2026 10:00
824,20,11,20,55,25-01-2026 10:00
825,21,17,20,85,29-05-2026 10:00
825,22,11,20,55,06-02-2026 10:00
825,23,0,20,0,05-02-2026 10:00
825,24,16,20,80,14-03-2026 10:00
825,25,11,20,55,05-05-2026 10:00
826,26,13,20,65,29-03-2026 10:00
826,27,5,20,25,27-01-2026 10:00
826,28,6,20,30,09-02-2026 10:00
826,29,16,20,80,26-02-2026 10:00
826,30,6,20,30,24-05-2026 10:00
827,31,19,20,95,26-06-2026 10:00
827,32,16,20,80,17-05-2026 10:00
827,33,17,20,85,29-06-2026 10:00
827,34,3,20,15,17-04-2026 10:00
827,35,14,20,70,20-01-2026 10:00
828,36,3,20,15,03-02-2026 10:00
828,37,0,20,0,03-05-2026 10:00
828,38,11,20,55,21-03-2026 10:00
828,39,11,20,55,05-02-2026 10:00
828,40,14,20,70,02-06-2026 10:00
829,41,16,20,80,29-03-2026 10:00
829,42,5,20,25,19-03-2026 10:00
829,43,0,20,0,31-01-2026 10:00
829,44,7,20,35,02-02-2026 10:00
829,45,4,20,20,26-06-2026 10:00
830,46,7,20,35,20-03-2026 10:00
830,47,4,20,20,23-02-2026 10:00
830,48,4,20,20,21-01-2026 10:00
830,49,13,20,65,26-06-2026 10:00
830,50,3,20,15,20-01-2026 10:00
831,51,0,20,0,04-05-2026 10:00
831,52,13,20,65,11-01-2026 10:00
831,53,6,20,30,28-01-2026 10:00
831,54,1,20,5,18-06-2026 10:00
831,55,16,20,80,01-06-2026 10:00
832,56,1,20,5,01-05-2026 10:00
832,57,3,20,15,06-03-2026 10:00
832,58,1,20,5,17-01-2026 10:00
832,59,9,20,45,20-06-2026 10:00
832,60,0,20,0,25-01-2026 10:00
833,61,3,20,15,04-06-2026 10:00
833,62,6,20,30,31-05-2026 10:00
833,63,6,20,30,17-02-2026 10:00
833,64,11,20,55,08-01-2026 10:00
833,65,2,20,10,07-02-2026 10:00
834,66,8,20,40,29-05-2026 10:00
834,67,11,20,55,01-04-2026 10:00
834,68,5,20,25,09-05-2026 10:00
834,69,19,20,95,03-03-2026 10:00
834,70,16,20,80,26-05-2026 10:00
835,71,2,20,10,26-01-2026 10:00
835,72,18,20,90,04-01-2026 10:00
835,73,16,20,80,25-02-2026 10:00
835,74,6,20,30,14-03-2026 10:00
835,75,5,20,25,18-05-2026 10:00
836,76,0,20,0,26-01-2026 10:00
836,77,6,20,30,10-05-2026 10:00
836,78,15,20,75,04-04-2026 10:00
836,79,18,20,90,17-02-2026 10:00
836,80,14,20,70,22-06-2026 10:00
837,81,3,20,15,16-02-2026 10:00
837,82,11,20,55,08-04-2026 10:00
837,83,13,20,65,24-02-2026 10:00
837,84,16,20,80,28-02-2026 10:00
837,85,13,20,65,29-01-2026 10:00
838,86,10,20,50,01-02-2026 10:00
838,87,14,20,70,29-01-2026 10:00
838,88,16,20,80,04-02-2026 10:00
838,89,15,20,75,03-04-2026 10:00
838,90,9,20,45,23-05-2026 10:00
839,91,1,20,5,22-01-2026 10:00
839,92,10,20,50,07-05-2026 10:00
839,93,3,20,15,09-04-2026 10:00
839,94,9,20,45,27-04-2026 10:00
839,95,19,20,95,21-03-2026 10:00
840,96,14,20,70,27-02-2026 10:00
840,97,17,20,85,15-04-2026 10:00
840,98,9,20,45,20-04-2026 10:00
840,99,6,20,30,18-01-2026 10:00
840,100,15,20,75,23-06-2026 10:00
841,1,11,20,55,15-02-2026 10:00
841,2,0,20,0,22-06-2026 10:00
841,3,15,20,75,22-06-2026 10:00
841,4,3,20,15,12-04-2026 10:00
841,5,14,20,70,14-05-2026 10:00
842,6,2,20,10,31-01-2026 10:00
842,7,4,20,20,12-04-2026 10:00
842,8,12,20,60,27-06-2026 10:00
842,9,18,20,90,27-01-2026 10:00
842,10,5,20,25,17-01-2026 10:00
843,11,11,20,55,20-02-2026 10:00
843,12,10,20,50,21-02-2026 10:00
843,13,19,20,95,14-04-2026 10:00
843,14,3,20,15,01-03-2026 10:00
843,15,13,20,65,08-05-2026 10:00
844,16,8,20,40,29-05-2026 10:00
844,17,18,20,90,11-03-2026 10:00
844,18,20,20,100,13-04-2026 10:00
844,19,11,20,55,02-05-2026 10:00
844,20,19,20,95,14-04-2026 10:00
845,21,15,20,75,11-05-2026 10:00
845,22,8,20,40,07-02-2026 10:00
845,23,14,20,70,28-01-2026 10:00
845,24,3,20,15,06-03-2026 10:00
845,25,15,20,75,08-05-2026 10:00
846,26,7,20,35,10-06-2026 10:00
846,27,4,20,20,08-01-2026 10:00
846,28,3,20,15,14-01-2026 10:00
846,29,2,20,10,08-05-2026 10:00
846,30,0,20,0,15-02-2026 10:00
847,31,12,20,60,04-06-2026 10:00
847,32,10,20,50,09-02-2026 10:00
847,33,9,20,45,09-06-2026 10:00
847,34,19,20,95,25-01-2026 10:00
847,35,2,20,10,19-06-2026 10:00
848,36,16,20,80,07-05-2026 10:00
848,37,14,20,70,21-02-2026 10:00
848,38,9,20,45,19-06-2026 10:00
848,39,15,20,75,06-05-2026 10:00
848,40,16,20,80,08-03-2026 10:00
849,41,17,20,85,29-03-2026 10:00
849,42,17,20,85,20-05-2026 10:00
849,43,0,20,0,09-01-2026 10:00
849,44,13,20,65,31-01-2026 10:00
849,45,12,20,60,26-04-2026 10:00
850,46,10,20,50,07-04-2026 10:00
850,47,14,20,70,28-04-2026 10:00
850,48,1,20,5,09-01-2026 10:00
850,49,5,20,25,23-05-2026 10:00
850,50,9,20,45,30-06-2026 10:00
851,51,5,20,25,06-05-2026 10:00
851,52,13,20,65,04-02-2026 10:00
851,53,9,20,45,10-04-2026 10:00
851,54,15,20,75,29-01-2026 10:00
851,55,18,20,90,22-06-2026 10:00
852,56,15,20,75,18-06-2026 10:00
852,57,17,20,85,25-06-2026 10:00
852,58,17,20,85,27-05-2026 10:00
852,59,15,20,75,02-05-2026 10:00
852,60,17,20,85,10-02-2026 10:00
853,61,16,20,80,15-01-2026 10:00
853,62,12,20,60,09-03-2026 10:00
853,63,15,20,75,01-06-2026 10:00
853,64,12,20,60,07-06-2026 10:00
853,65,11,20,55,14-03-2026 10:00
854,66,10,20,50,16-01-2026 10:00
854,67,0,20,0,01-06-2026 10:00
854,68,1,20,5,02-02-2026 10:00
854,69,11,20,55,31-03-2026 10:00
854,70,18,20,90,07-01-2026 10:00
855,71,20,20,100,29-03-2026 10:00
855,72,12,20,60,25-01-2026 10:00
855,73,13,20,65,30-03-2026 10:00
855,74,11,20,55,16-04-2026 10:00
855,75,11,20,55,15-01-2026 10:00
856,76,7,20,35,05-03-2026 10:00
856,77,7,20,35,15-06-2026 10:00
856,78,9,20,45,01-06-2026 10:00
856,79,2,20,10,26-06-2026 10:00
856,80,2,20,10,20-03-2026 10:00
857,81,3,20,15,28-03-2026 10:00
857,82,5,20,25,06-01-2026 10:00
857,83,17,20,85,25-03-2026 10:00
857,84,1,20,5,28-04-2026 10:00
857,85,13,20,65,26-05-2026 10:00
858,86,16,20,80,18-04-2026 10:00
858,87,8,20,40,06-01-2026 10:00
858,88,15,20,75,31-05-2026 10:00
858,89,0,20,0,23-03-2026 10:00
858,90,12,20,60,27-05-2026 10:00
859,91,12,20,60,24-03-2026 10:00
859,92,18,20,90,26-01-2026 10:00
859,93,15,20,75,26-01-2026 10:00
859,94,6,20,30,28-03-2026 10:00
859,95,15,20,75,09-05-2026 10:00
860,96,10,20,50,12-02-2026 10:00
860,97,19,20,95,18-03-2026 10:00
860,98,11,20,55,22-04-2026 10:00
860,99,6,20,30,08-05-2026 10:00
860,100,20,20,100,20-01-2026 10:00
861,1,17,20,85,24-02-2026 10:00
861,2,9,20,45,09-03-2026 10:00
861,3,1,20,5,18-03-2026 10:00
861,4,18,20,90,13-04-2026 10:00
861,5,7,20,35,09-06-2026 10:00
862,6,2,20,10,29-05-2026 10:00
862,7,3,20,15,01-06-2026 10:00
862,8,10,20,50,11-03-2026 10:00
862,9,2,20,10,26-05-2026 10:00
862,10,16,20,80,02-05-2026 10:00
863,11,13,20,65,23-02-2026 10:00
863,12,11,20,55,20-01-2026 10:00
863,13,20,20,100,19-03-2026 10:00
863,14,16,20,80,18-03-2026 10:00
863,15,13,20,65,19-06-2026 10:00
864,16,17,20,85,22-03-2026 10:00
864,17,6,20,30,17-04-2026 10:00
864,18,12,20,60,06-03-2026 10:00
864,19,19,20,95,12-05-2026 10:00
864,20,14,20,70,21-06-2026 10:00
865,21,17,20,85,16-02-2026 10:00
865,22,0,20,0,10-06-2026 10:00
865,23,16,20,80,17-02-2026 10:00
865,24,18,20,90,08-05-2026 10:00
865,25,6,20,30,19-06-2026 10:00
866,26,14,20,70,10-03-2026 10:00
866,27,20,20,100,17-05-2026 10:00
866,28,19,20,95,22-04-2026 10:00
866,29,18,20,90,10-06-2026 10:00
866,30,1,20,5,14-05-2026 10:00
867,31,6,20,30,04-04-2026 10:00
867,32,14,20,70,07-02-2026 10:00
867,33,7,20,35,08-02-2026 10:00
867,34,9,20,45,22-04-2026 10:00
867,35,13,20,65,23-03-2026 10:00
868,36,2,20,10,12-06-2026 10:00
868,37,6,20,30,16-04-2026 10:00
868,38,8,20,40,15-03-2026 10:00
868,39,20,20,100,11-02-2026 10:00
868,40,8,20,40,25-06-2026 10:00
869,41,19,20,95,02-03-2026 10:00
869,42,12,20,60,03-03-2026 10:00
869,43,3,20,15,08-02-2026 10:00
869,44,6,20,30,08-01-2026 10:00
869,45,7,20,35,21-03-2026 10:00
870,46,14,20,70,05-05-2026 10:00
870,47,17,20,85,22-04-2026 10:00
870,48,13,20,65,15-06-2026 10:00
870,49,1,20,5,21-02-2026 10:00
870,50,5,20,25,11-03-2026 10:00
871,51,4,20,20,08-01-2026 10:00
871,52,8,20,40,13-03-2026 10:00
871,53,17,20,85,15-02-2026 10:00
871,54,20,20,100,11-01-2026 10:00
871,55,15,20,75,06-01-2026 10:00
872,56,1,20,5,22-01-2026 10:00
872,57,10,20,50,04-06-2026 10:00
872,58,9,20,45,17-01-2026 10:00
872,59,13,20,65,04-04-2026 10:00
872,60,2,20,10,12-04-2026 10:00
873,61,4,20,20,02-03-2026 10:00
873,62,3,20,15,27-05-2026 10:00
873,63,16,20,80,31-01-2026 10:00
873,64,16,20,80,20-06-2026 10:00
873,65,18,20,90,15-05-2026 10:00
874,66,8,20,40,08-05-2026 10:00
874,67,2,20,10,02-03-2026 10:00
874,68,19,20,95,01-02-2026 10:00
874,69,10,20,50,26-03-2026 10:00
874,70,18,20,90,10-04-2026 10:00
875,71,7,20,35,19-04-2026 10:00
875,72,6,20,30,06-02-2026 10:00
875,73,3,20,15,14-02-2026 10:00
875,74,6,20,30,12-03-2026 10:00
875,75,14,20,70,15-04-2026 10:00
876,76,8,20,40,31-05-2026 10:00
876,77,1,20,5,06-05-2026 10:00
876,78,17,20,85,06-04-2026 10:00
876,79,3,20,15,23-03-2026 10:00
876,80,17,20,85,19-04-2026 10:00
877,81,15,20,75,24-06-2026 10:00
877,82,7,20,35,13-03-2026 10:00
877,83,4,20,20,03-04-2026 10:00
877,84,15,20,75,05-04-2026 10:00
877,85,9,20,45,06-01-2026 10:00
878,86,20,20,100,05-06-2026 10:00
878,87,1,20,5,19-06-2026 10:00
878,88,1,20,5,26-06-2026 10:00
878,89,7,20,35,06-03-2026 10:00
878,90,17,20,85,09-04-2026 10:00
879,91,9,20,45,13-06-2026 10:00
879,92,11,20,55,25-06-2026 10:00
879,93,3,20,15,17-05-2026 10:00
879,94,7,20,35,24-04-2026 10:00
879,95,12,20,60,03-01-2026 10:00
880,96,12,20,60,07-03-2026 10:00
880,97,9,20,45,24-01-2026 10:00
880,98,7,20,35,18-03-2026 10:00
880,99,6,20,30,11-02-2026 10:00
880,100,14,20,70,11-06-2026 10:00
881,1,10,20,50,14-06-2026 10:00
881,2,13,20,65,09-01-2026 10:00
881,3,8,20,40,21-01-2026 10:00
881,4,15,20,75,01-05-2026 10:00
881,5,13,20,65,27-03-2026 10:00
882,6,13,20,65,26-01-2026 10:00
882,7,5,20,25,28-06-2026 10:00
882,8,8,20,40,10-05-2026 10:00
882,9,2,20,10,01-04-2026 10:00
882,10,13,20,65,04-06-2026 10:00
883,11,17,20,85,25-03-2026 10:00
883,12,14,20,70,27-06-2026 10:00
883,13,0,20,0,14-01-2026 10:00
883,14,20,20,100,14-06-2026 10:00
883,15,5,20,25,11-06-2026 10:00
884,16,14,20,70,14-06-2026 10:00
884,17,4,20,20,01-01-2026 10:00
884,18,12,20,60,21-02-2026 10:00
884,19,20,20,100,20-03-2026 10:00
884,20,10,20,50,28-05-2026 10:00
885,21,2,20,10,29-01-2026 10:00
885,22,5,20,25,05-03-2026 10:00
885,23,16,20,80,16-06-2026 10:00
885,24,4,20,20,02-06-2026 10:00
885,25,13,20,65,23-03-2026 10:00
886,26,14,20,70,03-05-2026 10:00
886,27,4,20,20,08-03-2026 10:00
886,28,5,20,25,25-06-2026 10:00
886,29,18,20,90,25-03-2026 10:00
886,30,9,20,45,20-02-2026 10:00
887,31,2,20,10,17-04-2026 10:00
887,32,11,20,55,16-02-2026 10:00
887,33,12,20,60,07-04-2026 10:00
887,34,18,20,90,27-02-2026 10:00
887,35,0,20,0,06-01-2026 10:00
888,36,17,20,85,15-06-2026 10:00
888,37,19,20,95,10-06-2026 10:00
888,38,7,20,35,23-01-2026 10:00
888,39,14,20,70,20-02-2026 10:00
888,40,8,20,40,29-06-2026 10:00
889,41,5,20,25,13-01-2026 10:00
889,42,12,20,60,08-06-2026 10:00
889,43,13,20,65,03-06-2026 10:00
889,44,8,20,40,08-02-2026 10:00
889,45,2,20,10,05-04-2026 10:00
890,46,5,20,25,26-05-2026 10:00
890,47,3,20,15,04-01-2026 10:00
890,48,16,20,80,22-04-2026 10:00
890,49,14,20,70,22-06-2026 10:00
890,50,15,20,75,31-01-2026 10:00
891,51,7,20,35,22-02-2026 10:00
891,52,6,20,30,10-03-2026 10:00
891,53,9,20,45,07-05-2026 10:00
891,54,12,20,60,03-02-2026 10:00
891,55,13,20,65,22-02-2026 10:00
892,56,19,20,95,25-02-2026 10:00
892,57,9,20,45,23-06-2026 10:00
892,58,6,20,30,18-04-2026 10:00
892,59,5,20,25,15-04-2026 10:00
892,60,4,20,20,08-01-2026 10:00
893,61,9,20,45,09-03-2026 10:00
893,62,7,20,35,08-06-2026 10:00
893,63,14,20,70,05-03-2026 10:00
893,64,11,20,55,30-05-2026 10:00
893,65,20,20,100,28-04-2026 10:00
894,66,2,20,10,03-01-2026 10:00
894,67,15,20,75,04-02-2026 10:00
894,68,10,20,50,27-06-2026 10:00
894,69,12,20,60,25-06-2026 10:00
894,70,6,20,30,09-04-2026 10:00
895,71,13,20,65,02-06-2026 10:00
895,72,8,20,40,19-01-2026 10:00
895,73,3,20,15,23-05-2026 10:00
895,74,1,20,5,14-01-2026 10:00
895,75,10,20,50,02-03-2026 10:00
896,76,15,20,75,01-04-2026 10:00
896,77,19,20,95,21-06-2026 10:00
896,78,19,20,95,12-01-2026 10:00
896,79,0,20,0,06-03-2026 10:00
896,80,16,20,80,08-06-2026 10:00
897,81,12,20,60,19-03-2026 10:00
897,82,12,20,60,21-06-2026 10:00
897,83,11,20,55,03-02-2026 10:00
897,84,17,20,85,11-01-2026 10:00
897,85,18,20,90,15-02-2026 10:00
898,86,8,20,40,13-02-2026 10:00
898,87,16,20,80,07-05-2026 10:00
898,88,10,20,50,30-04-2026 10:00
898,89,4,20,20,23-01-2026 10:00
898,90,10,20,50,16-05-2026 10:00
899,91,13,20,65,06-02-2026 10:00
899,92,8,20,40,30-01-2026 10:00
899,93,10,20,50,12-01-2026 10:00
899,94,4,20,20,08-05-2026 10:00
899,95,8,20,40,03-04-2026 10:00
900,96,13,20,65,14-03-2026 10:00
900,97,8,20,40,06-06-2026 10:00
900,98,8,20,40,13-05-2026 10:00
900,99,10,20,50,22-04-2026 10:00
900,100,5,20,25,22-03-2026 10:00
901,1,15,20,75,08-02-2026 10:00
901,2,17,20,85,18-06-2026 10:00
901,3,20,20,100,23-04-2026 10:00
901,4,1,20,5,18-02-2026 10:00
901,5,4,20,20,14-01-2026 10:00
902,6,7,20,35,16-02-2026 10:00
902,7,1,20,5,01-05-2026 10:00
902,8,8,20,40,11-02-2026 10:00
902,9,14,20,70,22-04-2026 10:00
902,10,3,20,15,07-05-2026 10:00
903,11,1,20,5,24-04-2026 10:00
903,12,11,20,55,24-05-2026 10:00
903,13,15,20,75,28-04-2026 10:00
903,14,15,20,75,29-01-2026 10:00
903,15,4,20,20,01-02-2026 10:00
904,16,11,20,55,24-01-2026 10:00
904,17,6,20,30,14-03-2026 10:00
904,18,5,20,25,13-02-2026 10:00
904,19,16,20,80,11-03-2026 10:00
904,20,18,20,90,19-06-2026 10:00
905,21,18,20,90,24-02-2026 10:00
905,22,18,20,90,02-01-2026 10:00
905,23,16,20,80,27-05-2026 10:00
905,24,5,20,25,17-04-2026 10:00
905,25,2,20,10,05-03-2026 10:00
906,26,15,20,75,23-06-2026 10:00
906,27,3,20,15,26-03-2026 10:00
906,28,0,20,0,14-03-2026 10:00
906,29,3,20,15,11-04-2026 10:00
906,30,11,20,55,01-06-2026 10:00
907,31,3,20,15,24-03-2026 10:00
907,32,4,20,20,08-01-2026 10:00
907,33,2,20,10,28-04-2026 10:00
907,34,15,20,75,27-04-2026 10:00
907,35,20,20,100,10-03-2026 10:00
908,36,19,20,95,18-06-2026 10:00
908,37,0,20,0,26-03-2026 10:00
908,38,1,20,5,17-06-2026 10:00
908,39,19,20,95,26-04-2026 10:00
908,40,10,20,50,26-05-2026 10:00
909,41,4,20,20,24-02-2026 10:00
909,42,1,20,5,14-06-2026 10:00
909,43,9,20,45,24-03-2026 10:00
909,44,1,20,5,19-01-2026 10:00
909,45,17,20,85,04-06-2026 10:00
910,46,12,20,60,24-01-2026 10:00
910,47,12,20,60,07-03-2026 10:00
910,48,5,20,25,03-03-2026 10:00
910,49,12,20,60,23-01-2026 10:00
910,50,0,20,0,23-02-2026 10:00
911,51,5,20,25,10-04-2026 10:00
911,52,12,20,60,14-03-2026 10:00
911,53,20,20,100,17-06-2026 10:00
911,54,4,20,20,31-01-2026 10:00
911,55,9,20,45,06-05-2026 10:00
912,56,13,20,65,21-03-2026 10:00
912,57,19,20,95,03-02-2026 10:00
912,58,11,20,55,20-06-2026 10:00
912,59,3,20,15,05-04-2026 10:00
912,60,16,20,80,21-02-2026 10:00
913,61,15,20,75,25-04-2026 10:00
913,62,12,20,60,02-05-2026 10:00
913,63,8,20,40,25-05-2026 10:00
913,64,19,20,95,19-04-2026 10:00
913,65,2,20,10,19-04-2026 10:00
914,66,11,20,55,07-06-2026 10:00
914,67,5,20,25,22-04-2026 10:00
914,68,20,20,100,20-04-2026 10:00
914,69,2,20,10,11-01-2026 10:00
914,70,16,20,80,29-03-2026 10:00
915,71,14,20,70,23-06-2026 10:00
915,72,7,20,35,15-06-2026 10:00
915,73,4,20,20,07-05-2026 10:00
915,74,16,20,80,11-06-2026 10:00
915,75,20,20,100,15-05-2026 10:00
916,76,2,20,10,16-03-2026 10:00
916,77,14,20,70,22-04-2026 10:00
916,78,2,20,10,03-05-2026 10:00
916,79,9,20,45,08-02-2026 10:00
916,80,4,20,20,25-06-2026 10:00
917,81,9,20,45,05-03-2026 10:00
917,82,16,20,80,20-04-2026 10:00
917,83,9,20,45,26-05-2026 10:00
917,84,1,20,5,22-05-2026 10:00
917,85,2,20,10,12-01-2026 10:00
918,86,16,20,80,28-01-2026 10:00
918,87,16,20,80,19-04-2026 10:00
918,88,13,20,65,25-01-2026 10:00
918,89,14,20,70,19-06-2026 10:00
918,90,18,20,90,06-03-2026 10:00
919,91,11,20,55,07-03-2026 10:00
919,92,18,20,90,21-01-2026 10:00
919,93,16,20,80,05-01-2026 10:00
919,94,3,20,15,19-06-2026 10:00
919,95,14,20,70,15-02-2026 10:00
920,96,5,20,25,11-04-2026 10:00
920,97,1,20,5,22-01-2026 10:00
920,98,13,20,65,30-06-2026 10:00
920,99,9,20,45,22-03-2026 10:00
920,100,18,20,90,27-04-2026 10:00
921,1,14,20,70,09-06-2026 10:00
921,2,8,20,40,29-03-2026 10:00
921,3,5,20,25,24-02-2026 10:00
921,4,5,20,25,21-01-2026 10:00
921,5,19,20,95,08-03-2026 10:00
922,6,3,20,15,22-04-2026 10:00
922,7,17,20,85,05-01-2026 10:00
922,8,0,20,0,12-04-2026 10:00
922,9,3,20,15,04-01-2026 10:00
922,10,5,20,25,17-06-2026 10:00
923,11,15,20,75,28-04-2026 10:00
923,12,12,20,60,18-06-2026 10:00
923,13,19,20,95,05-05-2026 10:00
923,14,9,20,45,08-06-2026 10:00
923,15,19,20,95,03-04-2026 10:00
924,16,12,20,60,19-03-2026 10:00
924,17,2,20,10,02-02-2026 10:00
924,18,4,20,20,04-01-2026 10:00
924,19,6,20,30,29-01-2026 10:00
924,20,0,20,0,28-06-2026 10:00
925,21,6,20,30,07-01-2026 10:00
925,22,6,20,30,04-05-2026 10:00
925,23,20,20,100,07-02-2026 10:00
925,24,20,20,100,03-03-2026 10:00
925,25,13,20,65,10-06-2026 10:00
926,26,17,20,85,18-02-2026 10:00
926,27,2,20,10,19-03-2026 10:00
926,28,14,20,70,07-02-2026 10:00
926,29,15,20,75,19-04-2026 10:00
926,30,0,20,0,30-01-2026 10:00
927,31,5,20,25,09-02-2026 10:00
927,32,14,20,70,05-05-2026 10:00
927,33,15,20,75,06-01-2026 10:00
927,34,14,20,70,30-05-2026 10:00
927,35,7,20,35,21-02-2026 10:00
928,36,9,20,45,26-05-2026 10:00
928,37,12,20,60,14-01-2026 10:00
928,38,10,20,50,03-01-2026 10:00
928,39,3,20,15,11-06-2026 10:00
928,40,13,20,65,17-04-2026 10:00
929,41,15,20,75,29-05-2026 10:00
929,42,19,20,95,22-05-2026 10:00
929,43,9,20,45,10-01-2026 10:00
929,44,15,20,75,13-04-2026 10:00
929,45,15,20,75,12-05-2026 10:00
930,46,18,20,90,06-06-2026 10:00
930,47,15,20,75,01-03-2026 10:00
930,48,1,20,5,16-05-2026 10:00
930,49,0,20,0,19-04-2026 10:00
930,50,18,20,90,22-03-2026 10:00
931,51,17,20,85,17-01-2026 10:00
931,52,8,20,40,15-06-2026 10:00
931,53,13,20,65,02-05-2026 10:00
931,54,3,20,15,07-05-2026 10:00
931,55,19,20,95,15-06-2026 10:00
932,56,11,20,55,25-04-2026 10:00
932,57,13,20,65,06-01-2026 10:00
932,58,5,20,25,15-03-2026 10:00
932,59,6,20,30,01-05-2026 10:00
932,60,11,20,55,23-04-2026 10:00
933,61,7,20,35,10-05-2026 10:00
933,62,7,20,35,31-05-2026 10:00
933,63,10,20,50,04-06-2026 10:00
933,64,14,20,70,03-02-2026 10:00
933,65,9,20,45,10-04-2026 10:00
934,66,13,20,65,22-06-2026 10:00
934,67,20,20,100,03-04-2026 10:00
934,68,15,20,75,11-02-2026 10:00
934,69,19,20,95,23-02-2026 10:00
934,70,9,20,45,26-06-2026 10:00
935,71,2,20,10,20-06-2026 10:00
935,72,15,20,75,03-02-2026 10:00
935,73,5,20,25,21-02-2026 10:00
935,74,5,20,25,05-06-2026 10:00
935,75,15,20,75,26-01-2026 10:00
936,76,13,20,65,07-05-2026 10:00
936,77,9,20,45,02-03-2026 10:00
936,78,6,20,30,23-05-2026 10:00
936,79,1,20,5,05-01-2026 10:00
936,80,11,20,55,08-03-2026 10:00
937,81,11,20,55,23-06-2026 10:00
937,82,5,20,25,14-02-2026 10:00
937,83,16,20,80,09-01-2026 10:00
937,84,2,20,10,28-03-2026 10:00
937,85,13,20,65,30-01-2026 10:00
938,86,19,20,95,28-02-2026 10:00
938,87,3,20,15,24-05-2026 10:00
938,88,7,20,35,05-05-2026 10:00
938,89,8,20,40,29-03-2026 10:00
938,90,11,20,55,12-01-2026 10:00
939,91,17,20,85,10-03-2026 10:00
939,92,4,20,20,26-06-2026 10:00
939,93,16,20,80,04-06-2026 10:00
939,94,3,20,15,30-06-2026 10:00
939,95,1,20,5,23-04-2026 10:00
940,96,14,20,70,29-01-2026 10:00
940,97,3,20,15,06-06-2026 10:00
940,98,19,20,95,27-01-2026 10:00
940,99,17,20,85,11-01-2026 10:00
940,100,16,20,80,27-01-2026 10:00
941,1,5,20,25,11-06-2026 10:00
941,2,3,20,15,22-02-2026 10:00
941,3,11,20,55,10-02-2026 10:00
941,4,9,20,45,24-04-2026 10:00
941,5,16,20,80,08-05-2026 10:00
942,6,3,20,15,09-02-2026 10:00
942,7,20,20,100,04-04-2026 10:00
942,8,10,20,50,05-02-2026 10:00
942,9,3,20,15,21-02-2026 10:00
942,10,14,20,70,17-04-2026 10:00
943,11,0,20,0,04-03-2026 10:00
943,12,15,20,75,29-03-2026 10:00
943,13,9,20,45,10-05-2026 10:00
943,14,5,20,25,22-01-2026 10:00
943,15,8,20,40,06-04-2026 10:00
944,16,13,20,65,03-04-2026 10:00
944,17,20,20,100,20-06-2026 10:00
944,18,7,20,35,08-02-2026 10:00
944,19,16,20,80,18-04-2026 10:00
944,20,7,20,35,05-02-2026 10:00
945,21,13,20,65,16-04-2026 10:00
945,22,13,20,65,28-04-2026 10:00
945,23,16,20,80,24-06-2026 10:00
945,24,11,20,55,08-01-2026 10:00
945,25,14,20,70,07-02-2026 10:00
946,26,0,20,0,13-05-2026 10:00
946,27,2,20,10,22-01-2026 10:00
946,28,10,20,50,22-03-2026 10:00
946,29,12,20,60,12-02-2026 10:00
946,30,13,20,65,16-01-2026 10:00
947,31,12,20,60,10-01-2026 10:00
947,32,20,20,100,08-02-2026 10:00
947,33,18,20,90,15-01-2026 10:00
947,34,20,20,100,19-06-2026 10:00
947,35,16,20,80,17-03-2026 10:00
948,36,13,20,65,13-04-2026 10:00
948,37,17,20,85,19-03-2026 10:00
948,38,10,20,50,30-03-2026 10:00
948,39,0,20,0,13-03-2026 10:00
948,40,16,20,80,06-06-2026 10:00
949,41,4,20,20,29-06-2026 10:00
949,42,12,20,60,25-04-2026 10:00
949,43,20,20,100,22-02-2026 10:00
949,44,17,20,85,09-06-2026 10:00
949,45,19,20,95,16-06-2026 10:00
950,46,14,20,70,28-06-2026 10:00
950,47,11,20,55,16-06-2026 10:00
950,48,12,20,60,20-02-2026 10:00
950,49,9,20,45,22-01-2026 10:00
950,50,1,20,5,18-05-2026 10:00
951,51,10,20,50,10-04-2026 10:00
951,52,4,20,20,14-05-2026 10:00
951,53,17,20,85,14-03-2026 10:00
951,54,6,20,30,24-01-2026 10:00
951,55,16,20,80,22-05-2026 10:00
952,56,9,20,45,14-05-2026 10:00
952,57,10,20,50,12-06-2026 10:00
952,58,5,20,25,06-01-2026 10:00
952,59,0,20,0,19-05-2026 10:00
952,60,18,20,90,08-03-2026 10:00
953,61,7,20,35,19-03-2026 10:00
953,62,13,20,65,10-05-2026 10:00
953,63,3,20,15,16-01-2026 10:00
953,64,11,20,55,08-03-2026 10:00
953,65,20,20,100,10-05-2026 10:00
954,66,11,20,55,01-02-2026 10:00
954,67,1,20,5,16-06-2026 10:00
954,68,3,20,15,25-04-2026 10:00
954,69,9,20,45,27-05-2026 10:00
954,70,0,20,0,27-04-2026 10:00
955,71,10,20,50,02-03-2026 10:00
955,72,18,20,90,25-05-2026 10:00
955,73,20,20,100,20-06-2026 10:00
955,74,17,20,85,02-06-2026 10:00
955,75,7,20,35,31-03-2026 10:00
956,76,9,20,45,14-03-2026 10:00
956,77,18,20,90,22-06-2026 10:00
956,78,4,20,20,07-04-2026 10:00
956,79,16,20,80,05-03-2026 10:00
956,80,3,20,15,25-03-2026 10:00
957,81,16,20,80,30-05-2026 10:00
957,82,6,20,30,03-04-2026 10:00
957,83,14,20,70,26-01-2026 10:00
957,84,4,20,20,19-04-2026 10:00
957,85,13,20,65,21-01-2026 10:00
958,86,2,20,10,16-01-2026 10:00
958,87,13,20,65,03-02-2026 10:00
958,88,15,20,75,24-02-2026 10:00
958,89,14,20,70,20-01-2026 10:00
958,90,11,20,55,23-06-2026 10:00
959,91,16,20,80,14-04-2026 10:00
959,92,18,20,90,24-05-2026 10:00
959,93,16,20,80,12-04-2026 10:00
959,94,8,20,40,30-05-2026 10:00
959,95,15,20,75,12-06-2026 10:00
960,96,13,20,65,23-04-2026 10:00
960,97,15,20,75,17-04-2026 10:00
960,98,5,20,25,06-02-2026 10:00
960,99,16,20,80,02-02-2026 10:00
960,100,15,20,75,28-04-2026 10:00
961,1,4,20,20,30-06-2026 10:00
961,2,16,20,80,16-05-2026 10:00
961,3,3,20,15,27-06-2026 10:00
961,4,6,20,30,27-04-2026 10:00
961,5,15,20,75,09-01-2026 10:00
962,6,5,20,25,24-05-2026 10:00
962,7,11,20,55,31-01-2026 10:00
962,8,19,20,95,15-04-2026 10:00
962,9,3,20,15,31-01-2026 10:00
962,10,11,20,55,27-05-2026 10:00
963,11,9,20,45,11-01-2026 10:00
963,12,16,20,80,09-02-2026 10:00
963,13,3,20,15,06-04-2026 10:00
963,14,9,20,45,06-04-2026 10:00
963,15,9,20,45,17-03-2026 10:00
964,16,15,20,75,08-01-2026 10:00
964,17,4,20,20,06-02-2026 10:00
964,18,18,20,90,18-04-2026 10:00
964,19,1,20,5,20-03-2026 10:00
964,20,9,20,45,25-02-2026 10:00
965,21,5,20,25,06-05-2026 10:00
965,22,0,20,0,01-02-2026 10:00
965,23,17,20,85,31-03-2026 10:00
965,24,2,20,10,12-01-2026 10:00
965,25,13,20,65,04-05-2026 10:00
966,26,18,20,90,21-03-2026 10:00
966,27,18,20,90,26-04-2026 10:00
966,28,10,20,50,07-04-2026 10:00
966,29,15,20,75,05-06-2026 10:00
966,30,4,20,20,05-02-2026 10:00
967,31,16,20,80,12-06-2026 10:00
967,32,14,20,70,26-04-2026 10:00
967,33,14,20,70,08-02-2026 10:00
967,34,10,20,50,23-01-2026 10:00
967,35,19,20,95,20-06-2026 10:00
968,36,19,20,95,15-04-2026 10:00
968,37,12,20,60,01-03-2026 10:00
968,38,12,20,60,28-03-2026 10:00
968,39,17,20,85,12-01-2026 10:00
968,40,14,20,70,13-03-2026 10:00
969,41,20,20,100,23-01-2026 10:00
969,42,5,20,25,07-01-2026 10:00
969,43,18,20,90,11-06-2026 10:00
969,44,9,20,45,24-05-2026 10:00
969,45,20,20,100,01-02-2026 10:00
970,46,20,20,100,24-05-2026 10:00
970,47,2,20,10,19-02-2026 10:00
970,48,19,20,95,19-05-2026 10:00
970,49,18,20,90,14-01-2026 10:00
970,50,18,20,90,14-05-2026 10:00
971,51,6,20,30,02-05-2026 10:00
971,52,16,20,80,05-01-2026 10:00
971,53,3,20,15,18-06-2026 10:00
971,54,17,20,85,16-02-2026 10:00
971,55,0,20,0,12-03-2026 10:00
972,56,6,20,30,04-03-2026 10:00
972,57,18,20,90,24-04-2026 10:00
972,58,2,20,10,17-05-2026 10:00
972,59,19,20,95,24-03-2026 10:00
972,60,12,20,60,31-05-2026 10:00
973,61,1,20,5,06-05-2026 10:00
973,62,0,20,0,29-03-2026 10:00
973,63,13,20,65,16-02-2026 10:00
973,64,13,20,65,07-01-2026 10:00
973,65,16,20,80,23-03-2026 10:00
974,66,12,20,60,07-03-2026 10:00
974,67,2,20,10,30-01-2026 10:00
974,68,3,20,15,19-05-2026 10:00
974,69,5,20,25,15-03-2026 10:00
974,70,4,20,20,16-02-2026 10:00
975,71,8,20,40,23-01-2026 10:00
975,72,4,20,20,20-03-2026 10:00
975,73,13,20,65,23-06-2026 10:00
975,74,5,20,25,16-01-2026 10:00
975,75,19,20,95,25-03-2026 10:00
976,76,5,20,25,07-01-2026 10:00
976,77,1,20,5,18-03-2026 10:00
976,78,12,20,60,26-01-2026 10:00
976,79,10,20,50,06-02-2026 10:00
976,80,13,20,65,24-03-2026 10:00
977,81,8,20,40,07-04-2026 10:00
977,82,3,20,15,14-01-2026 10:00
977,83,6,20,30,03-03-2026 10:00
977,84,19,20,95,31-05-2026 10:00
977,85,7,20,35,07-05-2026 10:00
978,86,16,20,80,10-05-2026 10:00
978,87,12,20,60,30-01-2026 10:00
978,88,8,20,40,16-01-2026 10:00
978,89,10,20,50,29-04-2026 10:00
978,90,17,20,85,15-04-2026 10:00
979,91,2,20,10,04-05-2026 10:00
979,92,0,20,0,15-04-2026 10:00
979,93,20,20,100,01-03-2026 10:00
979,94,0,20,0,10-03-2026 10:00
979,95,17,20,85,31-05-2026 10:00
980,96,3,20,15,05-03-2026 10:00
980,97,17,20,85,16-06-2026 10:00
980,98,4,20,20,19-03-2026 10:00
980,99,18,20,90,15-04-2026 10:00
980,100,14,20,70,22-01-2026 10:00
981,1,20,20,100,09-05-2026 10:00
981,2,6,20,30,06-02-2026 10:00
981,3,11,20,55,19-05-2026 10:00
981,4,5,20,25,04-03-2026 10:00
981,5,17,20,85,19-04-2026 10:00
982,6,17,20,85,26-04-2026 10:00
982,7,1,20,5,01-01-2026 10:00
982,8,14,20,70,08-06-2026 10:00
982,9,9,20,45,17-06-2026 10:00
982,10,5,20,25,01-01-2026 10:00
983,11,1,20,5,04-05-2026 10:00
983,12,8,20,40,03-06-2026 10:00
983,13,8,20,40,24-06-2026 10:00
983,14,12,20,60,31-03-2026 10:00
983,15,20,20,100,24-02-2026 10:00
984,16,18,20,90,11-05-2026 10:00
984,17,9,20,45,12-01-2026 10:00
984,18,5,20,25,17-05-2026 10:00
984,19,18,20,90,18-01-2026 10:00
984,20,9,20,45,23-01-2026 10:00
985,21,12,20,60,28-06-2026 10:00
985,22,3,20,15,05-02-2026 10:00
985,23,17,20,85,13-03-2026 10:00
985,24,13,20,65,23-02-2026 10:00
985,25,19,20,95,10-05-2026 10:00
986,26,10,20,50,24-06-2026 10:00
986,27,10,20,50,12-06-2026 10:00
986,28,8,20,40,26-04-2026 10:00
986,29,8,20,40,04-03-2026 10:00
986,30,10,20,50,29-03-2026 10:00
987,31,6,20,30,28-04-2026 10:00
987,32,19,20,95,26-03-2026 10:00
987,33,0,20,0,27-06-2026 10:00
987,34,4,20,20,15-06-2026 10:00
987,35,0,20,0,05-06-2026 10:00
988,36,15,20,75,02-01-2026 10:00
988,37,0,20,0,22-06-2026 10:00
988,38,5,20,25,16-04-2026 10:00
988,39,17,20,85,28-06-2026 10:00
988,40,15,20,75,11-04-2026 10:00
989,41,17,20,85,21-01-2026 10:00
989,42,20,20,100,16-06-2026 10:00
989,43,2,20,10,18-05-2026 10:00
989,44,0,20,0,21-06-2026 10:00
989,45,14,20,70,22-06-2026 10:00
990,46,3,20,15,01-04-2026 10:00
990,47,12,20,60,03-06-2026 10:00
990,48,11,20,55,10-04-2026 10:00
990,49,5,20,25,28-06-2026 10:00
990,50,0,20,0,01-02-2026 10:00
991,51,14,20,70,05-04-2026 10:00
991,52,6,20,30,24-04-2026 10:00
991,53,0,20,0,26-02-2026 10:00
991,54,0,20,0,13-03-2026 10:00
991,55,11,20,55,19-02-2026 10:00
992,56,2,20,10,07-06-2026 10:00
992,57,20,20,100,19-03-2026 10:00
992,58,7,20,35,01-03-2026 10:00
992,59,15,20,75,03-04-2026 10:00
992,60,1,20,5,13-03-2026 10:00
993,61,15,20,75,30-06-2026 10:00
993,62,19,20,95,23-02-2026 10:00
993,63,0,20,0,20-02-2026 10:00
993,64,20,20,100,12-04-2026 10:00
993,65,3,20,15,13-03-2026 10:00
994,66,18,20,90,09-05-2026 10:00
994,67,15,20,75,13-02-2026 10:00
994,68,17,20,85,19-02-2026 10:00
994,69,18,20,90,22-06-2026 10:00
994,70,19,20,95,25-05-2026 10:00
995,71,5,20,25,17-01-2026 10:00
995,72,18,20,90,02-02-2026 10:00
995,73,2,20,10,02-02-2026 10:00
995,74,8,20,40,26-05-2026 10:00
995,75,7,20,35,14-05-2026 10:00
996,76,8,20,40,19-02-2026 10:00
996,77,0,20,0,27-06-2026 10:00
996,78,17,20,85,07-06-2026 10:00
996,79,8,20,40,24-06-2026 10:00
996,80,17,20,85,27-04-2026 10:00
997,81,0,20,0,20-04-2026 10:00
997,82,20,20,100,22-06-2026 10:00
997,83,20,20,100,14-01-2026 10:00
997,84,10,20,50,21-04-2026 10:00
997,85,13,20,65,12-03-2026 10:00
998,86,3,20,15,24-06-2026 10:00
998,87,16,20,80,30-04-2026 10:00
998,88,15,20,75,03-04-2026 10:00
998,89,16,20,80,12-01-2026 10:00
998,90,7,20,35,13-01-2026 10:00
999,91,8,20,40,18-04-2026 10:00
999,92,17,20,85,25-04-2026 10:00
999,93,10,20,50,02-01-2026 10:00
999,94,12,20,60,19-02-2026 10:00
999,95,10,20,50,21-01-2026 10:00
1000,96,18,20,90,07-01-2026 10:00
1000,97,7,20,35,26-06-2026 10:00
1000,98,13,20,65,20-01-2026 10:00
1000,99,7,20,35,20-02-2026 10:00
1000,100,5,20,25,26-03-2026 10:00
