quiz_id,question_text,marks
1,What is a variable in Python?,2
1,What is the difference between a List and a Tuple?,2
1,What is a function in Python?,2
1,What is list comprehension?,2
1,What is exception handling?,2
2,What is a variable in Python?,2
2,What is the difference between a List and a Tuple?,2
2,What is a function in Python?,2
2,What is list comprehension?,2
2,What is exception handling?,2
3,What is a variable in Python?,2
3,What is the difference between a List and a Tuple?,2
3,What is a function in Python?,2
3,What is list comprehension?,2
3,What is exception handling?,2
4,What is a variable in Python?,2
4,What is the difference between a List and a Tuple?,2
4,What is a function in Python?,2
4,What is list comprehension?,2
4,What is exception handling?,2
5,What is a variable in Python?,2
5,What is the difference between a List and a Tuple?,2
5,What is a function in Python?,2
5,What is list comprehension?,2
5,What is exception handling?,2
6,What is a variable in Python?,2
6,What is the difference between a List and a Tuple?,2
6,What is a function in Python?,2
6,What is list comprehension?,2
6,What is exception handling?,2
7,What is a variable in Python?,2
7,What is the difference between a List and a Tuple?,2
7,What is a function in Python?,2
7,What is list comprehension?,2
7,What is exception handling?,2
8,What is a variable in Python?,2
8,What is the difference between a List and a Tuple?,2
8,What is a function in Python?,2
8,What is list comprehension?,2
8,What is exception handling?,2
9,What is a variable in Python?,2
9,What is the difference between a List and a Tuple?,2
9,What is a function in Python?,2
9,What is list comprehension?,2
9,What is exception handling?,2
10,What is a variable in Python?,2
10,What is the difference between a List and a Tuple?,2
10,What is a function in Python?,2
10,What is list comprehension?,2
10,What is exception handling?,2
11,What is a variable in Python?,2
11,What is the difference between a List and a Tuple?,2
11,What is a function in Python?,2
11,What is list comprehension?,2
11,What is exception handling?,2
12,What is a variable in Python?,2
12,What is the difference between a List and a Tuple?,2
12,What is a function in Python?,2
12,What is list comprehension?,2
12,What is exception handling?,2
13,What is a variable in Python?,2
13,What is the difference between a List and a Tuple?,2
13,What is a function in Python?,2
13,What is list comprehension?,2
13,What is exception handling?,2
14,What is a variable in Python?,2
14,What is the difference between a List and a Tuple?,2
14,What is a function in Python?,2
14,What is list comprehension?,2
14,What is exception handling?,2
15,What is a variable in Python?,2
15,What is the difference between a List and a Tuple?,2
15,What is a function in Python?,2
15,What is list comprehension?,2
15,What is exception handling?,2
16,What is a variable in Python?,2
16,What is the difference between a List and a Tuple?,2
16,What is a function in Python?,2
16,What is list comprehension?,2
16,What is exception handling?,2
17,What is a variable in Python?,2
17,What is the difference between a List and a Tuple?,2
17,What is a function in Python?,2
17,What is list comprehension?,2
17,What is exception handling?,2
18,What is a variable in Python?,2
18,What is the difference between a List and a Tuple?,2
18,What is a function in Python?,2
18,What is list comprehension?,2
18,What is exception handling?,2
19,What is a variable in Python?,2
19,What is the difference between a List and a Tuple?,2
19,What is a function in Python?,2
19,What is list comprehension?,2
19,What is exception handling?,2
20,What is a variable in Python?,2
20,What is the difference between a List and a Tuple?,2
20,What is a function in Python?,2
20,What is list comprehension?,2
20,What is exception handling?,2
21,What is a variable in Python?,2
21,What is the difference between a List and a Tuple?,2
21,What is a function in Python?,2
21,What is list comprehension?,2
21,What is exception handling?,2
22,What is a variable in Python?,2
22,What is the difference between a List and a Tuple?,2
22,What is a function in Python?,2
22,What is list comprehension?,2
22,What is exception handling?,2
23,What is a variable in Python?,2
23,What is the difference between a List and a Tuple?,2
23,What is a function in Python?,2
23,What is list comprehension?,2
23,What is exception handling?,2
24,What is a variable in Python?,2
24,What is the difference between a List and a Tuple?,2
24,What is a function in Python?,2
24,What is list comprehension?,2
24,What is exception handling?,2
25,What is a variable in Python?,2
25,What is the difference between a List and a Tuple?,2
25,What is a function in Python?,2
25,What is list comprehension?,2
25,What is exception handling?,2
26,What is a variable in Python?,2
26,What is the difference between a List and a Tuple?,2
26,What is a function in Python?,2
26,What is list comprehension?,2
26,What is exception handling?,2
27,What is a variable in Python?,2
27,What is the difference between a List and a Tuple?,2
27,What is a function in Python?,2
27,What is list comprehension?,2
27,What is exception handling?,2
28,What is a variable in Python?,2
28,What is the difference between a List and a Tuple?,2
28,What is a function in Python?,2
28,What is list comprehension?,2
28,What is exception handling?,2
29,What is a variable in Python?,2
29,What is the difference between a List and a Tuple?,2
29,What is a function in Python?,2
29,What is list comprehension?,2
29,What is exception handling?,2
30,What is a variable in Python?,2
30,What is the difference between a List and a Tuple?,2
30,What is a function in Python?,2
30,What is list comprehension?,2
30,What is exception handling?,2
31,What is a variable in Python?,2
31,What is the difference between a List and a Tuple?,2
31,What is a function in Python?,2
31,What is list comprehension?,2
31,What is exception handling?,2
32,What is a variable in Python?,2
32,What is the difference between a List and a Tuple?,2
32,What is a function in Python?,2
32,What is list comprehension?,2
32,What is exception handling?,2
33,What is a variable in Python?,2
33,What is the difference between a List and a Tuple?,2
33,What is a function in Python?,2
33,What is list comprehension?,2
33,What is exception handling?,2
34,What is a variable in Python?,2
34,What is the difference between a List and a Tuple?,2
34,What is a function in Python?,2
34,What is list comprehension?,2
34,What is exception handling?,2
35,What is a variable in Python?,2
35,What is the difference between a List and a Tuple?,2
35,What is a function in Python?,2
35,What is list comprehension?,2
35,What is exception handling?,2
36,What is a variable in Python?,2
36,What is the difference between a List and a Tuple?,2
36,What is a function in Python?,2
36,What is list comprehension?,2
36,What is exception handling?,2
37,What is a variable in Python?,2
37,What is the difference between a List and a Tuple?,2
37,What is a function in Python?,2
37,What is list comprehension?,2
37,What is exception handling?,2
38,What is a variable in Python?,2
38,What is the difference between a List and a Tuple?,2
38,What is a function in Python?,2
38,What is list comprehension?,2
38,What is exception handling?,2
39,What is a variable in Python?,2
39,What is the difference between a List and a Tuple?,2
39,What is a function in Python?,2
39,What is list comprehension?,2
39,What is exception handling?,2
40,What is a variable in Python?,2
40,What is the difference between a List and a Tuple?,2
40,What is a function in Python?,2
40,What is list comprehension?,2
40,What is exception handling?,2
41,What is a variable in Python?,2
41,What is the difference between a List and a Tuple?,2
41,What is a function in Python?,2
41,What is list comprehension?,2
41,What is exception handling?,2
42,What is a variable in Python?,2
42,What is the difference between a List and a Tuple?,2
42,What is a function in Python?,2
42,What is list comprehension?,2
42,What is exception handling?,2
43,What is a variable in Python?,2
43,What is the difference between a List and a Tuple?,2
43,What is a function in Python?,2
43,What is list comprehension?,2
43,What is exception handling?,2
44,What is a variable in Python?,2
44,What is the difference between a List and a Tuple?,2
44,What is a function in Python?,2
44,What is list comprehension?,2
44,What is exception handling?,2
45,What is a variable in Python?,2
45,What is the difference between a List and a Tuple?,2
45,What is a function in Python?,2
45,What is list comprehension?,2
45,What is exception handling?,2
46,What is a variable in Python?,2
46,What is the difference between a List and a Tuple?,2
46,What is a function in Python?,2
46,What is list comprehension?,2
46,What is exception handling?,2
47,What is a variable in Python?,2
47,What is the difference between a List and a Tuple?,2
47,What is a function in Python?,2
47,What is list comprehension?,2
47,What is exception handling?,2
48,What is a variable in Python?,2
48,What is the difference between a List and a Tuple?,2
48,What is a function in Python?,2
48,What is list comprehension?,2
48,What is exception handling?,2
49,What is a variable in Python?,2
49,What is the difference between a List and a Tuple?,2
49,What is a function in Python?,2
49,What is list comprehension?,2
49,What is exception handling?,2
50,What is a variable in Python?,2
50,What is the difference between a List and a Tuple?,2
50,What is a function in Python?,2
50,What is list comprehension?,2
50,What is exception handling?,2
51,What is a variable in Python?,2
51,What is the difference between a List and a Tuple?,2
51,What is a function in Python?,2
51,What is list comprehension?,2
51,What is exception handling?,2
52,What is a variable in Python?,2
52,What is the difference between a List and a Tuple?,2
52,What is a function in Python?,2
52,What is list comprehension?,2
52,What is exception handling?,2
53,What is a variable in Python?,2
53,What is the difference between a List and a Tuple?,2
53,What is a function in Python?,2
53,What is list comprehension?,2
53,What is exception handling?,2
54,What is a variable in Python?,2
54,What is the difference between a List and a Tuple?,2
54,What is a function in Python?,2
54,What is list comprehension?,2
54,What is exception handling?,2
55,What is a variable in Python?,2
55,What is the difference between a List and a Tuple?,2
55,What is a function in Python?,2
55,What is list comprehension?,2
55,What is exception handling?,2
56,What is a variable in Python?,2
56,What is the difference between a List and a Tuple?,2
56,What is a function in Python?,2
56,What is list comprehension?,2
56,What is exception handling?,2
57,What is a variable in Python?,2
57,What is the difference between a List and a Tuple?,2
57,What is a function in Python?,2
57,What is list comprehension?,2
57,What is exception handling?,2
58,What is a variable in Python?,2
58,What is the difference between a List and a Tuple?,2
58,What is a function in Python?,2
58,What is list comprehension?,2
58,What is exception handling?,2
59,What is a variable in Python?,2
59,What is the difference between a List and a Tuple?,2
59,What is a function in Python?,2
59,What is list comprehension?,2
59,What is exception handling?,2
60,What is a variable in Python?,2
60,What is the difference between a List and a Tuple?,2
60,What is a function in Python?,2
60,What is list comprehension?,2
60,What is exception handling?,2
61,What is a variable in Python?,2
61,What is the difference between a List and a Tuple?,2
61,What is a function in Python?,2
61,What is list comprehension?,2
61,What is exception handling?,2
62,What is a variable in Python?,2
62,What is the difference between a List and a Tuple?,2
62,What is a function in Python?,2
62,What is list comprehension?,2
62,What is exception handling?,2
63,What is a variable in Python?,2
63,What is the difference between a List and a Tuple?,2
63,What is a function in Python?,2
63,What is list comprehension?,2
63,What is exception handling?,2
64,What is a variable in Python?,2
64,What is the difference between a List and a Tuple?,2
64,What is a function in Python?,2
64,What is list comprehension?,2
64,What is exception handling?,2
65,What is a variable in Python?,2
65,What is the difference between a List and a Tuple?,2
65,What is a function in Python?,2
65,What is list comprehension?,2
65,What is exception handling?,2
66,What is a variable in Python?,2
66,What is the difference between a List and a Tuple?,2
66,What is a function in Python?,2
66,What is list comprehension?,2
66,What is exception handling?,2
67,What is a variable in Python?,2
67,What is the difference between a List and a Tuple?,2
67,What is a function in Python?,2
67,What is list comprehension?,2
67,What is exception handling?,2
68,What is a variable in Python?,2
68,What is the difference between a List and a Tuple?,2
68,What is a function in Python?,2
68,What is list comprehension?,2
68,What is exception handling?,2
69,What is a variable in Python?,2
69,What is the difference between a List and a Tuple?,2
69,What is a function in Python?,2
69,What is list comprehension?,2
69,What is exception handling?,2
70,What is a variable in Python?,2
70,What is the difference between a List and a Tuple?,2
70,What is a function in Python?,2
70,What is list comprehension?,2
70,What is exception handling?,2
71,What is a variable in Python?,2
71,What is the difference between a List and a Tuple?,2
71,What is a function in Python?,2
71,What is list comprehension?,2
71,What is exception handling?,2
72,What is a variable in Python?,2
72,What is the difference between a List and a Tuple?,2
72,What is a function in Python?,2
72,What is list comprehension?,2
72,What is exception handling?,2
73,What is a variable in Python?,2
73,What is the difference between a List and a Tuple?,2
73,What is a function in Python?,2
73,What is list comprehension?,2
73,What is exception handling?,2
74,What is a variable in Python?,2
74,What is the difference between a List and a Tuple?,2
74,What is a function in Python?,2
74,What is list comprehension?,2
74,What is exception handling?,2
75,What is a variable in Python?,2
75,What is the difference between a List and a Tuple?,2
75,What is a function in Python?,2
75,What is list comprehension?,2
75,What is exception handling?,2
76,What is a variable in Python?,2
76,What is the difference between a List and a Tuple?,2
76,What is a function in Python?,2
76,What is list comprehension?,2
76,What is exception handling?,2
77,What is a variable in Python?,2
77,What is the difference between a List and a Tuple?,2
77,What is a function in Python?,2
77,What is list comprehension?,2
77,What is exception handling?,2
78,What is a variable in Python?,2
78,What is the difference between a List and a Tuple?,2
78,What is a function in Python?,2
78,What is list comprehension?,2
78,What is exception handling?,2
79,What is a variable in Python?,2
79,What is the difference between a List and a Tuple?,2
79,What is a function in Python?,2
79,What is list comprehension?,2
79,What is exception handling?,2
80,What is a variable in Python?,2
80,What is the difference between a List and a Tuple?,2
80,What is a function in Python?,2
80,What is list comprehension?,2
80,What is exception handling?,2
81,What is a variable in Python?,2
81,What is the difference between a List and a Tuple?,2
81,What is a function in Python?,2
81,What is list comprehension?,2
81,What is exception handling?,2
82,What is a variable in Python?,2
82,What is the difference between a List and a Tuple?,2
82,What is a function in Python?,2
82,What is list comprehension?,2
82,What is exception handling?,2
83,What is a variable in Python?,2
83,What is the difference between a List and a Tuple?,2
83,What is a function in Python?,2
83,What is list comprehension?,2
83,What is exception handling?,2
84,What is a variable in Python?,2
84,What is the difference between a List and a Tuple?,2
84,What is a function in Python?,2
84,What is list comprehension?,2
84,What is exception handling?,2
85,What is a variable in Python?,2
85,What is the difference between a List and a Tuple?,2
85,What is a function in Python?,2
85,What is list comprehension?,2
85,What is exception handling?,2
86,What is a variable in Python?,2
86,What is the difference between a List and a Tuple?,2
86,What is a function in Python?,2
86,What is list comprehension?,2
86,What is exception handling?,2
87,What is a variable in Python?,2
87,What is the difference between a List and a Tuple?,2
87,What is a function in Python?,2
87,What is list comprehension?,2
87,What is exception handling?,2
88,What is a variable in Python?,2
88,What is the difference between a List and a Tuple?,2
88,What is a function in Python?,2
88,What is list comprehension?,2
88,What is exception handling?,2
89,What is a variable in Python?,2
89,What is the difference between a List and a Tuple?,2
89,What is a function in Python?,2
89,What is list comprehension?,2
89,What is exception handling?,2
90,What is a variable in Python?,2
90,What is the difference between a List and a Tuple?,2
90,What is a function in Python?,2
90,What is list comprehension?,2
90,What is exception handling?,2
91,What is a variable in Python?,2
91,What is the difference between a List and a Tuple?,2
91,What is a function in Python?,2
91,What is list comprehension?,2
91,What is exception handling?,2
92,What is a variable in Python?,2
92,What is the difference between a List and a Tuple?,2
92,What is a function in Python?,2
92,What is list comprehension?,2
92,What is exception handling?,2
93,What is a variable in Python?,2
93,What is the difference between a List and a Tuple?,2
93,What is a function in Python?,2
93,What is list comprehension?,2
93,What is exception handling?,2
94,What is a variable in Python?,2
94,What is the difference between a List and a Tuple?,2
94,What is a function in Python?,2
94,What is list comprehension?,2
94,What is exception handling?,2
95,What is a variable in Python?,2
95,What is the difference between a List and a Tuple?,2
95,What is a function in Python?,2
95,What is list comprehension?,2
95,What is exception handling?,2
96,What is a variable in Python?,2
96,What is the difference between a List and a Tuple?,2
96,What is a function in Python?,2
96,What is list comprehension?,2
96,What is exception handling?,2
97,What is a variable in Python?,2
97,What is the difference between a List and a Tuple?,2
97,What is a function in Python?,2
97,What is list comprehension?,2
97,What is exception handling?,2
98,What is a variable in Python?,2
98,What is the difference between a List and a Tuple?,2
98,What is a function in Python?,2
98,What is list comprehension?,2
98,What is exception handling?,2
99,What is a variable in Python?,2
99,What is the difference between a List and a Tuple?,2
99,What is a function in Python?,2
99,What is list comprehension?,2
99,What is exception handling?,2
100,What is a variable in Python?,2
100,What is the difference between a List and a Tuple?,2
100,What is a function in Python?,2
100,What is list comprehension?,2
100,What is exception handling?,2
101,What is a variable in Python?,2
101,What is the difference between a List and a Tuple?,2
101,What is a function in Python?,2
101,What is list comprehension?,2
101,What is exception handling?,2
102,What is a variable in Python?,2
102,What is the difference between a List and a Tuple?,2
102,What is a function in Python?,2
102,What is list comprehension?,2
102,What is exception handling?,2
103,What is a variable in Python?,2
103,What is the difference between a List and a Tuple?,2
103,What is a function in Python?,2
103,What is list comprehension?,2
103,What is exception handling?,2
104,What is a variable in Python?,2
104,What is the difference between a List and a Tuple?,2
104,What is a function in Python?,2
104,What is list comprehension?,2
104,What is exception handling?,2
105,What is a variable in Python?,2
105,What is the difference between a List and a Tuple?,2
105,What is a function in Python?,2
105,What is list comprehension?,2
105,What is exception handling?,2
106,What is a variable in Python?,2
106,What is the difference between a List and a Tuple?,2
106,What is a function in Python?,2
106,What is list comprehension?,2
106,What is exception handling?,2
107,What is a variable in Python?,2
107,What is the difference between a List and a Tuple?,2
107,What is a function in Python?,2
107,What is list comprehension?,2
107,What is exception handling?,2
108,What is a variable in Python?,2
108,What is the difference between a List and a Tuple?,2
108,What is a function in Python?,2
108,What is list comprehension?,2
108,What is exception handling?,2
109,What is a variable in Python?,2
109,What is the difference between a List and a Tuple?,2
109,What is a function in Python?,2
109,What is list comprehension?,2
109,What is exception handling?,2
110,What is a variable in Python?,2
110,What is the difference between a List and a Tuple?,2
110,What is a function in Python?,2
110,What is list comprehension?,2
110,What is exception handling?,2
111,What is a variable in Python?,2
111,What is the difference between a List and a Tuple?,2
111,What is a function in Python?,2
111,What is list comprehension?,2
111,What is exception handling?,2
112,What is a variable in Python?,2
112,What is the difference between a List and a Tuple?,2
112,What is a function in Python?,2
112,What is list comprehension?,2
112,What is exception handling?,2
113,What is a variable in Python?,2
113,What is the difference between a List and a Tuple?,2
113,What is a function in Python?,2
113,What is list comprehension?,2
113,What is exception handling?,2
114,What is a variable in Python?,2
114,What is the difference between a List and a Tuple?,2
114,What is a function in Python?,2
114,What is list comprehension?,2
114,What is exception handling?,2
115,What is a variable in Python?,2
115,What is the difference between a List and a Tuple?,2
115,What is a function in Python?,2
115,What is list comprehension?,2
115,What is exception handling?,2
116,What is a variable in Python?,2
116,What is the difference between a List and a Tuple?,2
116,What is a function in Python?,2
116,What is list comprehension?,2
116,What is exception handling?,2
117,What is a variable in Python?,2
117,What is the difference between a List and a Tuple?,2
117,What is a function in Python?,2
117,What is list comprehension?,2
117,What is exception handling?,2
118,What is a variable in Python?,2
118,What is the difference between a List and a Tuple?,2
118,What is a function in Python?,2
118,What is list comprehension?,2
118,What is exception handling?,2
119,What is a variable in Python?,2
119,What is the difference between a List and a Tuple?,2
119,What is a function in Python?,2
119,What is list comprehension?,2
119,What is exception handling?,2
120,What is a variable in Python?,2
120,What is the difference between a List and a Tuple?,2
120,What is a function in Python?,2
120,What is list comprehension?,2
120,What is exception handling?,2
121,What is a variable in Python?,2
121,What is the difference between a List and a Tuple?,2
121,What is a function in Python?,2
121,What is list comprehension?,2
121,What is exception handling?,2
122,What is a variable in Python?,2
122,What is the difference between a List and a Tuple?,2
122,What is a function in Python?,2
122,What is list comprehension?,2
122,What is exception handling?,2
123,What is a variable in Python?,2
123,What is the difference between a List and a Tuple?,2
123,What is a function in Python?,2
123,What is list comprehension?,2
123,What is exception handling?,2
124,What is a variable in Python?,2
124,What is the difference between a List and a Tuple?,2
124,What is a function in Python?,2
124,What is list comprehension?,2
124,What is exception handling?,2
125,What is a variable in Python?,2
125,What is the difference between a List and a Tuple?,2
125,What is a function in Python?,2
125,What is list comprehension?,2
125,What is exception handling?,2
126,What is a variable in Python?,2
126,What is the difference between a List and a Tuple?,2
126,What is a function in Python?,2
126,What is list comprehension?,2
126,What is exception handling?,2
127,What is a variable in Python?,2
127,What is the difference between a List and a Tuple?,2
127,What is a function in Python?,2
127,What is list comprehension?,2
127,What is exception handling?,2
128,What is a variable in Python?,2
128,What is the difference between a List and a Tuple?,2
128,What is a function in Python?,2
128,What is list comprehension?,2
128,What is exception handling?,2
129,What is a variable in Python?,2
129,What is the difference between a List and a Tuple?,2
129,What is a function in Python?,2
129,What is list comprehension?,2
129,What is exception handling?,2
130,What is a variable in Python?,2
130,What is the difference between a List and a Tuple?,2
130,What is a function in Python?,2
130,What is list comprehension?,2
130,What is exception handling?,2
131,What is a variable in Python?,2
131,What is the difference between a List and a Tuple?,2
131,What is a function in Python?,2
131,What is list comprehension?,2
131,What is exception handling?,2
132,What is a variable in Python?,2
132,What is the difference between a List and a Tuple?,2
132,What is a function in Python?,2
132,What is list comprehension?,2
132,What is exception handling?,2
133,What is a variable in Python?,2
133,What is the difference between a List and a Tuple?,2
133,What is a function in Python?,2
133,What is list comprehension?,2
133,What is exception handling?,2
134,What is a variable in Python?,2
134,What is the difference between a List and a Tuple?,2
134,What is a function in Python?,2
134,What is list comprehension?,2
134,What is exception handling?,2
135,What is a variable in Python?,2
135,What is the difference between a List and a Tuple?,2
135,What is a function in Python?,2
135,What is list comprehension?,2
135,What is exception handling?,2
136,What is a variable in Python?,2
136,What is the difference between a List and a Tuple?,2
136,What is a function in Python?,2
136,What is list comprehension?,2
136,What is exception handling?,2
137,What is a variable in Python?,2
137,What is the difference between a List and a Tuple?,2
137,What is a function in Python?,2
137,What is list comprehension?,2
137,What is exception handling?,2
138,What is a variable in Python?,2
138,What is the difference between a List and a Tuple?,2
138,What is a function in Python?,2
138,What is list comprehension?,2
138,What is exception handling?,2
139,What is a variable in Python?,2
139,What is the difference between a List and a Tuple?,2
139,What is a function in Python?,2
139,What is list comprehension?,2
139,What is exception handling?,2
140,What is a variable in Python?,2
140,What is the difference between a List and a Tuple?,2
140,What is a function in Python?,2
140,What is list comprehension?,2
140,What is exception handling?,2
141,What is a variable in Python?,2
141,What is the difference between a List and a Tuple?,2
141,What is a function in Python?,2
141,What is list comprehension?,2
141,What is exception handling?,2
142,What is a variable in Python?,2
142,What is the difference between a List and a Tuple?,2
142,What is a function in Python?,2
142,What is list comprehension?,2
142,What is exception handling?,2
143,What is a variable in Python?,2
143,What is the difference between a List and a Tuple?,2
143,What is a function in Python?,2
143,What is list comprehension?,2
143,What is exception handling?,2
144,What is a variable in Python?,2
144,What is the difference between a List and a Tuple?,2
144,What is a function in Python?,2
144,What is list comprehension?,2
144,What is exception handling?,2
145,What is a variable in Python?,2
145,What is the difference between a List and a Tuple?,2
145,What is a function in Python?,2
145,What is list comprehension?,2
145,What is exception handling?,2
146,What is a variable in Python?,2
146,What is the difference between a List and a Tuple?,2
146,What is a function in Python?,2
146,What is list comprehension?,2
146,What is exception handling?,2
147,What is a variable in Python?,2
147,What is the difference between a List and a Tuple?,2
147,What is a function in Python?,2
147,What is list comprehension?,2
147,What is exception handling?,2
148,What is a variable in Python?,2
148,What is the difference between a List and a Tuple?,2
148,What is a function in Python?,2
148,What is list comprehension?,2
148,What is exception handling?,2
149,What is a variable in Python?,2
149,What is the difference between a List and a Tuple?,2
149,What is a function in Python?,2
149,What is list comprehension?,2
149,What is exception handling?,2
150,What is a variable in Python?,2
150,What is the difference between a List and a Tuple?,2
150,What is a function in Python?,2
150,What is list comprehension?,2
150,What is exception handling?,2
151,What is a variable in Python?,2
151,What is the difference between a List and a Tuple?,2
151,What is a function in Python?,2
151,What is list comprehension?,2
151,What is exception handling?,2
152,What is a variable in Python?,2
152,What is the difference between a List and a Tuple?,2
152,What is a function in Python?,2
152,What is list comprehension?,2
152,What is exception handling?,2
153,What is a variable in Python?,2
153,What is the difference between a List and a Tuple?,2
153,What is a function in Python?,2
153,What is list comprehension?,2
153,What is exception handling?,2
154,What is a variable in Python?,2
154,What is the difference between a List and a Tuple?,2
154,What is a function in Python?,2
154,What is list comprehension?,2
154,What is exception handling?,2
155,What is a variable in Python?,2
155,What is the difference between a List and a Tuple?,2
155,What is a function in Python?,2
155,What is list comprehension?,2
155,What is exception handling?,2
156,What is a variable in Python?,2
156,What is the difference between a List and a Tuple?,2
156,What is a function in Python?,2
156,What is list comprehension?,2
156,What is exception handling?,2
157,What is a variable in Python?,2
157,What is the difference between a List and a Tuple?,2
157,What is a function in Python?,2
157,What is list comprehension?,2
157,What is exception handling?,2
158,What is a variable in Python?,2
158,What is the difference between a List and a Tuple?,2
158,What is a function in Python?,2
158,What is list comprehension?,2
158,What is exception handling?,2
159,What is a variable in Python?,2
159,What is the difference between a List and a Tuple?,2
159,What is a function in Python?,2
159,What is list comprehension?,2
159,What is exception handling?,2
160,What is a variable in Python?,2
160,What is the difference between a List and a Tuple?,2
160,What is a function in Python?,2
160,What is list comprehension?,2
160,What is exception handling?,2
161,What is a variable in Python?,2
161,What is the difference between a List and a Tuple?,2
161,What is a function in Python?,2
161,What is list comprehension?,2
161,What is exception handling?,2
162,What is a variable in Python?,2
162,What is the difference between a List and a Tuple?,2
162,What is a function in Python?,2
162,What is list comprehension?,2
162,What is exception handling?,2
163,What is a variable in Python?,2
163,What is the difference between a List and a Tuple?,2
163,What is a function in Python?,2
163,What is list comprehension?,2
163,What is exception handling?,2
164,What is a variable in Python?,2
164,What is the difference between a List and a Tuple?,2
164,What is a function in Python?,2
164,What is list comprehension?,2
164,What is exception handling?,2
165,What is a variable in Python?,2
165,What is the difference between a List and a Tuple?,2
165,What is a function in Python?,2
165,What is list comprehension?,2
165,What is exception handling?,2
166,What is a variable in Python?,2
166,What is the difference between a List and a Tuple?,2
166,What is a function in Python?,2
166,What is list comprehension?,2
166,What is exception handling?,2
167,What is a variable in Python?,2
167,What is the difference between a List and a Tuple?,2
167,What is a function in Python?,2
167,What is list comprehension?,2
167,What is exception handling?,2
168,What is a variable in Python?,2
168,What is the difference between a List and a Tuple?,2
168,What is a function in Python?,2
168,What is list comprehension?,2
168,What is exception handling?,2
169,What is a variable in Python?,2
169,What is the difference between a List and a Tuple?,2
169,What is a function in Python?,2
169,What is list comprehension?,2
169,What is exception handling?,2
170,What is a variable in Python?,2
170,What is the difference between a List and a Tuple?,2
170,What is a function in Python?,2
170,What is list comprehension?,2
170,What is exception handling?,2
171,What is a variable in Python?,2
171,What is the difference between a List and a Tuple?,2
171,What is a function in Python?,2
171,What is list comprehension?,2
171,What is exception handling?,2
172,What is a variable in Python?,2
172,What is the difference between a List and a Tuple?,2
172,What is a function in Python?,2
172,What is list comprehension?,2
172,What is exception handling?,2
173,What is a variable in Python?,2
173,What is the difference between a List and a Tuple?,2
173,What is a function in Python?,2
173,What is list comprehension?,2
173,What is exception handling?,2
174,What is a variable in Python?,2
174,What is the difference between a List and a Tuple?,2
174,What is a function in Python?,2
174,What is list comprehension?,2
174,What is exception handling?,2
175,What is a variable in Python?,2
175,What is the difference between a List and a Tuple?,2
175,What is a function in Python?,2
175,What is list comprehension?,2
175,What is exception handling?,2
176,What is a variable in Python?,2
176,What is the difference between a List and a Tuple?,2
176,What is a function in Python?,2
176,What is list comprehension?,2
176,What is exception handling?,2
177,What is a variable in Python?,2
177,What is the difference between a List and a Tuple?,2
177,What is a function in Python?,2
177,What is list comprehension?,2
177,What is exception handling?,2
178,What is a variable in Python?,2
178,What is the difference between a List and a Tuple?,2
178,What is a function in Python?,2
178,What is list comprehension?,2
178,What is exception handling?,2
179,What is a variable in Python?,2
179,What is the difference between a List and a Tuple?,2
179,What is a function in Python?,2
179,What is list comprehension?,2
179,What is exception handling?,2
180,What is a variable in Python?,2
180,What is the difference between a List and a Tuple?,2
180,What is a function in Python?,2
180,What is list comprehension?,2
180,What is exception handling?,2
181,What is a variable in Python?,2
181,What is the difference between a List and a Tuple?,2
181,What is a function in Python?,2
181,What is list comprehension?,2
181,What is exception handling?,2
182,What is a variable in Python?,2
182,What is the difference between a List and a Tuple?,2
182,What is a function in Python?,2
182,What is list comprehension?,2
182,What is exception handling?,2
183,What is a variable in Python?,2
183,What is the difference between a List and a Tuple?,2
183,What is a function in Python?,2
183,What is list comprehension?,2
183,What is exception handling?,2
184,What is a variable in Python?,2
184,What is the difference between a List and a Tuple?,2
184,What is a function in Python?,2
184,What is list comprehension?,2
184,What is exception handling?,2
185,What is a variable in Python?,2
185,What is the difference between a List and a Tuple?,2
185,What is a function in Python?,2
185,What is list comprehension?,2
185,What is exception handling?,2
186,What is a variable in Python?,2
186,What is the difference between a List and a Tuple?,2
186,What is a function in Python?,2
186,What is list comprehension?,2
186,What is exception handling?,2
187,What is a variable in Python?,2
187,What is the difference between a List and a Tuple?,2
187,What is a function in Python?,2
187,What is list comprehension?,2
187,What is exception handling?,2
188,What is a variable in Python?,2
188,What is the difference between a List and a Tuple?,2
188,What is a function in Python?,2
188,What is list comprehension?,2
188,What is exception handling?,2
189,What is a variable in Python?,2
189,What is the difference between a List and a Tuple?,2
189,What is a function in Python?,2
189,What is list comprehension?,2
189,What is exception handling?,2
190,What is a variable in Python?,2
190,What is the difference between a List and a Tuple?,2
190,What is a function in Python?,2
190,What is list comprehension?,2
190,What is exception handling?,2
191,What is a variable in Python?,2
191,What is the difference between a List and a Tuple?,2
191,What is a function in Python?,2
191,What is list comprehension?,2
191,What is exception handling?,2
192,What is a variable in Python?,2
192,What is the difference between a List and a Tuple?,2
192,What is a function in Python?,2
192,What is list comprehension?,2
192,What is exception handling?,2
193,What is a variable in Python?,2
193,What is the difference between a List and a Tuple?,2
193,What is a function in Python?,2
193,What is list comprehension?,2
193,What is exception handling?,2
194,What is a variable in Python?,2
194,What is the difference between a List and a Tuple?,2
194,What is a function in Python?,2
194,What is list comprehension?,2
194,What is exception handling?,2
195,What is a variable in Python?,2
195,What is the difference between a List and a Tuple?,2
195,What is a function in Python?,2
195,What is list comprehension?,2
195,What is exception handling?,2
196,What is a variable in Python?,2
196,What is the difference between a List and a Tuple?,2
196,What is a function in Python?,2
196,What is list comprehension?,2
196,What is exception handling?,2
197,What is a variable in Python?,2
197,What is the difference between a List and a Tuple?,2
197,What is a function in Python?,2
197,What is list comprehension?,2
197,What is exception handling?,2
198,What is a variable in Python?,2
198,What is the difference between a List and a Tuple?,2
198,What is a function in Python?,2
198,What is list comprehension?,2
198,What is exception handling?,2
199,What is a variable in Python?,2
199,What is the difference between a List and a Tuple?,2
199,What is a function in Python?,2
199,What is list comprehension?,2
199,What is exception handling?,2
200,What is a variable in Python?,2
200,What is the difference between a List and a Tuple?,2
200,What is a function in Python?,2
200,What is list comprehension?,2
200,What is exception handling?,2
201,What is a variable in Python?,2
201,What is the difference between a List and a Tuple?,2
201,What is a function in Python?,2
201,What is list comprehension?,2
201,What is exception handling?,2
202,What is a variable in Python?,2
202,What is the difference between a List and a Tuple?,2
202,What is a function in Python?,2
202,What is list comprehension?,2
202,What is exception handling?,2
203,What is a variable in Python?,2
203,What is the difference between a List and a Tuple?,2
203,What is a function in Python?,2
203,What is list comprehension?,2
203,What is exception handling?,2
204,What is a variable in Python?,2
204,What is the difference between a List and a Tuple?,2
204,What is a function in Python?,2
204,What is list comprehension?,2
204,What is exception handling?,2
205,What is a variable in Python?,2
205,What is the difference between a List and a Tuple?,2
205,What is a function in Python?,2
205,What is list comprehension?,2
205,What is exception handling?,2
206,What is a variable in Python?,2
206,What is the difference between a List and a Tuple?,2
206,What is a function in Python?,2
206,What is list comprehension?,2
206,What is exception handling?,2
207,What is a variable in Python?,2
207,What is the difference between a List and a Tuple?,2
207,What is a function in Python?,2
207,What is list comprehension?,2
207,What is exception handling?,2
208,What is a variable in Python?,2
208,What is the difference between a List and a Tuple?,2
208,What is a function in Python?,2
208,What is list comprehension?,2
208,What is exception handling?,2
209,What is a variable in Python?,2
209,What is the difference between a List and a Tuple?,2
209,What is a function in Python?,2
209,What is list comprehension?,2
209,What is exception handling?,2
210,What is a variable in Python?,2
210,What is the difference between a List and a Tuple?,2
210,What is a function in Python?,2
210,What is list comprehension?,2
210,What is exception handling?,2
211,What is a variable in Python?,2
211,What is the difference between a List and a Tuple?,2
211,What is a function in Python?,2
211,What is list comprehension?,2
211,What is exception handling?,2
212,What is a variable in Python?,2
212,What is the difference between a List and a Tuple?,2
212,What is a function in Python?,2
212,What is list comprehension?,2
212,What is exception handling?,2
213,What is a variable in Python?,2
213,What is the difference between a List and a Tuple?,2
213,What is a function in Python?,2
213,What is list comprehension?,2
213,What is exception handling?,2
214,What is a variable in Python?,2
214,What is the difference between a List and a Tuple?,2
214,What is a function in Python?,2
214,What is list comprehension?,2
214,What is exception handling?,2
215,What is a variable in Python?,2
215,What is the difference between a List and a Tuple?,2
215,What is a function in Python?,2
215,What is list comprehension?,2
215,What is exception handling?,2
216,What is a variable in Python?,2
216,What is the difference between a List and a Tuple?,2
216,What is a function in Python?,2
216,What is list comprehension?,2
216,What is exception handling?,2
217,What is a variable in Python?,2
217,What is the difference between a List and a Tuple?,2
217,What is a function in Python?,2
217,What is list comprehension?,2
217,What is exception handling?,2
218,What is a variable in Python?,2
218,What is the difference between a List and a Tuple?,2
218,What is a function in Python?,2
218,What is list comprehension?,2
218,What is exception handling?,2
219,What is a variable in Python?,2
219,What is the difference between a List and a Tuple?,2
219,What is a function in Python?,2
219,What is list comprehension?,2
219,What is exception handling?,2
220,What is a variable in Python?,2
220,What is the difference between a List and a Tuple?,2
220,What is a function in Python?,2
220,What is list comprehension?,2
220,What is exception handling?,2
221,What is a variable in Python?,2
221,What is the difference between a List and a Tuple?,2
221,What is a function in Python?,2
221,What is list comprehension?,2
221,What is exception handling?,2
222,What is a variable in Python?,2
222,What is the difference between a List and a Tuple?,2
222,What is a function in Python?,2
222,What is list comprehension?,2
222,What is exception handling?,2
223,What is a variable in Python?,2
223,What is the difference between a List and a Tuple?,2
223,What is a function in Python?,2
223,What is list comprehension?,2
223,What is exception handling?,2
224,What is a variable in Python?,2
224,What is the difference between a List and a Tuple?,2
224,What is a function in Python?,2
224,What is list comprehension?,2
224,What is exception handling?,2
225,What is a variable in Python?,2
225,What is the difference between a List and a Tuple?,2
225,What is a function in Python?,2
225,What is list comprehension?,2
225,What is exception handling?,2
226,What is a variable in Python?,2
226,What is the difference between a List and a Tuple?,2
226,What is a function in Python?,2
226,What is list comprehension?,2
226,What is exception handling?,2
227,What is a variable in Python?,2
227,What is the difference between a List and a Tuple?,2
227,What is a function in Python?,2
227,What is list comprehension?,2
227,What is exception handling?,2
228,What is a variable in Python?,2
228,What is the difference between a List and a Tuple?,2
228,What is a function in Python?,2
228,What is list comprehension?,2
228,What is exception handling?,2
229,What is a variable in Python?,2
229,What is the difference between a List and a Tuple?,2
229,What is a function in Python?,2
229,What is list comprehension?,2
229,What is exception handling?,2
230,What is a variable in Python?,2
230,What is the difference between a List and a Tuple?,2
230,What is a function in Python?,2
230,What is list comprehension?,2
230,What is exception handling?,2
231,What is a variable in Python?,2
231,What is the difference between a List and a Tuple?,2
231,What is a function in Python?,2
231,What is list comprehension?,2
231,What is exception handling?,2
232,What is a variable in Python?,2
232,What is the difference between a List and a Tuple?,2
232,What is a function in Python?,2
232,What is list comprehension?,2
232,What is exception handling?,2
233,What is a variable in Python?,2
233,What is the difference between a List and a Tuple?,2
233,What is a function in Python?,2
233,What is list comprehension?,2
233,What is exception handling?,2
234,What is a variable in Python?,2
234,What is the difference between a List and a Tuple?,2
234,What is a function in Python?,2
234,What is list comprehension?,2
234,What is exception handling?,2
235,What is a variable in Python?,2
235,What is the difference between a List and a Tuple?,2
235,What is a function in Python?,2
235,What is list comprehension?,2
235,What is exception handling?,2
236,What is a variable in Python?,2
236,What is the difference between a List and a Tuple?,2
236,What is a function in Python?,2
236,What is list comprehension?,2
236,What is exception handling?,2
237,What is a variable in Python?,2
237,What is the difference between a List and a Tuple?,2
237,What is a function in Python?,2
237,What is list comprehension?,2
237,What is exception handling?,2
238,What is a variable in Python?,2
238,What is the difference between a List and a Tuple?,2
238,What is a function in Python?,2
238,What is list comprehension?,2
238,What is exception handling?,2
239,What is a variable in Python?,2
239,What is the difference between a List and a Tuple?,2
239,What is a function in Python?,2
239,What is list comprehension?,2
239,What is exception handling?,2
240,What is a variable in Python?,2
240,What is the difference between a List and a Tuple?,2
240,What is a function in Python?,2
240,What is list comprehension?,2
240,What is exception handling?,2
241,What is a variable in Python?,2
241,What is the difference between a List and a Tuple?,2
241,What is a function in Python?,2
241,What is list comprehension?,2
241,What is exception handling?,2
242,What is a variable in Python?,2
242,What is the difference between a List and a Tuple?,2
242,What is a function in Python?,2
242,What is list comprehension?,2
242,What is exception handling?,2
243,What is a variable in Python?,2
243,What is the difference between a List and a Tuple?,2
243,What is a function in Python?,2
243,What is list comprehension?,2
243,What is exception handling?,2
244,What is a variable in Python?,2
244,What is the difference between a List and a Tuple?,2
244,What is a function in Python?,2
244,What is list comprehension?,2
244,What is exception handling?,2
245,What is a variable in Python?,2
245,What is the difference between a List and a Tuple?,2
245,What is a function in Python?,2
245,What is list comprehension?,2
245,What is exception handling?,2
246,What is a variable in Python?,2
246,What is the difference between a List and a Tuple?,2
246,What is a function in Python?,2
246,What is list comprehension?,2
246,What is exception handling?,2
247,What is a variable in Python?,2
247,What is the difference between a List and a Tuple?,2
247,What is a function in Python?,2
247,What is list comprehension?,2
247,What is exception handling?,2
248,What is a variable in Python?,2
248,What is the difference between a List and a Tuple?,2
248,What is a function in Python?,2
248,What is list comprehension?,2
248,What is exception handling?,2
249,What is a variable in Python?,2
249,What is the difference between a List and a Tuple?,2
249,What is a function in Python?,2
249,What is list comprehension?,2
249,What is exception handling?,2
250,What is a variable in Python?,2
250,What is the difference between a List and a Tuple?,2
250,What is a function in Python?,2
250,What is list comprehension?,2
250,What is exception handling?,2
251,What is a variable in Python?,2
251,What is the difference between a List and a Tuple?,2
251,What is a function in Python?,2
251,What is list comprehension?,2
251,What is exception handling?,2
252,What is a variable in Python?,2
252,What is the difference between a List and a Tuple?,2
252,What is a function in Python?,2
252,What is list comprehension?,2
252,What is exception handling?,2
253,What is a variable in Python?,2
253,What is the difference between a List and a Tuple?,2
253,What is a function in Python?,2
253,What is list comprehension?,2
253,What is exception handling?,2
254,What is a variable in Python?,2
254,What is the difference between a List and a Tuple?,2
254,What is a function in Python?,2
254,What is list comprehension?,2
254,What is exception handling?,2
255,What is a variable in Python?,2
255,What is the difference between a List and a Tuple?,2
255,What is a function in Python?,2
255,What is list comprehension?,2
255,What is exception handling?,2
256,What is a variable in Python?,2
256,What is the difference between a List and a Tuple?,2
256,What is a function in Python?,2
256,What is list comprehension?,2
256,What is exception handling?,2
257,What is a variable in Python?,2
257,What is the difference between a List and a Tuple?,2
257,What is a function in Python?,2
257,What is list comprehension?,2
257,What is exception handling?,2
258,What is a variable in Python?,2
258,What is the difference between a List and a Tuple?,2
258,What is a function in Python?,2
258,What is list comprehension?,2
258,What is exception handling?,2
259,What is a variable in Python?,2
259,What is the difference between a List and a Tuple?,2
259,What is a function in Python?,2
259,What is list comprehension?,2
259,What is exception handling?,2
260,What is a variable in Python?,2
260,What is the difference between a List and a Tuple?,2
260,What is a function in Python?,2
260,What is list comprehension?,2
260,What is exception handling?,2
261,What is a variable in Python?,2
261,What is the difference between a List and a Tuple?,2
261,What is a function in Python?,2
261,What is list comprehension?,2
261,What is exception handling?,2
262,What is a variable in Python?,2
262,What is the difference between a List and a Tuple?,2
262,What is a function in Python?,2
262,What is list comprehension?,2
262,What is exception handling?,2
263,What is a variable in Python?,2
263,What is the difference between a List and a Tuple?,2
263,What is a function in Python?,2
263,What is list comprehension?,2
263,What is exception handling?,2
264,What is a variable in Python?,2
264,What is the difference between a List and a Tuple?,2
264,What is a function in Python?,2
264,What is list comprehension?,2
264,What is exception handling?,2
265,What is a variable in Python?,2
265,What is the difference between a List and a Tuple?,2
265,What is a function in Python?,2
265,What is list comprehension?,2
265,What is exception handling?,2
266,What is a variable in Python?,2
266,What is the difference between a List and a Tuple?,2
266,What is a function in Python?,2
266,What is list comprehension?,2
266,What is exception handling?,2
267,What is a variable in Python?,2
267,What is the difference between a List and a Tuple?,2
267,What is a function in Python?,2
267,What is list comprehension?,2
267,What is exception handling?,2
268,What is a variable in Python?,2
268,What is the difference between a List and a Tuple?,2
268,What is a function in Python?,2
268,What is list comprehension?,2
268,What is exception handling?,2
269,What is a variable in Python?,2
269,What is the difference between a List and a Tuple?,2
269,What is a function in Python?,2
269,What is list comprehension?,2
269,What is exception handling?,2
270,What is a variable in Python?,2
270,What is the difference between a List and a Tuple?,2
270,What is a function in Python?,2
270,What is list comprehension?,2
270,What is exception handling?,2
271,What is a variable in Python?,2
271,What is the difference between a List and a Tuple?,2
271,What is a function in Python?,2
271,What is list comprehension?,2
271,What is exception handling?,2
272,What is a variable in Python?,2
272,What is the difference between a List and a Tuple?,2
272,What is a function in Python?,2
272,What is list comprehension?,2
272,What is exception handling?,2
273,What is a variable in Python?,2
273,What is the difference between a List and a Tuple?,2
273,What is a function in Python?,2
273,What is list comprehension?,2
273,What is exception handling?,2
274,What is a variable in Python?,2
274,What is the difference between a List and a Tuple?,2
274,What is a function in Python?,2
274,What is list comprehension?,2
274,What is exception handling?,2
275,What is a variable in Python?,2
275,What is the difference between a List and a Tuple?,2
275,What is a function in Python?,2
275,What is list comprehension?,2
275,What is exception handling?,2
276,What is a variable in Python?,2
276,What is the difference between a List and a Tuple?,2
276,What is a function in Python?,2
276,What is list comprehension?,2
276,What is exception handling?,2
277,What is a variable in Python?,2
277,What is the difference between a List and a Tuple?,2
277,What is a function in Python?,2
277,What is list comprehension?,2
277,What is exception handling?,2
278,What is a variable in Python?,2
278,What is the difference between a List and a Tuple?,2
278,What is a function in Python?,2
278,What is list comprehension?,2
278,What is exception handling?,2
279,What is a variable in Python?,2
279,What is the difference between a List and a Tuple?,2
279,What is a function in Python?,2
279,What is list comprehension?,2
279,What is exception handling?,2
280,What is a variable in Python?,2
280,What is the difference between a List and a Tuple?,2
280,What is a function in Python?,2
280,What is list comprehension?,2
280,What is exception handling?,2
281,What is a variable in Python?,2
281,What is the difference between a List and a Tuple?,2
281,What is a function in Python?,2
281,What is list comprehension?,2
281,What is exception handling?,2
282,What is a variable in Python?,2
282,What is the difference between a List and a Tuple?,2
282,What is a function in Python?,2
282,What is list comprehension?,2
282,What is exception handling?,2
283,What is a variable in Python?,2
283,What is the difference between a List and a Tuple?,2
283,What is a function in Python?,2
283,What is list comprehension?,2
283,What is exception handling?,2
284,What is a variable in Python?,2
284,What is the difference between a List and a Tuple?,2
284,What is a function in Python?,2
284,What is list comprehension?,2
284,What is exception handling?,2
285,What is a variable in Python?,2
285,What is the difference between a List and a Tuple?,2
285,What is a function in Python?,2
285,What is list comprehension?,2
285,What is exception handling?,2
286,What is a variable in Python?,2
286,What is the difference between a List and a Tuple?,2
286,What is a function in Python?,2
286,What is list comprehension?,2
286,What is exception handling?,2
287,What is a variable in Python?,2
287,What is the difference between a List and a Tuple?,2
287,What is a function in Python?,2
287,What is list comprehension?,2
287,What is exception handling?,2
288,What is a variable in Python?,2
288,What is the difference between a List and a Tuple?,2
288,What is a function in Python?,2
288,What is list comprehension?,2
288,What is exception handling?,2
289,What is a variable in Python?,2
289,What is the difference between a List and a Tuple?,2
289,What is a function in Python?,2
289,What is list comprehension?,2
289,What is exception handling?,2
290,What is a variable in Python?,2
290,What is the difference between a List and a Tuple?,2
290,What is a function in Python?,2
290,What is list comprehension?,2
290,What is exception handling?,2
291,What is a variable in Python?,2
291,What is the difference between a List and a Tuple?,2
291,What is a function in Python?,2
291,What is list comprehension?,2
291,What is exception handling?,2
292,What is a variable in Python?,2
292,What is the difference between a List and a Tuple?,2
292,What is a function in Python?,2
292,What is list comprehension?,2
292,What is exception handling?,2
293,What is a variable in Python?,2
293,What is the difference between a List and a Tuple?,2
293,What is a function in Python?,2
293,What is list comprehension?,2
293,What is exception handling?,2
294,What is a variable in Python?,2
294,What is the difference between a List and a Tuple?,2
294,What is a function in Python?,2
294,What is list comprehension?,2
294,What is exception handling?,2
295,What is a variable in Python?,2
295,What is the difference between a List and a Tuple?,2
295,What is a function in Python?,2
295,What is list comprehension?,2
295,What is exception handling?,2
296,What is a variable in Python?,2
296,What is the difference between a List and a Tuple?,2
296,What is a function in Python?,2
296,What is list comprehension?,2
296,What is exception handling?,2
297,What is a variable in Python?,2
297,What is the difference between a List and a Tuple?,2
297,What is a function in Python?,2
297,What is list comprehension?,2
297,What is exception handling?,2
298,What is a variable in Python?,2
298,What is the difference between a List and a Tuple?,2
298,What is a function in Python?,2
298,What is list comprehension?,2
298,What is exception handling?,2
299,What is a variable in Python?,2
299,What is the difference between a List and a Tuple?,2
299,What is a function in Python?,2
299,What is list comprehension?,2
299,What is exception handling?,2
300,What is a variable in Python?,2
300,What is the difference between a List and a Tuple?,2
300,What is a function in Python?,2
300,What is list comprehension?,2
300,What is exception handling?,2
301,What is a variable in Python?,2
301,What is the difference between a List and a Tuple?,2
301,What is a function in Python?,2
301,What is list comprehension?,2
301,What is exception handling?,2
302,What is a variable in Python?,2
302,What is the difference between a List and a Tuple?,2
302,What is a function in Python?,2
302,What is list comprehension?,2
302,What is exception handling?,2
303,What is a variable in Python?,2
303,What is the difference between a List and a Tuple?,2
303,What is a function in Python?,2
303,What is list comprehension?,2
303,What is exception handling?,2
304,What is a variable in Python?,2
304,What is the difference between a List and a Tuple?,2
304,What is a function in Python?,2
304,What is list comprehension?,2
304,What is exception handling?,2
305,What is a variable in Python?,2
305,What is the difference between a List and a Tuple?,2
305,What is a function in Python?,2
305,What is list comprehension?,2
305,What is exception handling?,2
306,What is a variable in Python?,2
306,What is the difference between a List and a Tuple?,2
306,What is a function in Python?,2
306,What is list comprehension?,2
306,What is exception handling?,2
307,What is a variable in Python?,2
307,What is the difference between a List and a Tuple?,2
307,What is a function in Python?,2
307,What is list comprehension?,2
307,What is exception handling?,2
308,What is a variable in Python?,2
308,What is the difference between a List and a Tuple?,2
308,What is a function in Python?,2
308,What is list comprehension?,2
308,What is exception handling?,2
309,What is a variable in Python?,2
309,What is the difference between a List and a Tuple?,2
309,What is a function in Python?,2
309,What is list comprehension?,2
309,What is exception handling?,2
310,What is a variable in Python?,2
310,What is the difference between a List and a Tuple?,2
310,What is a function in Python?,2
310,What is list comprehension?,2
310,What is exception handling?,2
311,What is a variable in Python?,2
311,What is the difference between a List and a Tuple?,2
311,What is a function in Python?,2
311,What is list comprehension?,2
311,What is exception handling?,2
312,What is a variable in Python?,2
312,What is the difference between a List and a Tuple?,2
312,What is a function in Python?,2
312,What is list comprehension?,2
312,What is exception handling?,2
313,What is a variable in Python?,2
313,What is the difference between a List and a Tuple?,2
313,What is a function in Python?,2
313,What is list comprehension?,2
313,What is exception handling?,2
314,What is a variable in Python?,2
314,What is the difference between a List and a Tuple?,2
314,What is a function in Python?,2
314,What is list comprehension?,2
314,What is exception handling?,2
315,What is a variable in Python?,2
315,What is the difference between a List and a Tuple?,2
315,What is a function in Python?,2
315,What is list comprehension?,2
315,What is exception handling?,2
316,What is a variable in Python?,2
316,What is the difference between a List and a Tuple?,2
316,What is a function in Python?,2
316,What is list comprehension?,2
316,What is exception handling?,2
317,What is a variable in Python?,2
317,What is the difference between a List and a Tuple?,2
317,What is a function in Python?,2
317,What is list comprehension?,2
317,What is exception handling?,2
318,What is a variable in Python?,2
318,What is the difference between a List and a Tuple?,2
318,What is a function in Python?,2
318,What is list comprehension?,2
318,What is exception handling?,2
319,What is a variable in Python?,2
319,What is the difference between a List and a Tuple?,2
319,What is a function in Python?,2
319,What is list comprehension?,2
319,What is exception handling?,2
320,What is a variable in Python?,2
320,What is the difference between a List and a Tuple?,2
320,What is a function in Python?,2
320,What is list comprehension?,2
320,What is exception handling?,2
321,What is a variable in Python?,2
321,What is the difference between a List and a Tuple?,2
321,What is a function in Python?,2
321,What is list comprehension?,2
321,What is exception handling?,2
322,What is a variable in Python?,2
322,What is the difference between a List and a Tuple?,2
322,What is a function in Python?,2
322,What is list comprehension?,2
322,What is exception handling?,2
323,What is a variable in Python?,2
323,What is the difference between a List and a Tuple?,2
323,What is a function in Python?,2
323,What is list comprehension?,2
323,What is exception handling?,2
324,What is a variable in Python?,2
324,What is the difference between a List and a Tuple?,2
324,What is a function in Python?,2
324,What is list comprehension?,2
324,What is exception handling?,2
325,What is a variable in Python?,2
325,What is the difference between a List and a Tuple?,2
325,What is a function in Python?,2
325,What is list comprehension?,2
325,What is exception handling?,2
326,What is a variable in Python?,2
326,What is the difference between a List and a Tuple?,2
326,What is a function in Python?,2
326,What is list comprehension?,2
326,What is exception handling?,2
327,What is a variable in Python?,2
327,What is the difference between a List and a Tuple?,2
327,What is a function in Python?,2
327,What is list comprehension?,2
327,What is exception handling?,2
328,What is a variable in Python?,2
328,What is the difference between a List and a Tuple?,2
328,What is a function in Python?,2
328,What is list comprehension?,2
328,What is exception handling?,2
329,What is a variable in Python?,2
329,What is the difference between a List and a Tuple?,2
329,What is a function in Python?,2
329,What is list comprehension?,2
329,What is exception handling?,2
330,What is a variable in Python?,2
330,What is the difference between a List and a Tuple?,2
330,What is a function in Python?,2
330,What is list comprehension?,2
330,What is exception handling?,2
331,What is a variable in Python?,2
331,What is the difference between a List and a Tuple?,2
331,What is a function in Python?,2
331,What is list comprehension?,2
331,What is exception handling?,2
332,What is a variable in Python?,2
332,What is the difference between a List and a Tuple?,2
332,What is a function in Python?,2
332,What is list comprehension?,2
332,What is exception handling?,2
333,What is a variable in Python?,2
333,What is the difference between a List and a Tuple?,2
333,What is a function in Python?,2
333,What is list comprehension?,2
333,What is exception handling?,2
334,What is a variable in Python?,2
334,What is the difference between a List and a Tuple?,2
334,What is a function in Python?,2
334,What is list comprehension?,2
334,What is exception handling?,2
335,What is a variable in Python?,2
335,What is the difference between a List and a Tuple?,2
335,What is a function in Python?,2
335,What is list comprehension?,2
335,What is exception handling?,2
336,What is a variable in Python?,2
336,What is the difference between a List and a Tuple?,2
336,What is a function in Python?,2
336,What is list comprehension?,2
336,What is exception handling?,2
337,What is a variable in Python?,2
337,What is the difference between a List and a Tuple?,2
337,What is a function in Python?,2
337,What is list comprehension?,2
337,What is exception handling?,2
338,What is a variable in Python?,2
338,What is the difference between a List and a Tuple?,2
338,What is a function in Python?,2
338,What is list comprehension?,2
338,What is exception handling?,2
339,What is a variable in Python?,2
339,What is the difference between a List and a Tuple?,2
339,What is a function in Python?,2
339,What is list comprehension?,2
339,What is exception handling?,2
340,What is a variable in Python?,2
340,What is the difference between a List and a Tuple?,2
340,What is a function in Python?,2
340,What is list comprehension?,2
340,What is exception handling?,2
341,What is a variable in Python?,2
341,What is the difference between a List and a Tuple?,2
341,What is a function in Python?,2
341,What is list comprehension?,2
341,What is exception handling?,2
342,What is a variable in Python?,2
342,What is the difference between a List and a Tuple?,2
342,What is a function in Python?,2
342,What is list comprehension?,2
342,What is exception handling?,2
343,What is a variable in Python?,2
343,What is the difference between a List and a Tuple?,2
343,What is a function in Python?,2
343,What is list comprehension?,2
343,What is exception handling?,2
344,What is a variable in Python?,2
344,What is the difference between a List and a Tuple?,2
344,What is a function in Python?,2
344,What is list comprehension?,2
344,What is exception handling?,2
345,What is a variable in Python?,2
345,What is the difference between a List and a Tuple?,2
345,What is a function in Python?,2
345,What is list comprehension?,2
345,What is exception handling?,2
346,What is a variable in Python?,2
346,What is the difference between a List and a Tuple?,2
346,What is a function in Python?,2
346,What is list comprehension?,2
346,What is exception handling?,2
347,What is a variable in Python?,2
347,What is the difference between a List and a Tuple?,2
347,What is a function in Python?,2
347,What is list comprehension?,2
347,What is exception handling?,2
348,What is a variable in Python?,2
348,What is the difference between a List and a Tuple?,2
348,What is a function in Python?,2
348,What is list comprehension?,2
348,What is exception handling?,2
349,What is a variable in Python?,2
349,What is the difference between a List and a Tuple?,2
349,What is a function in Python?,2
349,What is list comprehension?,2
349,What is exception handling?,2
350,What is a variable in Python?,2
350,What is the difference between a List and a Tuple?,2
350,What is a function in Python?,2
350,What is list comprehension?,2
350,What is exception handling?,2
351,What is a variable in Python?,2
351,What is the difference between a List and a Tuple?,2
351,What is a function in Python?,2
351,What is list comprehension?,2
351,What is exception handling?,2
352,What is a variable in Python?,2
352,What is the difference between a List and a Tuple?,2
352,What is a function in Python?,2
352,What is list comprehension?,2
352,What is exception handling?,2
353,What is a variable in Python?,2
353,What is the difference between a List and a Tuple?,2
353,What is a function in Python?,2
353,What is list comprehension?,2
353,What is exception handling?,2
354,What is a variable in Python?,2
354,What is the difference between a List and a Tuple?,2
354,What is a function in Python?,2
354,What is list comprehension?,2
354,What is exception handling?,2
355,What is a variable in Python?,2
355,What is the difference between a List and a Tuple?,2
355,What is a function in Python?,2
355,What is list comprehension?,2
355,What is exception handling?,2
356,What is a variable in Python?,2
356,What is the difference between a List and a Tuple?,2
356,What is a function in Python?,2
356,What is list comprehension?,2
356,What is exception handling?,2
357,What is a variable in Python?,2
357,What is the difference between a List and a Tuple?,2
357,What is a function in Python?,2
357,What is list comprehension?,2
357,What is exception handling?,2
358,What is a variable in Python?,2
358,What is the difference between a List and a Tuple?,2
358,What is a function in Python?,2
358,What is list comprehension?,2
358,What is exception handling?,2
359,What is a variable in Python?,2
359,What is the difference between a List and a Tuple?,2
359,What is a function in Python?,2
359,What is list comprehension?,2
359,What is exception handling?,2
360,What is a variable in Python?,2
360,What is the difference between a List and a Tuple?,2
360,What is a function in Python?,2
360,What is list comprehension?,2
360,What is exception handling?,2
361,What is a variable in Python?,2
361,What is the difference between a List and a Tuple?,2
361,What is a function in Python?,2
361,What is list comprehension?,2
361,What is exception handling?,2
362,What is a variable in Python?,2
362,What is the difference between a List and a Tuple?,2
362,What is a function in Python?,2
362,What is list comprehension?,2
362,What is exception handling?,2
363,What is a variable in Python?,2
363,What is the difference between a List and a Tuple?,2
363,What is a function in Python?,2
363,What is list comprehension?,2
363,What is exception handling?,2
364,What is a variable in Python?,2
364,What is the difference between a List and a Tuple?,2
364,What is a function in Python?,2
364,What is list comprehension?,2
364,What is exception handling?,2
365,What is a variable in Python?,2
365,What is the difference between a List and a Tuple?,2
365,What is a function in Python?,2
365,What is list comprehension?,2
365,What is exception handling?,2
366,What is a variable in Python?,2
366,What is the difference between a List and a Tuple?,2
366,What is a function in Python?,2
366,What is list comprehension?,2
366,What is exception handling?,2
367,What is a variable in Python?,2
367,What is the difference between a List and a Tuple?,2
367,What is a function in Python?,2
367,What is list comprehension?,2
367,What is exception handling?,2
368,What is a variable in Python?,2
368,What is the difference between a List and a Tuple?,2
368,What is a function in Python?,2
368,What is list comprehension?,2
368,What is exception handling?,2
369,What is a variable in Python?,2
369,What is the difference between a List and a Tuple?,2
369,What is a function in Python?,2
369,What is list comprehension?,2
369,What is exception handling?,2
370,What is a variable in Python?,2
370,What is the difference between a List and a Tuple?,2
370,What is a function in Python?,2
370,What is list comprehension?,2
370,What is exception handling?,2
371,What is a variable in Python?,2
371,What is the difference between a List and a Tuple?,2
371,What is a function in Python?,2
371,What is list comprehension?,2
371,What is exception handling?,2
372,What is a variable in Python?,2
372,What is the difference between a List and a Tuple?,2
372,What is a function in Python?,2
372,What is list comprehension?,2
372,What is exception handling?,2
373,What is a variable in Python?,2
373,What is the difference between a List and a Tuple?,2
373,What is a function in Python?,2
373,What is list comprehension?,2
373,What is exception handling?,2
374,What is a variable in Python?,2
374,What is the difference between a List and a Tuple?,2
374,What is a function in Python?,2
374,What is list comprehension?,2
374,What is exception handling?,2
375,What is a variable in Python?,2
375,What is the difference between a List and a Tuple?,2
375,What is a function in Python?,2
375,What is list comprehension?,2
375,What is exception handling?,2
376,What is a variable in Python?,2
376,What is the difference between a List and a Tuple?,2
376,What is a function in Python?,2
376,What is list comprehension?,2
376,What is exception handling?,2
377,What is a variable in Python?,2
377,What is the difference between a List and a Tuple?,2
377,What is a function in Python?,2
377,What is list comprehension?,2
377,What is exception handling?,2
378,What is a variable in Python?,2
378,What is the difference between a List and a Tuple?,2
378,What is a function in Python?,2
378,What is list comprehension?,2
378,What is exception handling?,2
379,What is a variable in Python?,2
379,What is the difference between a List and a Tuple?,2
379,What is a function in Python?,2
379,What is list comprehension?,2
379,What is exception handling?,2
380,What is a variable in Python?,2
380,What is the difference between a List and a Tuple?,2
380,What is a function in Python?,2
380,What is list comprehension?,2
380,What is exception handling?,2
381,What is a variable in Python?,2
381,What is the difference between a List and a Tuple?,2
381,What is a function in Python?,2
381,What is list comprehension?,2
381,What is exception handling?,2
382,What is a variable in Python?,2
382,What is the difference between a List and a Tuple?,2
382,What is a function in Python?,2
382,What is list comprehension?,2
382,What is exception handling?,2
383,What is a variable in Python?,2
383,What is the difference between a List and a Tuple?,2
383,What is a function in Python?,2
383,What is list comprehension?,2
383,What is exception handling?,2
384,What is a variable in Python?,2
384,What is the difference between a List and a Tuple?,2
384,What is a function in Python?,2
384,What is list comprehension?,2
384,What is exception handling?,2
385,What is a variable in Python?,2
385,What is the difference between a List and a Tuple?,2
385,What is a function in Python?,2
385,What is list comprehension?,2
385,What is exception handling?,2
386,What is a variable in Python?,2
386,What is the difference between a List and a Tuple?,2
386,What is a function in Python?,2
386,What is list comprehension?,2
386,What is exception handling?,2
387,What is a variable in Python?,2
387,What is the difference between a List and a Tuple?,2
387,What is a function in Python?,2
387,What is list comprehension?,2
387,What is exception handling?,2
388,What is a variable in Python?,2
388,What is the difference between a List and a Tuple?,2
388,What is a function in Python?,2
388,What is list comprehension?,2
388,What is exception handling?,2
389,What is a variable in Python?,2
389,What is the difference between a List and a Tuple?,2
389,What is a function in Python?,2
389,What is list comprehension?,2
389,What is exception handling?,2
390,What is a variable in Python?,2
390,What is the difference between a List and a Tuple?,2
390,What is a function in Python?,2
390,What is list comprehension?,2
390,What is exception handling?,2
391,What is a variable in Python?,2
391,What is the difference between a List and a Tuple?,2
391,What is a function in Python?,2
391,What is list comprehension?,2
391,What is exception handling?,2
392,What is a variable in Python?,2
392,What is the difference between a List and a Tuple?,2
392,What is a function in Python?,2
392,What is list comprehension?,2
392,What is exception handling?,2
393,What is a variable in Python?,2
393,What is the difference between a List and a Tuple?,2
393,What is a function in Python?,2
393,What is list comprehension?,2
393,What is exception handling?,2
394,What is a variable in Python?,2
394,What is the difference between a List and a Tuple?,2
394,What is a function in Python?,2
394,What is list comprehension?,2
394,What is exception handling?,2
395,What is a variable in Python?,2
395,What is the difference between a List and a Tuple?,2
395,What is a function in Python?,2
395,What is list comprehension?,2
395,What is exception handling?,2
396,What is a variable in Python?,2
396,What is the difference between a List and a Tuple?,2
396,What is a function in Python?,2
396,What is list comprehension?,2
396,What is exception handling?,2
397,What is a variable in Python?,2
397,What is the difference between a List and a Tuple?,2
397,What is a function in Python?,2
397,What is list comprehension?,2
397,What is exception handling?,2
398,What is a variable in Python?,2
398,What is the difference between a List and a Tuple?,2
398,What is a function in Python?,2
398,What is list comprehension?,2
398,What is exception handling?,2
399,What is a variable in Python?,2
399,What is the difference between a List and a Tuple?,2
399,What is a function in Python?,2
399,What is list comprehension?,2
399,What is exception handling?,2
400,What is a variable in Python?,2
400,What is the difference between a List and a Tuple?,2
400,What is a function in Python?,2
400,What is list comprehension?,2
400,What is exception handling?,2
401,What is a variable in Python?,2
401,What is the difference between a List and a Tuple?,2
401,What is a function in Python?,2
401,What is list comprehension?,2
401,What is exception handling?,2
402,What is a variable in Python?,2
402,What is the difference between a List and a Tuple?,2
402,What is a function in Python?,2
402,What is list comprehension?,2
402,What is exception handling?,2
403,What is a variable in Python?,2
403,What is the difference between a List and a Tuple?,2
403,What is a function in Python?,2
403,What is list comprehension?,2
403,What is exception handling?,2
404,What is a variable in Python?,2
404,What is the difference between a List and a Tuple?,2
404,What is a function in Python?,2
404,What is list comprehension?,2
404,What is exception handling?,2
405,What is a variable in Python?,2
405,What is the difference between a List and a Tuple?,2
405,What is a function in Python?,2
405,What is list comprehension?,2
405,What is exception handling?,2
406,What is a variable in Python?,2
406,What is the difference between a List and a Tuple?,2
406,What is a function in Python?,2
406,What is list comprehension?,2
406,What is exception handling?,2
407,What is a variable in Python?,2
407,What is the difference between a List and a Tuple?,2
407,What is a function in Python?,2
407,What is list comprehension?,2
407,What is exception handling?,2
408,What is a variable in Python?,2
408,What is the difference between a List and a Tuple?,2
408,What is a function in Python?,2
408,What is list comprehension?,2
408,What is exception handling?,2
409,What is a variable in Python?,2
409,What is the difference between a List and a Tuple?,2
409,What is a function in Python?,2
409,What is list comprehension?,2
409,What is exception handling?,2
410,What is a variable in Python?,2
410,What is the difference between a List and a Tuple?,2
410,What is a function in Python?,2
410,What is list comprehension?,2
410,What is exception handling?,2
411,What is a variable in Python?,2
411,What is the difference between a List and a Tuple?,2
411,What is a function in Python?,2
411,What is list comprehension?,2
411,What is exception handling?,2
412,What is a variable in Python?,2
412,What is the difference between a List and a Tuple?,2
412,What is a function in Python?,2
412,What is list comprehension?,2
412,What is exception handling?,2
413,What is a variable in Python?,2
413,What is the difference between a List and a Tuple?,2
413,What is a function in Python?,2
413,What is list comprehension?,2
413,What is exception handling?,2
414,What is a variable in Python?,2
414,What is the difference between a List and a Tuple?,2
414,What is a function in Python?,2
414,What is list comprehension?,2
414,What is exception handling?,2
415,What is a variable in Python?,2
415,What is the difference between a List and a Tuple?,2
415,What is a function in Python?,2
415,What is list comprehension?,2
415,What is exception handling?,2
416,What is a variable in Python?,2
416,What is the difference between a List and a Tuple?,2
416,What is a function in Python?,2
416,What is list comprehension?,2
416,What is exception handling?,2
417,What is a variable in Python?,2
417,What is the difference between a List and a Tuple?,2
417,What is a function in Python?,2
417,What is list comprehension?,2
417,What is exception handling?,2
418,What is a variable in Python?,2
418,What is the difference between a List and a Tuple?,2
418,What is a function in Python?,2
418,What is list comprehension?,2
418,What is exception handling?,2
419,What is a variable in Python?,2
419,What is the difference between a List and a Tuple?,2
419,What is a function in Python?,2
419,What is list comprehension?,2
419,What is exception handling?,2
420,What is a variable in Python?,2
420,What is the difference between a List and a Tuple?,2
420,What is a function in Python?,2
420,What is list comprehension?,2
420,What is exception handling?,2
421,What is a variable in Python?,2
421,What is the difference between a List and a Tuple?,2
421,What is a function in Python?,2
421,What is list comprehension?,2
421,What is exception handling?,2
422,What is a variable in Python?,2
422,What is the difference between a List and a Tuple?,2
422,What is a function in Python?,2
422,What is list comprehension?,2
422,What is exception handling?,2
423,What is a variable in Python?,2
423,What is the difference between a List and a Tuple?,2
423,What is a function in Python?,2
423,What is list comprehension?,2
423,What is exception handling?,2
424,What is a variable in Python?,2
424,What is the difference between a List and a Tuple?,2
424,What is a function in Python?,2
424,What is list comprehension?,2
424,What is exception handling?,2
425,What is a variable in Python?,2
425,What is the difference between a List and a Tuple?,2
425,What is a function in Python?,2
425,What is list comprehension?,2
425,What is exception handling?,2
426,What is a variable in Python?,2
426,What is the difference between a List and a Tuple?,2
426,What is a function in Python?,2
426,What is list comprehension?,2
426,What is exception handling?,2
427,What is a variable in Python?,2
427,What is the difference between a List and a Tuple?,2
427,What is a function in Python?,2
427,What is list comprehension?,2
427,What is exception handling?,2
428,What is a variable in Python?,2
428,What is the difference between a List and a Tuple?,2
428,What is a function in Python?,2
428,What is list comprehension?,2
428,What is exception handling?,2
429,What is a variable in Python?,2
429,What is the difference between a List and a Tuple?,2
429,What is a function in Python?,2
429,What is list comprehension?,2
429,What is exception handling?,2
430,What is a variable in Python?,2
430,What is the difference between a List and a Tuple?,2
430,What is a function in Python?,2
430,What is list comprehension?,2
430,What is exception handling?,2
431,What is a variable in Python?,2
431,What is the difference between a List and a Tuple?,2
431,What is a function in Python?,2
431,What is list comprehension?,2
431,What is exception handling?,2
432,What is a variable in Python?,2
432,What is the difference between a List and a Tuple?,2
432,What is a function in Python?,2
432,What is list comprehension?,2
432,What is exception handling?,2
433,What is a variable in Python?,2
433,What is the difference between a List and a Tuple?,2
433,What is a function in Python?,2
433,What is list comprehension?,2
433,What is exception handling?,2
434,What is a variable in Python?,2
434,What is the difference between a List and a Tuple?,2
434,What is a function in Python?,2
434,What is list comprehension?,2
434,What is exception handling?,2
435,What is a variable in Python?,2
435,What is the difference between a List and a Tuple?,2
435,What is a function in Python?,2
435,What is list comprehension?,2
435,What is exception handling?,2
436,What is a variable in Python?,2
436,What is the difference between a List and a Tuple?,2
436,What is a function in Python?,2
436,What is list comprehension?,2
436,What is exception handling?,2
437,What is a variable in Python?,2
437,What is the difference between a List and a Tuple?,2
437,What is a function in Python?,2
437,What is list comprehension?,2
437,What is exception handling?,2
438,What is a variable in Python?,2
438,What is the difference between a List and a Tuple?,2
438,What is a function in Python?,2
438,What is list comprehension?,2
438,What is exception handling?,2
439,What is a variable in Python?,2
439,What is the difference between a List and a Tuple?,2
439,What is a function in Python?,2
439,What is list comprehension?,2
439,What is exception handling?,2
440,What is a variable in Python?,2
440,What is the difference between a List and a Tuple?,2
440,What is a function in Python?,2
440,What is list comprehension?,2
440,What is exception handling?,2
441,What is a variable in Python?,2
441,What is the difference between a List and a Tuple?,2
441,What is a function in Python?,2
441,What is list comprehension?,2
441,What is exception handling?,2
442,What is a variable in Python?,2
442,What is the difference between a List and a Tuple?,2
442,What is a function in Python?,2
442,What is list comprehension?,2
442,What is exception handling?,2
443,What is a variable in Python?,2
443,What is the difference between a List and a Tuple?,2
443,What is a function in Python?,2
443,What is list comprehension?,2
443,What is exception handling?,2
444,What is a variable in Python?,2
444,What is the difference between a List and a Tuple?,2
444,What is a function in Python?,2
444,What is list comprehension?,2
444,What is exception handling?,2
445,What is a variable in Python?,2
445,What is the difference between a List and a Tuple?,2
445,What is a function in Python?,2
445,What is list comprehension?,2
445,What is exception handling?,2
446,What is a variable in Python?,2
446,What is the difference between a List and a Tuple?,2
446,What is a function in Python?,2
446,What is list comprehension?,2
446,What is exception handling?,2
447,What is a variable in Python?,2
447,What is the difference between a List and a Tuple?,2
447,What is a function in Python?,2
447,What is list comprehension?,2
447,What is exception handling?,2
448,What is a variable in Python?,2
448,What is the difference between a List and a Tuple?,2
448,What is a function in Python?,2
448,What is list comprehension?,2
448,What is exception handling?,2
449,What is a variable in Python?,2
449,What is the difference between a List and a Tuple?,2
449,What is a function in Python?,2
449,What is list comprehension?,2
449,What is exception handling?,2
450,What is a variable in Python?,2
450,What is the difference between a List and a Tuple?,2
450,What is a function in Python?,2
450,What is list comprehension?,2
450,What is exception handling?,2
451,What is a variable in Python?,2
451,What is the difference between a List and a Tuple?,2
451,What is a function in Python?,2
451,What is list comprehension?,2
451,What is exception handling?,2
452,What is a variable in Python?,2
452,What is the difference between a List and a Tuple?,2
452,What is a function in Python?,2
452,What is list comprehension?,2
452,What is exception handling?,2
453,What is a variable in Python?,2
453,What is the difference between a List and a Tuple?,2
453,What is a function in Python?,2
453,What is list comprehension?,2
453,What is exception handling?,2
454,What is a variable in Python?,2
454,What is the difference between a List and a Tuple?,2
454,What is a function in Python?,2
454,What is list comprehension?,2
454,What is exception handling?,2
455,What is a variable in Python?,2
455,What is the difference between a List and a Tuple?,2
455,What is a function in Python?,2
455,What is list comprehension?,2
455,What is exception handling?,2
456,What is a variable in Python?,2
456,What is the difference between a List and a Tuple?,2
456,What is a function in Python?,2
456,What is list comprehension?,2
456,What is exception handling?,2
457,What is a variable in Python?,2
457,What is the difference between a List and a Tuple?,2
457,What is a function in Python?,2
457,What is list comprehension?,2
457,What is exception handling?,2
458,What is a variable in Python?,2
458,What is the difference between a List and a Tuple?,2
458,What is a function in Python?,2
458,What is list comprehension?,2
458,What is exception handling?,2
459,What is a variable in Python?,2
459,What is the difference between a List and a Tuple?,2
459,What is a function in Python?,2
459,What is list comprehension?,2
459,What is exception handling?,2
460,What is a variable in Python?,2
460,What is the difference between a List and a Tuple?,2
460,What is a function in Python?,2
460,What is list comprehension?,2
460,What is exception handling?,2
461,What is a variable in Python?,2
461,What is the difference between a List and a Tuple?,2
461,What is a function in Python?,2
461,What is list comprehension?,2
461,What is exception handling?,2
462,What is a variable in Python?,2
462,What is the difference between a List and a Tuple?,2
462,What is a function in Python?,2
462,What is list comprehension?,2
462,What is exception handling?,2
463,What is a variable in Python?,2
463,What is the difference between a List and a Tuple?,2
463,What is a function in Python?,2
463,What is list comprehension?,2
463,What is exception handling?,2
464,What is a variable in Python?,2
464,What is the difference between a List and a Tuple?,2
464,What is a function in Python?,2
464,What is list comprehension?,2
464,What is exception handling?,2
465,What is a variable in Python?,2
465,What is the difference between a List and a Tuple?,2
465,What is a function in Python?,2
465,What is list comprehension?,2
465,What is exception handling?,2
466,What is a variable in Python?,2
466,What is the difference between a List and a Tuple?,2
466,What is a function in Python?,2
466,What is list comprehension?,2
466,What is exception handling?,2
467,What is a variable in Python?,2
467,What is the difference between a List and a Tuple?,2
467,What is a function in Python?,2
467,What is list comprehension?,2
467,What is exception handling?,2
468,What is a variable in Python?,2
468,What is the difference between a List and a Tuple?,2
468,What is a function in Python?,2
468,What is list comprehension?,2
468,What is exception handling?,2
469,What is a variable in Python?,2
469,What is the difference between a List and a Tuple?,2
469,What is a function in Python?,2
469,What is list comprehension?,2
469,What is exception handling?,2
470,What is a variable in Python?,2
470,What is the difference between a List and a Tuple?,2
470,What is a function in Python?,2
470,What is list comprehension?,2
470,What is exception handling?,2
471,What is a variable in Python?,2
471,What is the difference between a List and a Tuple?,2
471,What is a function in Python?,2
471,What is list comprehension?,2
471,What is exception handling?,2
472,What is a variable in Python?,2
472,What is the difference between a List and a Tuple?,2
472,What is a function in Python?,2
472,What is list comprehension?,2
472,What is exception handling?,2
473,What is a variable in Python?,2
473,What is the difference between a List and a Tuple?,2
473,What is a function in Python?,2
473,What is list comprehension?,2
473,What is exception handling?,2
474,What is a variable in Python?,2
474,What is the difference between a List and a Tuple?,2
474,What is a function in Python?,2
474,What is list comprehension?,2
474,What is exception handling?,2
475,What is a variable in Python?,2
475,What is the difference between a List and a Tuple?,2
475,What is a function in Python?,2
475,What is list comprehension?,2
475,What is exception handling?,2
476,What is a variable in Python?,2
476,What is the difference between a List and a Tuple?,2
476,What is a function in Python?,2
476,What is list comprehension?,2
476,What is exception handling?,2
477,What is a variable in Python?,2
477,What is the difference between a List and a Tuple?,2
477,What is a function in Python?,2
477,What is list comprehension?,2
477,What is exception handling?,2
478,What is a variable in Python?,2
478,What is the difference between a List and a Tuple?,2
478,What is a function in Python?,2
478,What is list comprehension?,2
478,What is exception handling?,2
479,What is a variable in Python?,2
479,What is the difference between a List and a Tuple?,2
479,What is a function in Python?,2
479,What is list comprehension?,2
479,What is exception handling?,2
480,What is a variable in Python?,2
480,What is the difference between a List and a Tuple?,2
480,What is a function in Python?,2
480,What is list comprehension?,2
480,What is exception handling?,2
481,What is a variable in Python?,2
481,What is the difference between a List and a Tuple?,2
481,What is a function in Python?,2
481,What is list comprehension?,2
481,What is exception handling?,2
482,What is a variable in Python?,2
482,What is the difference between a List and a Tuple?,2
482,What is a function in Python?,2
482,What is list comprehension?,2
482,What is exception handling?,2
483,What is a variable in Python?,2
483,What is the difference between a List and a Tuple?,2
483,What is a function in Python?,2
483,What is list comprehension?,2
483,What is exception handling?,2
484,What is a variable in Python?,2
484,What is the difference between a List and a Tuple?,2
484,What is a function in Python?,2
484,What is list comprehension?,2
484,What is exception handling?,2
485,What is a variable in Python?,2
485,What is the difference between a List and a Tuple?,2
485,What is a function in Python?,2
485,What is list comprehension?,2
485,What is exception handling?,2
486,What is a variable in Python?,2
486,What is the difference between a List and a Tuple?,2
486,What is a function in Python?,2
486,What is list comprehension?,2
486,What is exception handling?,2
487,What is a variable in Python?,2
487,What is the difference between a List and a Tuple?,2
487,What is a function in Python?,2
487,What is list comprehension?,2
487,What is exception handling?,2
488,What is a variable in Python?,2
488,What is the difference between a List and a Tuple?,2
488,What is a function in Python?,2
488,What is list comprehension?,2
488,What is exception handling?,2
489,What is a variable in Python?,2
489,What is the difference between a List and a Tuple?,2
489,What is a function in Python?,2
489,What is list comprehension?,2
489,What is exception handling?,2
490,What is a variable in Python?,2
490,What is the difference between a List and a Tuple?,2
490,What is a function in Python?,2
490,What is list comprehension?,2
490,What is exception handling?,2
491,What is a variable in Python?,2
491,What is the difference between a List and a Tuple?,2
491,What is a function in Python?,2
491,What is list comprehension?,2
491,What is exception handling?,2
492,What is a variable in Python?,2
492,What is the difference between a List and a Tuple?,2
492,What is a function in Python?,2
492,What is list comprehension?,2
492,What is exception handling?,2
493,What is a variable in Python?,2
493,What is the difference between a List and a Tuple?,2
493,What is a function in Python?,2
493,What is list comprehension?,2
493,What is exception handling?,2
494,What is a variable in Python?,2
494,What is the difference between a List and a Tuple?,2
494,What is a function in Python?,2
494,What is list comprehension?,2
494,What is exception handling?,2
495,What is a variable in Python?,2
495,What is the difference between a List and a Tuple?,2
495,What is a function in Python?,2
495,What is list comprehension?,2
495,What is exception handling?,2
496,What is a variable in Python?,2
496,What is the difference between a List and a Tuple?,2
496,What is a function in Python?,2
496,What is list comprehension?,2
496,What is exception handling?,2
497,What is a variable in Python?,2
497,What is the difference between a List and a Tuple?,2
497,What is a function in Python?,2
497,What is list comprehension?,2
497,What is exception handling?,2
498,What is a variable in Python?,2
498,What is the difference between a List and a Tuple?,2
498,What is a function in Python?,2
498,What is list comprehension?,2
498,What is exception handling?,2
499,What is a variable in Python?,2
499,What is the difference between a List and a Tuple?,2
499,What is a function in Python?,2
499,What is list comprehension?,2
499,What is exception handling?,2
500,What is a variable in Python?,2
500,What is the difference between a List and a Tuple?,2
500,What is a function in Python?,2
500,What is list comprehension?,2
500,What is exception handling?,2
501,What is a variable in Python?,2
501,What is the difference between a List and a Tuple?,2
501,What is a function in Python?,2
501,What is list comprehension?,2
501,What is exception handling?,2
502,What is a variable in Python?,2
502,What is the difference between a List and a Tuple?,2
502,What is a function in Python?,2
502,What is list comprehension?,2
502,What is exception handling?,2
503,What is a variable in Python?,2
503,What is the difference between a List and a Tuple?,2
503,What is a function in Python?,2
503,What is list comprehension?,2
503,What is exception handling?,2
504,What is a variable in Python?,2
504,What is the difference between a List and a Tuple?,2
504,What is a function in Python?,2
504,What is list comprehension?,2
504,What is exception handling?,2
505,What is a variable in Python?,2
505,What is the difference between a List and a Tuple?,2
505,What is a function in Python?,2
505,What is list comprehension?,2
505,What is exception handling?,2
506,What is a variable in Python?,2
506,What is the difference between a List and a Tuple?,2
506,What is a function in Python?,2
506,What is list comprehension?,2
506,What is exception handling?,2
507,What is a variable in Python?,2
507,What is the difference between a List and a Tuple?,2
507,What is a function in Python?,2
507,What is list comprehension?,2
507,What is exception handling?,2
508,What is a variable in Python?,2
508,What is the difference between a List and a Tuple?,2
508,What is a function in Python?,2
508,What is list comprehension?,2
508,What is exception handling?,2
509,What is a variable in Python?,2
509,What is the difference between a List and a Tuple?,2
509,What is a function in Python?,2
509,What is list comprehension?,2
509,What is exception handling?,2
510,What is a variable in Python?,2
510,What is the difference between a List and a Tuple?,2
510,What is a function in Python?,2
510,What is list comprehension?,2
510,What is exception handling?,2
511,What is a variable in Python?,2
511,What is the difference between a List and a Tuple?,2
511,What is a function in Python?,2
511,What is list comprehension?,2
511,What is exception handling?,2
512,What is a variable in Python?,2
512,What is the difference between a List and a Tuple?,2
512,What is a function in Python?,2
512,What is list comprehension?,2
512,What is exception handling?,2
513,What is a variable in Python?,2
513,What is the difference between a List and a Tuple?,2
513,What is a function in Python?,2
513,What is list comprehension?,2
513,What is exception handling?,2
514,What is a variable in Python?,2
514,What is the difference between a List and a Tuple?,2
514,What is a function in Python?,2
514,What is list comprehension?,2
514,What is exception handling?,2
515,What is a variable in Python?,2
515,What is the difference between a List and a Tuple?,2
515,What is a function in Python?,2
515,What is list comprehension?,2
515,What is exception handling?,2
516,What is a variable in Python?,2
516,What is the difference between a List and a Tuple?,2
516,What is a function in Python?,2
516,What is list comprehension?,2
516,What is exception handling?,2
517,What is a variable in Python?,2
517,What is the difference between a List and a Tuple?,2
517,What is a function in Python?,2
517,What is list comprehension?,2
517,What is exception handling?,2
518,What is a variable in Python?,2
518,What is the difference between a List and a Tuple?,2
518,What is a function in Python?,2
518,What is list comprehension?,2
518,What is exception handling?,2
519,What is a variable in Python?,2
519,What is the difference between a List and a Tuple?,2
519,What is a function in Python?,2
519,What is list comprehension?,2
519,What is exception handling?,2
520,What is a variable in Python?,2
520,What is the difference between a List and a Tuple?,2
520,What is a function in Python?,2
520,What is list comprehension?,2
520,What is exception handling?,2
521,What is a variable in Python?,2
521,What is the difference between a List and a Tuple?,2
521,What is a function in Python?,2
521,What is list comprehension?,2
521,What is exception handling?,2
522,What is a variable in Python?,2
522,What is the difference between a List and a Tuple?,2
522,What is a function in Python?,2
522,What is list comprehension?,2
522,What is exception handling?,2
523,What is a variable in Python?,2
523,What is the difference between a List and a Tuple?,2
523,What is a function in Python?,2
523,What is list comprehension?,2
523,What is exception handling?,2
524,What is a variable in Python?,2
524,What is the difference between a List and a Tuple?,2
524,What is a function in Python?,2
524,What is list comprehension?,2
524,What is exception handling?,2
525,What is a variable in Python?,2
525,What is the difference between a List and a Tuple?,2
525,What is a function in Python?,2
525,What is list comprehension?,2
525,What is exception handling?,2
526,What is a variable in Python?,2
526,What is the difference between a List and a Tuple?,2
526,What is a function in Python?,2
526,What is list comprehension?,2
526,What is exception handling?,2
527,What is a variable in Python?,2
527,What is the difference between a List and a Tuple?,2
527,What is a function in Python?,2
527,What is list comprehension?,2
527,What is exception handling?,2
528,What is a variable in Python?,2
528,What is the difference between a List and a Tuple?,2
528,What is a function in Python?,2
528,What is list comprehension?,2
528,What is exception handling?,2
529,What is a variable in Python?,2
529,What is the difference between a List and a Tuple?,2
529,What is a function in Python?,2
529,What is list comprehension?,2
529,What is exception handling?,2
530,What is a variable in Python?,2
530,What is the difference between a List and a Tuple?,2
530,What is a function in Python?,2
530,What is list comprehension?,2
530,What is exception handling?,2
531,What is a variable in Python?,2
531,What is the difference between a List and a Tuple?,2
531,What is a function in Python?,2
531,What is list comprehension?,2
531,What is exception handling?,2
532,What is a variable in Python?,2
532,What is the difference between a List and a Tuple?,2
532,What is a function in Python?,2
532,What is list comprehension?,2
532,What is exception handling?,2
533,What is a variable in Python?,2
533,What is the difference between a List and a Tuple?,2
533,What is a function in Python?,2
533,What is list comprehension?,2
533,What is exception handling?,2
534,What is a variable in Python?,2
534,What is the difference between a List and a Tuple?,2
534,What is a function in Python?,2
534,What is list comprehension?,2
534,What is exception handling?,2
535,What is a variable in Python?,2
535,What is the difference between a List and a Tuple?,2
535,What is a function in Python?,2
535,What is list comprehension?,2
535,What is exception handling?,2
536,What is a variable in Python?,2
536,What is the difference between a List and a Tuple?,2
536,What is a function in Python?,2
536,What is list comprehension?,2
536,What is exception handling?,2
537,What is a variable in Python?,2
537,What is the difference between a List and a Tuple?,2
537,What is a function in Python?,2
537,What is list comprehension?,2
537,What is exception handling?,2
538,What is a variable in Python?,2
538,What is the difference between a List and a Tuple?,2
538,What is a function in Python?,2
538,What is list comprehension?,2
538,What is exception handling?,2
539,What is a variable in Python?,2
539,What is the difference between a List and a Tuple?,2
539,What is a function in Python?,2
539,What is list comprehension?,2
539,What is exception handling?,2
540,What is a variable in Python?,2
540,What is the difference between a List and a Tuple?,2
540,What is a function in Python?,2
540,What is list comprehension?,2
540,What is exception handling?,2
541,What is a variable in Python?,2
541,What is the difference between a List and a Tuple?,2
541,What is a function in Python?,2
541,What is list comprehension?,2
541,What is exception handling?,2
542,What is a variable in Python?,2
542,What is the difference between a List and a Tuple?,2
542,What is a function in Python?,2
542,What is list comprehension?,2
542,What is exception handling?,2
543,What is a variable in Python?,2
543,What is the difference between a List and a Tuple?,2
543,What is a function in Python?,2
543,What is list comprehension?,2
543,What is exception handling?,2
544,What is a variable in Python?,2
544,What is the difference between a List and a Tuple?,2
544,What is a function in Python?,2
544,What is list comprehension?,2
544,What is exception handling?,2
545,What is a variable in Python?,2
545,What is the difference between a List and a Tuple?,2
545,What is a function in Python?,2
545,What is list comprehension?,2
545,What is exception handling?,2
546,What is a variable in Python?,2
546,What is the difference between a List and a Tuple?,2
546,What is a function in Python?,2
546,What is list comprehension?,2
546,What is exception handling?,2
547,What is a variable in Python?,2
547,What is the difference between a List and a Tuple?,2
547,What is a function in Python?,2
547,What is list comprehension?,2
547,What is exception handling?,2
548,What is a variable in Python?,2
548,What is the difference between a List and a Tuple?,2
548,What is a function in Python?,2
548,What is list comprehension?,2
548,What is exception handling?,2
549,What is a variable in Python?,2
549,What is the difference between a List and a Tuple?,2
549,What is a function in Python?,2
549,What is list comprehension?,2
549,What is exception handling?,2
550,What is a variable in Python?,2
550,What is the difference between a List and a Tuple?,2
550,What is a function in Python?,2
550,What is list comprehension?,2
550,What is exception handling?,2
551,What is a variable in Python?,2
551,What is the difference between a List and a Tuple?,2
551,What is a function in Python?,2
551,What is list comprehension?,2
551,What is exception handling?,2
552,What is a variable in Python?,2
552,What is the difference between a List and a Tuple?,2
552,What is a function in Python?,2
552,What is list comprehension?,2
552,What is exception handling?,2
553,What is a variable in Python?,2
553,What is the difference between a List and a Tuple?,2
553,What is a function in Python?,2
553,What is list comprehension?,2
553,What is exception handling?,2
554,What is a variable in Python?,2
554,What is the difference between a List and a Tuple?,2
554,What is a function in Python?,2
554,What is list comprehension?,2
554,What is exception handling?,2
555,What is a variable in Python?,2
555,What is the difference between a List and a Tuple?,2
555,What is a function in Python?,2
555,What is list comprehension?,2
555,What is exception handling?,2
556,What is a variable in Python?,2
556,What is the difference between a List and a Tuple?,2
556,What is a function in Python?,2
556,What is list comprehension?,2
556,What is exception handling?,2
557,What is a variable in Python?,2
557,What is the difference between a List and a Tuple?,2
557,What is a function in Python?,2
557,What is list comprehension?,2
557,What is exception handling?,2
558,What is a variable in Python?,2
558,What is the difference between a List and a Tuple?,2
558,What is a function in Python?,2
558,What is list comprehension?,2
558,What is exception handling?,2
559,What is a variable in Python?,2
559,What is the difference between a List and a Tuple?,2
559,What is a function in Python?,2
559,What is list comprehension?,2
559,What is exception handling?,2
560,What is a variable in Python?,2
560,What is the difference between a List and a Tuple?,2
560,What is a function in Python?,2
560,What is list comprehension?,2
560,What is exception handling?,2
561,What is a variable in Python?,2
561,What is the difference between a List and a Tuple?,2
561,What is a function in Python?,2
561,What is list comprehension?,2
561,What is exception handling?,2
562,What is a variable in Python?,2
562,What is the difference between a List and a Tuple?,2
562,What is a function in Python?,2
562,What is list comprehension?,2
562,What is exception handling?,2
563,What is a variable in Python?,2
563,What is the difference between a List and a Tuple?,2
563,What is a function in Python?,2
563,What is list comprehension?,2
563,What is exception handling?,2
564,What is a variable in Python?,2
564,What is the difference between a List and a Tuple?,2
564,What is a function in Python?,2
564,What is list comprehension?,2
564,What is exception handling?,2
565,What is a variable in Python?,2
565,What is the difference between a List and a Tuple?,2
565,What is a function in Python?,2
565,What is list comprehension?,2
565,What is exception handling?,2
566,What is a variable in Python?,2
566,What is the difference between a List and a Tuple?,2
566,What is a function in Python?,2
566,What is list comprehension?,2
566,What is exception handling?,2
567,What is a variable in Python?,2
567,What is the difference between a List and a Tuple?,2
567,What is a function in Python?,2
567,What is list comprehension?,2
567,What is exception handling?,2
568,What is a variable in Python?,2
568,What is the difference between a List and a Tuple?,2
568,What is a function in Python?,2
568,What is list comprehension?,2
568,What is exception handling?,2
569,What is a variable in Python?,2
569,What is the difference between a List and a Tuple?,2
569,What is a function in Python?,2
569,What is list comprehension?,2
569,What is exception handling?,2
570,What is a variable in Python?,2
570,What is the difference between a List and a Tuple?,2
570,What is a function in Python?,2
570,What is list comprehension?,2
570,What is exception handling?,2
571,What is a variable in Python?,2
571,What is the difference between a List and a Tuple?,2
571,What is a function in Python?,2
571,What is list comprehension?,2
571,What is exception handling?,2
572,What is a variable in Python?,2
572,What is the difference between a List and a Tuple?,2
572,What is a function in Python?,2
572,What is list comprehension?,2
572,What is exception handling?,2
573,What is a variable in Python?,2
573,What is the difference between a List and a Tuple?,2
573,What is a function in Python?,2
573,What is list comprehension?,2
573,What is exception handling?,2
574,What is a variable in Python?,2
574,What is the difference between a List and a Tuple?,2
574,What is a function in Python?,2
574,What is list comprehension?,2
574,What is exception handling?,2
575,What is a variable in Python?,2
575,What is the difference between a List and a Tuple?,2
575,What is a function in Python?,2
575,What is list comprehension?,2
575,What is exception handling?,2
576,What is a variable in Python?,2
576,What is the difference between a List and a Tuple?,2
576,What is a function in Python?,2
576,What is list comprehension?,2
576,What is exception handling?,2
577,What is a variable in Python?,2
577,What is the difference between a List and a Tuple?,2
577,What is a function in Python?,2
577,What is list comprehension?,2
577,What is exception handling?,2
578,What is a variable in Python?,2
578,What is the difference between a List and a Tuple?,2
578,What is a function in Python?,2
578,What is list comprehension?,2
578,What is exception handling?,2
579,What is a variable in Python?,2
579,What is the difference between a List and a Tuple?,2
579,What is a function in Python?,2
579,What is list comprehension?,2
579,What is exception handling?,2
580,What is a variable in Python?,2
580,What is the difference between a List and a Tuple?,2
580,What is a function in Python?,2
580,What is list comprehension?,2
580,What is exception handling?,2
581,What is a variable in Python?,2
581,What is the difference between a List and a Tuple?,2
581,What is a function in Python?,2
581,What is list comprehension?,2
581,What is exception handling?,2
582,What is a variable in Python?,2
582,What is the difference between a List and a Tuple?,2
582,What is a function in Python?,2
582,What is list comprehension?,2
582,What is exception handling?,2
583,What is a variable in Python?,2
583,What is the difference between a List and a Tuple?,2
583,What is a function in Python?,2
583,What is list comprehension?,2
583,What is exception handling?,2
584,What is a variable in Python?,2
584,What is the difference between a List and a Tuple?,2
584,What is a function in Python?,2
584,What is list comprehension?,2
584,What is exception handling?,2
585,What is a variable in Python?,2
585,What is the difference between a List and a Tuple?,2
585,What is a function in Python?,2
585,What is list comprehension?,2
585,What is exception handling?,2
586,What is a variable in Python?,2
586,What is the difference between a List and a Tuple?,2
586,What is a function in Python?,2
586,What is list comprehension?,2
586,What is exception handling?,2
587,What is a variable in Python?,2
587,What is the difference between a List and a Tuple?,2
587,What is a function in Python?,2
587,What is list comprehension?,2
587,What is exception handling?,2
588,What is a variable in Python?,2
588,What is the difference between a List and a Tuple?,2
588,What is a function in Python?,2
588,What is list comprehension?,2
588,What is exception handling?,2
589,What is a variable in Python?,2
589,What is the difference between a List and a Tuple?,2
589,What is a function in Python?,2
589,What is list comprehension?,2
589,What is exception handling?,2
590,What is a variable in Python?,2
590,What is the difference between a List and a Tuple?,2
590,What is a function in Python?,2
590,What is list comprehension?,2
590,What is exception handling?,2
591,What is a variable in Python?,2
591,What is the difference between a List and a Tuple?,2
591,What is a function in Python?,2
591,What is list comprehension?,2
591,What is exception handling?,2
592,What is a variable in Python?,2
592,What is the difference between a List and a Tuple?,2
592,What is a function in Python?,2
592,What is list comprehension?,2
592,What is exception handling?,2
593,What is a variable in Python?,2
593,What is the difference between a List and a Tuple?,2
593,What is a function in Python?,2
593,What is list comprehension?,2
593,What is exception handling?,2
594,What is a variable in Python?,2
594,What is the difference between a List and a Tuple?,2
594,What is a function in Python?,2
594,What is list comprehension?,2
594,What is exception handling?,2
595,What is a variable in Python?,2
595,What is the difference between a List and a Tuple?,2
595,What is a function in Python?,2
595,What is list comprehension?,2
595,What is exception handling?,2
596,What is a variable in Python?,2
596,What is the difference between a List and a Tuple?,2
596,What is a function in Python?,2
596,What is list comprehension?,2
596,What is exception handling?,2
597,What is a variable in Python?,2
597,What is the difference between a List and a Tuple?,2
597,What is a function in Python?,2
597,What is list comprehension?,2
597,What is exception handling?,2
598,What is a variable in Python?,2
598,What is the difference between a List and a Tuple?,2
598,What is a function in Python?,2
598,What is list comprehension?,2
598,What is exception handling?,2
599,What is a variable in Python?,2
599,What is the difference between a List and a Tuple?,2
599,What is a function in Python?,2
599,What is list comprehension?,2
599,What is exception handling?,2
600,What is a variable in Python?,2
600,What is the difference between a List and a Tuple?,2
600,What is a function in Python?,2
600,What is list comprehension?,2
600,What is exception handling?,2
601,What is a variable in Python?,2
601,What is the difference between a List and a Tuple?,2
601,What is a function in Python?,2
601,What is list comprehension?,2
601,What is exception handling?,2
602,What is a variable in Python?,2
602,What is the difference between a List and a Tuple?,2
602,What is a function in Python?,2
602,What is list comprehension?,2
602,What is exception handling?,2
603,What is a variable in Python?,2
603,What is the difference between a List and a Tuple?,2
603,What is a function in Python?,2
603,What is list comprehension?,2
603,What is exception handling?,2
604,What is a variable in Python?,2
604,What is the difference between a List and a Tuple?,2
604,What is a function in Python?,2
604,What is list comprehension?,2
604,What is exception handling?,2
605,What is a variable in Python?,2
605,What is the difference between a List and a Tuple?,2
605,What is a function in Python?,2
605,What is list comprehension?,2
605,What is exception handling?,2
606,What is a variable in Python?,2
606,What is the difference between a List and a Tuple?,2
606,What is a function in Python?,2
606,What is list comprehension?,2
606,What is exception handling?,2
607,What is a variable in Python?,2
607,What is the difference between a List and a Tuple?,2
607,What is a function in Python?,2
607,What is list comprehension?,2
607,What is exception handling?,2
608,What is a variable in Python?,2
608,What is the difference between a List and a Tuple?,2
608,What is a function in Python?,2
608,What is list comprehension?,2
608,What is exception handling?,2
609,What is a variable in Python?,2
609,What is the difference between a List and a Tuple?,2
609,What is a function in Python?,2
609,What is list comprehension?,2
609,What is exception handling?,2
610,What is a variable in Python?,2
610,What is the difference between a List and a Tuple?,2
610,What is a function in Python?,2
610,What is list comprehension?,2
610,What is exception handling?,2
611,What is a variable in Python?,2
611,What is the difference between a List and a Tuple?,2
611,What is a function in Python?,2
611,What is list comprehension?,2
611,What is exception handling?,2
612,What is a variable in Python?,2
612,What is the difference between a List and a Tuple?,2
612,What is a function in Python?,2
612,What is list comprehension?,2
612,What is exception handling?,2
613,What is a variable in Python?,2
613,What is the difference between a List and a Tuple?,2
613,What is a function in Python?,2
613,What is list comprehension?,2
613,What is exception handling?,2
614,What is a variable in Python?,2
614,What is the difference between a List and a Tuple?,2
614,What is a function in Python?,2
614,What is list comprehension?,2
614,What is exception handling?,2
615,What is a variable in Python?,2
615,What is the difference between a List and a Tuple?,2
615,What is a function in Python?,2
615,What is list comprehension?,2
615,What is exception handling?,2
616,What is a variable in Python?,2
616,What is the difference between a List and a Tuple?,2
616,What is a function in Python?,2
616,What is list comprehension?,2
616,What is exception handling?,2
617,What is a variable in Python?,2
617,What is the difference between a List and a Tuple?,2
617,What is a function in Python?,2
617,What is list comprehension?,2
617,What is exception handling?,2
618,What is a variable in Python?,2
618,What is the difference between a List and a Tuple?,2
618,What is a function in Python?,2
618,What is list comprehension?,2
618,What is exception handling?,2
619,What is a variable in Python?,2
619,What is the difference between a List and a Tuple?,2
619,What is a function in Python?,2
619,What is list comprehension?,2
619,What is exception handling?,2
620,What is a variable in Python?,2
620,What is the difference between a List and a Tuple?,2
620,What is a function in Python?,2
620,What is list comprehension?,2
620,What is exception handling?,2
621,What is a variable in Python?,2
621,What is the difference between a List and a Tuple?,2
621,What is a function in Python?,2
621,What is list comprehension?,2
621,What is exception handling?,2
622,What is a variable in Python?,2
622,What is the difference between a List and a Tuple?,2
622,What is a function in Python?,2
622,What is list comprehension?,2
622,What is exception handling?,2
623,What is a variable in Python?,2
623,What is the difference between a List and a Tuple?,2
623,What is a function in Python?,2
623,What is list comprehension?,2
623,What is exception handling?,2
624,What is a variable in Python?,2
624,What is the difference between a List and a Tuple?,2
624,What is a function in Python?,2
624,What is list comprehension?,2
624,What is exception handling?,2
625,What is a variable in Python?,2
625,What is the difference between a List and a Tuple?,2
625,What is a function in Python?,2
625,What is list comprehension?,2
625,What is exception handling?,2
626,What is a variable in Python?,2
626,What is the difference between a List and a Tuple?,2
626,What is a function in Python?,2
626,What is list comprehension?,2
626,What is exception handling?,2
627,What is a variable in Python?,2
627,What is the difference between a List and a Tuple?,2
627,What is a function in Python?,2
627,What is list comprehension?,2
627,What is exception handling?,2
628,What is a variable in Python?,2
628,What is the difference between a List and a Tuple?,2
628,What is a function in Python?,2
628,What is list comprehension?,2
628,What is exception handling?,2
629,What is a variable in Python?,2
629,What is the difference between a List and a Tuple?,2
629,What is a function in Python?,2
629,What is list comprehension?,2
629,What is exception handling?,2
630,What is a variable in Python?,2
630,What is the difference between a List and a Tuple?,2
630,What is a function in Python?,2
630,What is list comprehension?,2
630,What is exception handling?,2
631,What is a variable in Python?,2
631,What is the difference between a List and a Tuple?,2
631,What is a function in Python?,2
631,What is list comprehension?,2
631,What is exception handling?,2
632,What is a variable in Python?,2
632,What is the difference between a List and a Tuple?,2
632,What is a function in Python?,2
632,What is list comprehension?,2
632,What is exception handling?,2
633,What is a variable in Python?,2
633,What is the difference between a List and a Tuple?,2
633,What is a function in Python?,2
633,What is list comprehension?,2
633,What is exception handling?,2
634,What is a variable in Python?,2
634,What is the difference between a List and a Tuple?,2
634,What is a function in Python?,2
634,What is list comprehension?,2
634,What is exception handling?,2
635,What is a variable in Python?,2
635,What is the difference between a List and a Tuple?,2
635,What is a function in Python?,2
635,What is list comprehension?,2
635,What is exception handling?,2
636,What is a variable in Python?,2
636,What is the difference between a List and a Tuple?,2
636,What is a function in Python?,2
636,What is list comprehension?,2
636,What is exception handling?,2
637,What is a variable in Python?,2
637,What is the difference between a List and a Tuple?,2
637,What is a function in Python?,2
637,What is list comprehension?,2
637,What is exception handling?,2
638,What is a variable in Python?,2
638,What is the difference between a List and a Tuple?,2
638,What is a function in Python?,2
638,What is list comprehension?,2
638,What is exception handling?,2
639,What is a variable in Python?,2
639,What is the difference between a List and a Tuple?,2
639,What is a function in Python?,2
639,What is list comprehension?,2
639,What is exception handling?,2
640,What is a variable in Python?,2
640,What is the difference between a List and a Tuple?,2
640,What is a function in Python?,2
640,What is list comprehension?,2
640,What is exception handling?,2
641,What is a variable in Python?,2
641,What is the difference between a List and a Tuple?,2
641,What is a function in Python?,2
641,What is list comprehension?,2
641,What is exception handling?,2
642,What is a variable in Python?,2
642,What is the difference between a List and a Tuple?,2
642,What is a function in Python?,2
642,What is list comprehension?,2
642,What is exception handling?,2
643,What is a variable in Python?,2
643,What is the difference between a List and a Tuple?,2
643,What is a function in Python?,2
643,What is list comprehension?,2
643,What is exception handling?,2
644,What is a variable in Python?,2
644,What is the difference between a List and a Tuple?,2
644,What is a function in Python?,2
644,What is list comprehension?,2
644,What is exception handling?,2
645,What is a variable in Python?,2
645,What is the difference between a List and a Tuple?,2
645,What is a function in Python?,2
645,What is list comprehension?,2
645,What is exception handling?,2
646,What is a variable in Python?,2
646,What is the difference between a List and a Tuple?,2
646,What is a function in Python?,2
646,What is list comprehension?,2
646,What is exception handling?,2
647,What is a variable in Python?,2
647,What is the difference between a List and a Tuple?,2
647,What is a function in Python?,2
647,What is list comprehension?,2
647,What is exception handling?,2
648,What is a variable in Python?,2
648,What is the difference between a List and a Tuple?,2
648,What is a function in Python?,2
648,What is list comprehension?,2
648,What is exception handling?,2
649,What is a variable in Python?,2
649,What is the difference between a List and a Tuple?,2
649,What is a function in Python?,2
649,What is list comprehension?,2
649,What is exception handling?,2
650,What is a variable in Python?,2
650,What is the difference between a List and a Tuple?,2
650,What is a function in Python?,2
650,What is list comprehension?,2
650,What is exception handling?,2
651,What is a variable in Python?,2
651,What is the difference between a List and a Tuple?,2
651,What is a function in Python?,2
651,What is list comprehension?,2
651,What is exception handling?,2
652,What is a variable in Python?,2
652,What is the difference between a List and a Tuple?,2
652,What is a function in Python?,2
652,What is list comprehension?,2
652,What is exception handling?,2
653,What is a variable in Python?,2
653,What is the difference between a List and a Tuple?,2
653,What is a function in Python?,2
653,What is list comprehension?,2
653,What is exception handling?,2
654,What is a variable in Python?,2
654,What is the difference between a List and a Tuple?,2
654,What is a function in Python?,2
654,What is list comprehension?,2
654,What is exception handling?,2
655,What is a variable in Python?,2
655,What is the difference between a List and a Tuple?,2
655,What is a function in Python?,2
655,What is list comprehension?,2
655,What is exception handling?,2
656,What is a variable in Python?,2
656,What is the difference between a List and a Tuple?,2
656,What is a function in Python?,2
656,What is list comprehension?,2
656,What is exception handling?,2
657,What is a variable in Python?,2
657,What is the difference between a List and a Tuple?,2
657,What is a function in Python?,2
657,What is list comprehension?,2
657,What is exception handling?,2
658,What is a variable in Python?,2
658,What is the difference between a List and a Tuple?,2
658,What is a function in Python?,2
658,What is list comprehension?,2
658,What is exception handling?,2
659,What is a variable in Python?,2
659,What is the difference between a List and a Tuple?,2
659,What is a function in Python?,2
659,What is list comprehension?,2
659,What is exception handling?,2
660,What is a variable in Python?,2
660,What is the difference between a List and a Tuple?,2
660,What is a function in Python?,2
660,What is list comprehension?,2
660,What is exception handling?,2
661,What is a variable in Python?,2
661,What is the difference between a List and a Tuple?,2
661,What is a function in Python?,2
661,What is list comprehension?,2
661,What is exception handling?,2
662,What is a variable in Python?,2
662,What is the difference between a List and a Tuple?,2
662,What is a function in Python?,2
662,What is list comprehension?,2
662,What is exception handling?,2
663,What is a variable in Python?,2
663,What is the difference between a List and a Tuple?,2
663,What is a function in Python?,2
663,What is list comprehension?,2
663,What is exception handling?,2
664,What is a variable in Python?,2
664,What is the difference between a List and a Tuple?,2
664,What is a function in Python?,2
664,What is list comprehension?,2
664,What is exception handling?,2
665,What is a variable in Python?,2
665,What is the difference between a List and a Tuple?,2
665,What is a function in Python?,2
665,What is list comprehension?,2
665,What is exception handling?,2
666,What is a variable in Python?,2
666,What is the difference between a List and a Tuple?,2
666,What is a function in Python?,2
666,What is list comprehension?,2
666,What is exception handling?,2
667,What is a variable in Python?,2
667,What is the difference between a List and a Tuple?,2
667,What is a function in Python?,2
667,What is list comprehension?,2
667,What is exception handling?,2
668,What is a variable in Python?,2
668,What is the difference between a List and a Tuple?,2
668,What is a function in Python?,2
668,What is list comprehension?,2
668,What is exception handling?,2
669,What is a variable in Python?,2
669,What is the difference between a List and a Tuple?,2
669,What is a function in Python?,2
669,What is list comprehension?,2
669,What is exception handling?,2
670,What is a variable in Python?,2
670,What is the difference between a List and a Tuple?,2
670,What is a function in Python?,2
670,What is list comprehension?,2
670,What is exception handling?,2
671,What is a variable in Python?,2
671,What is the difference between a List and a Tuple?,2
671,What is a function in Python?,2
671,What is list comprehension?,2
671,What is exception handling?,2
672,What is a variable in Python?,2
672,What is the difference between a List and a Tuple?,2
672,What is a function in Python?,2
672,What is list comprehension?,2
672,What is exception handling?,2
673,What is a variable in Python?,2
673,What is the difference between a List and a Tuple?,2
673,What is a function in Python?,2
673,What is list comprehension?,2
673,What is exception handling?,2
674,What is a variable in Python?,2
674,What is the difference between a List and a Tuple?,2
674,What is a function in Python?,2
674,What is list comprehension?,2
674,What is exception handling?,2
675,What is a variable in Python?,2
675,What is the difference between a List and a Tuple?,2
675,What is a function in Python?,2
675,What is list comprehension?,2
675,What is exception handling?,2
676,What is a variable in Python?,2
676,What is the difference between a List and a Tuple?,2
676,What is a function in Python?,2
676,What is list comprehension?,2
676,What is exception handling?,2
677,What is a variable in Python?,2
677,What is the difference between a List and a Tuple?,2
677,What is a function in Python?,2
677,What is list comprehension?,2
677,What is exception handling?,2
678,What is a variable in Python?,2
678,What is the difference between a List and a Tuple?,2
678,What is a function in Python?,2
678,What is list comprehension?,2
678,What is exception handling?,2
679,What is a variable in Python?,2
679,What is the difference between a List and a Tuple?,2
679,What is a function in Python?,2
679,What is list comprehension?,2
679,What is exception handling?,2
680,What is a variable in Python?,2
680,What is the difference between a List and a Tuple?,2
680,What is a function in Python?,2
680,What is list comprehension?,2
680,What is exception handling?,2
681,What is a variable in Python?,2
681,What is the difference between a List and a Tuple?,2
681,What is a function in Python?,2
681,What is list comprehension?,2
681,What is exception handling?,2
682,What is a variable in Python?,2
682,What is the difference between a List and a Tuple?,2
682,What is a function in Python?,2
682,What is list comprehension?,2
682,What is exception handling?,2
683,What is a variable in Python?,2
683,What is the difference between a List and a Tuple?,2
683,What is a function in Python?,2
683,What is list comprehension?,2
683,What is exception handling?,2
684,What is a variable in Python?,2
684,What is the difference between a List and a Tuple?,2
684,What is a function in Python?,2
684,What is list comprehension?,2
684,What is exception handling?,2
685,What is a variable in Python?,2
685,What is the difference between a List and a Tuple?,2
685,What is a function in Python?,2
685,What is list comprehension?,2
685,What is exception handling?,2
686,What is a variable in Python?,2
686,What is the difference between a List and a Tuple?,2
686,What is a function in Python?,2
686,What is list comprehension?,2
686,What is exception handling?,2
687,What is a variable in Python?,2
687,What is the difference between a List and a Tuple?,2
687,What is a function in Python?,2
687,What is list comprehension?,2
687,What is exception handling?,2
688,What is a variable in Python?,2
688,What is the difference between a List and a Tuple?,2
688,What is a function in Python?,2
688,What is list comprehension?,2
688,What is exception handling?,2
689,What is a variable in Python?,2
689,What is the difference between a List and a Tuple?,2
689,What is a function in Python?,2
689,What is list comprehension?,2
689,What is exception handling?,2
690,What is a variable in Python?,2
690,What is the difference between a List and a Tuple?,2
690,What is a function in Python?,2
690,What is list comprehension?,2
690,What is exception handling?,2
691,What is a variable in Python?,2
691,What is the difference between a List and a Tuple?,2
691,What is a function in Python?,2
691,What is list comprehension?,2
691,What is exception handling?,2
692,What is a variable in Python?,2
692,What is the difference between a List and a Tuple?,2
692,What is a function in Python?,2
692,What is list comprehension?,2
692,What is exception handling?,2
693,What is a variable in Python?,2
693,What is the difference between a List and a Tuple?,2
693,What is a function in Python?,2
693,What is list comprehension?,2
693,What is exception handling?,2
694,What is a variable in Python?,2
694,What is the difference between a List and a Tuple?,2
694,What is a function in Python?,2
694,What is list comprehension?,2
694,What is exception handling?,2
695,What is a variable in Python?,2
695,What is the difference between a List and a Tuple?,2
695,What is a function in Python?,2
695,What is list comprehension?,2
695,What is exception handling?,2
696,What is a variable in Python?,2
696,What is the difference between a List and a Tuple?,2
696,What is a function in Python?,2
696,What is list comprehension?,2
696,What is exception handling?,2
697,What is a variable in Python?,2
697,What is the difference between a List and a Tuple?,2
697,What is a function in Python?,2
697,What is list comprehension?,2
697,What is exception handling?,2
698,What is a variable in Python?,2
698,What is the difference between a List and a Tuple?,2
698,What is a function in Python?,2
698,What is list comprehension?,2
698,What is exception handling?,2
699,What is a variable in Python?,2
699,What is the difference between a List and a Tuple?,2
699,What is a function in Python?,2
699,What is list comprehension?,2
699,What is exception handling?,2
700,What is a variable in Python?,2
700,What is the difference between a List and a Tuple?,2
700,What is a function in Python?,2
700,What is list comprehension?,2
700,What is exception handling?,2
701,What is the purpose of the WHERE clause?,2
701,Explain INNER JOIN.,2
701,What is GROUP BY used for?,2
701,What is a PRIMARY KEY?,2
701,What is normalization?,2
702,What is the purpose of the WHERE clause?,2
702,Explain INNER JOIN.,2
702,What is GROUP BY used for?,2
702,What is a PRIMARY KEY?,2
702,What is normalization?,2
703,What is the purpose of the WHERE clause?,2
703,Explain INNER JOIN.,2
703,What is GROUP BY used for?,2
703,What is a PRIMARY KEY?,2
703,What is normalization?,2
704,What is the purpose of the WHERE clause?,2
704,Explain INNER JOIN.,2
704,What is GROUP BY used for?,2
704,What is a PRIMARY KEY?,2
704,What is normalization?,2
705,What is the purpose of the WHERE clause?,2
705,Explain INNER JOIN.,2
705,What is GROUP BY used for?,2
705,What is a PRIMARY KEY?,2
705,What is normalization?,2
706,What is the purpose of the WHERE clause?,2
706,Explain INNER JOIN.,2
706,What is GROUP BY used for?,2
706,What is a PRIMARY KEY?,2
706,What is normalization?,2
707,What is the purpose of the WHERE clause?,2
707,Explain INNER JOIN.,2
707,What is GROUP BY used for?,2
707,What is a PRIMARY KEY?,2
707,What is normalization?,2
708,What is the purpose of the WHERE clause?,2
708,Explain INNER JOIN.,2
708,What is GROUP BY used for?,2
708,What is a PRIMARY KEY?,2
708,What is normalization?,2
709,What is the purpose of the WHERE clause?,2
709,Explain INNER JOIN.,2
709,What is GROUP BY used for?,2
709,What is a PRIMARY KEY?,2
709,What is normalization?,2
710,What is the purpose of the WHERE clause?,2
710,Explain INNER JOIN.,2
710,What is GROUP BY used for?,2
710,What is a PRIMARY KEY?,2
710,What is normalization?,2
711,What is the purpose of the WHERE clause?,2
711,Explain INNER JOIN.,2
711,What is GROUP BY used for?,2
711,What is a PRIMARY KEY?,2
711,What is normalization?,2
712,What is the purpose of the WHERE clause?,2
712,Explain INNER JOIN.,2
712,What is GROUP BY used for?,2
712,What is a PRIMARY KEY?,2
712,What is normalization?,2
713,What is the purpose of the WHERE clause?,2
713,Explain INNER JOIN.,2
713,What is GROUP BY used for?,2
713,What is a PRIMARY KEY?,2
713,What is normalization?,2
714,What is the purpose of the WHERE clause?,2
714,Explain INNER JOIN.,2
714,What is GROUP BY used for?,2
714,What is a PRIMARY KEY?,2
714,What is normalization?,2
715,What is the purpose of the WHERE clause?,2
715,Explain INNER JOIN.,2
715,What is GROUP BY used for?,2
715,What is a PRIMARY KEY?,2
715,What is normalization?,2
716,What is the purpose of the WHERE clause?,2
716,Explain INNER JOIN.,2
716,What is GROUP BY used for?,2
716,What is a PRIMARY KEY?,2
716,What is normalization?,2
717,What is the purpose of the WHERE clause?,2
717,Explain INNER JOIN.,2
717,What is GROUP BY used for?,2
717,What is a PRIMARY KEY?,2
717,What is normalization?,2
718,What is the purpose of the WHERE clause?,2
718,Explain INNER JOIN.,2
718,What is GROUP BY used for?,2
718,What is a PRIMARY KEY?,2
718,What is normalization?,2
719,What is the purpose of the WHERE clause?,2
719,Explain INNER JOIN.,2
719,What is GROUP BY used for?,2
719,What is a PRIMARY KEY?,2
719,What is normalization?,2
720,What is the purpose of the WHERE clause?,2
720,Explain INNER JOIN.,2
720,What is GROUP BY used for?,2
720,What is a PRIMARY KEY?,2
720,What is normalization?,2
721,What is the purpose of the WHERE clause?,2
721,Explain INNER JOIN.,2
721,What is GROUP BY used for?,2
721,What is a PRIMARY KEY?,2
721,What is normalization?,2
722,What is the purpose of the WHERE clause?,2
722,Explain INNER JOIN.,2
722,What is GROUP BY used for?,2
722,What is a PRIMARY KEY?,2
722,What is normalization?,2
723,What is the purpose of the WHERE clause?,2
723,Explain INNER JOIN.,2
723,What is GROUP BY used for?,2
723,What is a PRIMARY KEY?,2
723,What is normalization?,2
724,What is the purpose of the WHERE clause?,2
724,Explain INNER JOIN.,2
724,What is GROUP BY used for?,2
724,What is a PRIMARY KEY?,2
724,What is normalization?,2
725,What is the purpose of the WHERE clause?,2
725,Explain INNER JOIN.,2
725,What is GROUP BY used for?,2
725,What is a PRIMARY KEY?,2
725,What is normalization?,2
726,What is the purpose of the WHERE clause?,2
726,Explain INNER JOIN.,2
726,What is GROUP BY used for?,2
726,What is a PRIMARY KEY?,2
726,What is normalization?,2
727,What is the purpose of the WHERE clause?,2
727,Explain INNER JOIN.,2
727,What is GROUP BY used for?,2
727,What is a PRIMARY KEY?,2
727,What is normalization?,2
728,What is the purpose of the WHERE clause?,2
728,Explain INNER JOIN.,2
728,What is GROUP BY used for?,2
728,What is a PRIMARY KEY?,2
728,What is normalization?,2
729,What is the purpose of the WHERE clause?,2
729,Explain INNER JOIN.,2
729,What is GROUP BY used for?,2
729,What is a PRIMARY KEY?,2
729,What is normalization?,2
730,What is the purpose of the WHERE clause?,2
730,Explain INNER JOIN.,2
730,What is GROUP BY used for?,2
730,What is a PRIMARY KEY?,2
730,What is normalization?,2
731,What is the purpose of the WHERE clause?,2
731,Explain INNER JOIN.,2
731,What is GROUP BY used for?,2
731,What is a PRIMARY KEY?,2
731,What is normalization?,2
732,What is the purpose of the WHERE clause?,2
732,Explain INNER JOIN.,2
732,What is GROUP BY used for?,2
732,What is a PRIMARY KEY?,2
732,What is normalization?,2
733,What is the purpose of the WHERE clause?,2
733,Explain INNER JOIN.,2
733,What is GROUP BY used for?,2
733,What is a PRIMARY KEY?,2
733,What is normalization?,2
734,What is the purpose of the WHERE clause?,2
734,Explain INNER JOIN.,2
734,What is GROUP BY used for?,2
734,What is a PRIMARY KEY?,2
734,What is normalization?,2
735,What is the purpose of the WHERE clause?,2
735,Explain INNER JOIN.,2
735,What is GROUP BY used for?,2
735,What is a PRIMARY KEY?,2
735,What is normalization?,2
736,What is the purpose of the WHERE clause?,2
736,Explain INNER JOIN.,2
736,What is GROUP BY used for?,2
736,What is a PRIMARY KEY?,2
736,What is normalization?,2
737,What is the purpose of the WHERE clause?,2
737,Explain INNER JOIN.,2
737,What is GROUP BY used for?,2
737,What is a PRIMARY KEY?,2
737,What is normalization?,2
738,What is the purpose of the WHERE clause?,2
738,Explain INNER JOIN.,2
738,What is GROUP BY used for?,2
738,What is a PRIMARY KEY?,2
738,What is normalization?,2
739,What is the purpose of the WHERE clause?,2
739,Explain INNER JOIN.,2
739,What is GROUP BY used for?,2
739,What is a PRIMARY KEY?,2
739,What is normalization?,2
740,What is the purpose of the WHERE clause?,2
740,Explain INNER JOIN.,2
740,What is GROUP BY used for?,2
740,What is a PRIMARY KEY?,2
740,What is normalization?,2
741,What is the purpose of the WHERE clause?,2
741,Explain INNER JOIN.,2
741,What is GROUP BY used for?,2
741,What is a PRIMARY KEY?,2
741,What is normalization?,2
742,What is the purpose of the WHERE clause?,2
742,Explain INNER JOIN.,2
742,What is GROUP BY used for?,2
742,What is a PRIMARY KEY?,2
742,What is normalization?,2
743,What is the purpose of the WHERE clause?,2
743,Explain INNER JOIN.,2
743,What is GROUP BY used for?,2
743,What is a PRIMARY KEY?,2
743,What is normalization?,2
744,What is the purpose of the WHERE clause?,2
744,Explain INNER JOIN.,2
744,What is GROUP BY used for?,2
744,What is a PRIMARY KEY?,2
744,What is normalization?,2
745,What is the purpose of the WHERE clause?,2
745,Explain INNER JOIN.,2
745,What is GROUP BY used for?,2
745,What is a PRIMARY KEY?,2
745,What is normalization?,2
746,What is the purpose of the WHERE clause?,2
746,Explain INNER JOIN.,2
746,What is GROUP BY used for?,2
746,What is a PRIMARY KEY?,2
746,What is normalization?,2
747,What is the purpose of the WHERE clause?,2
747,Explain INNER JOIN.,2
747,What is GROUP BY used for?,2
747,What is a PRIMARY KEY?,2
747,What is normalization?,2
748,What is the purpose of the WHERE clause?,2
748,Explain INNER JOIN.,2
748,What is GROUP BY used for?,2
748,What is a PRIMARY KEY?,2
748,What is normalization?,2
749,What is the purpose of the WHERE clause?,2
749,Explain INNER JOIN.,2
749,What is GROUP BY used for?,2
749,What is a PRIMARY KEY?,2
749,What is normalization?,2
750,What is the purpose of the WHERE clause?,2
750,Explain INNER JOIN.,2
750,What is GROUP BY used for?,2
750,What is a PRIMARY KEY?,2
750,What is normalization?,2
751,What is the purpose of the WHERE clause?,2
751,Explain INNER JOIN.,2
751,What is GROUP BY used for?,2
751,What is a PRIMARY KEY?,2
751,What is normalization?,2
752,What is the purpose of the WHERE clause?,2
752,Explain INNER JOIN.,2
752,What is GROUP BY used for?,2
752,What is a PRIMARY KEY?,2
752,What is normalization?,2
753,What is the purpose of the WHERE clause?,2
753,Explain INNER JOIN.,2
753,What is GROUP BY used for?,2
753,What is a PRIMARY KEY?,2
753,What is normalization?,2
754,What is the purpose of the WHERE clause?,2
754,Explain INNER JOIN.,2
754,What is GROUP BY used for?,2
754,What is a PRIMARY KEY?,2
754,What is normalization?,2
755,What is the purpose of the WHERE clause?,2
755,Explain INNER JOIN.,2
755,What is GROUP BY used for?,2
755,What is a PRIMARY KEY?,2
755,What is normalization?,2
756,What is the purpose of the WHERE clause?,2
756,Explain INNER JOIN.,2
756,What is GROUP BY used for?,2
756,What is a PRIMARY KEY?,2
756,What is normalization?,2
757,What is the purpose of the WHERE clause?,2
757,Explain INNER JOIN.,2
757,What is GROUP BY used for?,2
757,What is a PRIMARY KEY?,2
757,What is normalization?,2
758,What is the purpose of the WHERE clause?,2
758,Explain INNER JOIN.,2
758,What is GROUP BY used for?,2
758,What is a PRIMARY KEY?,2
758,What is normalization?,2
759,What is the purpose of the WHERE clause?,2
759,Explain INNER JOIN.,2
759,What is GROUP BY used for?,2
759,What is a PRIMARY KEY?,2
759,What is normalization?,2
760,What is the purpose of the WHERE clause?,2
760,Explain INNER JOIN.,2
760,What is GROUP BY used for?,2
760,What is a PRIMARY KEY?,2
760,What is normalization?,2
761,What is the purpose of the WHERE clause?,2
761,Explain INNER JOIN.,2
761,What is GROUP BY used for?,2
761,What is a PRIMARY KEY?,2
761,What is normalization?,2
762,What is the purpose of the WHERE clause?,2
762,Explain INNER JOIN.,2
762,What is GROUP BY used for?,2
762,What is a PRIMARY KEY?,2
762,What is normalization?,2
763,What is the purpose of the WHERE clause?,2
763,Explain INNER JOIN.,2
763,What is GROUP BY used for?,2
763,What is a PRIMARY KEY?,2
763,What is normalization?,2
764,What is the purpose of the WHERE clause?,2
764,Explain INNER JOIN.,2
764,What is GROUP BY used for?,2
764,What is a PRIMARY KEY?,2
764,What is normalization?,2
765,What is the purpose of the WHERE clause?,2
765,Explain INNER JOIN.,2
765,What is GROUP BY used for?,2
765,What is a PRIMARY KEY?,2
765,What is normalization?,2
766,What is the purpose of the WHERE clause?,2
766,Explain INNER JOIN.,2
766,What is GROUP BY used for?,2
766,What is a PRIMARY KEY?,2
766,What is normalization?,2
767,What is the purpose of the WHERE clause?,2
767,Explain INNER JOIN.,2
767,What is GROUP BY used for?,2
767,What is a PRIMARY KEY?,2
767,What is normalization?,2
768,What is the purpose of the WHERE clause?,2
768,Explain INNER JOIN.,2
768,What is GROUP BY used for?,2
768,What is a PRIMARY KEY?,2
768,What is normalization?,2
769,What is the purpose of the WHERE clause?,2
769,Explain INNER JOIN.,2
769,What is GROUP BY used for?,2
769,What is a PRIMARY KEY?,2
769,What is normalization?,2
770,What is the purpose of the WHERE clause?,2
770,Explain INNER JOIN.,2
770,What is GROUP BY used for?,2
770,What is a PRIMARY KEY?,2
770,What is normalization?,2
771,What is the purpose of the WHERE clause?,2
771,Explain INNER JOIN.,2
771,What is GROUP BY used for?,2
771,What is a PRIMARY KEY?,2
771,What is normalization?,2
772,What is the purpose of the WHERE clause?,2
772,Explain INNER JOIN.,2
772,What is GROUP BY used for?,2
772,What is a PRIMARY KEY?,2
772,What is normalization?,2
773,What is the purpose of the WHERE clause?,2
773,Explain INNER JOIN.,2
773,What is GROUP BY used for?,2
773,What is a PRIMARY KEY?,2
773,What is normalization?,2
774,What is the purpose of the WHERE clause?,2
774,Explain INNER JOIN.,2
774,What is GROUP BY used for?,2
774,What is a PRIMARY KEY?,2
774,What is normalization?,2
775,What is the purpose of the WHERE clause?,2
775,Explain INNER JOIN.,2
775,What is GROUP BY used for?,2
775,What is a PRIMARY KEY?,2
775,What is normalization?,2
776,What is the purpose of the WHERE clause?,2
776,Explain INNER JOIN.,2
776,What is GROUP BY used for?,2
776,What is a PRIMARY KEY?,2
776,What is normalization?,2
777,What is the purpose of the WHERE clause?,2
777,Explain INNER JOIN.,2
777,What is GROUP BY used for?,2
777,What is a PRIMARY KEY?,2
777,What is normalization?,2
778,What is the purpose of the WHERE clause?,2
778,Explain INNER JOIN.,2
778,What is GROUP BY used for?,2
778,What is a PRIMARY KEY?,2
778,What is normalization?,2
779,What is the purpose of the WHERE clause?,2
779,Explain INNER JOIN.,2
779,What is GROUP BY used for?,2
779,What is a PRIMARY KEY?,2
779,What is normalization?,2
780,What is the purpose of the WHERE clause?,2
780,Explain INNER JOIN.,2
780,What is GROUP BY used for?,2
780,What is a PRIMARY KEY?,2
780,What is normalization?,2
781,What is the purpose of the WHERE clause?,2
781,Explain INNER JOIN.,2
781,What is GROUP BY used for?,2
781,What is a PRIMARY KEY?,2
781,What is normalization?,2
782,What is the purpose of the WHERE clause?,2
782,Explain INNER JOIN.,2
782,What is GROUP BY used for?,2
782,What is a PRIMARY KEY?,2
782,What is normalization?,2
783,What is the purpose of the WHERE clause?,2
783,Explain INNER JOIN.,2
783,What is GROUP BY used for?,2
783,What is a PRIMARY KEY?,2
783,What is normalization?,2
784,What is the purpose of the WHERE clause?,2
784,Explain INNER JOIN.,2
784,What is GROUP BY used for?,2
784,What is a PRIMARY KEY?,2
784,What is normalization?,2
785,What is the purpose of the WHERE clause?,2
785,Explain INNER JOIN.,2
785,What is GROUP BY used for?,2
785,What is a PRIMARY KEY?,2
785,What is normalization?,2
786,What is the purpose of the WHERE clause?,2
786,Explain INNER JOIN.,2
786,What is GROUP BY used for?,2
786,What is a PRIMARY KEY?,2
786,What is normalization?,2
787,What is the purpose of the WHERE clause?,2
787,Explain INNER JOIN.,2
787,What is GROUP BY used for?,2
787,What is a PRIMARY KEY?,2
787,What is normalization?,2
788,What is the purpose of the WHERE clause?,2
788,Explain INNER JOIN.,2
788,What is GROUP BY used for?,2
788,What is a PRIMARY KEY?,2
788,What is normalization?,2
789,What is the purpose of the WHERE clause?,2
789,Explain INNER JOIN.,2
789,What is GROUP BY used for?,2
789,What is a PRIMARY KEY?,2
789,What is normalization?,2
790,What is the purpose of the WHERE clause?,2
790,Explain INNER JOIN.,2
790,What is GROUP BY used for?,2
790,What is a PRIMARY KEY?,2
790,What is normalization?,2
791,What is the purpose of the WHERE clause?,2
791,Explain INNER JOIN.,2
791,What is GROUP BY used for?,2
791,What is a PRIMARY KEY?,2
791,What is normalization?,2
792,What is the purpose of the WHERE clause?,2
792,Explain INNER JOIN.,2
792,What is GROUP BY used for?,2
792,What is a PRIMARY KEY?,2
792,What is normalization?,2
793,What is the purpose of the WHERE clause?,2
793,Explain INNER JOIN.,2
793,What is GROUP BY used for?,2
793,What is a PRIMARY KEY?,2
793,What is normalization?,2
794,What is the purpose of the WHERE clause?,2
794,Explain INNER JOIN.,2
794,What is GROUP BY used for?,2
794,What is a PRIMARY KEY?,2
794,What is normalization?,2
795,What is the purpose of the WHERE clause?,2
795,Explain INNER JOIN.,2
795,What is GROUP BY used for?,2
795,What is a PRIMARY KEY?,2
795,What is normalization?,2
796,What is the purpose of the WHERE clause?,2
796,Explain INNER JOIN.,2
796,What is GROUP BY used for?,2
796,What is a PRIMARY KEY?,2
796,What is normalization?,2
797,What is the purpose of the WHERE clause?,2
797,Explain INNER JOIN.,2
797,What is GROUP BY used for?,2
797,What is a PRIMARY KEY?,2
797,What is normalization?,2
798,What is the purpose of the WHERE clause?,2
798,Explain INNER JOIN.,2
798,What is GROUP BY used for?,2
798,What is a PRIMARY KEY?,2
798,What is normalization?,2
799,What is the purpose of the WHERE clause?,2
799,Explain INNER JOIN.,2
799,What is GROUP BY used for?,2
799,What is a PRIMARY KEY?,2
799,What is normalization?,2
800,What is the purpose of the WHERE clause?,2
800,Explain INNER JOIN.,2
800,What is GROUP BY used for?,2
800,What is a PRIMARY KEY?,2
800,What is normalization?,2
801,What is the purpose of the WHERE clause?,2
801,Explain INNER JOIN.,2
801,What is GROUP BY used for?,2
801,What is a PRIMARY KEY?,2
801,What is normalization?,2
802,What is the purpose of the WHERE clause?,2
802,Explain INNER JOIN.,2
802,What is GROUP BY used for?,2
802,What is a PRIMARY KEY?,2
802,What is normalization?,2
803,What is the purpose of the WHERE clause?,2
803,Explain INNER JOIN.,2
803,What is GROUP BY used for?,2
803,What is a PRIMARY KEY?,2
803,What is normalization?,2
804,What is the purpose of the WHERE clause?,2
804,Explain INNER JOIN.,2
804,What is GROUP BY used for?,2
804,What is a PRIMARY KEY?,2
804,What is normalization?,2
805,What is the purpose of the WHERE clause?,2
805,Explain INNER JOIN.,2
805,What is GROUP BY used for?,2
805,What is a PRIMARY KEY?,2
805,What is normalization?,2
806,What is the purpose of the WHERE clause?,2
806,Explain INNER JOIN.,2
806,What is GROUP BY used for?,2
806,What is a PRIMARY KEY?,2
806,What is normalization?,2
807,What is the purpose of the WHERE clause?,2
807,Explain INNER JOIN.,2
807,What is GROUP BY used for?,2
807,What is a PRIMARY KEY?,2
807,What is normalization?,2
808,What is the purpose of the WHERE clause?,2
808,Explain INNER JOIN.,2
808,What is GROUP BY used for?,2
808,What is a PRIMARY KEY?,2
808,What is normalization?,2
809,What is the purpose of the WHERE clause?,2
809,Explain INNER JOIN.,2
809,What is GROUP BY used for?,2
809,What is a PRIMARY KEY?,2
809,What is normalization?,2
810,What is the purpose of the WHERE clause?,2
810,Explain INNER JOIN.,2
810,What is GROUP BY used for?,2
810,What is a PRIMARY KEY?,2
810,What is normalization?,2
811,What is the purpose of the WHERE clause?,2
811,Explain INNER JOIN.,2
811,What is GROUP BY used for?,2
811,What is a PRIMARY KEY?,2
811,What is normalization?,2
812,What is the purpose of the WHERE clause?,2
812,Explain INNER JOIN.,2
812,What is GROUP BY used for?,2
812,What is a PRIMARY KEY?,2
812,What is normalization?,2
813,What is the purpose of the WHERE clause?,2
813,Explain INNER JOIN.,2
813,What is GROUP BY used for?,2
813,What is a PRIMARY KEY?,2
813,What is normalization?,2
814,What is the purpose of the WHERE clause?,2
814,Explain INNER JOIN.,2
814,What is GROUP BY used for?,2
814,What is a PRIMARY KEY?,2
814,What is normalization?,2
815,What is the purpose of the WHERE clause?,2
815,Explain INNER JOIN.,2
815,What is GROUP BY used for?,2
815,What is a PRIMARY KEY?,2
815,What is normalization?,2
816,What is the purpose of the WHERE clause?,2
816,Explain INNER JOIN.,2
816,What is GROUP BY used for?,2
816,What is a PRIMARY KEY?,2
816,What is normalization?,2
817,What is the purpose of the WHERE clause?,2
817,Explain INNER JOIN.,2
817,What is GROUP BY used for?,2
817,What is a PRIMARY KEY?,2
817,What is normalization?,2
818,What is the purpose of the WHERE clause?,2
818,Explain INNER JOIN.,2
818,What is GROUP BY used for?,2
818,What is a PRIMARY KEY?,2
818,What is normalization?,2
819,What is the purpose of the WHERE clause?,2
819,Explain INNER JOIN.,2
819,What is GROUP BY used for?,2
819,What is a PRIMARY KEY?,2
819,What is normalization?,2
820,What is the purpose of the WHERE clause?,2
820,Explain INNER JOIN.,2
820,What is GROUP BY used for?,2
820,What is a PRIMARY KEY?,2
820,What is normalization?,2
821,What is the purpose of the WHERE clause?,2
821,Explain INNER JOIN.,2
821,What is GROUP BY used for?,2
821,What is a PRIMARY KEY?,2
821,What is normalization?,2
822,What is the purpose of the WHERE clause?,2
822,Explain INNER JOIN.,2
822,What is GROUP BY used for?,2
822,What is a PRIMARY KEY?,2
822,What is normalization?,2
823,What is the purpose of the WHERE clause?,2
823,Explain INNER JOIN.,2
823,What is GROUP BY used for?,2
823,What is a PRIMARY KEY?,2
823,What is normalization?,2
824,What is the purpose of the WHERE clause?,2
824,Explain INNER JOIN.,2
824,What is GROUP BY used for?,2
824,What is a PRIMARY KEY?,2
824,What is normalization?,2
825,What is the purpose of the WHERE clause?,2
825,Explain INNER JOIN.,2
825,What is GROUP BY used for?,2
825,What is a PRIMARY KEY?,2
825,What is normalization?,2
826,What is the purpose of the WHERE clause?,2
826,Explain INNER JOIN.,2
826,What is GROUP BY used for?,2
826,What is a PRIMARY KEY?,2
826,What is normalization?,2
827,What is the purpose of the WHERE clause?,2
827,Explain INNER JOIN.,2
827,What is GROUP BY used for?,2
827,What is a PRIMARY KEY?,2
827,What is normalization?,2
828,What is the purpose of the WHERE clause?,2
828,Explain INNER JOIN.,2
828,What is GROUP BY used for?,2
828,What is a PRIMARY KEY?,2
828,What is normalization?,2
829,What is the purpose of the WHERE clause?,2
829,Explain INNER JOIN.,2
829,What is GROUP BY used for?,2
829,What is a PRIMARY KEY?,2
829,What is normalization?,2
830,What is the purpose of the WHERE clause?,2
830,Explain INNER JOIN.,2
830,What is GROUP BY used for?,2
830,What is a PRIMARY KEY?,2
830,What is normalization?,2
831,What is the purpose of the WHERE clause?,2
831,Explain INNER JOIN.,2
831,What is GROUP BY used for?,2
831,What is a PRIMARY KEY?,2
831,What is normalization?,2
832,What is the purpose of the WHERE clause?,2
832,Explain INNER JOIN.,2
832,What is GROUP BY used for?,2
832,What is a PRIMARY KEY?,2
832,What is normalization?,2
833,What is the purpose of the WHERE clause?,2
833,Explain INNER JOIN.,2
833,What is GROUP BY used for?,2
833,What is a PRIMARY KEY?,2
833,What is normalization?,2
834,What is the purpose of the WHERE clause?,2
834,Explain INNER JOIN.,2
834,What is GROUP BY used for?,2
834,What is a PRIMARY KEY?,2
834,What is normalization?,2
835,What is the purpose of the WHERE clause?,2
835,Explain INNER JOIN.,2
835,What is GROUP BY used for?,2
835,What is a PRIMARY KEY?,2
835,What is normalization?,2
836,What is the purpose of the WHERE clause?,2
836,Explain INNER JOIN.,2
836,What is GROUP BY used for?,2
836,What is a PRIMARY KEY?,2
836,What is normalization?,2
837,What is the purpose of the WHERE clause?,2
837,Explain INNER JOIN.,2
837,What is GROUP BY used for?,2
837,What is a PRIMARY KEY?,2
837,What is normalization?,2
838,What is the purpose of the WHERE clause?,2
838,Explain INNER JOIN.,2
838,What is GROUP BY used for?,2
838,What is a PRIMARY KEY?,2
838,What is normalization?,2
839,What is the purpose of the WHERE clause?,2
839,Explain INNER JOIN.,2
839,What is GROUP BY used for?,2
839,What is a PRIMARY KEY?,2
839,What is normalization?,2
840,What is the purpose of the WHERE clause?,2
840,Explain INNER JOIN.,2
840,What is GROUP BY used for?,2
840,What is a PRIMARY KEY?,2
840,What is normalization?,2
841,What is the purpose of the WHERE clause?,2
841,Explain INNER JOIN.,2
841,What is GROUP BY used for?,2
841,What is a PRIMARY KEY?,2
841,What is normalization?,2
842,What is the purpose of the WHERE clause?,2
842,Explain INNER JOIN.,2
842,What is GROUP BY used for?,2
842,What is a PRIMARY KEY?,2
842,What is normalization?,2
843,What is the purpose of the WHERE clause?,2
843,Explain INNER JOIN.,2
843,What is GROUP BY used for?,2
843,What is a PRIMARY KEY?,2
843,What is normalization?,2
844,What is the purpose of the WHERE clause?,2
844,Explain INNER JOIN.,2
844,What is GROUP BY used for?,2
844,What is a PRIMARY KEY?,2
844,What is normalization?,2
845,What is the purpose of the WHERE clause?,2
845,Explain INNER JOIN.,2
845,What is GROUP BY used for?,2
845,What is a PRIMARY KEY?,2
845,What is normalization?,2
846,What is the purpose of the WHERE clause?,2
846,Explain INNER JOIN.,2
846,What is GROUP BY used for?,2
846,What is a PRIMARY KEY?,2
846,What is normalization?,2
847,What is the purpose of the WHERE clause?,2
847,Explain INNER JOIN.,2
847,What is GROUP BY used for?,2
847,What is a PRIMARY KEY?,2
847,What is normalization?,2
848,What is the purpose of the WHERE clause?,2
848,Explain INNER JOIN.,2
848,What is GROUP BY used for?,2
848,What is a PRIMARY KEY?,2
848,What is normalization?,2
849,What is the purpose of the WHERE clause?,2
849,Explain INNER JOIN.,2
849,What is GROUP BY used for?,2
849,What is a PRIMARY KEY?,2
849,What is normalization?,2
850,What is the purpose of the WHERE clause?,2
850,Explain INNER JOIN.,2
850,What is GROUP BY used for?,2
850,What is a PRIMARY KEY?,2
850,What is normalization?,2
851,What is the purpose of the WHERE clause?,2
851,Explain INNER JOIN.,2
851,What is GROUP BY used for?,2
851,What is a PRIMARY KEY?,2
851,What is normalization?,2
852,What is the purpose of the WHERE clause?,2
852,Explain INNER JOIN.,2
852,What is GROUP BY used for?,2
852,What is a PRIMARY KEY?,2
852,What is normalization?,2
853,What is the purpose of the WHERE clause?,2
853,Explain INNER JOIN.,2
853,What is GROUP BY used for?,2
853,What is a PRIMARY KEY?,2
853,What is normalization?,2
854,What is the purpose of the WHERE clause?,2
854,Explain INNER JOIN.,2
854,What is GROUP BY used for?,2
854,What is a PRIMARY KEY?,2
854,What is normalization?,2
855,What is the purpose of the WHERE clause?,2
855,Explain INNER JOIN.,2
855,What is GROUP BY used for?,2
855,What is a PRIMARY KEY?,2
855,What is normalization?,2
856,What is the purpose of the WHERE clause?,2
856,Explain INNER JOIN.,2
856,What is GROUP BY used for?,2
856,What is a PRIMARY KEY?,2
856,What is normalization?,2
857,What is the purpose of the WHERE clause?,2
857,Explain INNER JOIN.,2
857,What is GROUP BY used for?,2
857,What is a PRIMARY KEY?,2
857,What is normalization?,2
858,What is the purpose of the WHERE clause?,2
858,Explain INNER JOIN.,2
858,What is GROUP BY used for?,2
858,What is a PRIMARY KEY?,2
858,What is normalization?,2
859,What is the purpose of the WHERE clause?,2
859,Explain INNER JOIN.,2
859,What is GROUP BY used for?,2
859,What is a PRIMARY KEY?,2
859,What is normalization?,2
860,What is the purpose of the WHERE clause?,2
860,Explain INNER JOIN.,2
860,What is GROUP BY used for?,2
860,What is a PRIMARY KEY?,2
860,What is normalization?,2
861,What is the purpose of the WHERE clause?,2
861,Explain INNER JOIN.,2
861,What is GROUP BY used for?,2
861,What is a PRIMARY KEY?,2
861,What is normalization?,2
862,What is the purpose of the WHERE clause?,2
862,Explain INNER JOIN.,2
862,What is GROUP BY used for?,2
862,What is a PRIMARY KEY?,2
862,What is normalization?,2
863,What is the purpose of the WHERE clause?,2
863,Explain INNER JOIN.,2
863,What is GROUP BY used for?,2
863,What is a PRIMARY KEY?,2
863,What is normalization?,2
864,What is the purpose of the WHERE clause?,2
864,Explain INNER JOIN.,2
864,What is GROUP BY used for?,2
864,What is a PRIMARY KEY?,2
864,What is normalization?,2
865,What is the purpose of the WHERE clause?,2
865,Explain INNER JOIN.,2
865,What is GROUP BY used for?,2
865,What is a PRIMARY KEY?,2
865,What is normalization?,2
866,What is the purpose of the WHERE clause?,2
866,Explain INNER JOIN.,2
866,What is GROUP BY used for?,2
866,What is a PRIMARY KEY?,2
866,What is normalization?,2
867,What is the purpose of the WHERE clause?,2
867,Explain INNER JOIN.,2
867,What is GROUP BY used for?,2
867,What is a PRIMARY KEY?,2
867,What is normalization?,2
868,What is the purpose of the WHERE clause?,2
868,Explain INNER JOIN.,2
868,What is GROUP BY used for?,2
868,What is a PRIMARY KEY?,2
868,What is normalization?,2
869,What is the purpose of the WHERE clause?,2
869,Explain INNER JOIN.,2
869,What is GROUP BY used for?,2
869,What is a PRIMARY KEY?,2
869,What is normalization?,2
870,What is the purpose of the WHERE clause?,2
870,Explain INNER JOIN.,2
870,What is GROUP BY used for?,2
870,What is a PRIMARY KEY?,2
870,What is normalization?,2
871,What is the purpose of the WHERE clause?,2
871,Explain INNER JOIN.,2
871,What is GROUP BY used for?,2
871,What is a PRIMARY KEY?,2
871,What is normalization?,2
872,What is the purpose of the WHERE clause?,2
872,Explain INNER JOIN.,2
872,What is GROUP BY used for?,2
872,What is a PRIMARY KEY?,2
872,What is normalization?,2
873,What is the purpose of the WHERE clause?,2
873,Explain INNER JOIN.,2
873,What is GROUP BY used for?,2
873,What is a PRIMARY KEY?,2
873,What is normalization?,2
874,What is the purpose of the WHERE clause?,2
874,Explain INNER JOIN.,2
874,What is GROUP BY used for?,2
874,What is a PRIMARY KEY?,2
874,What is normalization?,2
875,What is the purpose of the WHERE clause?,2
875,Explain INNER JOIN.,2
875,What is GROUP BY used for?,2
875,What is a PRIMARY KEY?,2
875,What is normalization?,2
876,What is the purpose of the WHERE clause?,2
876,Explain INNER JOIN.,2
876,What is GROUP BY used for?,2
876,What is a PRIMARY KEY?,2
876,What is normalization?,2
877,What is the purpose of the WHERE clause?,2
877,Explain INNER JOIN.,2
877,What is GROUP BY used for?,2
877,What is a PRIMARY KEY?,2
877,What is normalization?,2
878,What is the purpose of the WHERE clause?,2
878,Explain INNER JOIN.,2
878,What is GROUP BY used for?,2
878,What is a PRIMARY KEY?,2
878,What is normalization?,2
879,What is the purpose of the WHERE clause?,2
879,Explain INNER JOIN.,2
879,What is GROUP BY used for?,2
879,What is a PRIMARY KEY?,2
879,What is normalization?,2
880,What is the purpose of the WHERE clause?,2
880,Explain INNER JOIN.,2
880,What is GROUP BY used for?,2
880,What is a PRIMARY KEY?,2
880,What is normalization?,2
881,What is the purpose of the WHERE clause?,2
881,Explain INNER JOIN.,2
881,What is GROUP BY used for?,2
881,What is a PRIMARY KEY?,2
881,What is normalization?,2
882,What is the purpose of the WHERE clause?,2
882,Explain INNER JOIN.,2
882,What is GROUP BY used for?,2
882,What is a PRIMARY KEY?,2
882,What is normalization?,2
883,What is the purpose of the WHERE clause?,2
883,Explain INNER JOIN.,2
883,What is GROUP BY used for?,2
883,What is a PRIMARY KEY?,2
883,What is normalization?,2
884,What is the purpose of the WHERE clause?,2
884,Explain INNER JOIN.,2
884,What is GROUP BY used for?,2
884,What is a PRIMARY KEY?,2
884,What is normalization?,2
885,What is the purpose of the WHERE clause?,2
885,Explain INNER JOIN.,2
885,What is GROUP BY used for?,2
885,What is a PRIMARY KEY?,2
885,What is normalization?,2
886,What is the purpose of the WHERE clause?,2
886,Explain INNER JOIN.,2
886,What is GROUP BY used for?,2
886,What is a PRIMARY KEY?,2
886,What is normalization?,2
887,What is the purpose of the WHERE clause?,2
887,Explain INNER JOIN.,2
887,What is GROUP BY used for?,2
887,What is a PRIMARY KEY?,2
887,What is normalization?,2
888,What is the purpose of the WHERE clause?,2
888,Explain INNER JOIN.,2
888,What is GROUP BY used for?,2
888,What is a PRIMARY KEY?,2
888,What is normalization?,2
889,What is the purpose of the WHERE clause?,2
889,Explain INNER JOIN.,2
889,What is GROUP BY used for?,2
889,What is a PRIMARY KEY?,2
889,What is normalization?,2
890,What is the purpose of the WHERE clause?,2
890,Explain INNER JOIN.,2
890,What is GROUP BY used for?,2
890,What is a PRIMARY KEY?,2
890,What is normalization?,2
891,What is the purpose of the WHERE clause?,2
891,Explain INNER JOIN.,2
891,What is GROUP BY used for?,2
891,What is a PRIMARY KEY?,2
891,What is normalization?,2
892,What is the purpose of the WHERE clause?,2
892,Explain INNER JOIN.,2
892,What is GROUP BY used for?,2
892,What is a PRIMARY KEY?,2
892,What is normalization?,2
893,What is the purpose of the WHERE clause?,2
893,Explain INNER JOIN.,2
893,What is GROUP BY used for?,2
893,What is a PRIMARY KEY?,2
893,What is normalization?,2
894,What is the purpose of the WHERE clause?,2
894,Explain INNER JOIN.,2
894,What is GROUP BY used for?,2
894,What is a PRIMARY KEY?,2
894,What is normalization?,2
895,What is the purpose of the WHERE clause?,2
895,Explain INNER JOIN.,2
895,What is GROUP BY used for?,2
895,What is a PRIMARY KEY?,2
895,What is normalization?,2
896,What is the purpose of the WHERE clause?,2
896,Explain INNER JOIN.,2
896,What is GROUP BY used for?,2
896,What is a PRIMARY KEY?,2
896,What is normalization?,2
897,What is the purpose of the WHERE clause?,2
897,Explain INNER JOIN.,2
897,What is GROUP BY used for?,2
897,What is a PRIMARY KEY?,2
897,What is normalization?,2
898,What is the purpose of the WHERE clause?,2
898,Explain INNER JOIN.,2
898,What is GROUP BY used for?,2
898,What is a PRIMARY KEY?,2
898,What is normalization?,2
899,What is the purpose of the WHERE clause?,2
899,Explain INNER JOIN.,2
899,What is GROUP BY used for?,2
899,What is a PRIMARY KEY?,2
899,What is normalization?,2
900,What is the purpose of the WHERE clause?,2
900,Explain INNER JOIN.,2
900,What is GROUP BY used for?,2
900,What is a PRIMARY KEY?,2
900,What is normalization?,2
901,What is the purpose of the WHERE clause?,2
901,Explain INNER JOIN.,2
901,What is GROUP BY used for?,2
901,What is a PRIMARY KEY?,2
901,What is normalization?,2
902,What is the purpose of the WHERE clause?,2
902,Explain INNER JOIN.,2
902,What is GROUP BY used for?,2
902,What is a PRIMARY KEY?,2
902,What is normalization?,2
903,What is the purpose of the WHERE clause?,2
903,Explain INNER JOIN.,2
903,What is GROUP BY used for?,2
903,What is a PRIMARY KEY?,2
903,What is normalization?,2
904,What is the purpose of the WHERE clause?,2
904,Explain INNER JOIN.,2
904,What is GROUP BY used for?,2
904,What is a PRIMARY KEY?,2
904,What is normalization?,2
905,What is the purpose of the WHERE clause?,2
905,Explain INNER JOIN.,2
905,What is GROUP BY used for?,2
905,What is a PRIMARY KEY?,2
905,What is normalization?,2
906,What is the purpose of the WHERE clause?,2
906,Explain INNER JOIN.,2
906,What is GROUP BY used for?,2
906,What is a PRIMARY KEY?,2
906,What is normalization?,2
907,What is the purpose of the WHERE clause?,2
907,Explain INNER JOIN.,2
907,What is GROUP BY used for?,2
907,What is a PRIMARY KEY?,2
907,What is normalization?,2
908,What is the purpose of the WHERE clause?,2
908,Explain INNER JOIN.,2
908,What is GROUP BY used for?,2
908,What is a PRIMARY KEY?,2
908,What is normalization?,2
909,What is the purpose of the WHERE clause?,2
909,Explain INNER JOIN.,2
909,What is GROUP BY used for?,2
909,What is a PRIMARY KEY?,2
909,What is normalization?,2
910,What is the purpose of the WHERE clause?,2
910,Explain INNER JOIN.,2
910,What is GROUP BY used for?,2
910,What is a PRIMARY KEY?,2
910,What is normalization?,2
911,What is the purpose of the WHERE clause?,2
911,Explain INNER JOIN.,2
911,What is GROUP BY used for?,2
911,What is a PRIMARY KEY?,2
911,What is normalization?,2
912,What is the purpose of the WHERE clause?,2
912,Explain INNER JOIN.,2
912,What is GROUP BY used for?,2
912,What is a PRIMARY KEY?,2
912,What is normalization?,2
913,What is the purpose of the WHERE clause?,2
913,Explain INNER JOIN.,2
913,What is GROUP BY used for?,2
913,What is a PRIMARY KEY?,2
913,What is normalization?,2
914,What is the purpose of the WHERE clause?,2
914,Explain INNER JOIN.,2
914,What is GROUP BY used for?,2
914,What is a PRIMARY KEY?,2
914,What is normalization?,2
915,What is the purpose of the WHERE clause?,2
915,Explain INNER JOIN.,2
915,What is GROUP BY used for?,2
915,What is a PRIMARY KEY?,2
915,What is normalization?,2
916,What is the purpose of the WHERE clause?,2
916,Explain INNER JOIN.,2
916,What is GROUP BY used for?,2
916,What is a PRIMARY KEY?,2
916,What is normalization?,2
917,What is the purpose of the WHERE clause?,2
917,Explain INNER JOIN.,2
917,What is GROUP BY used for?,2
917,What is a PRIMARY KEY?,2
917,What is normalization?,2
918,What is the purpose of the WHERE clause?,2
918,Explain INNER JOIN.,2
918,What is GROUP BY used for?,2
918,What is a PRIMARY KEY?,2
918,What is normalization?,2
919,What is the purpose of the WHERE clause?,2
919,Explain INNER JOIN.,2
919,What is GROUP BY used for?,2
919,What is a PRIMARY KEY?,2
919,What is normalization?,2
920,What is the purpose of the WHERE clause?,2
920,Explain INNER JOIN.,2
920,What is GROUP BY used for?,2
920,What is a PRIMARY KEY?,2
920,What is normalization?,2
921,What is the purpose of the WHERE clause?,2
921,Explain INNER JOIN.,2
921,What is GROUP BY used for?,2
921,What is a PRIMARY KEY?,2
921,What is normalization?,2
922,What is the purpose of the WHERE clause?,2
922,Explain INNER JOIN.,2
922,What is GROUP BY used for?,2
922,What is a PRIMARY KEY?,2
922,What is normalization?,2
923,What is the purpose of the WHERE clause?,2
923,Explain INNER JOIN.,2
923,What is GROUP BY used for?,2
923,What is a PRIMARY KEY?,2
923,What is normalization?,2
924,What is the purpose of the WHERE clause?,2
924,Explain INNER JOIN.,2
924,What is GROUP BY used for?,2
924,What is a PRIMARY KEY?,2
924,What is normalization?,2
925,What is the purpose of the WHERE clause?,2
925,Explain INNER JOIN.,2
925,What is GROUP BY used for?,2
925,What is a PRIMARY KEY?,2
925,What is normalization?,2
926,What is the purpose of the WHERE clause?,2
926,Explain INNER JOIN.,2
926,What is GROUP BY used for?,2
926,What is a PRIMARY KEY?,2
926,What is normalization?,2
927,What is the purpose of the WHERE clause?,2
927,Explain INNER JOIN.,2
927,What is GROUP BY used for?,2
927,What is a PRIMARY KEY?,2
927,What is normalization?,2
928,What is the purpose of the WHERE clause?,2
928,Explain INNER JOIN.,2
928,What is GROUP BY used for?,2
928,What is a PRIMARY KEY?,2
928,What is normalization?,2
929,What is the purpose of the WHERE clause?,2
929,Explain INNER JOIN.,2
929,What is GROUP BY used for?,2
929,What is a PRIMARY KEY?,2
929,What is normalization?,2
930,What is the purpose of the WHERE clause?,2
930,Explain INNER JOIN.,2
930,What is GROUP BY used for?,2
930,What is a PRIMARY KEY?,2
930,What is normalization?,2
931,What is the purpose of the WHERE clause?,2
931,Explain INNER JOIN.,2
931,What is GROUP BY used for?,2
931,What is a PRIMARY KEY?,2
931,What is normalization?,2
932,What is the purpose of the WHERE clause?,2
932,Explain INNER JOIN.,2
932,What is GROUP BY used for?,2
932,What is a PRIMARY KEY?,2
932,What is normalization?,2
933,What is the purpose of the WHERE clause?,2
933,Explain INNER JOIN.,2
933,What is GROUP BY used for?,2
933,What is a PRIMARY KEY?,2
933,What is normalization?,2
934,What is the purpose of the WHERE clause?,2
934,Explain INNER JOIN.,2
934,What is GROUP BY used for?,2
934,What is a PRIMARY KEY?,2
934,What is normalization?,2
935,What is the purpose of the WHERE clause?,2
935,Explain INNER JOIN.,2
935,What is GROUP BY used for?,2
935,What is a PRIMARY KEY?,2
935,What is normalization?,2
936,What is the purpose of the WHERE clause?,2
936,Explain INNER JOIN.,2
936,What is GROUP BY used for?,2
936,What is a PRIMARY KEY?,2
936,What is normalization?,2
937,What is the purpose of the WHERE clause?,2
937,Explain INNER JOIN.,2
937,What is GROUP BY used for?,2
937,What is a PRIMARY KEY?,2
937,What is normalization?,2
938,What is the purpose of the WHERE clause?,2
938,Explain INNER JOIN.,2
938,What is GROUP BY used for?,2
938,What is a PRIMARY KEY?,2
938,What is normalization?,2
939,What is the purpose of the WHERE clause?,2
939,Explain INNER JOIN.,2
939,What is GROUP BY used for?,2
939,What is a PRIMARY KEY?,2
939,What is normalization?,2
940,What is the purpose of the WHERE clause?,2
940,Explain INNER JOIN.,2
940,What is GROUP BY used for?,2
940,What is a PRIMARY KEY?,2
940,What is normalization?,2
941,What is the purpose of the WHERE clause?,2
941,Explain INNER JOIN.,2
941,What is GROUP BY used for?,2
941,What is a PRIMARY KEY?,2
941,What is normalization?,2
942,What is the purpose of the WHERE clause?,2
942,Explain INNER JOIN.,2
942,What is GROUP BY used for?,2
942,What is a PRIMARY KEY?,2
942,What is normalization?,2
943,What is the purpose of the WHERE clause?,2
943,Explain INNER JOIN.,2
943,What is GROUP BY used for?,2
943,What is a PRIMARY KEY?,2
943,What is normalization?,2
944,What is the purpose of the WHERE clause?,2
944,Explain INNER JOIN.,2
944,What is GROUP BY used for?,2
944,What is a PRIMARY KEY?,2
944,What is normalization?,2
945,What is the purpose of the WHERE clause?,2
945,Explain INNER JOIN.,2
945,What is GROUP BY used for?,2
945,What is a PRIMARY KEY?,2
945,What is normalization?,2
946,What is the purpose of the WHERE clause?,2
946,Explain INNER JOIN.,2
946,What is GROUP BY used for?,2
946,What is a PRIMARY KEY?,2
946,What is normalization?,2
947,What is the purpose of the WHERE clause?,2
947,Explain INNER JOIN.,2
947,What is GROUP BY used for?,2
947,What is a PRIMARY KEY?,2
947,What is normalization?,2
948,What is the purpose of the WHERE clause?,2
948,Explain INNER JOIN.,2
948,What is GROUP BY used for?,2
948,What is a PRIMARY KEY?,2
948,What is normalization?,2
949,What is the purpose of the WHERE clause?,2
949,Explain INNER JOIN.,2
949,What is GROUP BY used for?,2
949,What is a PRIMARY KEY?,2
949,What is normalization?,2
950,What is the purpose of the WHERE clause?,2
950,Explain INNER JOIN.,2
950,What is GROUP BY used for?,2
950,What is a PRIMARY KEY?,2
950,What is normalization?,2
951,What is the purpose of the WHERE clause?,2
951,Explain INNER JOIN.,2
951,What is GROUP BY used for?,2
951,What is a PRIMARY KEY?,2
951,What is normalization?,2
952,What is the purpose of the WHERE clause?,2
952,Explain INNER JOIN.,2
952,What is GROUP BY used for?,2
952,What is a PRIMARY KEY?,2
952,What is normalization?,2
953,What is the purpose of the WHERE clause?,2
953,Explain INNER JOIN.,2
953,What is GROUP BY used for?,2
953,What is a PRIMARY KEY?,2
953,What is normalization?,2
954,What is the purpose of the WHERE clause?,2
954,Explain INNER JOIN.,2
954,What is GROUP BY used for?,2
954,What is a PRIMARY KEY?,2
954,What is normalization?,2
955,What is the purpose of the WHERE clause?,2
955,Explain INNER JOIN.,2
955,What is GROUP BY used for?,2
955,What is a PRIMARY KEY?,2
955,What is normalization?,2
956,What is the purpose of the WHERE clause?,2
956,Explain INNER JOIN.,2
956,What is GROUP BY used for?,2
956,What is a PRIMARY KEY?,2
956,What is normalization?,2
957,What is the purpose of the WHERE clause?,2
957,Explain INNER JOIN.,2
957,What is GROUP BY used for?,2
957,What is a PRIMARY KEY?,2
957,What is normalization?,2
958,What is the purpose of the WHERE clause?,2
958,Explain INNER JOIN.,2
958,What is GROUP BY used for?,2
958,What is a PRIMARY KEY?,2
958,What is normalization?,2
959,What is the purpose of the WHERE clause?,2
959,Explain INNER JOIN.,2
959,What is GROUP BY used for?,2
959,What is a PRIMARY KEY?,2
959,What is normalization?,2
960,What is the purpose of the WHERE clause?,2
960,Explain INNER JOIN.,2
960,What is GROUP BY used for?,2
960,What is a PRIMARY KEY?,2
960,What is normalization?,2
961,What is the purpose of the WHERE clause?,2
961,Explain INNER JOIN.,2
961,What is GROUP BY used for?,2
961,What is a PRIMARY KEY?,2
961,What is normalization?,2
962,What is the purpose of the WHERE clause?,2
962,Explain INNER JOIN.,2
962,What is GROUP BY used for?,2
962,What is a PRIMARY KEY?,2
962,What is normalization?,2
963,What is the purpose of the WHERE clause?,2
963,Explain INNER JOIN.,2
963,What is GROUP BY used for?,2
963,What is a PRIMARY KEY?,2
963,What is normalization?,2
964,What is the purpose of the WHERE clause?,2
964,Explain INNER JOIN.,2
964,What is GROUP BY used for?,2
964,What is a PRIMARY KEY?,2
964,What is normalization?,2
965,What is the purpose of the WHERE clause?,2
965,Explain INNER JOIN.,2
965,What is GROUP BY used for?,2
965,What is a PRIMARY KEY?,2
965,What is normalization?,2
966,What is the purpose of the WHERE clause?,2
966,Explain INNER JOIN.,2
966,What is GROUP BY used for?,2
966,What is a PRIMARY KEY?,2
966,What is normalization?,2
967,What is the purpose of the WHERE clause?,2
967,Explain INNER JOIN.,2
967,What is GROUP BY used for?,2
967,What is a PRIMARY KEY?,2
967,What is normalization?,2
968,What is the purpose of the WHERE clause?,2
968,Explain INNER JOIN.,2
968,What is GROUP BY used for?,2
968,What is a PRIMARY KEY?,2
968,What is normalization?,2
969,What is the purpose of the WHERE clause?,2
969,Explain INNER JOIN.,2
969,What is GROUP BY used for?,2
969,What is a PRIMARY KEY?,2
969,What is normalization?,2
970,What is the purpose of the WHERE clause?,2
970,Explain INNER JOIN.,2
970,What is GROUP BY used for?,2
970,What is a PRIMARY KEY?,2
970,What is normalization?,2
971,What is the purpose of the WHERE clause?,2
971,Explain INNER JOIN.,2
971,What is GROUP BY used for?,2
971,What is a PRIMARY KEY?,2
971,What is normalization?,2
972,What is the purpose of the WHERE clause?,2
972,Explain INNER JOIN.,2
972,What is GROUP BY used for?,2
972,What is a PRIMARY KEY?,2
972,What is normalization?,2
973,What is the purpose of the WHERE clause?,2
973,Explain INNER JOIN.,2
973,What is GROUP BY used for?,2
973,What is a PRIMARY KEY?,2
973,What is normalization?,2
974,What is the purpose of the WHERE clause?,2
974,Explain INNER JOIN.,2
974,What is GROUP BY used for?,2
974,What is a PRIMARY KEY?,2
974,What is normalization?,2
975,What is the purpose of the WHERE clause?,2
975,Explain INNER JOIN.,2
975,What is GROUP BY used for?,2
975,What is a PRIMARY KEY?,2
975,What is normalization?,2
976,What is the purpose of the WHERE clause?,2
976,Explain INNER JOIN.,2
976,What is GROUP BY used for?,2
976,What is a PRIMARY KEY?,2
976,What is normalization?,2
977,What is the purpose of the WHERE clause?,2
977,Explain INNER JOIN.,2
977,What is GROUP BY used for?,2
977,What is a PRIMARY KEY?,2
977,What is normalization?,2
978,What is the purpose of the WHERE clause?,2
978,Explain INNER JOIN.,2
978,What is GROUP BY used for?,2
978,What is a PRIMARY KEY?,2
978,What is normalization?,2
979,What is the purpose of the WHERE clause?,2
979,Explain INNER JOIN.,2
979,What is GROUP BY used for?,2
979,What is a PRIMARY KEY?,2
979,What is normalization?,2
980,What is the purpose of the WHERE clause?,2
980,Explain INNER JOIN.,2
980,What is GROUP BY used for?,2
980,What is a PRIMARY KEY?,2
980,What is normalization?,2
981,What is the purpose of the WHERE clause?,2
981,Explain INNER JOIN.,2
981,What is GROUP BY used for?,2
981,What is a PRIMARY KEY?,2
981,What is normalization?,2
982,What is the purpose of the WHERE clause?,2
982,Explain INNER JOIN.,2
982,What is GROUP BY used for?,2
982,What is a PRIMARY KEY?,2
982,What is normalization?,2
983,What is the purpose of the WHERE clause?,2
983,Explain INNER JOIN.,2
983,What is GROUP BY used for?,2
983,What is a PRIMARY KEY?,2
983,What is normalization?,2
984,What is the purpose of the WHERE clause?,2
984,Explain INNER JOIN.,2
984,What is GROUP BY used for?,2
984,What is a PRIMARY KEY?,2
984,What is normalization?,2
985,What is the purpose of the WHERE clause?,2
985,Explain INNER JOIN.,2
985,What is GROUP BY used for?,2
985,What is a PRIMARY KEY?,2
985,What is normalization?,2
986,What is the purpose of the WHERE clause?,2
986,Explain INNER JOIN.,2
986,What is GROUP BY used for?,2
986,What is a PRIMARY KEY?,2
986,What is normalization?,2
987,What is the purpose of the WHERE clause?,2
987,Explain INNER JOIN.,2
987,What is GROUP BY used for?,2
987,What is a PRIMARY KEY?,2
987,What is normalization?,2
988,What is the purpose of the WHERE clause?,2
988,Explain INNER JOIN.,2
988,What is GROUP BY used for?,2
988,What is a PRIMARY KEY?,2
988,What is normalization?,2
989,What is the purpose of the WHERE clause?,2
989,Explain INNER JOIN.,2
989,What is GROUP BY used for?,2
989,What is a PRIMARY KEY?,2
989,What is normalization?,2
990,What is the purpose of the WHERE clause?,2
990,Explain INNER JOIN.,2
990,What is GROUP BY used for?,2
990,What is a PRIMARY KEY?,2
990,What is normalization?,2
991,What is the purpose of the WHERE clause?,2
991,Explain INNER JOIN.,2
991,What is GROUP BY used for?,2
991,What is a PRIMARY KEY?,2
991,What is normalization?,2
992,What is the purpose of the WHERE clause?,2
992,Explain INNER JOIN.,2
992,What is GROUP BY used for?,2
992,What is a PRIMARY KEY?,2
992,What is normalization?,2
993,What is the purpose of the WHERE clause?,2
993,Explain INNER JOIN.,2
993,What is GROUP BY used for?,2
993,What is a PRIMARY KEY?,2
993,What is normalization?,2
994,What is the purpose of the WHERE clause?,2
994,Explain INNER JOIN.,2
994,What is GROUP BY used for?,2
994,What is a PRIMARY KEY?,2
994,What is normalization?,2
995,What is the purpose of the WHERE clause?,2
995,Explain INNER JOIN.,2
995,What is GROUP BY used for?,2
995,What is a PRIMARY KEY?,2
995,What is normalization?,2
996,What is the purpose of the WHERE clause?,2
996,Explain INNER JOIN.,2
996,What is GROUP BY used for?,2
996,What is a PRIMARY KEY?,2
996,What is normalization?,2
997,What is the purpose of the WHERE clause?,2
997,Explain INNER JOIN.,2
997,What is GROUP BY used for?,2
997,What is a PRIMARY KEY?,2
997,What is normalization?,2
998,What is the purpose of the WHERE clause?,2
998,Explain INNER JOIN.,2
998,What is GROUP BY used for?,2
998,What is a PRIMARY KEY?,2
998,What is normalization?,2
999,What is the purpose of the WHERE clause?,2
999,Explain INNER JOIN.,2
999,What is GROUP BY used for?,2
999,What is a PRIMARY KEY?,2
999,What is normalization?,2
1000,What is the purpose of the WHERE clause?,2
1000,Explain INNER JOIN.,2
1000,What is GROUP BY used for?,2
1000,What is a PRIMARY KEY?,2
1000,What is normalization?,2
1001,What is the purpose of the WHERE clause?,2
1001,Explain INNER JOIN.,2
1001,What is GROUP BY used for?,2
1001,What is a PRIMARY KEY?,2
1001,What is normalization?,2
1002,What is the purpose of the WHERE clause?,2
1002,Explain INNER JOIN.,2
1002,What is GROUP BY used for?,2
1002,What is a PRIMARY KEY?,2
1002,What is normalization?,2
1003,What is the purpose of the WHERE clause?,2
1003,Explain INNER JOIN.,2
1003,What is GROUP BY used for?,2
1003,What is a PRIMARY KEY?,2
1003,What is normalization?,2
1004,What is the purpose of the WHERE clause?,2
1004,Explain INNER JOIN.,2
1004,What is GROUP BY used for?,2
1004,What is a PRIMARY KEY?,2
1004,What is normalization?,2
1005,What is the purpose of the WHERE clause?,2
1005,Explain INNER JOIN.,2
1005,What is GROUP BY used for?,2
1005,What is a PRIMARY KEY?,2
1005,What is normalization?,2
1006,What is the purpose of the WHERE clause?,2
1006,Explain INNER JOIN.,2
1006,What is GROUP BY used for?,2
1006,What is a PRIMARY KEY?,2
1006,What is normalization?,2
1007,What is the purpose of the WHERE clause?,2
1007,Explain INNER JOIN.,2
1007,What is GROUP BY used for?,2
1007,What is a PRIMARY KEY?,2
1007,What is normalization?,2
1008,What is the purpose of the WHERE clause?,2
1008,Explain INNER JOIN.,2
1008,What is GROUP BY used for?,2
1008,What is a PRIMARY KEY?,2
1008,What is normalization?,2
1009,What is the purpose of the WHERE clause?,2
1009,Explain INNER JOIN.,2
1009,What is GROUP BY used for?,2
1009,What is a PRIMARY KEY?,2
1009,What is normalization?,2
1010,What is the purpose of the WHERE clause?,2
1010,Explain INNER JOIN.,2
1010,What is GROUP BY used for?,2
1010,What is a PRIMARY KEY?,2
1010,What is normalization?,2
1011,What is the purpose of the WHERE clause?,2
1011,Explain INNER JOIN.,2
1011,What is GROUP BY used for?,2
1011,What is a PRIMARY KEY?,2
1011,What is normalization?,2
1012,What is the purpose of the WHERE clause?,2
1012,Explain INNER JOIN.,2
1012,What is GROUP BY used for?,2
1012,What is a PRIMARY KEY?,2
1012,What is normalization?,2
1013,What is the purpose of the WHERE clause?,2
1013,Explain INNER JOIN.,2
1013,What is GROUP BY used for?,2
1013,What is a PRIMARY KEY?,2
1013,What is normalization?,2
1014,What is the purpose of the WHERE clause?,2
1014,Explain INNER JOIN.,2
1014,What is GROUP BY used for?,2
1014,What is a PRIMARY KEY?,2
1014,What is normalization?,2
1015,What is the purpose of the WHERE clause?,2
1015,Explain INNER JOIN.,2
1015,What is GROUP BY used for?,2
1015,What is a PRIMARY KEY?,2
1015,What is normalization?,2
1016,What is the purpose of the WHERE clause?,2
1016,Explain INNER JOIN.,2
1016,What is GROUP BY used for?,2
1016,What is a PRIMARY KEY?,2
1016,What is normalization?,2
1017,What is the purpose of the WHERE clause?,2
1017,Explain INNER JOIN.,2
1017,What is GROUP BY used for?,2
1017,What is a PRIMARY KEY?,2
1017,What is normalization?,2
1018,What is the purpose of the WHERE clause?,2
1018,Explain INNER JOIN.,2
1018,What is GROUP BY used for?,2
1018,What is a PRIMARY KEY?,2
1018,What is normalization?,2
1019,What is the purpose of the WHERE clause?,2
1019,Explain INNER JOIN.,2
1019,What is GROUP BY used for?,2
1019,What is a PRIMARY KEY?,2
1019,What is normalization?,2
1020,What is the purpose of the WHERE clause?,2
1020,Explain INNER JOIN.,2
1020,What is GROUP BY used for?,2
1020,What is a PRIMARY KEY?,2
1020,What is normalization?,2
1021,What is the purpose of the WHERE clause?,2
1021,Explain INNER JOIN.,2
1021,What is GROUP BY used for?,2
1021,What is a PRIMARY KEY?,2
1021,What is normalization?,2
1022,What is the purpose of the WHERE clause?,2
1022,Explain INNER JOIN.,2
1022,What is GROUP BY used for?,2
1022,What is a PRIMARY KEY?,2
1022,What is normalization?,2
1023,What is the purpose of the WHERE clause?,2
1023,Explain INNER JOIN.,2
1023,What is GROUP BY used for?,2
1023,What is a PRIMARY KEY?,2
1023,What is normalization?,2
1024,What is the purpose of the WHERE clause?,2
1024,Explain INNER JOIN.,2
1024,What is GROUP BY used for?,2
1024,What is a PRIMARY KEY?,2
1024,What is normalization?,2
1025,What is the purpose of the WHERE clause?,2
1025,Explain INNER JOIN.,2
1025,What is GROUP BY used for?,2
1025,What is a PRIMARY KEY?,2
1025,What is normalization?,2
1026,What is the purpose of the WHERE clause?,2
1026,Explain INNER JOIN.,2
1026,What is GROUP BY used for?,2
1026,What is a PRIMARY KEY?,2
1026,What is normalization?,2
1027,What is the purpose of the WHERE clause?,2
1027,Explain INNER JOIN.,2
1027,What is GROUP BY used for?,2
1027,What is a PRIMARY KEY?,2
1027,What is normalization?,2
1028,What is the purpose of the WHERE clause?,2
1028,Explain INNER JOIN.,2
1028,What is GROUP BY used for?,2
1028,What is a PRIMARY KEY?,2
1028,What is normalization?,2
1029,What is the purpose of the WHERE clause?,2
1029,Explain INNER JOIN.,2
1029,What is GROUP BY used for?,2
1029,What is a PRIMARY KEY?,2
1029,What is normalization?,2
1030,What is the purpose of the WHERE clause?,2
1030,Explain INNER JOIN.,2
1030,What is GROUP BY used for?,2
1030,What is a PRIMARY KEY?,2
1030,What is normalization?,2
1031,What is the purpose of the WHERE clause?,2
1031,Explain INNER JOIN.,2
1031,What is GROUP BY used for?,2
1031,What is a PRIMARY KEY?,2
1031,What is normalization?,2
1032,What is the purpose of the WHERE clause?,2
1032,Explain INNER JOIN.,2
1032,What is GROUP BY used for?,2
1032,What is a PRIMARY KEY?,2
1032,What is normalization?,2
1033,What is the purpose of the WHERE clause?,2
1033,Explain INNER JOIN.,2
1033,What is GROUP BY used for?,2
1033,What is a PRIMARY KEY?,2
1033,What is normalization?,2
1034,What is the purpose of the WHERE clause?,2
1034,Explain INNER JOIN.,2
1034,What is GROUP BY used for?,2
1034,What is a PRIMARY KEY?,2
1034,What is normalization?,2
1035,What is the purpose of the WHERE clause?,2
1035,Explain INNER JOIN.,2
1035,What is GROUP BY used for?,2
1035,What is a PRIMARY KEY?,2
1035,What is normalization?,2
1036,What is the purpose of the WHERE clause?,2
1036,Explain INNER JOIN.,2
1036,What is GROUP BY used for?,2
1036,What is a PRIMARY KEY?,2
1036,What is normalization?,2
1037,What is the purpose of the WHERE clause?,2
1037,Explain INNER JOIN.,2
1037,What is GROUP BY used for?,2
1037,What is a PRIMARY KEY?,2
1037,What is normalization?,2
1038,What is the purpose of the WHERE clause?,2
1038,Explain INNER JOIN.,2
1038,What is GROUP BY used for?,2
1038,What is a PRIMARY KEY?,2
1038,What is normalization?,2
1039,What is the purpose of the WHERE clause?,2
1039,Explain INNER JOIN.,2
1039,What is GROUP BY used for?,2
1039,What is a PRIMARY KEY?,2
1039,What is normalization?,2
1040,What is the purpose of the WHERE clause?,2
1040,Explain INNER JOIN.,2
1040,What is GROUP BY used for?,2
1040,What is a PRIMARY KEY?,2
1040,What is normalization?,2
1041,What is the purpose of the WHERE clause?,2
1041,Explain INNER JOIN.,2
1041,What is GROUP BY used for?,2
1041,What is a PRIMARY KEY?,2
1041,What is normalization?,2
1042,What is the purpose of the WHERE clause?,2
1042,Explain INNER JOIN.,2
1042,What is GROUP BY used for?,2
1042,What is a PRIMARY KEY?,2
1042,What is normalization?,2
1043,What is the purpose of the WHERE clause?,2
1043,Explain INNER JOIN.,2
1043,What is GROUP BY used for?,2
1043,What is a PRIMARY KEY?,2
1043,What is normalization?,2
1044,What is the purpose of the WHERE clause?,2
1044,Explain INNER JOIN.,2
1044,What is GROUP BY used for?,2
1044,What is a PRIMARY KEY?,2
1044,What is normalization?,2
1045,What is the purpose of the WHERE clause?,2
1045,Explain INNER JOIN.,2
1045,What is GROUP BY used for?,2
1045,What is a PRIMARY KEY?,2
1045,What is normalization?,2
1046,What is the purpose of the WHERE clause?,2
1046,Explain INNER JOIN.,2
1046,What is GROUP BY used for?,2
1046,What is a PRIMARY KEY?,2
1046,What is normalization?,2
1047,What is the purpose of the WHERE clause?,2
1047,Explain INNER JOIN.,2
1047,What is GROUP BY used for?,2
1047,What is a PRIMARY KEY?,2
1047,What is normalization?,2
1048,What is the purpose of the WHERE clause?,2
1048,Explain INNER JOIN.,2
1048,What is GROUP BY used for?,2
1048,What is a PRIMARY KEY?,2
1048,What is normalization?,2
1049,What is the purpose of the WHERE clause?,2
1049,Explain INNER JOIN.,2
1049,What is GROUP BY used for?,2
1049,What is a PRIMARY KEY?,2
1049,What is normalization?,2
1050,What is the purpose of the WHERE clause?,2
1050,Explain INNER JOIN.,2
1050,What is GROUP BY used for?,2
1050,What is a PRIMARY KEY?,2
1050,What is normalization?,2
1051,What is the purpose of the WHERE clause?,2
1051,Explain INNER JOIN.,2
1051,What is GROUP BY used for?,2
1051,What is a PRIMARY KEY?,2
1051,What is normalization?,2
1052,What is the purpose of the WHERE clause?,2
1052,Explain INNER JOIN.,2
1052,What is GROUP BY used for?,2
1052,What is a PRIMARY KEY?,2
1052,What is normalization?,2
1053,What is the purpose of the WHERE clause?,2
1053,Explain INNER JOIN.,2
1053,What is GROUP BY used for?,2
1053,What is a PRIMARY KEY?,2
1053,What is normalization?,2
1054,What is the purpose of the WHERE clause?,2
1054,Explain INNER JOIN.,2
1054,What is GROUP BY used for?,2
1054,What is a PRIMARY KEY?,2
1054,What is normalization?,2
1055,What is the purpose of the WHERE clause?,2
1055,Explain INNER JOIN.,2
1055,What is GROUP BY used for?,2
1055,What is a PRIMARY KEY?,2
1055,What is normalization?,2
1056,What is the purpose of the WHERE clause?,2
1056,Explain INNER JOIN.,2
1056,What is GROUP BY used for?,2
1056,What is a PRIMARY KEY?,2
1056,What is normalization?,2
1057,What is the purpose of the WHERE clause?,2
1057,Explain INNER JOIN.,2
1057,What is GROUP BY used for?,2
1057,What is a PRIMARY KEY?,2
1057,What is normalization?,2
1058,What is the purpose of the WHERE clause?,2
1058,Explain INNER JOIN.,2
1058,What is GROUP BY used for?,2
1058,What is a PRIMARY KEY?,2
1058,What is normalization?,2
1059,What is the purpose of the WHERE clause?,2
1059,Explain INNER JOIN.,2
1059,What is GROUP BY used for?,2
1059,What is a PRIMARY KEY?,2
1059,What is normalization?,2
1060,What is the purpose of the WHERE clause?,2
1060,Explain INNER JOIN.,2
1060,What is GROUP BY used for?,2
1060,What is a PRIMARY KEY?,2
1060,What is normalization?,2
1061,What is the purpose of the WHERE clause?,2
1061,Explain INNER JOIN.,2
1061,What is GROUP BY used for?,2
1061,What is a PRIMARY KEY?,2
1061,What is normalization?,2
1062,What is the purpose of the WHERE clause?,2
1062,Explain INNER JOIN.,2
1062,What is GROUP BY used for?,2
1062,What is a PRIMARY KEY?,2
1062,What is normalization?,2
1063,What is the purpose of the WHERE clause?,2
1063,Explain INNER JOIN.,2
1063,What is GROUP BY used for?,2
1063,What is a PRIMARY KEY?,2
1063,What is normalization?,2
1064,What is the purpose of the WHERE clause?,2
1064,Explain INNER JOIN.,2
1064,What is GROUP BY used for?,2
1064,What is a PRIMARY KEY?,2
1064,What is normalization?,2
1065,What is the purpose of the WHERE clause?,2
1065,Explain INNER JOIN.,2
1065,What is GROUP BY used for?,2
1065,What is a PRIMARY KEY?,2
1065,What is normalization?,2
1066,What is the purpose of the WHERE clause?,2
1066,Explain INNER JOIN.,2
1066,What is GROUP BY used for?,2
1066,What is a PRIMARY KEY?,2
1066,What is normalization?,2
1067,What is the purpose of the WHERE clause?,2
1067,Explain INNER JOIN.,2
1067,What is GROUP BY used for?,2
1067,What is a PRIMARY KEY?,2
1067,What is normalization?,2
1068,What is the purpose of the WHERE clause?,2
1068,Explain INNER JOIN.,2
1068,What is GROUP BY used for?,2
1068,What is a PRIMARY KEY?,2
1068,What is normalization?,2
1069,What is the purpose of the WHERE clause?,2
1069,Explain INNER JOIN.,2
1069,What is GROUP BY used for?,2
1069,What is a PRIMARY KEY?,2
1069,What is normalization?,2
1070,What is the purpose of the WHERE clause?,2
1070,Explain INNER JOIN.,2
1070,What is GROUP BY used for?,2
1070,What is a PRIMARY KEY?,2
1070,What is normalization?,2
1071,What is the purpose of the WHERE clause?,2
1071,Explain INNER JOIN.,2
1071,What is GROUP BY used for?,2
1071,What is a PRIMARY KEY?,2
1071,What is normalization?,2
1072,What is the purpose of the WHERE clause?,2
1072,Explain INNER JOIN.,2
1072,What is GROUP BY used for?,2
1072,What is a PRIMARY KEY?,2
1072,What is normalization?,2
1073,What is the purpose of the WHERE clause?,2
1073,Explain INNER JOIN.,2
1073,What is GROUP BY used for?,2
1073,What is a PRIMARY KEY?,2
1073,What is normalization?,2
1074,What is the purpose of the WHERE clause?,2
1074,Explain INNER JOIN.,2
1074,What is GROUP BY used for?,2
1074,What is a PRIMARY KEY?,2
1074,What is normalization?,2
1075,What is the purpose of the WHERE clause?,2
1075,Explain INNER JOIN.,2
1075,What is GROUP BY used for?,2
1075,What is a PRIMARY KEY?,2
1075,What is normalization?,2
1076,What is the purpose of the WHERE clause?,2
1076,Explain INNER JOIN.,2
1076,What is GROUP BY used for?,2
1076,What is a PRIMARY KEY?,2
1076,What is normalization?,2
1077,What is the purpose of the WHERE clause?,2
1077,Explain INNER JOIN.,2
1077,What is GROUP BY used for?,2
1077,What is a PRIMARY KEY?,2
1077,What is normalization?,2
1078,What is the purpose of the WHERE clause?,2
1078,Explain INNER JOIN.,2
1078,What is GROUP BY used for?,2
1078,What is a PRIMARY KEY?,2
1078,What is normalization?,2
1079,What is the purpose of the WHERE clause?,2
1079,Explain INNER JOIN.,2
1079,What is GROUP BY used for?,2
1079,What is a PRIMARY KEY?,2
1079,What is normalization?,2
1080,What is the purpose of the WHERE clause?,2
1080,Explain INNER JOIN.,2
1080,What is GROUP BY used for?,2
1080,What is a PRIMARY KEY?,2
1080,What is normalization?,2
1081,What is the purpose of the WHERE clause?,2
1081,Explain INNER JOIN.,2
1081,What is GROUP BY used for?,2
1081,What is a PRIMARY KEY?,2
1081,What is normalization?,2
1082,What is the purpose of the WHERE clause?,2
1082,Explain INNER JOIN.,2
1082,What is GROUP BY used for?,2
1082,What is a PRIMARY KEY?,2
1082,What is normalization?,2
1083,What is the purpose of the WHERE clause?,2
1083,Explain INNER JOIN.,2
1083,What is GROUP BY used for?,2
1083,What is a PRIMARY KEY?,2
1083,What is normalization?,2
1084,What is the purpose of the WHERE clause?,2
1084,Explain INNER JOIN.,2
1084,What is GROUP BY used for?,2
1084,What is a PRIMARY KEY?,2
1084,What is normalization?,2
1085,What is the purpose of the WHERE clause?,2
1085,Explain INNER JOIN.,2
1085,What is GROUP BY used for?,2
1085,What is a PRIMARY KEY?,2
1085,What is normalization?,2
1086,What is the purpose of the WHERE clause?,2
1086,Explain INNER JOIN.,2
1086,What is GROUP BY used for?,2
1086,What is a PRIMARY KEY?,2
1086,What is normalization?,2
1087,What is the purpose of the WHERE clause?,2
1087,Explain INNER JOIN.,2
1087,What is GROUP BY used for?,2
1087,What is a PRIMARY KEY?,2
1087,What is normalization?,2
1088,What is the purpose of the WHERE clause?,2
1088,Explain INNER JOIN.,2
1088,What is GROUP BY used for?,2
1088,What is a PRIMARY KEY?,2
1088,What is normalization?,2
1089,What is the purpose of the WHERE clause?,2
1089,Explain INNER JOIN.,2
1089,What is GROUP BY used for?,2
1089,What is a PRIMARY KEY?,2
1089,What is normalization?,2
1090,What is the purpose of the WHERE clause?,2
1090,Explain INNER JOIN.,2
1090,What is GROUP BY used for?,2
1090,What is a PRIMARY KEY?,2
1090,What is normalization?,2
1091,What is the purpose of the WHERE clause?,2
1091,Explain INNER JOIN.,2
1091,What is GROUP BY used for?,2
1091,What is a PRIMARY KEY?,2
1091,What is normalization?,2
1092,What is the purpose of the WHERE clause?,2
1092,Explain INNER JOIN.,2
1092,What is GROUP BY used for?,2
1092,What is a PRIMARY KEY?,2
1092,What is normalization?,2
1093,What is the purpose of the WHERE clause?,2
1093,Explain INNER JOIN.,2
1093,What is GROUP BY used for?,2
1093,What is a PRIMARY KEY?,2
1093,What is normalization?,2
1094,What is the purpose of the WHERE clause?,2
1094,Explain INNER JOIN.,2
1094,What is GROUP BY used for?,2
1094,What is a PRIMARY KEY?,2
1094,What is normalization?,2
1095,What is the purpose of the WHERE clause?,2
1095,Explain INNER JOIN.,2
1095,What is GROUP BY used for?,2
1095,What is a PRIMARY KEY?,2
1095,What is normalization?,2
1096,What is the purpose of the WHERE clause?,2
1096,Explain INNER JOIN.,2
1096,What is GROUP BY used for?,2
1096,What is a PRIMARY KEY?,2
1096,What is normalization?,2
1097,What is the purpose of the WHERE clause?,2
1097,Explain INNER JOIN.,2
1097,What is GROUP BY used for?,2
1097,What is a PRIMARY KEY?,2
1097,What is normalization?,2
1098,What is the purpose of the WHERE clause?,2
1098,Explain INNER JOIN.,2
1098,What is GROUP BY used for?,2
1098,What is a PRIMARY KEY?,2
1098,What is normalization?,2
1099,What is the purpose of the WHERE clause?,2
1099,Explain INNER JOIN.,2
1099,What is GROUP BY used for?,2
1099,What is a PRIMARY KEY?,2
1099,What is normalization?,2
1100,What is the purpose of the WHERE clause?,2
1100,Explain INNER JOIN.,2
1100,What is GROUP BY used for?,2
1100,What is a PRIMARY KEY?,2
1100,What is normalization?,2
1101,What is the purpose of the WHERE clause?,2
1101,Explain INNER JOIN.,2
1101,What is GROUP BY used for?,2
1101,What is a PRIMARY KEY?,2
1101,What is normalization?,2
1102,What is the purpose of the WHERE clause?,2
1102,Explain INNER JOIN.,2
1102,What is GROUP BY used for?,2
1102,What is a PRIMARY KEY?,2
1102,What is normalization?,2
1103,What is the purpose of the WHERE clause?,2
1103,Explain INNER JOIN.,2
1103,What is GROUP BY used for?,2
1103,What is a PRIMARY KEY?,2
1103,What is normalization?,2
1104,What is the purpose of the WHERE clause?,2
1104,Explain INNER JOIN.,2
1104,What is GROUP BY used for?,2
1104,What is a PRIMARY KEY?,2
1104,What is normalization?,2
1105,What is the purpose of the WHERE clause?,2
1105,Explain INNER JOIN.,2
1105,What is GROUP BY used for?,2
1105,What is a PRIMARY KEY?,2
1105,What is normalization?,2
1106,What is the purpose of the WHERE clause?,2
1106,Explain INNER JOIN.,2
1106,What is GROUP BY used for?,2
1106,What is a PRIMARY KEY?,2
1106,What is normalization?,2
1107,What is the purpose of the WHERE clause?,2
1107,Explain INNER JOIN.,2
1107,What is GROUP BY used for?,2
1107,What is a PRIMARY KEY?,2
1107,What is normalization?,2
1108,What is the purpose of the WHERE clause?,2
1108,Explain INNER JOIN.,2
1108,What is GROUP BY used for?,2
1108,What is a PRIMARY KEY?,2
1108,What is normalization?,2
1109,What is the purpose of the WHERE clause?,2
1109,Explain INNER JOIN.,2
1109,What is GROUP BY used for?,2
1109,What is a PRIMARY KEY?,2
1109,What is normalization?,2
1110,What is the purpose of the WHERE clause?,2
1110,Explain INNER JOIN.,2
1110,What is GROUP BY used for?,2
1110,What is a PRIMARY KEY?,2
1110,What is normalization?,2
1111,What is the purpose of the WHERE clause?,2
1111,Explain INNER JOIN.,2
1111,What is GROUP BY used for?,2
1111,What is a PRIMARY KEY?,2
1111,What is normalization?,2
1112,What is the purpose of the WHERE clause?,2
1112,Explain INNER JOIN.,2
1112,What is GROUP BY used for?,2
1112,What is a PRIMARY KEY?,2
1112,What is normalization?,2
1113,What is the purpose of the WHERE clause?,2
1113,Explain INNER JOIN.,2
1113,What is GROUP BY used for?,2
1113,What is a PRIMARY KEY?,2
1113,What is normalization?,2
1114,What is the purpose of the WHERE clause?,2
1114,Explain INNER JOIN.,2
1114,What is GROUP BY used for?,2
1114,What is a PRIMARY KEY?,2
1114,What is normalization?,2
1115,What is the purpose of the WHERE clause?,2
1115,Explain INNER JOIN.,2
1115,What is GROUP BY used for?,2
1115,What is a PRIMARY KEY?,2
1115,What is normalization?,2
1116,What is the purpose of the WHERE clause?,2
1116,Explain INNER JOIN.,2
1116,What is GROUP BY used for?,2
1116,What is a PRIMARY KEY?,2
1116,What is normalization?,2
1117,What is the purpose of the WHERE clause?,2
1117,Explain INNER JOIN.,2
1117,What is GROUP BY used for?,2
1117,What is a PRIMARY KEY?,2
1117,What is normalization?,2
1118,What is the purpose of the WHERE clause?,2
1118,Explain INNER JOIN.,2
1118,What is GROUP BY used for?,2
1118,What is a PRIMARY KEY?,2
1118,What is normalization?,2
1119,What is the purpose of the WHERE clause?,2
1119,Explain INNER JOIN.,2
1119,What is GROUP BY used for?,2
1119,What is a PRIMARY KEY?,2
1119,What is normalization?,2
1120,What is the purpose of the WHERE clause?,2
1120,Explain INNER JOIN.,2
1120,What is GROUP BY used for?,2
1120,What is a PRIMARY KEY?,2
1120,What is normalization?,2
1121,What is the purpose of the WHERE clause?,2
1121,Explain INNER JOIN.,2
1121,What is GROUP BY used for?,2
1121,What is a PRIMARY KEY?,2
1121,What is normalization?,2
1122,What is the purpose of the WHERE clause?,2
1122,Explain INNER JOIN.,2
1122,What is GROUP BY used for?,2
1122,What is a PRIMARY KEY?,2
1122,What is normalization?,2
1123,What is the purpose of the WHERE clause?,2
1123,Explain INNER JOIN.,2
1123,What is GROUP BY used for?,2
1123,What is a PRIMARY KEY?,2
1123,What is normalization?,2
1124,What is the purpose of the WHERE clause?,2
1124,Explain INNER JOIN.,2
1124,What is GROUP BY used for?,2
1124,What is a PRIMARY KEY?,2
1124,What is normalization?,2
1125,What is the purpose of the WHERE clause?,2
1125,Explain INNER JOIN.,2
1125,What is GROUP BY used for?,2
1125,What is a PRIMARY KEY?,2
1125,What is normalization?,2
1126,What is the purpose of the WHERE clause?,2
1126,Explain INNER JOIN.,2
1126,What is GROUP BY used for?,2
1126,What is a PRIMARY KEY?,2
1126,What is normalization?,2
1127,What is the purpose of the WHERE clause?,2
1127,Explain INNER JOIN.,2
1127,What is GROUP BY used for?,2
1127,What is a PRIMARY KEY?,2
1127,What is normalization?,2
1128,What is the purpose of the WHERE clause?,2
1128,Explain INNER JOIN.,2
1128,What is GROUP BY used for?,2
1128,What is a PRIMARY KEY?,2
1128,What is normalization?,2
1129,What is the purpose of the WHERE clause?,2
1129,Explain INNER JOIN.,2
1129,What is GROUP BY used for?,2
1129,What is a PRIMARY KEY?,2
1129,What is normalization?,2
1130,What is the purpose of the WHERE clause?,2
1130,Explain INNER JOIN.,2
1130,What is GROUP BY used for?,2
1130,What is a PRIMARY KEY?,2
1130,What is normalization?,2
1131,What is the purpose of the WHERE clause?,2
1131,Explain INNER JOIN.,2
1131,What is GROUP BY used for?,2
1131,What is a PRIMARY KEY?,2
1131,What is normalization?,2
1132,What is the purpose of the WHERE clause?,2
1132,Explain INNER JOIN.,2
1132,What is GROUP BY used for?,2
1132,What is a PRIMARY KEY?,2
1132,What is normalization?,2
1133,What is the purpose of the WHERE clause?,2
1133,Explain INNER JOIN.,2
1133,What is GROUP BY used for?,2
1133,What is a PRIMARY KEY?,2
1133,What is normalization?,2
1134,What is the purpose of the WHERE clause?,2
1134,Explain INNER JOIN.,2
1134,What is GROUP BY used for?,2
1134,What is a PRIMARY KEY?,2
1134,What is normalization?,2
1135,What is the purpose of the WHERE clause?,2
1135,Explain INNER JOIN.,2
1135,What is GROUP BY used for?,2
1135,What is a PRIMARY KEY?,2
1135,What is normalization?,2
1136,What is the purpose of the WHERE clause?,2
1136,Explain INNER JOIN.,2
1136,What is GROUP BY used for?,2
1136,What is a PRIMARY KEY?,2
1136,What is normalization?,2
1137,What is the purpose of the WHERE clause?,2
1137,Explain INNER JOIN.,2
1137,What is GROUP BY used for?,2
1137,What is a PRIMARY KEY?,2
1137,What is normalization?,2
1138,What is the purpose of the WHERE clause?,2
1138,Explain INNER JOIN.,2
1138,What is GROUP BY used for?,2
1138,What is a PRIMARY KEY?,2
1138,What is normalization?,2
1139,What is the purpose of the WHERE clause?,2
1139,Explain INNER JOIN.,2
1139,What is GROUP BY used for?,2
1139,What is a PRIMARY KEY?,2
1139,What is normalization?,2
1140,What is the purpose of the WHERE clause?,2
1140,Explain INNER JOIN.,2
1140,What is GROUP BY used for?,2
1140,What is a PRIMARY KEY?,2
1140,What is normalization?,2
1141,What is the purpose of the WHERE clause?,2
1141,Explain INNER JOIN.,2
1141,What is GROUP BY used for?,2
1141,What is a PRIMARY KEY?,2
1141,What is normalization?,2
1142,What is the purpose of the WHERE clause?,2
1142,Explain INNER JOIN.,2
1142,What is GROUP BY used for?,2
1142,What is a PRIMARY KEY?,2
1142,What is normalization?,2
1143,What is the purpose of the WHERE clause?,2
1143,Explain INNER JOIN.,2
1143,What is GROUP BY used for?,2
1143,What is a PRIMARY KEY?,2
1143,What is normalization?,2
1144,What is the purpose of the WHERE clause?,2
1144,Explain INNER JOIN.,2
1144,What is GROUP BY used for?,2
1144,What is a PRIMARY KEY?,2
1144,What is normalization?,2
1145,What is the purpose of the WHERE clause?,2
1145,Explain INNER JOIN.,2
1145,What is GROUP BY used for?,2
1145,What is a PRIMARY KEY?,2
1145,What is normalization?,2
1146,What is the purpose of the WHERE clause?,2
1146,Explain INNER JOIN.,2
1146,What is GROUP BY used for?,2
1146,What is a PRIMARY KEY?,2
1146,What is normalization?,2
1147,What is the purpose of the WHERE clause?,2
1147,Explain INNER JOIN.,2
1147,What is GROUP BY used for?,2
1147,What is a PRIMARY KEY?,2
1147,What is normalization?,2
1148,What is the purpose of the WHERE clause?,2
1148,Explain INNER JOIN.,2
1148,What is GROUP BY used for?,2
1148,What is a PRIMARY KEY?,2
1148,What is normalization?,2
1149,What is the purpose of the WHERE clause?,2
1149,Explain INNER JOIN.,2
1149,What is GROUP BY used for?,2
1149,What is a PRIMARY KEY?,2
1149,What is normalization?,2
1150,What is the purpose of the WHERE clause?,2
1150,Explain INNER JOIN.,2
1150,What is GROUP BY used for?,2
1150,What is a PRIMARY KEY?,2
1150,What is normalization?,2
1151,What is the purpose of the WHERE clause?,2
1151,Explain INNER JOIN.,2
1151,What is GROUP BY used for?,2
1151,What is a PRIMARY KEY?,2
1151,What is normalization?,2
1152,What is the purpose of the WHERE clause?,2
1152,Explain INNER JOIN.,2
1152,What is GROUP BY used for?,2
1152,What is a PRIMARY KEY?,2
1152,What is normalization?,2
1153,What is the purpose of the WHERE clause?,2
1153,Explain INNER JOIN.,2
1153,What is GROUP BY used for?,2
1153,What is a PRIMARY KEY?,2
1153,What is normalization?,2
1154,What is the purpose of the WHERE clause?,2
1154,Explain INNER JOIN.,2
1154,What is GROUP BY used for?,2
1154,What is a PRIMARY KEY?,2
1154,What is normalization?,2
1155,What is the purpose of the WHERE clause?,2
1155,Explain INNER JOIN.,2
1155,What is GROUP BY used for?,2
1155,What is a PRIMARY KEY?,2
1155,What is normalization?,2
1156,What is the purpose of the WHERE clause?,2
1156,Explain INNER JOIN.,2
1156,What is GROUP BY used for?,2
1156,What is a PRIMARY KEY?,2
1156,What is normalization?,2
1157,What is the purpose of the WHERE clause?,2
1157,Explain INNER JOIN.,2
1157,What is GROUP BY used for?,2
1157,What is a PRIMARY KEY?,2
1157,What is normalization?,2
1158,What is the purpose of the WHERE clause?,2
1158,Explain INNER JOIN.,2
1158,What is GROUP BY used for?,2
1158,What is a PRIMARY KEY?,2
1158,What is normalization?,2
1159,What is the purpose of the WHERE clause?,2
1159,Explain INNER JOIN.,2
1159,What is GROUP BY used for?,2
1159,What is a PRIMARY KEY?,2
1159,What is normalization?,2
1160,What is the purpose of the WHERE clause?,2
1160,Explain INNER JOIN.,2
1160,What is GROUP BY used for?,2
1160,What is a PRIMARY KEY?,2
1160,What is normalization?,2
1161,What is the purpose of the WHERE clause?,2
1161,Explain INNER JOIN.,2
1161,What is GROUP BY used for?,2
1161,What is a PRIMARY KEY?,2
1161,What is normalization?,2
1162,What is the purpose of the WHERE clause?,2
1162,Explain INNER JOIN.,2
1162,What is GROUP BY used for?,2
1162,What is a PRIMARY KEY?,2
1162,What is normalization?,2
1163,What is the purpose of the WHERE clause?,2
1163,Explain INNER JOIN.,2
1163,What is GROUP BY used for?,2
1163,What is a PRIMARY KEY?,2
1163,What is normalization?,2
1164,What is the purpose of the WHERE clause?,2
1164,Explain INNER JOIN.,2
1164,What is GROUP BY used for?,2
1164,What is a PRIMARY KEY?,2
1164,What is normalization?,2
1165,What is the purpose of the WHERE clause?,2
1165,Explain INNER JOIN.,2
1165,What is GROUP BY used for?,2
1165,What is a PRIMARY KEY?,2
1165,What is normalization?,2
1166,What is the purpose of the WHERE clause?,2
1166,Explain INNER JOIN.,2
1166,What is GROUP BY used for?,2
1166,What is a PRIMARY KEY?,2
1166,What is normalization?,2
1167,What is the purpose of the WHERE clause?,2
1167,Explain INNER JOIN.,2
1167,What is GROUP BY used for?,2
1167,What is a PRIMARY KEY?,2
1167,What is normalization?,2
1168,What is the purpose of the WHERE clause?,2
1168,Explain INNER JOIN.,2
1168,What is GROUP BY used for?,2
1168,What is a PRIMARY KEY?,2
1168,What is normalization?,2
1169,What is the purpose of the WHERE clause?,2
1169,Explain INNER JOIN.,2
1169,What is GROUP BY used for?,2
1169,What is a PRIMARY KEY?,2
1169,What is normalization?,2
1170,What is the purpose of the WHERE clause?,2
1170,Explain INNER JOIN.,2
1170,What is GROUP BY used for?,2
1170,What is a PRIMARY KEY?,2
1170,What is normalization?,2
1171,What is the purpose of the WHERE clause?,2
1171,Explain INNER JOIN.,2
1171,What is GROUP BY used for?,2
1171,What is a PRIMARY KEY?,2
1171,What is normalization?,2
1172,What is the purpose of the WHERE clause?,2
1172,Explain INNER JOIN.,2
1172,What is GROUP BY used for?,2
1172,What is a PRIMARY KEY?,2
1172,What is normalization?,2
1173,What is the purpose of the WHERE clause?,2
1173,Explain INNER JOIN.,2
1173,What is GROUP BY used for?,2
1173,What is a PRIMARY KEY?,2
1173,What is normalization?,2
1174,What is the purpose of the WHERE clause?,2
1174,Explain INNER JOIN.,2
1174,What is GROUP BY used for?,2
1174,What is a PRIMARY KEY?,2
1174,What is normalization?,2
1175,What is the purpose of the WHERE clause?,2
1175,Explain INNER JOIN.,2
1175,What is GROUP BY used for?,2
1175,What is a PRIMARY KEY?,2
1175,What is normalization?,2
1176,What is the purpose of the WHERE clause?,2
1176,Explain INNER JOIN.,2
1176,What is GROUP BY used for?,2
1176,What is a PRIMARY KEY?,2
1176,What is normalization?,2
1177,What is the purpose of the WHERE clause?,2
1177,Explain INNER JOIN.,2
1177,What is GROUP BY used for?,2
1177,What is a PRIMARY KEY?,2
1177,What is normalization?,2
1178,What is the purpose of the WHERE clause?,2
1178,Explain INNER JOIN.,2
1178,What is GROUP BY used for?,2
1178,What is a PRIMARY KEY?,2
1178,What is normalization?,2
1179,What is the purpose of the WHERE clause?,2
1179,Explain INNER JOIN.,2
1179,What is GROUP BY used for?,2
1179,What is a PRIMARY KEY?,2
1179,What is normalization?,2
1180,What is the purpose of the WHERE clause?,2
1180,Explain INNER JOIN.,2
1180,What is GROUP BY used for?,2
1180,What is a PRIMARY KEY?,2
1180,What is normalization?,2
1181,What is the purpose of the WHERE clause?,2
1181,Explain INNER JOIN.,2
1181,What is GROUP BY used for?,2
1181,What is a PRIMARY KEY?,2
1181,What is normalization?,2
1182,What is the purpose of the WHERE clause?,2
1182,Explain INNER JOIN.,2
1182,What is GROUP BY used for?,2
1182,What is a PRIMARY KEY?,2
1182,What is normalization?,2
1183,What is the purpose of the WHERE clause?,2
1183,Explain INNER JOIN.,2
1183,What is GROUP BY used for?,2
1183,What is a PRIMARY KEY?,2
1183,What is normalization?,2
1184,What is the purpose of the WHERE clause?,2
1184,Explain INNER JOIN.,2
1184,What is GROUP BY used for?,2
1184,What is a PRIMARY KEY?,2
1184,What is normalization?,2
1185,What is the purpose of the WHERE clause?,2
1185,Explain INNER JOIN.,2
1185,What is GROUP BY used for?,2
1185,What is a PRIMARY KEY?,2
1185,What is normalization?,2
1186,What is the purpose of the WHERE clause?,2
1186,Explain INNER JOIN.,2
1186,What is GROUP BY used for?,2
1186,What is a PRIMARY KEY?,2
1186,What is normalization?,2
1187,What is the purpose of the WHERE clause?,2
1187,Explain INNER JOIN.,2
1187,What is GROUP BY used for?,2
1187,What is a PRIMARY KEY?,2
1187,What is normalization?,2
1188,What is the purpose of the WHERE clause?,2
1188,Explain INNER JOIN.,2
1188,What is GROUP BY used for?,2
1188,What is a PRIMARY KEY?,2
1188,What is normalization?,2
1189,What is the purpose of the WHERE clause?,2
1189,Explain INNER JOIN.,2
1189,What is GROUP BY used for?,2
1189,What is a PRIMARY KEY?,2
1189,What is normalization?,2
1190,What is the purpose of the WHERE clause?,2
1190,Explain INNER JOIN.,2
1190,What is GROUP BY used for?,2
1190,What is a PRIMARY KEY?,2
1190,What is normalization?,2
1191,What is the purpose of the WHERE clause?,2
1191,Explain INNER JOIN.,2
1191,What is GROUP BY used for?,2
1191,What is a PRIMARY KEY?,2
1191,What is normalization?,2
1192,What is the purpose of the WHERE clause?,2
1192,Explain INNER JOIN.,2
1192,What is GROUP BY used for?,2
1192,What is a PRIMARY KEY?,2
1192,What is normalization?,2
1193,What is the purpose of the WHERE clause?,2
1193,Explain INNER JOIN.,2
1193,What is GROUP BY used for?,2
1193,What is a PRIMARY KEY?,2
1193,What is normalization?,2
1194,What is the purpose of the WHERE clause?,2
1194,Explain INNER JOIN.,2
1194,What is GROUP BY used for?,2
1194,What is a PRIMARY KEY?,2
1194,What is normalization?,2
1195,What is the purpose of the WHERE clause?,2
1195,Explain INNER JOIN.,2
1195,What is GROUP BY used for?,2
1195,What is a PRIMARY KEY?,2
1195,What is normalization?,2
1196,What is the purpose of the WHERE clause?,2
1196,Explain INNER JOIN.,2
1196,What is GROUP BY used for?,2
1196,What is a PRIMARY KEY?,2
1196,What is normalization?,2
1197,What is the purpose of the WHERE clause?,2
1197,Explain INNER JOIN.,2
1197,What is GROUP BY used for?,2
1197,What is a PRIMARY KEY?,2
1197,What is normalization?,2
1198,What is the purpose of the WHERE clause?,2
1198,Explain INNER JOIN.,2
1198,What is GROUP BY used for?,2
1198,What is a PRIMARY KEY?,2
1198,What is normalization?,2
1199,What is the purpose of the WHERE clause?,2
1199,Explain INNER JOIN.,2
1199,What is GROUP BY used for?,2
1199,What is a PRIMARY KEY?,2
1199,What is normalization?,2
1200,What is the purpose of the WHERE clause?,2
1200,Explain INNER JOIN.,2
1200,What is GROUP BY used for?,2
1200,What is a PRIMARY KEY?,2
1200,What is normalization?,2
1201,What is the purpose of the WHERE clause?,2
1201,Explain INNER JOIN.,2
1201,What is GROUP BY used for?,2
1201,What is a PRIMARY KEY?,2
1201,What is normalization?,2
1202,What is the purpose of the WHERE clause?,2
1202,Explain INNER JOIN.,2
1202,What is GROUP BY used for?,2
1202,What is a PRIMARY KEY?,2
1202,What is normalization?,2
1203,What is the purpose of the WHERE clause?,2
1203,Explain INNER JOIN.,2
1203,What is GROUP BY used for?,2
1203,What is a PRIMARY KEY?,2
1203,What is normalization?,2
1204,What is the purpose of the WHERE clause?,2
1204,Explain INNER JOIN.,2
1204,What is GROUP BY used for?,2
1204,What is a PRIMARY KEY?,2
1204,What is normalization?,2
1205,What is the purpose of the WHERE clause?,2
1205,Explain INNER JOIN.,2
1205,What is GROUP BY used for?,2
1205,What is a PRIMARY KEY?,2
1205,What is normalization?,2
1206,What is the purpose of the WHERE clause?,2
1206,Explain INNER JOIN.,2
1206,What is GROUP BY used for?,2
1206,What is a PRIMARY KEY?,2
1206,What is normalization?,2
1207,What is the purpose of the WHERE clause?,2
1207,Explain INNER JOIN.,2
1207,What is GROUP BY used for?,2
1207,What is a PRIMARY KEY?,2
1207,What is normalization?,2
1208,What is the purpose of the WHERE clause?,2
1208,Explain INNER JOIN.,2
1208,What is GROUP BY used for?,2
1208,What is a PRIMARY KEY?,2
1208,What is normalization?,2
1209,What is the purpose of the WHERE clause?,2
1209,Explain INNER JOIN.,2
1209,What is GROUP BY used for?,2
1209,What is a PRIMARY KEY?,2
1209,What is normalization?,2
1210,What is the purpose of the WHERE clause?,2
1210,Explain INNER JOIN.,2
1210,What is GROUP BY used for?,2
1210,What is a PRIMARY KEY?,2
1210,What is normalization?,2
1211,What is the purpose of the WHERE clause?,2
1211,Explain INNER JOIN.,2
1211,What is GROUP BY used for?,2
1211,What is a PRIMARY KEY?,2
1211,What is normalization?,2
1212,What is the purpose of the WHERE clause?,2
1212,Explain INNER JOIN.,2
1212,What is GROUP BY used for?,2
1212,What is a PRIMARY KEY?,2
1212,What is normalization?,2
1213,What is the purpose of the WHERE clause?,2
1213,Explain INNER JOIN.,2
1213,What is GROUP BY used for?,2
1213,What is a PRIMARY KEY?,2
1213,What is normalization?,2
1214,What is the purpose of the WHERE clause?,2
1214,Explain INNER JOIN.,2
1214,What is GROUP BY used for?,2
1214,What is a PRIMARY KEY?,2
1214,What is normalization?,2
1215,What is the purpose of the WHERE clause?,2
1215,Explain INNER JOIN.,2
1215,What is GROUP BY used for?,2
1215,What is a PRIMARY KEY?,2
1215,What is normalization?,2
1216,What is the purpose of the WHERE clause?,2
1216,Explain INNER JOIN.,2
1216,What is GROUP BY used for?,2
1216,What is a PRIMARY KEY?,2
1216,What is normalization?,2
1217,What is the purpose of the WHERE clause?,2
1217,Explain INNER JOIN.,2
1217,What is GROUP BY used for?,2
1217,What is a PRIMARY KEY?,2
1217,What is normalization?,2
1218,What is the purpose of the WHERE clause?,2
1218,Explain INNER JOIN.,2
1218,What is GROUP BY used for?,2
1218,What is a PRIMARY KEY?,2
1218,What is normalization?,2
1219,What is the purpose of the WHERE clause?,2
1219,Explain INNER JOIN.,2
1219,What is GROUP BY used for?,2
1219,What is a PRIMARY KEY?,2
1219,What is normalization?,2
1220,What is the purpose of the WHERE clause?,2
1220,Explain INNER JOIN.,2
1220,What is GROUP BY used for?,2
1220,What is a PRIMARY KEY?,2
1220,What is normalization?,2
1221,What is the purpose of the WHERE clause?,2
1221,Explain INNER JOIN.,2
1221,What is GROUP BY used for?,2
1221,What is a PRIMARY KEY?,2
1221,What is normalization?,2
1222,What is the purpose of the WHERE clause?,2
1222,Explain INNER JOIN.,2
1222,What is GROUP BY used for?,2
1222,What is a PRIMARY KEY?,2
1222,What is normalization?,2
1223,What is the purpose of the WHERE clause?,2
1223,Explain INNER JOIN.,2
1223,What is GROUP BY used for?,2
1223,What is a PRIMARY KEY?,2
1223,What is normalization?,2
1224,What is the purpose of the WHERE clause?,2
1224,Explain INNER JOIN.,2
1224,What is GROUP BY used for?,2
1224,What is a PRIMARY KEY?,2
1224,What is normalization?,2
1225,What is the purpose of the WHERE clause?,2
1225,Explain INNER JOIN.,2
1225,What is GROUP BY used for?,2
1225,What is a PRIMARY KEY?,2
1225,What is normalization?,2
1226,What is the purpose of the WHERE clause?,2
1226,Explain INNER JOIN.,2
1226,What is GROUP BY used for?,2
1226,What is a PRIMARY KEY?,2
1226,What is normalization?,2
1227,What is the purpose of the WHERE clause?,2
1227,Explain INNER JOIN.,2
1227,What is GROUP BY used for?,2
1227,What is a PRIMARY KEY?,2
1227,What is normalization?,2
1228,What is the purpose of the WHERE clause?,2
1228,Explain INNER JOIN.,2
1228,What is GROUP BY used for?,2
1228,What is a PRIMARY KEY?,2
1228,What is normalization?,2
1229,What is the purpose of the WHERE clause?,2
1229,Explain INNER JOIN.,2
1229,What is GROUP BY used for?,2
1229,What is a PRIMARY KEY?,2
1229,What is normalization?,2
1230,What is the purpose of the WHERE clause?,2
1230,Explain INNER JOIN.,2
1230,What is GROUP BY used for?,2
1230,What is a PRIMARY KEY?,2
1230,What is normalization?,2
1231,What is the purpose of the WHERE clause?,2
1231,Explain INNER JOIN.,2
1231,What is GROUP BY used for?,2
1231,What is a PRIMARY KEY?,2
1231,What is normalization?,2
1232,What is the purpose of the WHERE clause?,2
1232,Explain INNER JOIN.,2
1232,What is GROUP BY used for?,2
1232,What is a PRIMARY KEY?,2
1232,What is normalization?,2
1233,What is the purpose of the WHERE clause?,2
1233,Explain INNER JOIN.,2
1233,What is GROUP BY used for?,2
1233,What is a PRIMARY KEY?,2
1233,What is normalization?,2
1234,What is the purpose of the WHERE clause?,2
1234,Explain INNER JOIN.,2
1234,What is GROUP BY used for?,2
1234,What is a PRIMARY KEY?,2
1234,What is normalization?,2
1235,What is the purpose of the WHERE clause?,2
1235,Explain INNER JOIN.,2
1235,What is GROUP BY used for?,2
1235,What is a PRIMARY KEY?,2
1235,What is normalization?,2
1236,What is the purpose of the WHERE clause?,2
1236,Explain INNER JOIN.,2
1236,What is GROUP BY used for?,2
1236,What is a PRIMARY KEY?,2
1236,What is normalization?,2
1237,What is the purpose of the WHERE clause?,2
1237,Explain INNER JOIN.,2
1237,What is GROUP BY used for?,2
1237,What is a PRIMARY KEY?,2
1237,What is normalization?,2
1238,What is the purpose of the WHERE clause?,2
1238,Explain INNER JOIN.,2
1238,What is GROUP BY used for?,2
1238,What is a PRIMARY KEY?,2
1238,What is normalization?,2
1239,What is the purpose of the WHERE clause?,2
1239,Explain INNER JOIN.,2
1239,What is GROUP BY used for?,2
1239,What is a PRIMARY KEY?,2
1239,What is normalization?,2
1240,What is the purpose of the WHERE clause?,2
1240,Explain INNER JOIN.,2
1240,What is GROUP BY used for?,2
1240,What is a PRIMARY KEY?,2
1240,What is normalization?,2
1241,What is the purpose of the WHERE clause?,2
1241,Explain INNER JOIN.,2
1241,What is GROUP BY used for?,2
1241,What is a PRIMARY KEY?,2
1241,What is normalization?,2
1242,What is the purpose of the WHERE clause?,2
1242,Explain INNER JOIN.,2
1242,What is GROUP BY used for?,2
1242,What is a PRIMARY KEY?,2
1242,What is normalization?,2
1243,What is the purpose of the WHERE clause?,2
1243,Explain INNER JOIN.,2
1243,What is GROUP BY used for?,2
1243,What is a PRIMARY KEY?,2
1243,What is normalization?,2
1244,What is the purpose of the WHERE clause?,2
1244,Explain INNER JOIN.,2
1244,What is GROUP BY used for?,2
1244,What is a PRIMARY KEY?,2
1244,What is normalization?,2
1245,What is the purpose of the WHERE clause?,2
1245,Explain INNER JOIN.,2
1245,What is GROUP BY used for?,2
1245,What is a PRIMARY KEY?,2
1245,What is normalization?,2
1246,What is the purpose of the WHERE clause?,2
1246,Explain INNER JOIN.,2
1246,What is GROUP BY used for?,2
1246,What is a PRIMARY KEY?,2
1246,What is normalization?,2
1247,What is the purpose of the WHERE clause?,2
1247,Explain INNER JOIN.,2
1247,What is GROUP BY used for?,2
1247,What is a PRIMARY KEY?,2
1247,What is normalization?,2
1248,What is the purpose of the WHERE clause?,2
1248,Explain INNER JOIN.,2
1248,What is GROUP BY used for?,2
1248,What is a PRIMARY KEY?,2
1248,What is normalization?,2
1249,What is the purpose of the WHERE clause?,2
1249,Explain INNER JOIN.,2
1249,What is GROUP BY used for?,2
1249,What is a PRIMARY KEY?,2
1249,What is normalization?,2
1250,What is the purpose of the WHERE clause?,2
1250,Explain INNER JOIN.,2
1250,What is GROUP BY used for?,2
1250,What is a PRIMARY KEY?,2
1250,What is normalization?,2
1251,What is the purpose of the WHERE clause?,2
1251,Explain INNER JOIN.,2
1251,What is GROUP BY used for?,2
1251,What is a PRIMARY KEY?,2
1251,What is normalization?,2
1252,What is the purpose of the WHERE clause?,2
1252,Explain INNER JOIN.,2
1252,What is GROUP BY used for?,2
1252,What is a PRIMARY KEY?,2
1252,What is normalization?,2
1253,What is the purpose of the WHERE clause?,2
1253,Explain INNER JOIN.,2
1253,What is GROUP BY used for?,2
1253,What is a PRIMARY KEY?,2
1253,What is normalization?,2
1254,What is the purpose of the WHERE clause?,2
1254,Explain INNER JOIN.,2
1254,What is GROUP BY used for?,2
1254,What is a PRIMARY KEY?,2
1254,What is normalization?,2
1255,What is the purpose of the WHERE clause?,2
1255,Explain INNER JOIN.,2
1255,What is GROUP BY used for?,2
1255,What is a PRIMARY KEY?,2
1255,What is normalization?,2
1256,What is the purpose of the WHERE clause?,2
1256,Explain INNER JOIN.,2
1256,What is GROUP BY used for?,2
1256,What is a PRIMARY KEY?,2
1256,What is normalization?,2
1257,What is the purpose of the WHERE clause?,2
1257,Explain INNER JOIN.,2
1257,What is GROUP BY used for?,2
1257,What is a PRIMARY KEY?,2
1257,What is normalization?,2
1258,What is the purpose of the WHERE clause?,2
1258,Explain INNER JOIN.,2
1258,What is GROUP BY used for?,2
1258,What is a PRIMARY KEY?,2
1258,What is normalization?,2
1259,What is the purpose of the WHERE clause?,2
1259,Explain INNER JOIN.,2
1259,What is GROUP BY used for?,2
1259,What is a PRIMARY KEY?,2
1259,What is normalization?,2
1260,What is the purpose of the WHERE clause?,2
1260,Explain INNER JOIN.,2
1260,What is GROUP BY used for?,2
1260,What is a PRIMARY KEY?,2
1260,What is normalization?,2
1261,What is the purpose of the WHERE clause?,2
1261,Explain INNER JOIN.,2
1261,What is GROUP BY used for?,2
1261,What is a PRIMARY KEY?,2
1261,What is normalization?,2
1262,What is the purpose of the WHERE clause?,2
1262,Explain INNER JOIN.,2
1262,What is GROUP BY used for?,2
1262,What is a PRIMARY KEY?,2
1262,What is normalization?,2
1263,What is the purpose of the WHERE clause?,2
1263,Explain INNER JOIN.,2
1263,What is GROUP BY used for?,2
1263,What is a PRIMARY KEY?,2
1263,What is normalization?,2
1264,What is the purpose of the WHERE clause?,2
1264,Explain INNER JOIN.,2
1264,What is GROUP BY used for?,2
1264,What is a PRIMARY KEY?,2
1264,What is normalization?,2
1265,What is the purpose of the WHERE clause?,2
1265,Explain INNER JOIN.,2
1265,What is GROUP BY used for?,2
1265,What is a PRIMARY KEY?,2
1265,What is normalization?,2
1266,What is the purpose of the WHERE clause?,2
1266,Explain INNER JOIN.,2
1266,What is GROUP BY used for?,2
1266,What is a PRIMARY KEY?,2
1266,What is normalization?,2
1267,What is the purpose of the WHERE clause?,2
1267,Explain INNER JOIN.,2
1267,What is GROUP BY used for?,2
1267,What is a PRIMARY KEY?,2
1267,What is normalization?,2
1268,What is the purpose of the WHERE clause?,2
1268,Explain INNER JOIN.,2
1268,What is GROUP BY used for?,2
1268,What is a PRIMARY KEY?,2
1268,What is normalization?,2
1269,What is the purpose of the WHERE clause?,2
1269,Explain INNER JOIN.,2
1269,What is GROUP BY used for?,2
1269,What is a PRIMARY KEY?,2
1269,What is normalization?,2
1270,What is the purpose of the WHERE clause?,2
1270,Explain INNER JOIN.,2
1270,What is GROUP BY used for?,2
1270,What is a PRIMARY KEY?,2
1270,What is normalization?,2
1271,What is the purpose of the WHERE clause?,2
1271,Explain INNER JOIN.,2
1271,What is GROUP BY used for?,2
1271,What is a PRIMARY KEY?,2
1271,What is normalization?,2
1272,What is the purpose of the WHERE clause?,2
1272,Explain INNER JOIN.,2
1272,What is GROUP BY used for?,2
1272,What is a PRIMARY KEY?,2
1272,What is normalization?,2
1273,What is the purpose of the WHERE clause?,2
1273,Explain INNER JOIN.,2
1273,What is GROUP BY used for?,2
1273,What is a PRIMARY KEY?,2
1273,What is normalization?,2
1274,What is the purpose of the WHERE clause?,2
1274,Explain INNER JOIN.,2
1274,What is GROUP BY used for?,2
1274,What is a PRIMARY KEY?,2
1274,What is normalization?,2
1275,What is the purpose of the WHERE clause?,2
1275,Explain INNER JOIN.,2
1275,What is GROUP BY used for?,2
1275,What is a PRIMARY KEY?,2
1275,What is normalization?,2
1276,What is the purpose of the WHERE clause?,2
1276,Explain INNER JOIN.,2
1276,What is GROUP BY used for?,2
1276,What is a PRIMARY KEY?,2
1276,What is normalization?,2
1277,What is the purpose of the WHERE clause?,2
1277,Explain INNER JOIN.,2
1277,What is GROUP BY used for?,2
1277,What is a PRIMARY KEY?,2
1277,What is normalization?,2
1278,What is the purpose of the WHERE clause?,2
1278,Explain INNER JOIN.,2
1278,What is GROUP BY used for?,2
1278,What is a PRIMARY KEY?,2
1278,What is normalization?,2
1279,What is the purpose of the WHERE clause?,2
1279,Explain INNER JOIN.,2
1279,What is GROUP BY used for?,2
1279,What is a PRIMARY KEY?,2
1279,What is normalization?,2
1280,What is the purpose of the WHERE clause?,2
1280,Explain INNER JOIN.,2
1280,What is GROUP BY used for?,2
1280,What is a PRIMARY KEY?,2
1280,What is normalization?,2
1281,What is the purpose of the WHERE clause?,2
1281,Explain INNER JOIN.,2
1281,What is GROUP BY used for?,2
1281,What is a PRIMARY KEY?,2
1281,What is normalization?,2
1282,What is the purpose of the WHERE clause?,2
1282,Explain INNER JOIN.,2
1282,What is GROUP BY used for?,2
1282,What is a PRIMARY KEY?,2
1282,What is normalization?,2
1283,What is the purpose of the WHERE clause?,2
1283,Explain INNER JOIN.,2
1283,What is GROUP BY used for?,2
1283,What is a PRIMARY KEY?,2
1283,What is normalization?,2
1284,What is the purpose of the WHERE clause?,2
1284,Explain INNER JOIN.,2
1284,What is GROUP BY used for?,2
1284,What is a PRIMARY KEY?,2
1284,What is normalization?,2
1285,What is the purpose of the WHERE clause?,2
1285,Explain INNER JOIN.,2
1285,What is GROUP BY used for?,2
1285,What is a PRIMARY KEY?,2
1285,What is normalization?,2
1286,What is the purpose of the WHERE clause?,2
1286,Explain INNER JOIN.,2
1286,What is GROUP BY used for?,2
1286,What is a PRIMARY KEY?,2
1286,What is normalization?,2
1287,What is the purpose of the WHERE clause?,2
1287,Explain INNER JOIN.,2
1287,What is GROUP BY used for?,2
1287,What is a PRIMARY KEY?,2
1287,What is normalization?,2
1288,What is the purpose of the WHERE clause?,2
1288,Explain INNER JOIN.,2
1288,What is GROUP BY used for?,2
1288,What is a PRIMARY KEY?,2
1288,What is normalization?,2
1289,What is the purpose of the WHERE clause?,2
1289,Explain INNER JOIN.,2
1289,What is GROUP BY used for?,2
1289,What is a PRIMARY KEY?,2
1289,What is normalization?,2
1290,What is the purpose of the WHERE clause?,2
1290,Explain INNER JOIN.,2
1290,What is GROUP BY used for?,2
1290,What is a PRIMARY KEY?,2
1290,What is normalization?,2
1291,What is the purpose of the WHERE clause?,2
1291,Explain INNER JOIN.,2
1291,What is GROUP BY used for?,2
1291,What is a PRIMARY KEY?,2
1291,What is normalization?,2
1292,What is the purpose of the WHERE clause?,2
1292,Explain INNER JOIN.,2
1292,What is GROUP BY used for?,2
1292,What is a PRIMARY KEY?,2
1292,What is normalization?,2
1293,What is the purpose of the WHERE clause?,2
1293,Explain INNER JOIN.,2
1293,What is GROUP BY used for?,2
1293,What is a PRIMARY KEY?,2
1293,What is normalization?,2
1294,What is the purpose of the WHERE clause?,2
1294,Explain INNER JOIN.,2
1294,What is GROUP BY used for?,2
1294,What is a PRIMARY KEY?,2
1294,What is normalization?,2
1295,What is the purpose of the WHERE clause?,2
1295,Explain INNER JOIN.,2
1295,What is GROUP BY used for?,2
1295,What is a PRIMARY KEY?,2
1295,What is normalization?,2
1296,What is the purpose of the WHERE clause?,2
1296,Explain INNER JOIN.,2
1296,What is GROUP BY used for?,2
1296,What is a PRIMARY KEY?,2
1296,What is normalization?,2
1297,What is the purpose of the WHERE clause?,2
1297,Explain INNER JOIN.,2
1297,What is GROUP BY used for?,2
1297,What is a PRIMARY KEY?,2
1297,What is normalization?,2
1298,What is the purpose of the WHERE clause?,2
1298,Explain INNER JOIN.,2
1298,What is GROUP BY used for?,2
1298,What is a PRIMARY KEY?,2
1298,What is normalization?,2
1299,What is the purpose of the WHERE clause?,2
1299,Explain INNER JOIN.,2
1299,What is GROUP BY used for?,2
1299,What is a PRIMARY KEY?,2
1299,What is normalization?,2
1300,What is the purpose of the WHERE clause?,2
1300,Explain INNER JOIN.,2
1300,What is GROUP BY used for?,2
1300,What is a PRIMARY KEY?,2
1300,What is normalization?,2
1301,What is the purpose of the WHERE clause?,2
1301,Explain INNER JOIN.,2
1301,What is GROUP BY used for?,2
1301,What is a PRIMARY KEY?,2
1301,What is normalization?,2
1302,What is the purpose of the WHERE clause?,2
1302,Explain INNER JOIN.,2
1302,What is GROUP BY used for?,2
1302,What is a PRIMARY KEY?,2
1302,What is normalization?,2
1303,What is the purpose of the WHERE clause?,2
1303,Explain INNER JOIN.,2
1303,What is GROUP BY used for?,2
1303,What is a PRIMARY KEY?,2
1303,What is normalization?,2
1304,What is the purpose of the WHERE clause?,2
1304,Explain INNER JOIN.,2
1304,What is GROUP BY used for?,2
1304,What is a PRIMARY KEY?,2
1304,What is normalization?,2
1305,What is the purpose of the WHERE clause?,2
1305,Explain INNER JOIN.,2
1305,What is GROUP BY used for?,2
1305,What is a PRIMARY KEY?,2
1305,What is normalization?,2
1306,What is the purpose of the WHERE clause?,2
1306,Explain INNER JOIN.,2
1306,What is GROUP BY used for?,2
1306,What is a PRIMARY KEY?,2
1306,What is normalization?,2
1307,What is the purpose of the WHERE clause?,2
1307,Explain INNER JOIN.,2
1307,What is GROUP BY used for?,2
1307,What is a PRIMARY KEY?,2
1307,What is normalization?,2
1308,What is the purpose of the WHERE clause?,2
1308,Explain INNER JOIN.,2
1308,What is GROUP BY used for?,2
1308,What is a PRIMARY KEY?,2
1308,What is normalization?,2
1309,What is the purpose of the WHERE clause?,2
1309,Explain INNER JOIN.,2
1309,What is GROUP BY used for?,2
1309,What is a PRIMARY KEY?,2
1309,What is normalization?,2
1310,What is the purpose of the WHERE clause?,2
1310,Explain INNER JOIN.,2
1310,What is GROUP BY used for?,2
1310,What is a PRIMARY KEY?,2
1310,What is normalization?,2
1311,What is the purpose of the WHERE clause?,2
1311,Explain INNER JOIN.,2
1311,What is GROUP BY used for?,2
1311,What is a PRIMARY KEY?,2
1311,What is normalization?,2
1312,What is the purpose of the WHERE clause?,2
1312,Explain INNER JOIN.,2
1312,What is GROUP BY used for?,2
1312,What is a PRIMARY KEY?,2
1312,What is normalization?,2
1313,What is the purpose of the WHERE clause?,2
1313,Explain INNER JOIN.,2
1313,What is GROUP BY used for?,2
1313,What is a PRIMARY KEY?,2
1313,What is normalization?,2
1314,What is the purpose of the WHERE clause?,2
1314,Explain INNER JOIN.,2
1314,What is GROUP BY used for?,2
1314,What is a PRIMARY KEY?,2
1314,What is normalization?,2
1315,What is the purpose of the WHERE clause?,2
1315,Explain INNER JOIN.,2
1315,What is GROUP BY used for?,2
1315,What is a PRIMARY KEY?,2
1315,What is normalization?,2
1316,What is the purpose of the WHERE clause?,2
1316,Explain INNER JOIN.,2
1316,What is GROUP BY used for?,2
1316,What is a PRIMARY KEY?,2
1316,What is normalization?,2
1317,What is the purpose of the WHERE clause?,2
1317,Explain INNER JOIN.,2
1317,What is GROUP BY used for?,2
1317,What is a PRIMARY KEY?,2
1317,What is normalization?,2
1318,What is the purpose of the WHERE clause?,2
1318,Explain INNER JOIN.,2
1318,What is GROUP BY used for?,2
1318,What is a PRIMARY KEY?,2
1318,What is normalization?,2
1319,What is the purpose of the WHERE clause?,2
1319,Explain INNER JOIN.,2
1319,What is GROUP BY used for?,2
1319,What is a PRIMARY KEY?,2
1319,What is normalization?,2
1320,What is the purpose of the WHERE clause?,2
1320,Explain INNER JOIN.,2
1320,What is GROUP BY used for?,2
1320,What is a PRIMARY KEY?,2
1320,What is normalization?,2
1321,What is the purpose of the WHERE clause?,2
1321,Explain INNER JOIN.,2
1321,What is GROUP BY used for?,2
1321,What is a PRIMARY KEY?,2
1321,What is normalization?,2
1322,What is the purpose of the WHERE clause?,2
1322,Explain INNER JOIN.,2
1322,What is GROUP BY used for?,2
1322,What is a PRIMARY KEY?,2
1322,What is normalization?,2
1323,What is the purpose of the WHERE clause?,2
1323,Explain INNER JOIN.,2
1323,What is GROUP BY used for?,2
1323,What is a PRIMARY KEY?,2
1323,What is normalization?,2
1324,What is the purpose of the WHERE clause?,2
1324,Explain INNER JOIN.,2
1324,What is GROUP BY used for?,2
1324,What is a PRIMARY KEY?,2
1324,What is normalization?,2
1325,What is the purpose of the WHERE clause?,2
1325,Explain INNER JOIN.,2
1325,What is GROUP BY used for?,2
1325,What is a PRIMARY KEY?,2
1325,What is normalization?,2
1326,What is the purpose of the WHERE clause?,2
1326,Explain INNER JOIN.,2
1326,What is GROUP BY used for?,2
1326,What is a PRIMARY KEY?,2
1326,What is normalization?,2
1327,What is the purpose of the WHERE clause?,2
1327,Explain INNER JOIN.,2
1327,What is GROUP BY used for?,2
1327,What is a PRIMARY KEY?,2
1327,What is normalization?,2
1328,What is the purpose of the WHERE clause?,2
1328,Explain INNER JOIN.,2
1328,What is GROUP BY used for?,2
1328,What is a PRIMARY KEY?,2
1328,What is normalization?,2
1329,What is the purpose of the WHERE clause?,2
1329,Explain INNER JOIN.,2
1329,What is GROUP BY used for?,2
1329,What is a PRIMARY KEY?,2
1329,What is normalization?,2
1330,What is the purpose of the WHERE clause?,2
1330,Explain INNER JOIN.,2
1330,What is GROUP BY used for?,2
1330,What is a PRIMARY KEY?,2
1330,What is normalization?,2
1331,What is the purpose of the WHERE clause?,2
1331,Explain INNER JOIN.,2
1331,What is GROUP BY used for?,2
1331,What is a PRIMARY KEY?,2
1331,What is normalization?,2
1332,What is the purpose of the WHERE clause?,2
1332,Explain INNER JOIN.,2
1332,What is GROUP BY used for?,2
1332,What is a PRIMARY KEY?,2
1332,What is normalization?,2
1333,What is the purpose of the WHERE clause?,2
1333,Explain INNER JOIN.,2
1333,What is GROUP BY used for?,2
1333,What is a PRIMARY KEY?,2
1333,What is normalization?,2
1334,What is the purpose of the WHERE clause?,2
1334,Explain INNER JOIN.,2
1334,What is GROUP BY used for?,2
1334,What is a PRIMARY KEY?,2
1334,What is normalization?,2
1335,What is the purpose of the WHERE clause?,2
1335,Explain INNER JOIN.,2
1335,What is GROUP BY used for?,2
1335,What is a PRIMARY KEY?,2
1335,What is normalization?,2
1336,What is the purpose of the WHERE clause?,2
1336,Explain INNER JOIN.,2
1336,What is GROUP BY used for?,2
1336,What is a PRIMARY KEY?,2
1336,What is normalization?,2
1337,What is the purpose of the WHERE clause?,2
1337,Explain INNER JOIN.,2
1337,What is GROUP BY used for?,2
1337,What is a PRIMARY KEY?,2
1337,What is normalization?,2
1338,What is the purpose of the WHERE clause?,2
1338,Explain INNER JOIN.,2
1338,What is GROUP BY used for?,2
1338,What is a PRIMARY KEY?,2
1338,What is normalization?,2
1339,What is the purpose of the WHERE clause?,2
1339,Explain INNER JOIN.,2
1339,What is GROUP BY used for?,2
1339,What is a PRIMARY KEY?,2
1339,What is normalization?,2
1340,What is the purpose of the WHERE clause?,2
1340,Explain INNER JOIN.,2
1340,What is GROUP BY used for?,2
1340,What is a PRIMARY KEY?,2
1340,What is normalization?,2
1341,What is the purpose of the WHERE clause?,2
1341,Explain INNER JOIN.,2
1341,What is GROUP BY used for?,2
1341,What is a PRIMARY KEY?,2
1341,What is normalization?,2
1342,What is the purpose of the WHERE clause?,2
1342,Explain INNER JOIN.,2
1342,What is GROUP BY used for?,2
1342,What is a PRIMARY KEY?,2
1342,What is normalization?,2
1343,What is the purpose of the WHERE clause?,2
1343,Explain INNER JOIN.,2
1343,What is GROUP BY used for?,2
1343,What is a PRIMARY KEY?,2
1343,What is normalization?,2
1344,What is the purpose of the WHERE clause?,2
1344,Explain INNER JOIN.,2
1344,What is GROUP BY used for?,2
1344,What is a PRIMARY KEY?,2
1344,What is normalization?,2
1345,What is the purpose of the WHERE clause?,2
1345,Explain INNER JOIN.,2
1345,What is GROUP BY used for?,2
1345,What is a PRIMARY KEY?,2
1345,What is normalization?,2
1346,What is the purpose of the WHERE clause?,2
1346,Explain INNER JOIN.,2
1346,What is GROUP BY used for?,2
1346,What is a PRIMARY KEY?,2
1346,What is normalization?,2
1347,What is the purpose of the WHERE clause?,2
1347,Explain INNER JOIN.,2
1347,What is GROUP BY used for?,2
1347,What is a PRIMARY KEY?,2
1347,What is normalization?,2
1348,What is the purpose of the WHERE clause?,2
1348,Explain INNER JOIN.,2
1348,What is GROUP BY used for?,2
1348,What is a PRIMARY KEY?,2
1348,What is normalization?,2
1349,What is the purpose of the WHERE clause?,2
1349,Explain INNER JOIN.,2
1349,What is GROUP BY used for?,2
1349,What is a PRIMARY KEY?,2
1349,What is normalization?,2
1350,What is the purpose of the WHERE clause?,2
1350,Explain INNER JOIN.,2
1350,What is GROUP BY used for?,2
1350,What is a PRIMARY KEY?,2
1350,What is normalization?,2
1351,What is the purpose of the WHERE clause?,2
1351,Explain INNER JOIN.,2
1351,What is GROUP BY used for?,2
1351,What is a PRIMARY KEY?,2
1351,What is normalization?,2
1352,What is the purpose of the WHERE clause?,2
1352,Explain INNER JOIN.,2
1352,What is GROUP BY used for?,2
1352,What is a PRIMARY KEY?,2
1352,What is normalization?,2
1353,What is the purpose of the WHERE clause?,2
1353,Explain INNER JOIN.,2
1353,What is GROUP BY used for?,2
1353,What is a PRIMARY KEY?,2
1353,What is normalization?,2
1354,What is the purpose of the WHERE clause?,2
1354,Explain INNER JOIN.,2
1354,What is GROUP BY used for?,2
1354,What is a PRIMARY KEY?,2
1354,What is normalization?,2
1355,What is the purpose of the WHERE clause?,2
1355,Explain INNER JOIN.,2
1355,What is GROUP BY used for?,2
1355,What is a PRIMARY KEY?,2
1355,What is normalization?,2
1356,What is the purpose of the WHERE clause?,2
1356,Explain INNER JOIN.,2
1356,What is GROUP BY used for?,2
1356,What is a PRIMARY KEY?,2
1356,What is normalization?,2
1357,What is the purpose of the WHERE clause?,2
1357,Explain INNER JOIN.,2
1357,What is GROUP BY used for?,2
1357,What is a PRIMARY KEY?,2
1357,What is normalization?,2
1358,What is the purpose of the WHERE clause?,2
1358,Explain INNER JOIN.,2
1358,What is GROUP BY used for?,2
1358,What is a PRIMARY KEY?,2
1358,What is normalization?,2
1359,What is the purpose of the WHERE clause?,2
1359,Explain INNER JOIN.,2
1359,What is GROUP BY used for?,2
1359,What is a PRIMARY KEY?,2
1359,What is normalization?,2
1360,What is the purpose of the WHERE clause?,2
1360,Explain INNER JOIN.,2
1360,What is GROUP BY used for?,2
1360,What is a PRIMARY KEY?,2
1360,What is normalization?,2
1361,What is the purpose of the WHERE clause?,2
1361,Explain INNER JOIN.,2
1361,What is GROUP BY used for?,2
1361,What is a PRIMARY KEY?,2
1361,What is normalization?,2
1362,What is the purpose of the WHERE clause?,2
1362,Explain INNER JOIN.,2
1362,What is GROUP BY used for?,2
1362,What is a PRIMARY KEY?,2
1362,What is normalization?,2
1363,What is the purpose of the WHERE clause?,2
1363,Explain INNER JOIN.,2
1363,What is GROUP BY used for?,2
1363,What is a PRIMARY KEY?,2
1363,What is normalization?,2
1364,What is the purpose of the WHERE clause?,2
1364,Explain INNER JOIN.,2
1364,What is GROUP BY used for?,2
1364,What is a PRIMARY KEY?,2
1364,What is normalization?,2
1365,What is the purpose of the WHERE clause?,2
1365,Explain INNER JOIN.,2
1365,What is GROUP BY used for?,2
1365,What is a PRIMARY KEY?,2
1365,What is normalization?,2
1366,What is the purpose of the WHERE clause?,2
1366,Explain INNER JOIN.,2
1366,What is GROUP BY used for?,2
1366,What is a PRIMARY KEY?,2
1366,What is normalization?,2
1367,What is the purpose of the WHERE clause?,2
1367,Explain INNER JOIN.,2
1367,What is GROUP BY used for?,2
1367,What is a PRIMARY KEY?,2
1367,What is normalization?,2
1368,What is the purpose of the WHERE clause?,2
1368,Explain INNER JOIN.,2
1368,What is GROUP BY used for?,2
1368,What is a PRIMARY KEY?,2
1368,What is normalization?,2
1369,What is the purpose of the WHERE clause?,2
1369,Explain INNER JOIN.,2
1369,What is GROUP BY used for?,2
1369,What is a PRIMARY KEY?,2
1369,What is normalization?,2
1370,What is the purpose of the WHERE clause?,2
1370,Explain INNER JOIN.,2
1370,What is GROUP BY used for?,2
1370,What is a PRIMARY KEY?,2
1370,What is normalization?,2
1371,What is the purpose of the WHERE clause?,2
1371,Explain INNER JOIN.,2
1371,What is GROUP BY used for?,2
1371,What is a PRIMARY KEY?,2
1371,What is normalization?,2
1372,What is the purpose of the WHERE clause?,2
1372,Explain INNER JOIN.,2
1372,What is GROUP BY used for?,2
1372,What is a PRIMARY KEY?,2
1372,What is normalization?,2
1373,What is the purpose of the WHERE clause?,2
1373,Explain INNER JOIN.,2
1373,What is GROUP BY used for?,2
1373,What is a PRIMARY KEY?,2
1373,What is normalization?,2
1374,What is the purpose of the WHERE clause?,2
1374,Explain INNER JOIN.,2
1374,What is GROUP BY used for?,2
1374,What is a PRIMARY KEY?,2
1374,What is normalization?,2
1375,What is the purpose of the WHERE clause?,2
1375,Explain INNER JOIN.,2
1375,What is GROUP BY used for?,2
1375,What is a PRIMARY KEY?,2
1375,What is normalization?,2
1376,What is the purpose of the WHERE clause?,2
1376,Explain INNER JOIN.,2
1376,What is GROUP BY used for?,2
1376,What is a PRIMARY KEY?,2
1376,What is normalization?,2
1377,What is the purpose of the WHERE clause?,2
1377,Explain INNER JOIN.,2
1377,What is GROUP BY used for?,2
1377,What is a PRIMARY KEY?,2
1377,What is normalization?,2
1378,What is the purpose of the WHERE clause?,2
1378,Explain INNER JOIN.,2
1378,What is GROUP BY used for?,2
1378,What is a PRIMARY KEY?,2
1378,What is normalization?,2
1379,What is the purpose of the WHERE clause?,2
1379,Explain INNER JOIN.,2
1379,What is GROUP BY used for?,2
1379,What is a PRIMARY KEY?,2
1379,What is normalization?,2
1380,What is the purpose of the WHERE clause?,2
1380,Explain INNER JOIN.,2
1380,What is GROUP BY used for?,2
1380,What is a PRIMARY KEY?,2
1380,What is normalization?,2
1381,What is the purpose of the WHERE clause?,2
1381,Explain INNER JOIN.,2
1381,What is GROUP BY used for?,2
1381,What is a PRIMARY KEY?,2
1381,What is normalization?,2
1382,What is the purpose of the WHERE clause?,2
1382,Explain INNER JOIN.,2
1382,What is GROUP BY used for?,2
1382,What is a PRIMARY KEY?,2
1382,What is normalization?,2
1383,What is the purpose of the WHERE clause?,2
1383,Explain INNER JOIN.,2
1383,What is GROUP BY used for?,2
1383,What is a PRIMARY KEY?,2
1383,What is normalization?,2
1384,What is the purpose of the WHERE clause?,2
1384,Explain INNER JOIN.,2
1384,What is GROUP BY used for?,2
1384,What is a PRIMARY KEY?,2
1384,What is normalization?,2
1385,What is the purpose of the WHERE clause?,2
1385,Explain INNER JOIN.,2
1385,What is GROUP BY used for?,2
1385,What is a PRIMARY KEY?,2
1385,What is normalization?,2
1386,What is the purpose of the WHERE clause?,2
1386,Explain INNER JOIN.,2
1386,What is GROUP BY used for?,2
1386,What is a PRIMARY KEY?,2
1386,What is normalization?,2
1387,What is the purpose of the WHERE clause?,2
1387,Explain INNER JOIN.,2
1387,What is GROUP BY used for?,2
1387,What is a PRIMARY KEY?,2
1387,What is normalization?,2
1388,What is the purpose of the WHERE clause?,2
1388,Explain INNER JOIN.,2
1388,What is GROUP BY used for?,2
1388,What is a PRIMARY KEY?,2
1388,What is normalization?,2
1389,What is the purpose of the WHERE clause?,2
1389,Explain INNER JOIN.,2
1389,What is GROUP BY used for?,2
1389,What is a PRIMARY KEY?,2
1389,What is normalization?,2
1390,What is the purpose of the WHERE clause?,2
1390,Explain INNER JOIN.,2
1390,What is GROUP BY used for?,2
1390,What is a PRIMARY KEY?,2
1390,What is normalization?,2
1391,What is the purpose of the WHERE clause?,2
1391,Explain INNER JOIN.,2
1391,What is GROUP BY used for?,2
1391,What is a PRIMARY KEY?,2
1391,What is normalization?,2
1392,What is the purpose of the WHERE clause?,2
1392,Explain INNER JOIN.,2
1392,What is GROUP BY used for?,2
1392,What is a PRIMARY KEY?,2
1392,What is normalization?,2
1393,What is the purpose of the WHERE clause?,2
1393,Explain INNER JOIN.,2
1393,What is GROUP BY used for?,2
1393,What is a PRIMARY KEY?,2
1393,What is normalization?,2
1394,What is the purpose of the WHERE clause?,2
1394,Explain INNER JOIN.,2
1394,What is GROUP BY used for?,2
1394,What is a PRIMARY KEY?,2
1394,What is normalization?,2
1395,What is the purpose of the WHERE clause?,2
1395,Explain INNER JOIN.,2
1395,What is GROUP BY used for?,2
1395,What is a PRIMARY KEY?,2
1395,What is normalization?,2
1396,What is the purpose of the WHERE clause?,2
1396,Explain INNER JOIN.,2
1396,What is GROUP BY used for?,2
1396,What is a PRIMARY KEY?,2
1396,What is normalization?,2
1397,What is the purpose of the WHERE clause?,2
1397,Explain INNER JOIN.,2
1397,What is GROUP BY used for?,2
1397,What is a PRIMARY KEY?,2
1397,What is normalization?,2
1398,What is the purpose of the WHERE clause?,2
1398,Explain INNER JOIN.,2
1398,What is GROUP BY used for?,2
1398,What is a PRIMARY KEY?,2
1398,What is normalization?,2
1399,What is the purpose of the WHERE clause?,2
1399,Explain INNER JOIN.,2
1399,What is GROUP BY used for?,2
1399,What is a PRIMARY KEY?,2
1399,What is normalization?,2
1400,What is the purpose of the WHERE clause?,2
1400,Explain INNER JOIN.,2
1400,What is GROUP BY used for?,2
1400,What is a PRIMARY KEY?,2
1400,What is normalization?,2
1401,What is Machine Learning?,2
1401,What is supervised learning?,2
1401,What is overfitting?,2
1401,What is feature engineering?,2
1401,What is a training dataset?,2
1402,What is Machine Learning?,2
1402,What is supervised learning?,2
1402,What is overfitting?,2
1402,What is feature engineering?,2
1402,What is a training dataset?,2
1403,What is Machine Learning?,2
1403,What is supervised learning?,2
1403,What is overfitting?,2
1403,What is feature engineering?,2
1403,What is a training dataset?,2
1404,What is Machine Learning?,2
1404,What is supervised learning?,2
1404,What is overfitting?,2
1404,What is feature engineering?,2
1404,What is a training dataset?,2
1405,What is Machine Learning?,2
1405,What is supervised learning?,2
1405,What is overfitting?,2
1405,What is feature engineering?,2
1405,What is a training dataset?,2
1406,What is Machine Learning?,2
1406,What is supervised learning?,2
1406,What is overfitting?,2
1406,What is feature engineering?,2
1406,What is a training dataset?,2
1407,What is Machine Learning?,2
1407,What is supervised learning?,2
1407,What is overfitting?,2
1407,What is feature engineering?,2
1407,What is a training dataset?,2
1408,What is Machine Learning?,2
1408,What is supervised learning?,2
1408,What is overfitting?,2
1408,What is feature engineering?,2
1408,What is a training dataset?,2
1409,What is Machine Learning?,2
1409,What is supervised learning?,2
1409,What is overfitting?,2
1409,What is feature engineering?,2
1409,What is a training dataset?,2
1410,What is Machine Learning?,2
1410,What is supervised learning?,2
1410,What is overfitting?,2
1410,What is feature engineering?,2
1410,What is a training dataset?,2
1411,What is Machine Learning?,2
1411,What is supervised learning?,2
1411,What is overfitting?,2
1411,What is feature engineering?,2
1411,What is a training dataset?,2
1412,What is Machine Learning?,2
1412,What is supervised learning?,2
1412,What is overfitting?,2
1412,What is feature engineering?,2
1412,What is a training dataset?,2
1413,What is Machine Learning?,2
1413,What is supervised learning?,2
1413,What is overfitting?,2
1413,What is feature engineering?,2
1413,What is a training dataset?,2
1414,What is Machine Learning?,2
1414,What is supervised learning?,2
1414,What is overfitting?,2
1414,What is feature engineering?,2
1414,What is a training dataset?,2
1415,What is Machine Learning?,2
1415,What is supervised learning?,2
1415,What is overfitting?,2
1415,What is feature engineering?,2
1415,What is a training dataset?,2
1416,What is Machine Learning?,2
1416,What is supervised learning?,2
1416,What is overfitting?,2
1416,What is feature engineering?,2
1416,What is a training dataset?,2
1417,What is Machine Learning?,2
1417,What is supervised learning?,2
1417,What is overfitting?,2
1417,What is feature engineering?,2
1417,What is a training dataset?,2
1418,What is Machine Learning?,2
1418,What is supervised learning?,2
1418,What is overfitting?,2
1418,What is feature engineering?,2
1418,What is a training dataset?,2
1419,What is Machine Learning?,2
1419,What is supervised learning?,2
1419,What is overfitting?,2
1419,What is feature engineering?,2
1419,What is a training dataset?,2
1420,What is Machine Learning?,2
1420,What is supervised learning?,2
1420,What is overfitting?,2
1420,What is feature engineering?,2
1420,What is a training dataset?,2
1421,What is Machine Learning?,2
1421,What is supervised learning?,2
1421,What is overfitting?,2
1421,What is feature engineering?,2
1421,What is a training dataset?,2
1422,What is Machine Learning?,2
1422,What is supervised learning?,2
1422,What is overfitting?,2
1422,What is feature engineering?,2
1422,What is a training dataset?,2
1423,What is Machine Learning?,2
1423,What is supervised learning?,2
1423,What is overfitting?,2
1423,What is feature engineering?,2
1423,What is a training dataset?,2
1424,What is Machine Learning?,2
1424,What is supervised learning?,2
1424,What is overfitting?,2
1424,What is feature engineering?,2
1424,What is a training dataset?,2
1425,What is Machine Learning?,2
1425,What is supervised learning?,2
1425,What is overfitting?,2
1425,What is feature engineering?,2
1425,What is a training dataset?,2
1426,What is Machine Learning?,2
1426,What is supervised learning?,2
1426,What is overfitting?,2
1426,What is feature engineering?,2
1426,What is a training dataset?,2
1427,What is Machine Learning?,2
1427,What is supervised learning?,2
1427,What is overfitting?,2
1427,What is feature engineering?,2
1427,What is a training dataset?,2
1428,What is Machine Learning?,2
1428,What is supervised learning?,2
1428,What is overfitting?,2
1428,What is feature engineering?,2
1428,What is a training dataset?,2
1429,What is Machine Learning?,2
1429,What is supervised learning?,2
1429,What is overfitting?,2
1429,What is feature engineering?,2
1429,What is a training dataset?,2
1430,What is Machine Learning?,2
1430,What is supervised learning?,2
1430,What is overfitting?,2
1430,What is feature engineering?,2
1430,What is a training dataset?,2
1431,What is Machine Learning?,2
1431,What is supervised learning?,2
1431,What is overfitting?,2
1431,What is feature engineering?,2
1431,What is a training dataset?,2
1432,What is Machine Learning?,2
1432,What is supervised learning?,2
1432,What is overfitting?,2
1432,What is feature engineering?,2
1432,What is a training dataset?,2
1433,What is Machine Learning?,2
1433,What is supervised learning?,2
1433,What is overfitting?,2
1433,What is feature engineering?,2
1433,What is a training dataset?,2
1434,What is Machine Learning?,2
1434,What is supervised learning?,2
1434,What is overfitting?,2
1434,What is feature engineering?,2
1434,What is a training dataset?,2
1435,What is Machine Learning?,2
1435,What is supervised learning?,2
1435,What is overfitting?,2
1435,What is feature engineering?,2
1435,What is a training dataset?,2
1436,What is Machine Learning?,2
1436,What is supervised learning?,2
1436,What is overfitting?,2
1436,What is feature engineering?,2
1436,What is a training dataset?,2
1437,What is Machine Learning?,2
1437,What is supervised learning?,2
1437,What is overfitting?,2
1437,What is feature engineering?,2
1437,What is a training dataset?,2
1438,What is Machine Learning?,2
1438,What is supervised learning?,2
1438,What is overfitting?,2
1438,What is feature engineering?,2
1438,What is a training dataset?,2
1439,What is Machine Learning?,2
1439,What is supervised learning?,2
1439,What is overfitting?,2
1439,What is feature engineering?,2
1439,What is a training dataset?,2
1440,What is Machine Learning?,2
1440,What is supervised learning?,2
1440,What is overfitting?,2
1440,What is feature engineering?,2
1440,What is a training dataset?,2
1441,What is Machine Learning?,2
1441,What is supervised learning?,2
1441,What is overfitting?,2
1441,What is feature engineering?,2
1441,What is a training dataset?,2
1442,What is Machine Learning?,2
1442,What is supervised learning?,2
1442,What is overfitting?,2
1442,What is feature engineering?,2
1442,What is a training dataset?,2
1443,What is Machine Learning?,2
1443,What is supervised learning?,2
1443,What is overfitting?,2
1443,What is feature engineering?,2
1443,What is a training dataset?,2
1444,What is Machine Learning?,2
1444,What is supervised learning?,2
1444,What is overfitting?,2
1444,What is feature engineering?,2
1444,What is a training dataset?,2
1445,What is Machine Learning?,2
1445,What is supervised learning?,2
1445,What is overfitting?,2
1445,What is feature engineering?,2
1445,What is a training dataset?,2
1446,What is Machine Learning?,2
1446,What is supervised learning?,2
1446,What is overfitting?,2
1446,What is feature engineering?,2
1446,What is a training dataset?,2
1447,What is Machine Learning?,2
1447,What is supervised learning?,2
1447,What is overfitting?,2
1447,What is feature engineering?,2
1447,What is a training dataset?,2
1448,What is Machine Learning?,2
1448,What is supervised learning?,2
1448,What is overfitting?,2
1448,What is feature engineering?,2
1448,What is a training dataset?,2
1449,What is Machine Learning?,2
1449,What is supervised learning?,2
1449,What is overfitting?,2
1449,What is feature engineering?,2
1449,What is a training dataset?,2
1450,What is Machine Learning?,2
1450,What is supervised learning?,2
1450,What is overfitting?,2
1450,What is feature engineering?,2
1450,What is a training dataset?,2
1451,What is Machine Learning?,2
1451,What is supervised learning?,2
1451,What is overfitting?,2
1451,What is feature engineering?,2
1451,What is a training dataset?,2
1452,What is Machine Learning?,2
1452,What is supervised learning?,2
1452,What is overfitting?,2
1452,What is feature engineering?,2
1452,What is a training dataset?,2
1453,What is Machine Learning?,2
1453,What is supervised learning?,2
1453,What is overfitting?,2
1453,What is feature engineering?,2
1453,What is a training dataset?,2
1454,What is Machine Learning?,2
1454,What is supervised learning?,2
1454,What is overfitting?,2
1454,What is feature engineering?,2
1454,What is a training dataset?,2
1455,What is Machine Learning?,2
1455,What is supervised learning?,2
1455,What is overfitting?,2
1455,What is feature engineering?,2
1455,What is a training dataset?,2
1456,What is Machine Learning?,2
1456,What is supervised learning?,2
1456,What is overfitting?,2
1456,What is feature engineering?,2
1456,What is a training dataset?,2
1457,What is Machine Learning?,2
1457,What is supervised learning?,2
1457,What is overfitting?,2
1457,What is feature engineering?,2
1457,What is a training dataset?,2
1458,What is Machine Learning?,2
1458,What is supervised learning?,2
1458,What is overfitting?,2
1458,What is feature engineering?,2
1458,What is a training dataset?,2
1459,What is Machine Learning?,2
1459,What is supervised learning?,2
1459,What is overfitting?,2
1459,What is feature engineering?,2
1459,What is a training dataset?,2
1460,What is Machine Learning?,2
1460,What is supervised learning?,2
1460,What is overfitting?,2
1460,What is feature engineering?,2
1460,What is a training dataset?,2
1461,What is Machine Learning?,2
1461,What is supervised learning?,2
1461,What is overfitting?,2
1461,What is feature engineering?,2
1461,What is a training dataset?,2
1462,What is Machine Learning?,2
1462,What is supervised learning?,2
1462,What is overfitting?,2
1462,What is feature engineering?,2
1462,What is a training dataset?,2
1463,What is Machine Learning?,2
1463,What is supervised learning?,2
1463,What is overfitting?,2
1463,What is feature engineering?,2
1463,What is a training dataset?,2
1464,What is Machine Learning?,2
1464,What is supervised learning?,2
1464,What is overfitting?,2
1464,What is feature engineering?,2
1464,What is a training dataset?,2
1465,What is Machine Learning?,2
1465,What is supervised learning?,2
1465,What is overfitting?,2
1465,What is feature engineering?,2
1465,What is a training dataset?,2
1466,What is Machine Learning?,2
1466,What is supervised learning?,2
1466,What is overfitting?,2
1466,What is feature engineering?,2
1466,What is a training dataset?,2
1467,What is Machine Learning?,2
1467,What is supervised learning?,2
1467,What is overfitting?,2
1467,What is feature engineering?,2
1467,What is a training dataset?,2
1468,What is Machine Learning?,2
1468,What is supervised learning?,2
1468,What is overfitting?,2
1468,What is feature engineering?,2
1468,What is a training dataset?,2
1469,What is Machine Learning?,2
1469,What is supervised learning?,2
1469,What is overfitting?,2
1469,What is feature engineering?,2
1469,What is a training dataset?,2
1470,What is Machine Learning?,2
1470,What is supervised learning?,2
1470,What is overfitting?,2
1470,What is feature engineering?,2
1470,What is a training dataset?,2
1471,What is Machine Learning?,2
1471,What is supervised learning?,2
1471,What is overfitting?,2
1471,What is feature engineering?,2
1471,What is a training dataset?,2
1472,What is Machine Learning?,2
1472,What is supervised learning?,2
1472,What is overfitting?,2
1472,What is feature engineering?,2
1472,What is a training dataset?,2
1473,What is Machine Learning?,2
1473,What is supervised learning?,2
1473,What is overfitting?,2
1473,What is feature engineering?,2
1473,What is a training dataset?,2
1474,What is Machine Learning?,2
1474,What is supervised learning?,2
1474,What is overfitting?,2
1474,What is feature engineering?,2
1474,What is a training dataset?,2
1475,What is Machine Learning?,2
1475,What is supervised learning?,2
1475,What is overfitting?,2
1475,What is feature engineering?,2
1475,What is a training dataset?,2
1476,What is Machine Learning?,2
1476,What is supervised learning?,2
1476,What is overfitting?,2
1476,What is feature engineering?,2
1476,What is a training dataset?,2
1477,What is Machine Learning?,2
1477,What is supervised learning?,2
1477,What is overfitting?,2
1477,What is feature engineering?,2
1477,What is a training dataset?,2
1478,What is Machine Learning?,2
1478,What is supervised learning?,2
1478,What is overfitting?,2
1478,What is feature engineering?,2
1478,What is a training dataset?,2
1479,What is Machine Learning?,2
1479,What is supervised learning?,2
1479,What is overfitting?,2
1479,What is feature engineering?,2
1479,What is a training dataset?,2
1480,What is Machine Learning?,2
1480,What is supervised learning?,2
1480,What is overfitting?,2
1480,What is feature engineering?,2
1480,What is a training dataset?,2
1481,What is Machine Learning?,2
1481,What is supervised learning?,2
1481,What is overfitting?,2
1481,What is feature engineering?,2
1481,What is a training dataset?,2
1482,What is Machine Learning?,2
1482,What is supervised learning?,2
1482,What is overfitting?,2
1482,What is feature engineering?,2
1482,What is a training dataset?,2
1483,What is Machine Learning?,2
1483,What is supervised learning?,2
1483,What is overfitting?,2
1483,What is feature engineering?,2
1483,What is a training dataset?,2
1484,What is Machine Learning?,2
1484,What is supervised learning?,2
1484,What is overfitting?,2
1484,What is feature engineering?,2
1484,What is a training dataset?,2
1485,What is Machine Learning?,2
1485,What is supervised learning?,2
1485,What is overfitting?,2
1485,What is feature engineering?,2
1485,What is a training dataset?,2
1486,What is Machine Learning?,2
1486,What is supervised learning?,2
1486,What is overfitting?,2
1486,What is feature engineering?,2
1486,What is a training dataset?,2
1487,What is Machine Learning?,2
1487,What is supervised learning?,2
1487,What is overfitting?,2
1487,What is feature engineering?,2
1487,What is a training dataset?,2
1488,What is Machine Learning?,2
1488,What is supervised learning?,2
1488,What is overfitting?,2
1488,What is feature engineering?,2
1488,What is a training dataset?,2
1489,What is Machine Learning?,2
1489,What is supervised learning?,2
1489,What is overfitting?,2
1489,What is feature engineering?,2
1489,What is a training dataset?,2
1490,What is Machine Learning?,2
1490,What is supervised learning?,2
1490,What is overfitting?,2
1490,What is feature engineering?,2
1490,What is a training dataset?,2
1491,What is Machine Learning?,2
1491,What is supervised learning?,2
1491,What is overfitting?,2
1491,What is feature engineering?,2
1491,What is a training dataset?,2
1492,What is Machine Learning?,2
1492,What is supervised learning?,2
1492,What is overfitting?,2
1492,What is feature engineering?,2
1492,What is a training dataset?,2
1493,What is Machine Learning?,2
1493,What is supervised learning?,2
1493,What is overfitting?,2
1493,What is feature engineering?,2
1493,What is a training dataset?,2
1494,What is Machine Learning?,2
1494,What is supervised learning?,2
1494,What is overfitting?,2
1494,What is feature engineering?,2
1494,What is a training dataset?,2
1495,What is Machine Learning?,2
1495,What is supervised learning?,2
1495,What is overfitting?,2
1495,What is feature engineering?,2
1495,What is a training dataset?,2
1496,What is Machine Learning?,2
1496,What is supervised learning?,2
1496,What is overfitting?,2
1496,What is feature engineering?,2
1496,What is a training dataset?,2
1497,What is Machine Learning?,2
1497,What is supervised learning?,2
1497,What is overfitting?,2
1497,What is feature engineering?,2
1497,What is a training dataset?,2
1498,What is Machine Learning?,2
1498,What is supervised learning?,2
1498,What is overfitting?,2
1498,What is feature engineering?,2
1498,What is a training dataset?,2
1499,What is Machine Learning?,2
1499,What is supervised learning?,2
1499,What is overfitting?,2
1499,What is feature engineering?,2
1499,What is a training dataset?,2
1500,What is Machine Learning?,2
1500,What is supervised learning?,2
1500,What is overfitting?,2
1500,What is feature engineering?,2
1500,What is a training dataset?,2
1501,What is Machine Learning?,2
1501,What is supervised learning?,2
1501,What is overfitting?,2
1501,What is feature engineering?,2
1501,What is a training dataset?,2
1502,What is Machine Learning?,2
1502,What is supervised learning?,2
1502,What is overfitting?,2
1502,What is feature engineering?,2
1502,What is a training dataset?,2
1503,What is Machine Learning?,2
1503,What is supervised learning?,2
1503,What is overfitting?,2
1503,What is feature engineering?,2
1503,What is a training dataset?,2
1504,What is Machine Learning?,2
1504,What is supervised learning?,2
1504,What is overfitting?,2
1504,What is feature engineering?,2
1504,What is a training dataset?,2
1505,What is Machine Learning?,2
1505,What is supervised learning?,2
1505,What is overfitting?,2
1505,What is feature engineering?,2
1505,What is a training dataset?,2
1506,What is Machine Learning?,2
1506,What is supervised learning?,2
1506,What is overfitting?,2
1506,What is feature engineering?,2
1506,What is a training dataset?,2
1507,What is Machine Learning?,2
1507,What is supervised learning?,2
1507,What is overfitting?,2
1507,What is feature engineering?,2
1507,What is a training dataset?,2
1508,What is Machine Learning?,2
1508,What is supervised learning?,2
1508,What is overfitting?,2
1508,What is feature engineering?,2
1508,What is a training dataset?,2
1509,What is Machine Learning?,2
1509,What is supervised learning?,2
1509,What is overfitting?,2
1509,What is feature engineering?,2
1509,What is a training dataset?,2
1510,What is Machine Learning?,2
1510,What is supervised learning?,2
1510,What is overfitting?,2
1510,What is feature engineering?,2
1510,What is a training dataset?,2
1511,What is Machine Learning?,2
1511,What is supervised learning?,2
1511,What is overfitting?,2
1511,What is feature engineering?,2
1511,What is a training dataset?,2
1512,What is Machine Learning?,2
1512,What is supervised learning?,2
1512,What is overfitting?,2
1512,What is feature engineering?,2
1512,What is a training dataset?,2
1513,What is Machine Learning?,2
1513,What is supervised learning?,2
1513,What is overfitting?,2
1513,What is feature engineering?,2
1513,What is a training dataset?,2
1514,What is Machine Learning?,2
1514,What is supervised learning?,2
1514,What is overfitting?,2
1514,What is feature engineering?,2
1514,What is a training dataset?,2
1515,What is Machine Learning?,2
1515,What is supervised learning?,2
1515,What is overfitting?,2
1515,What is feature engineering?,2
1515,What is a training dataset?,2
1516,What is Machine Learning?,2
1516,What is supervised learning?,2
1516,What is overfitting?,2
1516,What is feature engineering?,2
1516,What is a training dataset?,2
1517,What is Machine Learning?,2
1517,What is supervised learning?,2
1517,What is overfitting?,2
1517,What is feature engineering?,2
1517,What is a training dataset?,2
1518,What is Machine Learning?,2
1518,What is supervised learning?,2
1518,What is overfitting?,2
1518,What is feature engineering?,2
1518,What is a training dataset?,2
1519,What is Machine Learning?,2
1519,What is supervised learning?,2
1519,What is overfitting?,2
1519,What is feature engineering?,2
1519,What is a training dataset?,2
1520,What is Machine Learning?,2
1520,What is supervised learning?,2
1520,What is overfitting?,2
1520,What is feature engineering?,2
1520,What is a training dataset?,2
1521,What is Machine Learning?,2
1521,What is supervised learning?,2
1521,What is overfitting?,2
1521,What is feature engineering?,2
1521,What is a training dataset?,2
1522,What is Machine Learning?,2
1522,What is supervised learning?,2
1522,What is overfitting?,2
1522,What is feature engineering?,2
1522,What is a training dataset?,2
1523,What is Machine Learning?,2
1523,What is supervised learning?,2
1523,What is overfitting?,2
1523,What is feature engineering?,2
1523,What is a training dataset?,2
1524,What is Machine Learning?,2
1524,What is supervised learning?,2
1524,What is overfitting?,2
1524,What is feature engineering?,2
1524,What is a training dataset?,2
1525,What is Machine Learning?,2
1525,What is supervised learning?,2
1525,What is overfitting?,2
1525,What is feature engineering?,2
1525,What is a training dataset?,2
1526,What is Machine Learning?,2
1526,What is supervised learning?,2
1526,What is overfitting?,2
1526,What is feature engineering?,2
1526,What is a training dataset?,2
1527,What is Machine Learning?,2
1527,What is supervised learning?,2
1527,What is overfitting?,2
1527,What is feature engineering?,2
1527,What is a training dataset?,2
1528,What is Machine Learning?,2
1528,What is supervised learning?,2
1528,What is overfitting?,2
1528,What is feature engineering?,2
1528,What is a training dataset?,2
1529,What is Machine Learning?,2
1529,What is supervised learning?,2
1529,What is overfitting?,2
1529,What is feature engineering?,2
1529,What is a training dataset?,2
1530,What is Machine Learning?,2
1530,What is supervised learning?,2
1530,What is overfitting?,2
1530,What is feature engineering?,2
1530,What is a training dataset?,2
1531,What is Machine Learning?,2
1531,What is supervised learning?,2
1531,What is overfitting?,2
1531,What is feature engineering?,2
1531,What is a training dataset?,2
1532,What is Machine Learning?,2
1532,What is supervised learning?,2
1532,What is overfitting?,2
1532,What is feature engineering?,2
1532,What is a training dataset?,2
1533,What is Machine Learning?,2
1533,What is supervised learning?,2
1533,What is overfitting?,2
1533,What is feature engineering?,2
1533,What is a training dataset?,2
1534,What is Machine Learning?,2
1534,What is supervised learning?,2
1534,What is overfitting?,2
1534,What is feature engineering?,2
1534,What is a training dataset?,2
1535,What is Machine Learning?,2
1535,What is supervised learning?,2
1535,What is overfitting?,2
1535,What is feature engineering?,2
1535,What is a training dataset?,2
1536,What is Machine Learning?,2
1536,What is supervised learning?,2
1536,What is overfitting?,2
1536,What is feature engineering?,2
1536,What is a training dataset?,2
1537,What is Machine Learning?,2
1537,What is supervised learning?,2
1537,What is overfitting?,2
1537,What is feature engineering?,2
1537,What is a training dataset?,2
1538,What is Machine Learning?,2
1538,What is supervised learning?,2
1538,What is overfitting?,2
1538,What is feature engineering?,2
1538,What is a training dataset?,2
1539,What is Machine Learning?,2
1539,What is supervised learning?,2
1539,What is overfitting?,2
1539,What is feature engineering?,2
1539,What is a training dataset?,2
1540,What is Machine Learning?,2
1540,What is supervised learning?,2
1540,What is overfitting?,2
1540,What is feature engineering?,2
1540,What is a training dataset?,2
1541,What is Machine Learning?,2
1541,What is supervised learning?,2
1541,What is overfitting?,2
1541,What is feature engineering?,2
1541,What is a training dataset?,2
1542,What is Machine Learning?,2
1542,What is supervised learning?,2
1542,What is overfitting?,2
1542,What is feature engineering?,2
1542,What is a training dataset?,2
1543,What is Machine Learning?,2
1543,What is supervised learning?,2
1543,What is overfitting?,2
1543,What is feature engineering?,2
1543,What is a training dataset?,2
1544,What is Machine Learning?,2
1544,What is supervised learning?,2
1544,What is overfitting?,2
1544,What is feature engineering?,2
1544,What is a training dataset?,2
1545,What is Machine Learning?,2
1545,What is supervised learning?,2
1545,What is overfitting?,2
1545,What is feature engineering?,2
1545,What is a training dataset?,2
1546,What is Machine Learning?,2
1546,What is supervised learning?,2
1546,What is overfitting?,2
1546,What is feature engineering?,2
1546,What is a training dataset?,2
1547,What is Machine Learning?,2
1547,What is supervised learning?,2
1547,What is overfitting?,2
1547,What is feature engineering?,2
1547,What is a training dataset?,2
1548,What is Machine Learning?,2
1548,What is supervised learning?,2
1548,What is overfitting?,2
1548,What is feature engineering?,2
1548,What is a training dataset?,2
1549,What is Machine Learning?,2
1549,What is supervised learning?,2
1549,What is overfitting?,2
1549,What is feature engineering?,2
1549,What is a training dataset?,2
1550,What is Machine Learning?,2
1550,What is supervised learning?,2
1550,What is overfitting?,2
1550,What is feature engineering?,2
1550,What is a training dataset?,2
1551,What is Machine Learning?,2
1551,What is supervised learning?,2
1551,What is overfitting?,2
1551,What is feature engineering?,2
1551,What is a training dataset?,2
1552,What is Machine Learning?,2
1552,What is supervised learning?,2
1552,What is overfitting?,2
1552,What is feature engineering?,2
1552,What is a training dataset?,2
1553,What is Machine Learning?,2
1553,What is supervised learning?,2
1553,What is overfitting?,2
1553,What is feature engineering?,2
1553,What is a training dataset?,2
1554,What is Machine Learning?,2
1554,What is supervised learning?,2
1554,What is overfitting?,2
1554,What is feature engineering?,2
1554,What is a training dataset?,2
1555,What is Machine Learning?,2
1555,What is supervised learning?,2
1555,What is overfitting?,2
1555,What is feature engineering?,2
1555,What is a training dataset?,2
1556,What is Machine Learning?,2
1556,What is supervised learning?,2
1556,What is overfitting?,2
1556,What is feature engineering?,2
1556,What is a training dataset?,2
1557,What is Machine Learning?,2
1557,What is supervised learning?,2
1557,What is overfitting?,2
1557,What is feature engineering?,2
1557,What is a training dataset?,2
1558,What is Machine Learning?,2
1558,What is supervised learning?,2
1558,What is overfitting?,2
1558,What is feature engineering?,2
1558,What is a training dataset?,2
1559,What is Machine Learning?,2
1559,What is supervised learning?,2
1559,What is overfitting?,2
1559,What is feature engineering?,2
1559,What is a training dataset?,2
1560,What is Machine Learning?,2
1560,What is supervised learning?,2
1560,What is overfitting?,2
1560,What is feature engineering?,2
1560,What is a training dataset?,2
1561,What is Machine Learning?,2
1561,What is supervised learning?,2
1561,What is overfitting?,2
1561,What is feature engineering?,2
1561,What is a training dataset?,2
1562,What is Machine Learning?,2
1562,What is supervised learning?,2
1562,What is overfitting?,2
1562,What is feature engineering?,2
1562,What is a training dataset?,2
1563,What is Machine Learning?,2
1563,What is supervised learning?,2
1563,What is overfitting?,2
1563,What is feature engineering?,2
1563,What is a training dataset?,2
1564,What is Machine Learning?,2
1564,What is supervised learning?,2
1564,What is overfitting?,2
1564,What is feature engineering?,2
1564,What is a training dataset?,2
1565,What is Machine Learning?,2
1565,What is supervised learning?,2
1565,What is overfitting?,2
1565,What is feature engineering?,2
1565,What is a training dataset?,2
1566,What is Machine Learning?,2
1566,What is supervised learning?,2
1566,What is overfitting?,2
1566,What is feature engineering?,2
1566,What is a training dataset?,2
1567,What is Machine Learning?,2
1567,What is supervised learning?,2
1567,What is overfitting?,2
1567,What is feature engineering?,2
1567,What is a training dataset?,2
1568,What is Machine Learning?,2
1568,What is supervised learning?,2
1568,What is overfitting?,2
1568,What is feature engineering?,2
1568,What is a training dataset?,2
1569,What is Machine Learning?,2
1569,What is supervised learning?,2
1569,What is overfitting?,2
1569,What is feature engineering?,2
1569,What is a training dataset?,2
1570,What is Machine Learning?,2
1570,What is supervised learning?,2
1570,What is overfitting?,2
1570,What is feature engineering?,2
1570,What is a training dataset?,2
1571,What is Machine Learning?,2
1571,What is supervised learning?,2
1571,What is overfitting?,2
1571,What is feature engineering?,2
1571,What is a training dataset?,2
1572,What is Machine Learning?,2
1572,What is supervised learning?,2
1572,What is overfitting?,2
1572,What is feature engineering?,2
1572,What is a training dataset?,2
1573,What is Machine Learning?,2
1573,What is supervised learning?,2
1573,What is overfitting?,2
1573,What is feature engineering?,2
1573,What is a training dataset?,2
1574,What is Machine Learning?,2
1574,What is supervised learning?,2
1574,What is overfitting?,2
1574,What is feature engineering?,2
1574,What is a training dataset?,2
1575,What is Machine Learning?,2
1575,What is supervised learning?,2
1575,What is overfitting?,2
1575,What is feature engineering?,2
1575,What is a training dataset?,2
1576,What is Machine Learning?,2
1576,What is supervised learning?,2
1576,What is overfitting?,2
1576,What is feature engineering?,2
1576,What is a training dataset?,2
1577,What is Machine Learning?,2
1577,What is supervised learning?,2
1577,What is overfitting?,2
1577,What is feature engineering?,2
1577,What is a training dataset?,2
1578,What is Machine Learning?,2
1578,What is supervised learning?,2
1578,What is overfitting?,2
1578,What is feature engineering?,2
1578,What is a training dataset?,2
1579,What is Machine Learning?,2
1579,What is supervised learning?,2
1579,What is overfitting?,2
1579,What is feature engineering?,2
1579,What is a training dataset?,2
1580,What is Machine Learning?,2
1580,What is supervised learning?,2
1580,What is overfitting?,2
1580,What is feature engineering?,2
1580,What is a training dataset?,2
1581,What is Machine Learning?,2
1581,What is supervised learning?,2
1581,What is overfitting?,2
1581,What is feature engineering?,2
1581,What is a training dataset?,2
1582,What is Machine Learning?,2
1582,What is supervised learning?,2
1582,What is overfitting?,2
1582,What is feature engineering?,2
1582,What is a training dataset?,2
1583,What is Machine Learning?,2
1583,What is supervised learning?,2
1583,What is overfitting?,2
1583,What is feature engineering?,2
1583,What is a training dataset?,2
1584,What is Machine Learning?,2
1584,What is supervised learning?,2
1584,What is overfitting?,2
1584,What is feature engineering?,2
1584,What is a training dataset?,2
1585,What is Machine Learning?,2
1585,What is supervised learning?,2
1585,What is overfitting?,2
1585,What is feature engineering?,2
1585,What is a training dataset?,2
1586,What is Machine Learning?,2
1586,What is supervised learning?,2
1586,What is overfitting?,2
1586,What is feature engineering?,2
1586,What is a training dataset?,2
1587,What is Machine Learning?,2
1587,What is supervised learning?,2
1587,What is overfitting?,2
1587,What is feature engineering?,2
1587,What is a training dataset?,2
1588,What is Machine Learning?,2
1588,What is supervised learning?,2
1588,What is overfitting?,2
1588,What is feature engineering?,2
1588,What is a training dataset?,2
1589,What is Machine Learning?,2
1589,What is supervised learning?,2
1589,What is overfitting?,2
1589,What is feature engineering?,2
1589,What is a training dataset?,2
1590,What is Machine Learning?,2
1590,What is supervised learning?,2
1590,What is overfitting?,2
1590,What is feature engineering?,2
1590,What is a training dataset?,2
1591,What is Machine Learning?,2
1591,What is supervised learning?,2
1591,What is overfitting?,2
1591,What is feature engineering?,2
1591,What is a training dataset?,2
1592,What is Machine Learning?,2
1592,What is supervised learning?,2
1592,What is overfitting?,2
1592,What is feature engineering?,2
1592,What is a training dataset?,2
1593,What is Machine Learning?,2
1593,What is supervised learning?,2
1593,What is overfitting?,2
1593,What is feature engineering?,2
1593,What is a training dataset?,2
1594,What is Machine Learning?,2
1594,What is supervised learning?,2
1594,What is overfitting?,2
1594,What is feature engineering?,2
1594,What is a training dataset?,2
1595,What is Machine Learning?,2
1595,What is supervised learning?,2
1595,What is overfitting?,2
1595,What is feature engineering?,2
1595,What is a training dataset?,2
1596,What is Machine Learning?,2
1596,What is supervised learning?,2
1596,What is overfitting?,2
1596,What is feature engineering?,2
1596,What is a training dataset?,2
1597,What is Machine Learning?,2
1597,What is supervised learning?,2
1597,What is overfitting?,2
1597,What is feature engineering?,2
1597,What is a training dataset?,2
1598,What is Machine Learning?,2
1598,What is supervised learning?,2
1598,What is overfitting?,2
1598,What is feature engineering?,2
1598,What is a training dataset?,2
1599,What is Machine Learning?,2
1599,What is supervised learning?,2
1599,What is overfitting?,2
1599,What is feature engineering?,2
1599,What is a training dataset?,2
1600,What is Machine Learning?,2
1600,What is supervised learning?,2
1600,What is overfitting?,2
1600,What is feature engineering?,2
1600,What is a training dataset?,2
1601,What is Machine Learning?,2
1601,What is supervised learning?,2
1601,What is overfitting?,2
1601,What is feature engineering?,2
1601,What is a training dataset?,2
1602,What is Machine Learning?,2
1602,What is supervised learning?,2
1602,What is overfitting?,2
1602,What is feature engineering?,2
1602,What is a training dataset?,2
1603,What is Machine Learning?,2
1603,What is supervised learning?,2
1603,What is overfitting?,2
1603,What is feature engineering?,2
1603,What is a training dataset?,2
1604,What is Machine Learning?,2
1604,What is supervised learning?,2
1604,What is overfitting?,2
1604,What is feature engineering?,2
1604,What is a training dataset?,2
1605,What is Machine Learning?,2
1605,What is supervised learning?,2
1605,What is overfitting?,2
1605,What is feature engineering?,2
1605,What is a training dataset?,2
1606,What is Machine Learning?,2
1606,What is supervised learning?,2
1606,What is overfitting?,2
1606,What is feature engineering?,2
1606,What is a training dataset?,2
1607,What is Machine Learning?,2
1607,What is supervised learning?,2
1607,What is overfitting?,2
1607,What is feature engineering?,2
1607,What is a training dataset?,2
1608,What is Machine Learning?,2
1608,What is supervised learning?,2
1608,What is overfitting?,2
1608,What is feature engineering?,2
1608,What is a training dataset?,2
1609,What is Machine Learning?,2
1609,What is supervised learning?,2
1609,What is overfitting?,2
1609,What is feature engineering?,2
1609,What is a training dataset?,2
1610,What is Machine Learning?,2
1610,What is supervised learning?,2
1610,What is overfitting?,2
1610,What is feature engineering?,2
1610,What is a training dataset?,2
1611,What is Machine Learning?,2
1611,What is supervised learning?,2
1611,What is overfitting?,2
1611,What is feature engineering?,2
1611,What is a training dataset?,2
1612,What is Machine Learning?,2
1612,What is supervised learning?,2
1612,What is overfitting?,2
1612,What is feature engineering?,2
1612,What is a training dataset?,2
1613,What is Machine Learning?,2
1613,What is supervised learning?,2
1613,What is overfitting?,2
1613,What is feature engineering?,2
1613,What is a training dataset?,2
1614,What is Machine Learning?,2
1614,What is supervised learning?,2
1614,What is overfitting?,2
1614,What is feature engineering?,2
1614,What is a training dataset?,2
1615,What is Machine Learning?,2
1615,What is supervised learning?,2
1615,What is overfitting?,2
1615,What is feature engineering?,2
1615,What is a training dataset?,2
1616,What is Machine Learning?,2
1616,What is supervised learning?,2
1616,What is overfitting?,2
1616,What is feature engineering?,2
1616,What is a training dataset?,2
1617,What is Machine Learning?,2
1617,What is supervised learning?,2
1617,What is overfitting?,2
1617,What is feature engineering?,2
1617,What is a training dataset?,2
1618,What is Machine Learning?,2
1618,What is supervised learning?,2
1618,What is overfitting?,2
1618,What is feature engineering?,2
1618,What is a training dataset?,2
1619,What is Machine Learning?,2
1619,What is supervised learning?,2
1619,What is overfitting?,2
1619,What is feature engineering?,2
1619,What is a training dataset?,2
1620,What is Machine Learning?,2
1620,What is supervised learning?,2
1620,What is overfitting?,2
1620,What is feature engineering?,2
1620,What is a training dataset?,2
1621,What is Machine Learning?,2
1621,What is supervised learning?,2
1621,What is overfitting?,2
1621,What is feature engineering?,2
1621,What is a training dataset?,2
1622,What is Machine Learning?,2
1622,What is supervised learning?,2
1622,What is overfitting?,2
1622,What is feature engineering?,2
1622,What is a training dataset?,2
1623,What is Machine Learning?,2
1623,What is supervised learning?,2
1623,What is overfitting?,2
1623,What is feature engineering?,2
1623,What is a training dataset?,2
1624,What is Machine Learning?,2
1624,What is supervised learning?,2
1624,What is overfitting?,2
1624,What is feature engineering?,2
1624,What is a training dataset?,2
1625,What is Machine Learning?,2
1625,What is supervised learning?,2
1625,What is overfitting?,2
1625,What is feature engineering?,2
1625,What is a training dataset?,2
1626,What is Machine Learning?,2
1626,What is supervised learning?,2
1626,What is overfitting?,2
1626,What is feature engineering?,2
1626,What is a training dataset?,2
1627,What is Machine Learning?,2
1627,What is supervised learning?,2
1627,What is overfitting?,2
1627,What is feature engineering?,2
1627,What is a training dataset?,2
1628,What is Machine Learning?,2
1628,What is supervised learning?,2
1628,What is overfitting?,2
1628,What is feature engineering?,2
1628,What is a training dataset?,2
1629,What is Machine Learning?,2
1629,What is supervised learning?,2
1629,What is overfitting?,2
1629,What is feature engineering?,2
1629,What is a training dataset?,2
1630,What is Machine Learning?,2
1630,What is supervised learning?,2
1630,What is overfitting?,2
1630,What is feature engineering?,2
1630,What is a training dataset?,2
1631,What is Machine Learning?,2
1631,What is supervised learning?,2
1631,What is overfitting?,2
1631,What is feature engineering?,2
1631,What is a training dataset?,2
1632,What is Machine Learning?,2
1632,What is supervised learning?,2
1632,What is overfitting?,2
1632,What is feature engineering?,2
1632,What is a training dataset?,2
1633,What is Machine Learning?,2
1633,What is supervised learning?,2
1633,What is overfitting?,2
1633,What is feature engineering?,2
1633,What is a training dataset?,2
1634,What is Machine Learning?,2
1634,What is supervised learning?,2
1634,What is overfitting?,2
1634,What is feature engineering?,2
1634,What is a training dataset?,2
1635,What is Machine Learning?,2
1635,What is supervised learning?,2
1635,What is overfitting?,2
1635,What is feature engineering?,2
1635,What is a training dataset?,2
1636,What is Machine Learning?,2
1636,What is supervised learning?,2
1636,What is overfitting?,2
1636,What is feature engineering?,2
1636,What is a training dataset?,2
1637,What is Machine Learning?,2
1637,What is supervised learning?,2
1637,What is overfitting?,2
1637,What is feature engineering?,2
1637,What is a training dataset?,2
1638,What is Machine Learning?,2
1638,What is supervised learning?,2
1638,What is overfitting?,2
1638,What is feature engineering?,2
1638,What is a training dataset?,2
1639,What is Machine Learning?,2
1639,What is supervised learning?,2
1639,What is overfitting?,2
1639,What is feature engineering?,2
1639,What is a training dataset?,2
1640,What is Machine Learning?,2
1640,What is supervised learning?,2
1640,What is overfitting?,2
1640,What is feature engineering?,2
1640,What is a training dataset?,2
1641,What is Machine Learning?,2
1641,What is supervised learning?,2
1641,What is overfitting?,2
1641,What is feature engineering?,2
1641,What is a training dataset?,2
1642,What is Machine Learning?,2
1642,What is supervised learning?,2
1642,What is overfitting?,2
1642,What is feature engineering?,2
1642,What is a training dataset?,2
1643,What is Machine Learning?,2
1643,What is supervised learning?,2
1643,What is overfitting?,2
1643,What is feature engineering?,2
1643,What is a training dataset?,2
1644,What is Machine Learning?,2
1644,What is supervised learning?,2
1644,What is overfitting?,2
1644,What is feature engineering?,2
1644,What is a training dataset?,2
1645,What is Machine Learning?,2
1645,What is supervised learning?,2
1645,What is overfitting?,2
1645,What is feature engineering?,2
1645,What is a training dataset?,2
1646,What is Machine Learning?,2
1646,What is supervised learning?,2
1646,What is overfitting?,2
1646,What is feature engineering?,2
1646,What is a training dataset?,2
1647,What is Machine Learning?,2
1647,What is supervised learning?,2
1647,What is overfitting?,2
1647,What is feature engineering?,2
1647,What is a training dataset?,2
1648,What is Machine Learning?,2
1648,What is supervised learning?,2
1648,What is overfitting?,2
1648,What is feature engineering?,2
1648,What is a training dataset?,2
1649,What is Machine Learning?,2
1649,What is supervised learning?,2
1649,What is overfitting?,2
1649,What is feature engineering?,2
1649,What is a training dataset?,2
1650,What is Machine Learning?,2
1650,What is supervised learning?,2
1650,What is overfitting?,2
1650,What is feature engineering?,2
1650,What is a training dataset?,2
1651,What is Machine Learning?,2
1651,What is supervised learning?,2
1651,What is overfitting?,2
1651,What is feature engineering?,2
1651,What is a training dataset?,2
1652,What is Machine Learning?,2
1652,What is supervised learning?,2
1652,What is overfitting?,2
1652,What is feature engineering?,2
1652,What is a training dataset?,2
1653,What is Machine Learning?,2
1653,What is supervised learning?,2
1653,What is overfitting?,2
1653,What is feature engineering?,2
1653,What is a training dataset?,2
1654,What is Machine Learning?,2
1654,What is supervised learning?,2
1654,What is overfitting?,2
1654,What is feature engineering?,2
1654,What is a training dataset?,2
1655,What is Machine Learning?,2
1655,What is supervised learning?,2
1655,What is overfitting?,2
1655,What is feature engineering?,2
1655,What is a training dataset?,2
1656,What is Machine Learning?,2
1656,What is supervised learning?,2
1656,What is overfitting?,2
1656,What is feature engineering?,2
1656,What is a training dataset?,2
1657,What is Machine Learning?,2
1657,What is supervised learning?,2
1657,What is overfitting?,2
1657,What is feature engineering?,2
1657,What is a training dataset?,2
1658,What is Machine Learning?,2
1658,What is supervised learning?,2
1658,What is overfitting?,2
1658,What is feature engineering?,2
1658,What is a training dataset?,2
1659,What is Machine Learning?,2
1659,What is supervised learning?,2
1659,What is overfitting?,2
1659,What is feature engineering?,2
1659,What is a training dataset?,2
1660,What is Machine Learning?,2
1660,What is supervised learning?,2
1660,What is overfitting?,2
1660,What is feature engineering?,2
1660,What is a training dataset?,2
1661,What is Machine Learning?,2
1661,What is supervised learning?,2
1661,What is overfitting?,2
1661,What is feature engineering?,2
1661,What is a training dataset?,2
1662,What is Machine Learning?,2
1662,What is supervised learning?,2
1662,What is overfitting?,2
1662,What is feature engineering?,2
1662,What is a training dataset?,2
1663,What is Machine Learning?,2
1663,What is supervised learning?,2
1663,What is overfitting?,2
1663,What is feature engineering?,2
1663,What is a training dataset?,2
1664,What is Machine Learning?,2
1664,What is supervised learning?,2
1664,What is overfitting?,2
1664,What is feature engineering?,2
1664,What is a training dataset?,2
1665,What is Machine Learning?,2
1665,What is supervised learning?,2
1665,What is overfitting?,2
1665,What is feature engineering?,2
1665,What is a training dataset?,2
1666,What is Machine Learning?,2
1666,What is supervised learning?,2
1666,What is overfitting?,2
1666,What is feature engineering?,2
1666,What is a training dataset?,2
1667,What is Machine Learning?,2
1667,What is supervised learning?,2
1667,What is overfitting?,2
1667,What is feature engineering?,2
1667,What is a training dataset?,2
1668,What is Machine Learning?,2
1668,What is supervised learning?,2
1668,What is overfitting?,2
1668,What is feature engineering?,2
1668,What is a training dataset?,2
1669,What is Machine Learning?,2
1669,What is supervised learning?,2
1669,What is overfitting?,2
1669,What is feature engineering?,2
1669,What is a training dataset?,2
1670,What is Machine Learning?,2
1670,What is supervised learning?,2
1670,What is overfitting?,2
1670,What is feature engineering?,2
1670,What is a training dataset?,2
1671,What is Machine Learning?,2
1671,What is supervised learning?,2
1671,What is overfitting?,2
1671,What is feature engineering?,2
1671,What is a training dataset?,2
1672,What is Machine Learning?,2
1672,What is supervised learning?,2
1672,What is overfitting?,2
1672,What is feature engineering?,2
1672,What is a training dataset?,2
1673,What is Machine Learning?,2
1673,What is supervised learning?,2
1673,What is overfitting?,2
1673,What is feature engineering?,2
1673,What is a training dataset?,2
1674,What is Machine Learning?,2
1674,What is supervised learning?,2
1674,What is overfitting?,2
1674,What is feature engineering?,2
1674,What is a training dataset?,2
1675,What is Machine Learning?,2
1675,What is supervised learning?,2
1675,What is overfitting?,2
1675,What is feature engineering?,2
1675,What is a training dataset?,2
1676,What is Machine Learning?,2
1676,What is supervised learning?,2
1676,What is overfitting?,2
1676,What is feature engineering?,2
1676,What is a training dataset?,2
1677,What is Machine Learning?,2
1677,What is supervised learning?,2
1677,What is overfitting?,2
1677,What is feature engineering?,2
1677,What is a training dataset?,2
1678,What is Machine Learning?,2
1678,What is supervised learning?,2
1678,What is overfitting?,2
1678,What is feature engineering?,2
1678,What is a training dataset?,2
1679,What is Machine Learning?,2
1679,What is supervised learning?,2
1679,What is overfitting?,2
1679,What is feature engineering?,2
1679,What is a training dataset?,2
1680,What is Machine Learning?,2
1680,What is supervised learning?,2
1680,What is overfitting?,2
1680,What is feature engineering?,2
1680,What is a training dataset?,2
1681,What is Machine Learning?,2
1681,What is supervised learning?,2
1681,What is overfitting?,2
1681,What is feature engineering?,2
1681,What is a training dataset?,2
1682,What is Machine Learning?,2
1682,What is supervised learning?,2
1682,What is overfitting?,2
1682,What is feature engineering?,2
1682,What is a training dataset?,2
1683,What is Machine Learning?,2
1683,What is supervised learning?,2
1683,What is overfitting?,2
1683,What is feature engineering?,2
1683,What is a training dataset?,2
1684,What is Machine Learning?,2
1684,What is supervised learning?,2
1684,What is overfitting?,2
1684,What is feature engineering?,2
1684,What is a training dataset?,2
1685,What is Machine Learning?,2
1685,What is supervised learning?,2
1685,What is overfitting?,2
1685,What is feature engineering?,2
1685,What is a training dataset?,2
1686,What is Machine Learning?,2
1686,What is supervised learning?,2
1686,What is overfitting?,2
1686,What is feature engineering?,2
1686,What is a training dataset?,2
1687,What is Machine Learning?,2
1687,What is supervised learning?,2
1687,What is overfitting?,2
1687,What is feature engineering?,2
1687,What is a training dataset?,2
1688,What is Machine Learning?,2
1688,What is supervised learning?,2
1688,What is overfitting?,2
1688,What is feature engineering?,2
1688,What is a training dataset?,2
1689,What is Machine Learning?,2
1689,What is supervised learning?,2
1689,What is overfitting?,2
1689,What is feature engineering?,2
1689,What is a training dataset?,2
1690,What is Machine Learning?,2
1690,What is supervised learning?,2
1690,What is overfitting?,2
1690,What is feature engineering?,2
1690,What is a training dataset?,2
1691,What is Machine Learning?,2
1691,What is supervised learning?,2
1691,What is overfitting?,2
1691,What is feature engineering?,2
1691,What is a training dataset?,2
1692,What is Machine Learning?,2
1692,What is supervised learning?,2
1692,What is overfitting?,2
1692,What is feature engineering?,2
1692,What is a training dataset?,2
1693,What is Machine Learning?,2
1693,What is supervised learning?,2
1693,What is overfitting?,2
1693,What is feature engineering?,2
1693,What is a training dataset?,2
1694,What is Machine Learning?,2
1694,What is supervised learning?,2
1694,What is overfitting?,2
1694,What is feature engineering?,2
1694,What is a training dataset?,2
1695,What is Machine Learning?,2
1695,What is supervised learning?,2
1695,What is overfitting?,2
1695,What is feature engineering?,2
1695,What is a training dataset?,2
1696,What is Machine Learning?,2
1696,What is supervised learning?,2
1696,What is overfitting?,2
1696,What is feature engineering?,2
1696,What is a training dataset?,2
1697,What is Machine Learning?,2
1697,What is supervised learning?,2
1697,What is overfitting?,2
1697,What is feature engineering?,2
1697,What is a training dataset?,2
1698,What is Machine Learning?,2
1698,What is supervised learning?,2
1698,What is overfitting?,2
1698,What is feature engineering?,2
1698,What is a training dataset?,2
1699,What is Machine Learning?,2
1699,What is supervised learning?,2
1699,What is overfitting?,2
1699,What is feature engineering?,2
1699,What is a training dataset?,2
1700,What is Machine Learning?,2
1700,What is supervised learning?,2
1700,What is overfitting?,2
1700,What is feature engineering?,2
1700,What is a training dataset?,2
1701,What is Machine Learning?,2
1701,What is supervised learning?,2
1701,What is overfitting?,2
1701,What is feature engineering?,2
1701,What is a training dataset?,2
1702,What is Machine Learning?,2
1702,What is supervised learning?,2
1702,What is overfitting?,2
1702,What is feature engineering?,2
1702,What is a training dataset?,2
1703,What is Machine Learning?,2
1703,What is supervised learning?,2
1703,What is overfitting?,2
1703,What is feature engineering?,2
1703,What is a training dataset?,2
1704,What is Machine Learning?,2
1704,What is supervised learning?,2
1704,What is overfitting?,2
1704,What is feature engineering?,2
1704,What is a training dataset?,2
1705,What is Machine Learning?,2
1705,What is supervised learning?,2
1705,What is overfitting?,2
1705,What is feature engineering?,2
1705,What is a training dataset?,2
1706,What is Machine Learning?,2
1706,What is supervised learning?,2
1706,What is overfitting?,2
1706,What is feature engineering?,2
1706,What is a training dataset?,2
1707,What is Machine Learning?,2
1707,What is supervised learning?,2
1707,What is overfitting?,2
1707,What is feature engineering?,2
1707,What is a training dataset?,2
1708,What is Machine Learning?,2
1708,What is supervised learning?,2
1708,What is overfitting?,2
1708,What is feature engineering?,2
1708,What is a training dataset?,2
1709,What is Machine Learning?,2
1709,What is supervised learning?,2
1709,What is overfitting?,2
1709,What is feature engineering?,2
1709,What is a training dataset?,2
1710,What is Machine Learning?,2
1710,What is supervised learning?,2
1710,What is overfitting?,2
1710,What is feature engineering?,2
1710,What is a training dataset?,2
1711,What is Machine Learning?,2
1711,What is supervised learning?,2
1711,What is overfitting?,2
1711,What is feature engineering?,2
1711,What is a training dataset?,2
1712,What is Machine Learning?,2
1712,What is supervised learning?,2
1712,What is overfitting?,2
1712,What is feature engineering?,2
1712,What is a training dataset?,2
1713,What is Machine Learning?,2
1713,What is supervised learning?,2
1713,What is overfitting?,2
1713,What is feature engineering?,2
1713,What is a training dataset?,2
1714,What is Machine Learning?,2
1714,What is supervised learning?,2
1714,What is overfitting?,2
1714,What is feature engineering?,2
1714,What is a training dataset?,2
1715,What is Machine Learning?,2
1715,What is supervised learning?,2
1715,What is overfitting?,2
1715,What is feature engineering?,2
1715,What is a training dataset?,2
1716,What is Machine Learning?,2
1716,What is supervised learning?,2
1716,What is overfitting?,2
1716,What is feature engineering?,2
1716,What is a training dataset?,2
1717,What is Machine Learning?,2
1717,What is supervised learning?,2
1717,What is overfitting?,2
1717,What is feature engineering?,2
1717,What is a training dataset?,2
1718,What is Machine Learning?,2
1718,What is supervised learning?,2
1718,What is overfitting?,2
1718,What is feature engineering?,2
1718,What is a training dataset?,2
1719,What is Machine Learning?,2
1719,What is supervised learning?,2
1719,What is overfitting?,2
1719,What is feature engineering?,2
1719,What is a training dataset?,2
1720,What is Machine Learning?,2
1720,What is supervised learning?,2
1720,What is overfitting?,2
1720,What is feature engineering?,2
1720,What is a training dataset?,2
1721,What is Machine Learning?,2
1721,What is supervised learning?,2
1721,What is overfitting?,2
1721,What is feature engineering?,2
1721,What is a training dataset?,2
1722,What is Machine Learning?,2
1722,What is supervised learning?,2
1722,What is overfitting?,2
1722,What is feature engineering?,2
1722,What is a training dataset?,2
1723,What is Machine Learning?,2
1723,What is supervised learning?,2
1723,What is overfitting?,2
1723,What is feature engineering?,2
1723,What is a training dataset?,2
1724,What is Machine Learning?,2
1724,What is supervised learning?,2
1724,What is overfitting?,2
1724,What is feature engineering?,2
1724,What is a training dataset?,2
1725,What is Machine Learning?,2
1725,What is supervised learning?,2
1725,What is overfitting?,2
1725,What is feature engineering?,2
1725,What is a training dataset?,2
1726,What is Machine Learning?,2
1726,What is supervised learning?,2
1726,What is overfitting?,2
1726,What is feature engineering?,2
1726,What is a training dataset?,2
1727,What is Machine Learning?,2
1727,What is supervised learning?,2
1727,What is overfitting?,2
1727,What is feature engineering?,2
1727,What is a training dataset?,2
1728,What is Machine Learning?,2
1728,What is supervised learning?,2
1728,What is overfitting?,2
1728,What is feature engineering?,2
1728,What is a training dataset?,2
1729,What is Machine Learning?,2
1729,What is supervised learning?,2
1729,What is overfitting?,2
1729,What is feature engineering?,2
1729,What is a training dataset?,2
1730,What is Machine Learning?,2
1730,What is supervised learning?,2
1730,What is overfitting?,2
1730,What is feature engineering?,2
1730,What is a training dataset?,2
1731,What is Machine Learning?,2
1731,What is supervised learning?,2
1731,What is overfitting?,2
1731,What is feature engineering?,2
1731,What is a training dataset?,2
1732,What is Machine Learning?,2
1732,What is supervised learning?,2
1732,What is overfitting?,2
1732,What is feature engineering?,2
1732,What is a training dataset?,2
1733,What is Machine Learning?,2
1733,What is supervised learning?,2
1733,What is overfitting?,2
1733,What is feature engineering?,2
1733,What is a training dataset?,2
1734,What is Machine Learning?,2
1734,What is supervised learning?,2
1734,What is overfitting?,2
1734,What is feature engineering?,2
1734,What is a training dataset?,2
1735,What is Machine Learning?,2
1735,What is supervised learning?,2
1735,What is overfitting?,2
1735,What is feature engineering?,2
1735,What is a training dataset?,2
1736,What is Machine Learning?,2
1736,What is supervised learning?,2
1736,What is overfitting?,2
1736,What is feature engineering?,2
1736,What is a training dataset?,2
1737,What is Machine Learning?,2
1737,What is supervised learning?,2
1737,What is overfitting?,2
1737,What is feature engineering?,2
1737,What is a training dataset?,2
1738,What is Machine Learning?,2
1738,What is supervised learning?,2
1738,What is overfitting?,2
1738,What is feature engineering?,2
1738,What is a training dataset?,2
1739,What is Machine Learning?,2
1739,What is supervised learning?,2
1739,What is overfitting?,2
1739,What is feature engineering?,2
1739,What is a training dataset?,2
1740,What is Machine Learning?,2
1740,What is supervised learning?,2
1740,What is overfitting?,2
1740,What is feature engineering?,2
1740,What is a training dataset?,2
1741,What is Machine Learning?,2
1741,What is supervised learning?,2
1741,What is overfitting?,2
1741,What is feature engineering?,2
1741,What is a training dataset?,2
1742,What is Machine Learning?,2
1742,What is supervised learning?,2
1742,What is overfitting?,2
1742,What is feature engineering?,2
1742,What is a training dataset?,2
1743,What is Machine Learning?,2
1743,What is supervised learning?,2
1743,What is overfitting?,2
1743,What is feature engineering?,2
1743,What is a training dataset?,2
1744,What is Machine Learning?,2
1744,What is supervised learning?,2
1744,What is overfitting?,2
1744,What is feature engineering?,2
1744,What is a training dataset?,2
1745,What is Machine Learning?,2
1745,What is supervised learning?,2
1745,What is overfitting?,2
1745,What is feature engineering?,2
1745,What is a training dataset?,2
1746,What is Machine Learning?,2
1746,What is supervised learning?,2
1746,What is overfitting?,2
1746,What is feature engineering?,2
1746,What is a training dataset?,2
1747,What is Machine Learning?,2
1747,What is supervised learning?,2
1747,What is overfitting?,2
1747,What is feature engineering?,2
1747,What is a training dataset?,2
1748,What is Machine Learning?,2
1748,What is supervised learning?,2
1748,What is overfitting?,2
1748,What is feature engineering?,2
1748,What is a training dataset?,2
1749,What is Machine Learning?,2
1749,What is supervised learning?,2
1749,What is overfitting?,2
1749,What is feature engineering?,2
1749,What is a training dataset?,2
1750,What is Machine Learning?,2
1750,What is supervised learning?,2
1750,What is overfitting?,2
1750,What is feature engineering?,2
1750,What is a training dataset?,2
1751,What is Machine Learning?,2
1751,What is supervised learning?,2
1751,What is overfitting?,2
1751,What is feature engineering?,2
1751,What is a training dataset?,2
1752,What is Machine Learning?,2
1752,What is supervised learning?,2
1752,What is overfitting?,2
1752,What is feature engineering?,2
1752,What is a training dataset?,2
1753,What is Machine Learning?,2
1753,What is supervised learning?,2
1753,What is overfitting?,2
1753,What is feature engineering?,2
1753,What is a training dataset?,2
1754,What is Machine Learning?,2
1754,What is supervised learning?,2
1754,What is overfitting?,2
1754,What is feature engineering?,2
1754,What is a training dataset?,2
1755,What is Machine Learning?,2
1755,What is supervised learning?,2
1755,What is overfitting?,2
1755,What is feature engineering?,2
1755,What is a training dataset?,2
1756,What is Machine Learning?,2
1756,What is supervised learning?,2
1756,What is overfitting?,2
1756,What is feature engineering?,2
1756,What is a training dataset?,2
1757,What is Machine Learning?,2
1757,What is supervised learning?,2
1757,What is overfitting?,2
1757,What is feature engineering?,2
1757,What is a training dataset?,2
1758,What is Machine Learning?,2
1758,What is supervised learning?,2
1758,What is overfitting?,2
1758,What is feature engineering?,2
1758,What is a training dataset?,2
1759,What is Machine Learning?,2
1759,What is supervised learning?,2
1759,What is overfitting?,2
1759,What is feature engineering?,2
1759,What is a training dataset?,2
1760,What is Machine Learning?,2
1760,What is supervised learning?,2
1760,What is overfitting?,2
1760,What is feature engineering?,2
1760,What is a training dataset?,2
1761,What is Machine Learning?,2
1761,What is supervised learning?,2
1761,What is overfitting?,2
1761,What is feature engineering?,2
1761,What is a training dataset?,2
1762,What is Machine Learning?,2
1762,What is supervised learning?,2
1762,What is overfitting?,2
1762,What is feature engineering?,2
1762,What is a training dataset?,2
1763,What is Machine Learning?,2
1763,What is supervised learning?,2
1763,What is overfitting?,2
1763,What is feature engineering?,2
1763,What is a training dataset?,2
1764,What is Machine Learning?,2
1764,What is supervised learning?,2
1764,What is overfitting?,2
1764,What is feature engineering?,2
1764,What is a training dataset?,2
1765,What is Machine Learning?,2
1765,What is supervised learning?,2
1765,What is overfitting?,2
1765,What is feature engineering?,2
1765,What is a training dataset?,2
1766,What is Machine Learning?,2
1766,What is supervised learning?,2
1766,What is overfitting?,2
1766,What is feature engineering?,2
1766,What is a training dataset?,2
1767,What is Machine Learning?,2
1767,What is supervised learning?,2
1767,What is overfitting?,2
1767,What is feature engineering?,2
1767,What is a training dataset?,2
1768,What is Machine Learning?,2
1768,What is supervised learning?,2
1768,What is overfitting?,2
1768,What is feature engineering?,2
1768,What is a training dataset?,2
1769,What is Machine Learning?,2
1769,What is supervised learning?,2
1769,What is overfitting?,2
1769,What is feature engineering?,2
1769,What is a training dataset?,2
1770,What is Machine Learning?,2
1770,What is supervised learning?,2
1770,What is overfitting?,2
1770,What is feature engineering?,2
1770,What is a training dataset?,2
1771,What is Machine Learning?,2
1771,What is supervised learning?,2
1771,What is overfitting?,2
1771,What is feature engineering?,2
1771,What is a training dataset?,2
1772,What is Machine Learning?,2
1772,What is supervised learning?,2
1772,What is overfitting?,2
1772,What is feature engineering?,2
1772,What is a training dataset?,2
1773,What is Machine Learning?,2
1773,What is supervised learning?,2
1773,What is overfitting?,2
1773,What is feature engineering?,2
1773,What is a training dataset?,2
1774,What is Machine Learning?,2
1774,What is supervised learning?,2
1774,What is overfitting?,2
1774,What is feature engineering?,2
1774,What is a training dataset?,2
1775,What is Machine Learning?,2
1775,What is supervised learning?,2
1775,What is overfitting?,2
1775,What is feature engineering?,2
1775,What is a training dataset?,2
1776,What is Machine Learning?,2
1776,What is supervised learning?,2
1776,What is overfitting?,2
1776,What is feature engineering?,2
1776,What is a training dataset?,2
1777,What is Machine Learning?,2
1777,What is supervised learning?,2
1777,What is overfitting?,2
1777,What is feature engineering?,2
1777,What is a training dataset?,2
1778,What is Machine Learning?,2
1778,What is supervised learning?,2
1778,What is overfitting?,2
1778,What is feature engineering?,2
1778,What is a training dataset?,2
1779,What is Machine Learning?,2
1779,What is supervised learning?,2
1779,What is overfitting?,2
1779,What is feature engineering?,2
1779,What is a training dataset?,2
1780,What is Machine Learning?,2
1780,What is supervised learning?,2
1780,What is overfitting?,2
1780,What is feature engineering?,2
1780,What is a training dataset?,2
1781,What is Machine Learning?,2
1781,What is supervised learning?,2
1781,What is overfitting?,2
1781,What is feature engineering?,2
1781,What is a training dataset?,2
1782,What is Machine Learning?,2
1782,What is supervised learning?,2
1782,What is overfitting?,2
1782,What is feature engineering?,2
1782,What is a training dataset?,2
1783,What is Machine Learning?,2
1783,What is supervised learning?,2
1783,What is overfitting?,2
1783,What is feature engineering?,2
1783,What is a training dataset?,2
1784,What is Machine Learning?,2
1784,What is supervised learning?,2
1784,What is overfitting?,2
1784,What is feature engineering?,2
1784,What is a training dataset?,2
1785,What is Machine Learning?,2
1785,What is supervised learning?,2
1785,What is overfitting?,2
1785,What is feature engineering?,2
1785,What is a training dataset?,2
1786,What is Machine Learning?,2
1786,What is supervised learning?,2
1786,What is overfitting?,2
1786,What is feature engineering?,2
1786,What is a training dataset?,2
1787,What is Machine Learning?,2
1787,What is supervised learning?,2
1787,What is overfitting?,2
1787,What is feature engineering?,2
1787,What is a training dataset?,2
1788,What is Machine Learning?,2
1788,What is supervised learning?,2
1788,What is overfitting?,2
1788,What is feature engineering?,2
1788,What is a training dataset?,2
1789,What is Machine Learning?,2
1789,What is supervised learning?,2
1789,What is overfitting?,2
1789,What is feature engineering?,2
1789,What is a training dataset?,2
1790,What is Machine Learning?,2
1790,What is supervised learning?,2
1790,What is overfitting?,2
1790,What is feature engineering?,2
1790,What is a training dataset?,2
1791,What is Machine Learning?,2
1791,What is supervised learning?,2
1791,What is overfitting?,2
1791,What is feature engineering?,2
1791,What is a training dataset?,2
1792,What is Machine Learning?,2
1792,What is supervised learning?,2
1792,What is overfitting?,2
1792,What is feature engineering?,2
1792,What is a training dataset?,2
1793,What is Machine Learning?,2
1793,What is supervised learning?,2
1793,What is overfitting?,2
1793,What is feature engineering?,2
1793,What is a training dataset?,2
1794,What is Machine Learning?,2
1794,What is supervised learning?,2
1794,What is overfitting?,2
1794,What is feature engineering?,2
1794,What is a training dataset?,2
1795,What is Machine Learning?,2
1795,What is supervised learning?,2
1795,What is overfitting?,2
1795,What is feature engineering?,2
1795,What is a training dataset?,2
1796,What is Machine Learning?,2
1796,What is supervised learning?,2
1796,What is overfitting?,2
1796,What is feature engineering?,2
1796,What is a training dataset?,2
1797,What is Machine Learning?,2
1797,What is supervised learning?,2
1797,What is overfitting?,2
1797,What is feature engineering?,2
1797,What is a training dataset?,2
1798,What is Machine Learning?,2
1798,What is supervised learning?,2
1798,What is overfitting?,2
1798,What is feature engineering?,2
1798,What is a training dataset?,2
1799,What is Machine Learning?,2
1799,What is supervised learning?,2
1799,What is overfitting?,2
1799,What is feature engineering?,2
1799,What is a training dataset?,2
1800,What is Machine Learning?,2
1800,What is supervised learning?,2
1800,What is overfitting?,2
1800,What is feature engineering?,2
1800,What is a training dataset?,2
1801,What is the main concept of this topic?,2
1801,Explain the key features.,2
1801,Give one real-world example.,2
1801,What are the advantages?,2
1801,What are the best practices?,2
1802,What is the main concept of this topic?,2
1802,Explain the key features.,2
1802,Give one real-world example.,2
1802,What are the advantages?,2
1802,What are the best practices?,2
1803,What is the main concept of this topic?,2
1803,Explain the key features.,2
1803,Give one real-world example.,2
1803,What are the advantages?,2
1803,What are the best practices?,2
1804,What is the main concept of this topic?,2
1804,Explain the key features.,2
1804,Give one real-world example.,2
1804,What are the advantages?,2
1804,What are the best practices?,2
1805,What is the main concept of this topic?,2
1805,Explain the key features.,2
1805,Give one real-world example.,2
1805,What are the advantages?,2
1805,What are the best practices?,2
1806,What is the main concept of this topic?,2
1806,Explain the key features.,2
1806,Give one real-world example.,2
1806,What are the advantages?,2
1806,What are the best practices?,2
1807,What is the main concept of this topic?,2
1807,Explain the key features.,2
1807,Give one real-world example.,2
1807,What are the advantages?,2
1807,What are the best practices?,2
1808,What is the main concept of this topic?,2
1808,Explain the key features.,2
1808,Give one real-world example.,2
1808,What are the advantages?,2
1808,What are the best practices?,2
1809,What is the main concept of this topic?,2
1809,Explain the key features.,2
1809,Give one real-world example.,2
1809,What are the advantages?,2
1809,What are the best practices?,2
1810,What is the main concept of this topic?,2
1810,Explain the key features.,2
1810,Give one real-world example.,2
1810,What are the advantages?,2
1810,What are the best practices?,2
1811,What is the main concept of this topic?,2
1811,Explain the key features.,2
1811,Give one real-world example.,2
1811,What are the advantages?,2
1811,What are the best practices?,2
1812,What is the main concept of this topic?,2
1812,Explain the key features.,2
1812,Give one real-world example.,2
1812,What are the advantages?,2
1812,What are the best practices?,2
1813,What is the main concept of this topic?,2
1813,Explain the key features.,2
1813,Give one real-world example.,2
1813,What are the advantages?,2
1813,What are the best practices?,2
1814,What is the main concept of this topic?,2
1814,Explain the key features.,2
1814,Give one real-world example.,2
1814,What are the advantages?,2
1814,What are the best practices?,2
1815,What is the main concept of this topic?,2
1815,Explain the key features.,2
1815,Give one real-world example.,2
1815,What are the advantages?,2
1815,What are the best practices?,2
1816,What is the main concept of this topic?,2
1816,Explain the key features.,2
1816,Give one real-world example.,2
1816,What are the advantages?,2
1816,What are the best practices?,2
1817,What is the main concept of this topic?,2
1817,Explain the key features.,2
1817,Give one real-world example.,2
1817,What are the advantages?,2
1817,What are the best practices?,2
1818,What is the main concept of this topic?,2
1818,Explain the key features.,2
1818,Give one real-world example.,2
1818,What are the advantages?,2
1818,What are the best practices?,2
1819,What is the main concept of this topic?,2
1819,Explain the key features.,2
1819,Give one real-world example.,2
1819,What are the advantages?,2
1819,What are the best practices?,2
1820,What is the main concept of this topic?,2
1820,Explain the key features.,2
1820,Give one real-world example.,2
1820,What are the advantages?,2
1820,What are the best practices?,2
1821,What is the main concept of this topic?,2
1821,Explain the key features.,2
1821,Give one real-world example.,2
1821,What are the advantages?,2
1821,What are the best practices?,2
1822,What is the main concept of this topic?,2
1822,Explain the key features.,2
1822,Give one real-world example.,2
1822,What are the advantages?,2
1822,What are the best practices?,2
1823,What is the main concept of this topic?,2
1823,Explain the key features.,2
1823,Give one real-world example.,2
1823,What are the advantages?,2
1823,What are the best practices?,2
1824,What is the main concept of this topic?,2
1824,Explain the key features.,2
1824,Give one real-world example.,2
1824,What are the advantages?,2
1824,What are the best practices?,2
1825,What is the main concept of this topic?,2
1825,Explain the key features.,2
1825,Give one real-world example.,2
1825,What are the advantages?,2
1825,What are the best practices?,2
1826,What is the main concept of this topic?,2
1826,Explain the key features.,2
1826,Give one real-world example.,2
1826,What are the advantages?,2
1826,What are the best practices?,2
1827,What is the main concept of this topic?,2
1827,Explain the key features.,2
1827,Give one real-world example.,2
1827,What are the advantages?,2
1827,What are the best practices?,2
1828,What is the main concept of this topic?,2
1828,Explain the key features.,2
1828,Give one real-world example.,2
1828,What are the advantages?,2
1828,What are the best practices?,2
1829,What is the main concept of this topic?,2
1829,Explain the key features.,2
1829,Give one real-world example.,2
1829,What are the advantages?,2
1829,What are the best practices?,2
1830,What is the main concept of this topic?,2
1830,Explain the key features.,2
1830,Give one real-world example.,2
1830,What are the advantages?,2
1830,What are the best practices?,2
1831,What is the main concept of this topic?,2
1831,Explain the key features.,2
1831,Give one real-world example.,2
1831,What are the advantages?,2
1831,What are the best practices?,2
1832,What is the main concept of this topic?,2
1832,Explain the key features.,2
1832,Give one real-world example.,2
1832,What are the advantages?,2
1832,What are the best practices?,2
1833,What is the main concept of this topic?,2
1833,Explain the key features.,2
1833,Give one real-world example.,2
1833,What are the advantages?,2
1833,What are the best practices?,2
1834,What is the main concept of this topic?,2
1834,Explain the key features.,2
1834,Give one real-world example.,2
1834,What are the advantages?,2
1834,What are the best practices?,2
1835,What is the main concept of this topic?,2
1835,Explain the key features.,2
1835,Give one real-world example.,2
1835,What are the advantages?,2
1835,What are the best practices?,2
1836,What is the main concept of this topic?,2
1836,Explain the key features.,2
1836,Give one real-world example.,2
1836,What are the advantages?,2
1836,What are the best practices?,2
1837,What is the main concept of this topic?,2
1837,Explain the key features.,2
1837,Give one real-world example.,2
1837,What are the advantages?,2
1837,What are the best practices?,2
1838,What is the main concept of this topic?,2
1838,Explain the key features.,2
1838,Give one real-world example.,2
1838,What are the advantages?,2
1838,What are the best practices?,2
1839,What is the main concept of this topic?,2
1839,Explain the key features.,2
1839,Give one real-world example.,2
1839,What are the advantages?,2
1839,What are the best practices?,2
1840,What is the main concept of this topic?,2
1840,Explain the key features.,2
1840,Give one real-world example.,2
1840,What are the advantages?,2
1840,What are the best practices?,2
1841,What is the main concept of this topic?,2
1841,Explain the key features.,2
1841,Give one real-world example.,2
1841,What are the advantages?,2
1841,What are the best practices?,2
1842,What is the main concept of this topic?,2
1842,Explain the key features.,2
1842,Give one real-world example.,2
1842,What are the advantages?,2
1842,What are the best practices?,2
1843,What is the main concept of this topic?,2
1843,Explain the key features.,2
1843,Give one real-world example.,2
1843,What are the advantages?,2
1843,What are the best practices?,2
1844,What is the main concept of this topic?,2
1844,Explain the key features.,2
1844,Give one real-world example.,2
1844,What are the advantages?,2
1844,What are the best practices?,2
1845,What is the main concept of this topic?,2
1845,Explain the key features.,2
1845,Give one real-world example.,2
1845,What are the advantages?,2
1845,What are the best practices?,2
1846,What is the main concept of this topic?,2
1846,Explain the key features.,2
1846,Give one real-world example.,2
1846,What are the advantages?,2
1846,What are the best practices?,2
1847,What is the main concept of this topic?,2
1847,Explain the key features.,2
1847,Give one real-world example.,2
1847,What are the advantages?,2
1847,What are the best practices?,2
1848,What is the main concept of this topic?,2
1848,Explain the key features.,2
1848,Give one real-world example.,2
1848,What are the advantages?,2
1848,What are the best practices?,2
1849,What is the main concept of this topic?,2
1849,Explain the key features.,2
1849,Give one real-world example.,2
1849,What are the advantages?,2
1849,What are the best practices?,2
1850,What is the main concept of this topic?,2
1850,Explain the key features.,2
1850,Give one real-world example.,2
1850,What are the advantages?,2
1850,What are the best practices?,2
1851,What is the main concept of this topic?,2
1851,Explain the key features.,2
1851,Give one real-world example.,2
1851,What are the advantages?,2
1851,What are the best practices?,2
1852,What is the main concept of this topic?,2
1852,Explain the key features.,2
1852,Give one real-world example.,2
1852,What are the advantages?,2
1852,What are the best practices?,2
1853,What is the main concept of this topic?,2
1853,Explain the key features.,2
1853,Give one real-world example.,2
1853,What are the advantages?,2
1853,What are the best practices?,2
1854,What is the main concept of this topic?,2
1854,Explain the key features.,2
1854,Give one real-world example.,2
1854,What are the advantages?,2
1854,What are the best practices?,2
1855,What is the main concept of this topic?,2
1855,Explain the key features.,2
1855,Give one real-world example.,2
1855,What are the advantages?,2
1855,What are the best practices?,2
1856,What is the main concept of this topic?,2
1856,Explain the key features.,2
1856,Give one real-world example.,2
1856,What are the advantages?,2
1856,What are the best practices?,2
1857,What is the main concept of this topic?,2
1857,Explain the key features.,2
1857,Give one real-world example.,2
1857,What are the advantages?,2
1857,What are the best practices?,2
1858,What is the main concept of this topic?,2
1858,Explain the key features.,2
1858,Give one real-world example.,2
1858,What are the advantages?,2
1858,What are the best practices?,2
1859,What is the main concept of this topic?,2
1859,Explain the key features.,2
1859,Give one real-world example.,2
1859,What are the advantages?,2
1859,What are the best practices?,2
1860,What is the main concept of this topic?,2
1860,Explain the key features.,2
1860,Give one real-world example.,2
1860,What are the advantages?,2
1860,What are the best practices?,2
1861,What is the main concept of this topic?,2
1861,Explain the key features.,2
1861,Give one real-world example.,2
1861,What are the advantages?,2
1861,What are the best practices?,2
1862,What is the main concept of this topic?,2
1862,Explain the key features.,2
1862,Give one real-world example.,2
1862,What are the advantages?,2
1862,What are the best practices?,2
1863,What is the main concept of this topic?,2
1863,Explain the key features.,2
1863,Give one real-world example.,2
1863,What are the advantages?,2
1863,What are the best practices?,2
1864,What is the main concept of this topic?,2
1864,Explain the key features.,2
1864,Give one real-world example.,2
1864,What are the advantages?,2
1864,What are the best practices?,2
1865,What is the main concept of this topic?,2
1865,Explain the key features.,2
1865,Give one real-world example.,2
1865,What are the advantages?,2
1865,What are the best practices?,2
1866,What is the main concept of this topic?,2
1866,Explain the key features.,2
1866,Give one real-world example.,2
1866,What are the advantages?,2
1866,What are the best practices?,2
1867,What is the main concept of this topic?,2
1867,Explain the key features.,2
1867,Give one real-world example.,2
1867,What are the advantages?,2
1867,What are the best practices?,2
1868,What is the main concept of this topic?,2
1868,Explain the key features.,2
1868,Give one real-world example.,2
1868,What are the advantages?,2
1868,What are the best practices?,2
1869,What is the main concept of this topic?,2
1869,Explain the key features.,2
1869,Give one real-world example.,2
1869,What are the advantages?,2
1869,What are the best practices?,2
1870,What is the main concept of this topic?,2
1870,Explain the key features.,2
1870,Give one real-world example.,2
1870,What are the advantages?,2
1870,What are the best practices?,2
1871,What is the main concept of this topic?,2
1871,Explain the key features.,2
1871,Give one real-world example.,2
1871,What are the advantages?,2
1871,What are the best practices?,2
1872,What is the main concept of this topic?,2
1872,Explain the key features.,2
1872,Give one real-world example.,2
1872,What are the advantages?,2
1872,What are the best practices?,2
1873,What is the main concept of this topic?,2
1873,Explain the key features.,2
1873,Give one real-world example.,2
1873,What are the advantages?,2
1873,What are the best practices?,2
1874,What is the main concept of this topic?,2
1874,Explain the key features.,2
1874,Give one real-world example.,2
1874,What are the advantages?,2
1874,What are the best practices?,2
1875,What is the main concept of this topic?,2
1875,Explain the key features.,2
1875,Give one real-world example.,2
1875,What are the advantages?,2
1875,What are the best practices?,2
1876,What is the main concept of this topic?,2
1876,Explain the key features.,2
1876,Give one real-world example.,2
1876,What are the advantages?,2
1876,What are the best practices?,2
1877,What is the main concept of this topic?,2
1877,Explain the key features.,2
1877,Give one real-world example.,2
1877,What are the advantages?,2
1877,What are the best practices?,2
1878,What is the main concept of this topic?,2
1878,Explain the key features.,2
1878,Give one real-world example.,2
1878,What are the advantages?,2
1878,What are the best practices?,2
1879,What is the main concept of this topic?,2
1879,Explain the key features.,2
1879,Give one real-world example.,2
1879,What are the advantages?,2
1879,What are the best practices?,2
1880,What is the main concept of this topic?,2
1880,Explain the key features.,2
1880,Give one real-world example.,2
1880,What are the advantages?,2
1880,What are the best practices?,2
1881,What is the main concept of this topic?,2
1881,Explain the key features.,2
1881,Give one real-world example.,2
1881,What are the advantages?,2
1881,What are the best practices?,2
1882,What is the main concept of this topic?,2
1882,Explain the key features.,2
1882,Give one real-world example.,2
1882,What are the advantages?,2
1882,What are the best practices?,2
1883,What is the main concept of this topic?,2
1883,Explain the key features.,2
1883,Give one real-world example.,2
1883,What are the advantages?,2
1883,What are the best practices?,2
1884,What is the main concept of this topic?,2
1884,Explain the key features.,2
1884,Give one real-world example.,2
1884,What are the advantages?,2
1884,What are the best practices?,2
1885,What is the main concept of this topic?,2
1885,Explain the key features.,2
1885,Give one real-world example.,2
1885,What are the advantages?,2
1885,What are the best practices?,2
1886,What is the main concept of this topic?,2
1886,Explain the key features.,2
1886,Give one real-world example.,2
1886,What are the advantages?,2
1886,What are the best practices?,2
1887,What is the main concept of this topic?,2
1887,Explain the key features.,2
1887,Give one real-world example.,2
1887,What are the advantages?,2
1887,What are the best practices?,2
1888,What is the main concept of this topic?,2
1888,Explain the key features.,2
1888,Give one real-world example.,2
1888,What are the advantages?,2
1888,What are the best practices?,2
1889,What is the main concept of this topic?,2
1889,Explain the key features.,2
1889,Give one real-world example.,2
1889,What are the advantages?,2
1889,What are the best practices?,2
1890,What is the main concept of this topic?,2
1890,Explain the key features.,2
1890,Give one real-world example.,2
1890,What are the advantages?,2
1890,What are the best practices?,2
1891,What is the main concept of this topic?,2
1891,Explain the key features.,2
1891,Give one real-world example.,2
1891,What are the advantages?,2
1891,What are the best practices?,2
1892,What is the main concept of this topic?,2
1892,Explain the key features.,2
1892,Give one real-world example.,2
1892,What are the advantages?,2
1892,What are the best practices?,2
1893,What is the main concept of this topic?,2
1893,Explain the key features.,2
1893,Give one real-world example.,2
1893,What are the advantages?,2
1893,What are the best practices?,2
1894,What is the main concept of this topic?,2
1894,Explain the key features.,2
1894,Give one real-world example.,2
1894,What are the advantages?,2
1894,What are the best practices?,2
1895,What is the main concept of this topic?,2
1895,Explain the key features.,2
1895,Give one real-world example.,2
1895,What are the advantages?,2
1895,What are the best practices?,2
1896,What is the main concept of this topic?,2
1896,Explain the key features.,2
1896,Give one real-world example.,2
1896,What are the advantages?,2
1896,What are the best practices?,2
1897,What is the main concept of this topic?,2
1897,Explain the key features.,2
1897,Give one real-world example.,2
1897,What are the advantages?,2
1897,What are the best practices?,2
1898,What is the main concept of this topic?,2
1898,Explain the key features.,2
1898,Give one real-world example.,2
1898,What are the advantages?,2
1898,What are the best practices?,2
1899,What is the main concept of this topic?,2
1899,Explain the key features.,2
1899,Give one real-world example.,2
1899,What are the advantages?,2
1899,What are the best practices?,2
1900,What is the main concept of this topic?,2
1900,Explain the key features.,2
1900,Give one real-world example.,2
1900,What are the advantages?,2
1900,What are the best practices?,2
1901,What is the main concept of this topic?,2
1901,Explain the key features.,2
1901,Give one real-world example.,2
1901,What are the advantages?,2
1901,What are the best practices?,2
1902,What is the main concept of this topic?,2
1902,Explain the key features.,2
1902,Give one real-world example.,2
1902,What are the advantages?,2
1902,What are the best practices?,2
1903,What is the main concept of this topic?,2
1903,Explain the key features.,2
1903,Give one real-world example.,2
1903,What are the advantages?,2
1903,What are the best practices?,2
1904,What is the main concept of this topic?,2
1904,Explain the key features.,2
1904,Give one real-world example.,2
1904,What are the advantages?,2
1904,What are the best practices?,2
1905,What is the main concept of this topic?,2
1905,Explain the key features.,2
1905,Give one real-world example.,2
1905,What are the advantages?,2
1905,What are the best practices?,2
1906,What is the main concept of this topic?,2
1906,Explain the key features.,2
1906,Give one real-world example.,2
1906,What are the advantages?,2
1906,What are the best practices?,2
1907,What is the main concept of this topic?,2
1907,Explain the key features.,2
1907,Give one real-world example.,2
1907,What are the advantages?,2
1907,What are the best practices?,2
1908,What is the main concept of this topic?,2
1908,Explain the key features.,2
1908,Give one real-world example.,2
1908,What are the advantages?,2
1908,What are the best practices?,2
1909,What is the main concept of this topic?,2
1909,Explain the key features.,2
1909,Give one real-world example.,2
1909,What are the advantages?,2
1909,What are the best practices?,2
1910,What is the main concept of this topic?,2
1910,Explain the key features.,2
1910,Give one real-world example.,2
1910,What are the advantages?,2
1910,What are the best practices?,2
1911,What is the main concept of this topic?,2
1911,Explain the key features.,2
1911,Give one real-world example.,2
1911,What are the advantages?,2
1911,What are the best practices?,2
1912,What is the main concept of this topic?,2
1912,Explain the key features.,2
1912,Give one real-world example.,2
1912,What are the advantages?,2
1912,What are the best practices?,2
1913,What is the main concept of this topic?,2
1913,Explain the key features.,2
1913,Give one real-world example.,2
1913,What are the advantages?,2
1913,What are the best practices?,2
1914,What is the main concept of this topic?,2
1914,Explain the key features.,2
1914,Give one real-world example.,2
1914,What are the advantages?,2
1914,What are the best practices?,2
1915,What is the main concept of this topic?,2
1915,Explain the key features.,2
1915,Give one real-world example.,2
1915,What are the advantages?,2
1915,What are the best practices?,2
1916,What is the main concept of this topic?,2
1916,Explain the key features.,2
1916,Give one real-world example.,2
1916,What are the advantages?,2
1916,What are the best practices?,2
1917,What is the main concept of this topic?,2
1917,Explain the key features.,2
1917,Give one real-world example.,2
1917,What are the advantages?,2
1917,What are the best practices?,2
1918,What is the main concept of this topic?,2
1918,Explain the key features.,2
1918,Give one real-world example.,2
1918,What are the advantages?,2
1918,What are the best practices?,2
1919,What is the main concept of this topic?,2
1919,Explain the key features.,2
1919,Give one real-world example.,2
1919,What are the advantages?,2
1919,What are the best practices?,2
1920,What is the main concept of this topic?,2
1920,Explain the key features.,2
1920,Give one real-world example.,2
1920,What are the advantages?,2
1920,What are the best practices?,2
1921,What is the main concept of this topic?,2
1921,Explain the key features.,2
1921,Give one real-world example.,2
1921,What are the advantages?,2
1921,What are the best practices?,2
1922,What is the main concept of this topic?,2
1922,Explain the key features.,2
1922,Give one real-world example.,2
1922,What are the advantages?,2
1922,What are the best practices?,2
1923,What is the main concept of this topic?,2
1923,Explain the key features.,2
1923,Give one real-world example.,2
1923,What are the advantages?,2
1923,What are the best practices?,2
1924,What is the main concept of this topic?,2
1924,Explain the key features.,2
1924,Give one real-world example.,2
1924,What are the advantages?,2
1924,What are the best practices?,2
1925,What is the main concept of this topic?,2
1925,Explain the key features.,2
1925,Give one real-world example.,2
1925,What are the advantages?,2
1925,What are the best practices?,2
1926,What is the main concept of this topic?,2
1926,Explain the key features.,2
1926,Give one real-world example.,2
1926,What are the advantages?,2
1926,What are the best practices?,2
1927,What is the main concept of this topic?,2
1927,Explain the key features.,2
1927,Give one real-world example.,2
1927,What are the advantages?,2
1927,What are the best practices?,2
1928,What is the main concept of this topic?,2
1928,Explain the key features.,2
1928,Give one real-world example.,2
1928,What are the advantages?,2
1928,What are the best practices?,2
1929,What is the main concept of this topic?,2
1929,Explain the key features.,2
1929,Give one real-world example.,2
1929,What are the advantages?,2
1929,What are the best practices?,2
1930,What is the main concept of this topic?,2
1930,Explain the key features.,2
1930,Give one real-world example.,2
1930,What are the advantages?,2
1930,What are the best practices?,2
1931,What is the main concept of this topic?,2
1931,Explain the key features.,2
1931,Give one real-world example.,2
1931,What are the advantages?,2
1931,What are the best practices?,2
1932,What is the main concept of this topic?,2
1932,Explain the key features.,2
1932,Give one real-world example.,2
1932,What are the advantages?,2
1932,What are the best practices?,2
1933,What is the main concept of this topic?,2
1933,Explain the key features.,2
1933,Give one real-world example.,2
1933,What are the advantages?,2
1933,What are the best practices?,2
1934,What is the main concept of this topic?,2
1934,Explain the key features.,2
1934,Give one real-world example.,2
1934,What are the advantages?,2
1934,What are the best practices?,2
1935,What is the main concept of this topic?,2
1935,Explain the key features.,2
1935,Give one real-world example.,2
1935,What are the advantages?,2
1935,What are the best practices?,2
1936,What is the main concept of this topic?,2
1936,Explain the key features.,2
1936,Give one real-world example.,2
1936,What are the advantages?,2
1936,What are the best practices?,2
1937,What is the main concept of this topic?,2
1937,Explain the key features.,2
1937,Give one real-world example.,2
1937,What are the advantages?,2
1937,What are the best practices?,2
1938,What is the main concept of this topic?,2
1938,Explain the key features.,2
1938,Give one real-world example.,2
1938,What are the advantages?,2
1938,What are the best practices?,2
1939,What is the main concept of this topic?,2
1939,Explain the key features.,2
1939,Give one real-world example.,2
1939,What are the advantages?,2
1939,What are the best practices?,2
1940,What is the main concept of this topic?,2
1940,Explain the key features.,2
1940,Give one real-world example.,2
1940,What are the advantages?,2
1940,What are the best practices?,2
1941,What is the main concept of this topic?,2
1941,Explain the key features.,2
1941,Give one real-world example.,2
1941,What are the advantages?,2
1941,What are the best practices?,2
1942,What is the main concept of this topic?,2
1942,Explain the key features.,2
1942,Give one real-world example.,2
1942,What are the advantages?,2
1942,What are the best practices?,2
1943,What is the main concept of this topic?,2
1943,Explain the key features.,2
1943,Give one real-world example.,2
1943,What are the advantages?,2
1943,What are the best practices?,2
1944,What is the main concept of this topic?,2
1944,Explain the key features.,2
1944,Give one real-world example.,2
1944,What are the advantages?,2
1944,What are the best practices?,2
1945,What is the main concept of this topic?,2
1945,Explain the key features.,2
1945,Give one real-world example.,2
1945,What are the advantages?,2
1945,What are the best practices?,2
1946,What is the main concept of this topic?,2
1946,Explain the key features.,2
1946,Give one real-world example.,2
1946,What are the advantages?,2
1946,What are the best practices?,2
1947,What is the main concept of this topic?,2
1947,Explain the key features.,2
1947,Give one real-world example.,2
1947,What are the advantages?,2
1947,What are the best practices?,2
1948,What is the main concept of this topic?,2
1948,Explain the key features.,2
1948,Give one real-world example.,2
1948,What are the advantages?,2
1948,What are the best practices?,2
1949,What is the main concept of this topic?,2
1949,Explain the key features.,2
1949,Give one real-world example.,2
1949,What are the advantages?,2
1949,What are the best practices?,2
1950,What is the main concept of this topic?,2
1950,Explain the key features.,2
1950,Give one real-world example.,2
1950,What are the advantages?,2
1950,What are the best practices?,2
1951,What is the main concept of this topic?,2
1951,Explain the key features.,2
1951,Give one real-world example.,2
1951,What are the advantages?,2
1951,What are the best practices?,2
1952,What is the main concept of this topic?,2
1952,Explain the key features.,2
1952,Give one real-world example.,2
1952,What are the advantages?,2
1952,What are the best practices?,2
1953,What is the main concept of this topic?,2
1953,Explain the key features.,2
1953,Give one real-world example.,2
1953,What are the advantages?,2
1953,What are the best practices?,2
1954,What is the main concept of this topic?,2
1954,Explain the key features.,2
1954,Give one real-world example.,2
1954,What are the advantages?,2
1954,What are the best practices?,2
1955,What is the main concept of this topic?,2
1955,Explain the key features.,2
1955,Give one real-world example.,2
1955,What are the advantages?,2
1955,What are the best practices?,2
1956,What is the main concept of this topic?,2
1956,Explain the key features.,2
1956,Give one real-world example.,2
1956,What are the advantages?,2
1956,What are the best practices?,2
1957,What is the main concept of this topic?,2
1957,Explain the key features.,2
1957,Give one real-world example.,2
1957,What are the advantages?,2
1957,What are the best practices?,2
1958,What is the main concept of this topic?,2
1958,Explain the key features.,2
1958,Give one real-world example.,2
1958,What are the advantages?,2
1958,What are the best practices?,2
1959,What is the main concept of this topic?,2
1959,Explain the key features.,2
1959,Give one real-world example.,2
1959,What are the advantages?,2
1959,What are the best practices?,2
1960,What is the main concept of this topic?,2
1960,Explain the key features.,2
1960,Give one real-world example.,2
1960,What are the advantages?,2
1960,What are the best practices?,2
1961,What is the main concept of this topic?,2
1961,Explain the key features.,2
1961,Give one real-world example.,2
1961,What are the advantages?,2
1961,What are the best practices?,2
1962,What is the main concept of this topic?,2
1962,Explain the key features.,2
1962,Give one real-world example.,2
1962,What are the advantages?,2
1962,What are the best practices?,2
1963,What is the main concept of this topic?,2
1963,Explain the key features.,2
1963,Give one real-world example.,2
1963,What are the advantages?,2
1963,What are the best practices?,2
1964,What is the main concept of this topic?,2
1964,Explain the key features.,2
1964,Give one real-world example.,2
1964,What are the advantages?,2
1964,What are the best practices?,2
1965,What is the main concept of this topic?,2
1965,Explain the key features.,2
1965,Give one real-world example.,2
1965,What are the advantages?,2
1965,What are the best practices?,2
1966,What is the main concept of this topic?,2
1966,Explain the key features.,2
1966,Give one real-world example.,2
1966,What are the advantages?,2
1966,What are the best practices?,2
1967,What is the main concept of this topic?,2
1967,Explain the key features.,2
1967,Give one real-world example.,2
1967,What are the advantages?,2
1967,What are the best practices?,2
1968,What is the main concept of this topic?,2
1968,Explain the key features.,2
1968,Give one real-world example.,2
1968,What are the advantages?,2
1968,What are the best practices?,2
1969,What is the main concept of this topic?,2
1969,Explain the key features.,2
1969,Give one real-world example.,2
1969,What are the advantages?,2
1969,What are the best practices?,2
1970,What is the main concept of this topic?,2
1970,Explain the key features.,2
1970,Give one real-world example.,2
1970,What are the advantages?,2
1970,What are the best practices?,2
1971,What is the main concept of this topic?,2
1971,Explain the key features.,2
1971,Give one real-world example.,2
1971,What are the advantages?,2
1971,What are the best practices?,2
1972,What is the main concept of this topic?,2
1972,Explain the key features.,2
1972,Give one real-world example.,2
1972,What are the advantages?,2
1972,What are the best practices?,2
1973,What is the main concept of this topic?,2
1973,Explain the key features.,2
1973,Give one real-world example.,2
1973,What are the advantages?,2
1973,What are the best practices?,2
1974,What is the main concept of this topic?,2
1974,Explain the key features.,2
1974,Give one real-world example.,2
1974,What are the advantages?,2
1974,What are the best practices?,2
1975,What is the main concept of this topic?,2
1975,Explain the key features.,2
1975,Give one real-world example.,2
1975,What are the advantages?,2
1975,What are the best practices?,2
1976,What is the main concept of this topic?,2
1976,Explain the key features.,2
1976,Give one real-world example.,2
1976,What are the advantages?,2
1976,What are the best practices?,2
1977,What is the main concept of this topic?,2
1977,Explain the key features.,2
1977,Give one real-world example.,2
1977,What are the advantages?,2
1977,What are the best practices?,2
1978,What is the main concept of this topic?,2
1978,Explain the key features.,2
1978,Give one real-world example.,2
1978,What are the advantages?,2
1978,What are the best practices?,2
1979,What is the main concept of this topic?,2
1979,Explain the key features.,2
1979,Give one real-world example.,2
1979,What are the advantages?,2
1979,What are the best practices?,2
1980,What is the main concept of this topic?,2
1980,Explain the key features.,2
1980,Give one real-world example.,2
1980,What are the advantages?,2
1980,What are the best practices?,2
1981,What is the main concept of this topic?,2
1981,Explain the key features.,2
1981,Give one real-world example.,2
1981,What are the advantages?,2
1981,What are the best practices?,2
1982,What is the main concept of this topic?,2
1982,Explain the key features.,2
1982,Give one real-world example.,2
1982,What are the advantages?,2
1982,What are the best practices?,2
1983,What is the main concept of this topic?,2
1983,Explain the key features.,2
1983,Give one real-world example.,2
1983,What are the advantages?,2
1983,What are the best practices?,2
1984,What is the main concept of this topic?,2
1984,Explain the key features.,2
1984,Give one real-world example.,2
1984,What are the advantages?,2
1984,What are the best practices?,2
1985,What is the main concept of this topic?,2
1985,Explain the key features.,2
1985,Give one real-world example.,2
1985,What are the advantages?,2
1985,What are the best practices?,2
1986,What is the main concept of this topic?,2
1986,Explain the key features.,2
1986,Give one real-world example.,2
1986,What are the advantages?,2
1986,What are the best practices?,2
1987,What is the main concept of this topic?,2
1987,Explain the key features.,2
1987,Give one real-world example.,2
1987,What are the advantages?,2
1987,What are the best practices?,2
1988,What is the main concept of this topic?,2
1988,Explain the key features.,2
1988,Give one real-world example.,2
1988,What are the advantages?,2
1988,What are the best practices?,2
1989,What is the main concept of this topic?,2
1989,Explain the key features.,2
1989,Give one real-world example.,2
1989,What are the advantages?,2
1989,What are the best practices?,2
1990,What is the main concept of this topic?,2
1990,Explain the key features.,2
1990,Give one real-world example.,2
1990,What are the advantages?,2
1990,What are the best practices?,2
1991,What is the main concept of this topic?,2
1991,Explain the key features.,2
1991,Give one real-world example.,2
1991,What are the advantages?,2
1991,What are the best practices?,2
1992,What is the main concept of this topic?,2
1992,Explain the key features.,2
1992,Give one real-world example.,2
1992,What are the advantages?,2
1992,What are the best practices?,2
1993,What is the main concept of this topic?,2
1993,Explain the key features.,2
1993,Give one real-world example.,2
1993,What are the advantages?,2
1993,What are the best practices?,2
1994,What is the main concept of this topic?,2
1994,Explain the key features.,2
1994,Give one real-world example.,2
1994,What are the advantages?,2
1994,What are the best practices?,2
1995,What is the main concept of this topic?,2
1995,Explain the key features.,2
1995,Give one real-world example.,2
1995,What are the advantages?,2
1995,What are the best practices?,2
1996,What is the main concept of this topic?,2
1996,Explain the key features.,2
1996,Give one real-world example.,2
1996,What are the advantages?,2
1996,What are the best practices?,2
1997,What is the main concept of this topic?,2
1997,Explain the key features.,2
1997,Give one real-world example.,2
1997,What are the advantages?,2
1997,What are the best practices?,2
1998,What is the main concept of this topic?,2
1998,Explain the key features.,2
1998,Give one real-world example.,2
1998,What are the advantages?,2
1998,What are the best practices?,2
1999,What is the main concept of this topic?,2
1999,Explain the key features.,2
1999,Give one real-world example.,2
1999,What are the advantages?,2
1999,What are the best practices?,2
2000,What is the main concept of this topic?,2
2000,Explain the key features.,2
2000,Give one real-world example.,2
2000,What are the advantages?,2
2000,What are the best practices?,2
