user_id,quiz_id,score,total_marks,percentage,status
1,1,18,20,90.0,Pass
1,2,9,20,45.0,Fail
1,3,8,20,40.0,Fail
1,4,19,20,95.0,Pass
1,5,12,20,60.0,Pass
1,6,11,20,55.0,Pass
1,7,11,20,55.0,Pass
1,8,10,20,50.0,Pass
1,9,19,20,95.0,Pass
1,10,9,20,45.0,Fail
2,11,18,20,90.0,Pass
2,12,19,20,95.0,Pass
2,13,16,20,80.0,Pass
2,14,9,20,45.0,Fail
2,15,17,20,85.0,Pass
2,16,14,20,70.0,Pass
2,17,8,20,40.0,Fail
2,18,8,20,40.0,Fail
2,19,9,20,45.0,Fail
2,20,11,20,55.0,Pass
3,21,11,20,55.0,Pass
3,22,16,20,80.0,Pass
3,23,17,20,85.0,Pass
3,24,8,20,40.0,Fail
3,25,16,20,80.0,Pass
3,26,11,20,55.0,Pass
3,27,19,20,95.0,Pass
3,28,18,20,90.0,Pass
3,29,19,20,95.0,Pass
3,30,16,20,80.0,Pass
4,31,14,20,70.0,Pass
4,32,11,20,55.0,Pass
4,33,15,20,75.0,Pass
4,34,17,20,85.0,Pass
4,35,12,20,60.0,Pass
4,36,20,20,100.0,Pass
4,37,8,20,40.0,Fail
4,38,20,20,100.0,Pass
4,39,20,20,100.0,Pass
4,40,10,20,50.0,Pass
5,41,19,20,95.0,Pass
5,42,14,20,70.0,Pass
5,43,13,20,65.0,Pass
5,44,12,20,60.0,Pass
5,45,10,20,50.0,Pass
5,46,11,20,55.0,Pass
5,47,20,20,100.0,Pass
5,48,13,20,65.0,Pass
5,49,9,20,45.0,Fail
5,50,9,20,45.0,Fail
6,51,14,20,70.0,Pass
6,52,9,20,45.0,Fail
6,53,13,20,65.0,Pass
6,54,13,20,65.0,Pass
6,55,17,20,85.0,Pass
6,56,12,20,60.0,Pass
6,57,20,20,100.0,Pass
6,58,8,20,40.0,Fail
6,59,19,20,95.0,Pass
6,60,15,20,75.0,Pass
7,61,16,20,80.0,Pass
7,62,9,20,45.0,Fail
7,63,14,20,70.0,Pass
7,64,9,20,45.0,Fail
7,65,16,20,80.0,Pass
7,66,12,20,60.0,Pass
7,67,18,20,90.0,Pass
7,68,17,20,85.0,Pass
7,69,13,20,65.0,Pass
7,70,17,20,85.0,Pass
8,71,11,20,55.0,Pass
8,72,19,20,95.0,Pass
8,73,9,20,45.0,Fail
8,74,8,20,40.0,Fail
8,75,18,20,90.0,Pass
8,76,11,20,55.0,Pass
8,77,20,20,100.0,Pass
8,78,12,20,60.0,Pass
8,79,9,20,45.0,Fail
8,80,11,20,55.0,Pass
9,81,9,20,45.0,Fail
9,82,14,20,70.0,Pass
9,83,12,20,60.0,Pass
9,84,15,20,75.0,Pass
9,85,18,20,90.0,Pass
9,86,13,20,65.0,Pass
9,87,10,20,50.0,Pass
9,88,13,20,65.0,Pass
9,89,13,20,65.0,Pass
9,90,11,20,55.0,Pass
10,91,18,20,90.0,Pass
10,92,12,20,60.0,Pass
10,93,19,20,95.0,Pass
10,94,18,20,90.0,Pass
10,95,18,20,90.0,Pass
10,96,9,20,45.0,Fail
10,97,17,20,85.0,Pass
10,98,18,20,90.0,Pass
10,99,10,20,50.0,Pass
10,100,16,20,80.0,Pass
11,101,19,20,95.0,Pass
11,102,11,20,55.0,Pass
11,103,10,20,50.0,Pass
11,104,15,20,75.0,Pass
11,105,14,20,70.0,Pass
11,106,12,20,60.0,Pass
11,107,18,20,90.0,Pass
11,108,19,20,95.0,Pass
11,109,16,20,80.0,Pass
11,110,11,20,55.0,Pass
12,111,18,20,90.0,Pass
12,112,13,20,65.0,Pass
12,113,20,20,100.0,Pass
12,114,20,20,100.0,Pass
12,115,8,20,40.0,Fail
12,116,11,20,55.0,Pass
12,117,8,20,40.0,Fail
12,118,20,20,100.0,Pass
12,119,13,20,65.0,Pass
12,120,14,20,70.0,Pass
13,121,12,20,60.0,Pass
13,122,9,20,45.0,Fail
13,123,11,20,55.0,Pass
13,124,17,20,85.0,Pass
13,125,19,20,95.0,Pass
13,126,13,20,65.0,Pass
13,127,11,20,55.0,Pass
13,128,18,20,90.0,Pass
13,129,15,20,75.0,Pass
13,130,14,20,70.0,Pass
14,131,18,20,90.0,Pass
14,132,15,20,75.0,Pass
14,133,10,20,50.0,Pass
14,134,12,20,60.0,Pass
14,135,10,20,50.0,Pass
14,136,11,20,55.0,Pass
14,137,19,20,95.0,Pass
14,138,16,20,80.0,Pass
14,139,16,20,80.0,Pass
14,140,12,20,60.0,Pass
15,141,19,20,95.0,Pass
15,142,17,20,85.0,Pass
15,143,14,20,70.0,Pass
15,144,17,20,85.0,Pass
15,145,14,20,70.0,Pass
15,146,13,20,65.0,Pass
15,147,11,20,55.0,Pass
15,148,10,20,50.0,Pass
15,149,16,20,80.0,Pass
15,150,15,20,75.0,Pass
16,151,9,20,45.0,Fail
16,152,20,20,100.0,Pass
16,153,8,20,40.0,Fail
16,154,9,20,45.0,Fail
16,155,10,20,50.0,Pass
16,156,18,20,90.0,Pass
16,157,10,20,50.0,Pass
16,158,20,20,100.0,Pass
16,159,18,20,90.0,Pass
16,160,14,20,70.0,Pass
17,161,17,20,85.0,Pass
17,162,9,20,45.0,Fail
17,163,14,20,70.0,Pass
17,164,14,20,70.0,Pass
17,165,17,20,85.0,Pass
17,166,15,20,75.0,Pass
17,167,16,20,80.0,Pass
17,168,12,20,60.0,Pass
17,169,16,20,80.0,Pass
17,170,8,20,40.0,Fail
18,171,18,20,90.0,Pass
18,172,19,20,95.0,Pass
18,173,9,20,45.0,Fail
18,174,18,20,90.0,Pass
18,175,16,20,80.0,Pass
18,176,20,20,100.0,Pass
18,177,12,20,60.0,Pass
18,178,20,20,100.0,Pass
18,179,18,20,90.0,Pass
18,180,13,20,65.0,Pass
19,181,9,20,45.0,Fail
19,182,12,20,60.0,Pass
19,183,14,20,70.0,Pass
19,184,10,20,50.0,Pass
19,185,15,20,75.0,Pass
19,186,8,20,40.0,Fail
19,187,19,20,95.0,Pass
19,188,19,20,95.0,Pass
19,189,12,20,60.0,Pass
19,190,16,20,80.0,Pass
20,191,20,20,100.0,Pass
20,192,10,20,50.0,Pass
20,193,16,20,80.0,Pass
20,194,9,20,45.0,Fail
20,195,18,20,90.0,Pass
20,196,12,20,60.0,Pass
20,197,18,20,90.0,Pass
20,198,16,20,80.0,Pass
20,199,17,20,85.0,Pass
20,200,11,20,55.0,Pass
21,201,10,20,50.0,Pass
21,202,13,20,65.0,Pass
21,203,20,20,100.0,Pass
21,204,10,20,50.0,Pass
21,205,16,20,80.0,Pass
21,206,20,20,100.0,Pass
21,207,16,20,80.0,Pass
21,208,8,20,40.0,Fail
21,209,17,20,85.0,Pass
21,210,13,20,65.0,Pass
22,211,15,20,75.0,Pass
22,212,8,20,40.0,Fail
22,213,9,20,45.0,Fail
22,214,13,20,65.0,Pass
22,215,20,20,100.0,Pass
22,216,12,20,60.0,Pass
22,217,11,20,55.0,Pass
22,218,8,20,40.0,Fail
22,219,11,20,55.0,Pass
22,220,17,20,85.0,Pass
23,221,9,20,45.0,Fail
23,222,9,20,45.0,Fail
23,223,19,20,95.0,Pass
23,224,15,20,75.0,Pass
23,225,9,20,45.0,Fail
23,226,20,20,100.0,Pass
23,227,16,20,80.0,Pass
23,228,20,20,100.0,Pass
23,229,10,20,50.0,Pass
23,230,10,20,50.0,Pass
24,231,18,20,90.0,Pass
24,232,15,20,75.0,Pass
24,233,16,20,80.0,Pass
24,234,10,20,50.0,Pass
24,235,12,20,60.0,Pass
24,236,16,20,80.0,Pass
24,237,17,20,85.0,Pass
24,238,14,20,70.0,Pass
24,239,11,20,55.0,Pass
24,240,16,20,80.0,Pass
25,241,20,20,100.0,Pass
25,242,19,20,95.0,Pass
25,243,19,20,95.0,Pass
25,244,11,20,55.0,Pass
25,245,19,20,95.0,Pass
25,246,12,20,60.0,Pass
25,247,14,20,70.0,Pass
25,248,18,20,90.0,Pass
25,249,18,20,90.0,Pass
25,250,13,20,65.0,Pass
26,251,15,20,75.0,Pass
26,252,16,20,80.0,Pass
26,253,15,20,75.0,Pass
26,254,9,20,45.0,Fail
26,255,11,20,55.0,Pass
26,256,11,20,55.0,Pass
26,257,9,20,45.0,Fail
26,258,13,20,65.0,Pass
26,259,8,20,40.0,Fail
26,260,17,20,85.0,Pass
27,261,16,20,80.0,Pass
27,262,11,20,55.0,Pass
27,263,17,20,85.0,Pass
27,264,11,20,55.0,Pass
27,265,8,20,40.0,Fail
27,266,9,20,45.0,Fail
27,267,19,20,95.0,Pass
27,268,18,20,90.0,Pass
27,269,8,20,40.0,Fail
27,270,11,20,55.0,Pass
28,271,9,20,45.0,Fail
28,272,8,20,40.0,Fail
28,273,13,20,65.0,Pass
28,274,9,20,45.0,Fail
28,275,16,20,80.0,Pass
28,276,11,20,55.0,Pass
28,277,12,20,60.0,Pass
28,278,18,20,90.0,Pass
28,279,15,20,75.0,Pass
28,280,11,20,55.0,Pass
29,281,16,20,80.0,Pass
29,282,10,20,50.0,Pass
29,283,19,20,95.0,Pass
29,284,17,20,85.0,Pass
29,285,17,20,85.0,Pass
29,286,15,20,75.0,Pass
29,287,11,20,55.0,Pass
29,288,20,20,100.0,Pass
29,289,15,20,75.0,Pass
29,290,20,20,100.0,Pass
30,291,14,20,70.0,Pass
30,292,11,20,55.0,Pass
30,293,9,20,45.0,Fail
30,294,9,20,45.0,Fail
30,295,18,20,90.0,Pass
30,296,14,20,70.0,Pass
30,297,13,20,65.0,Pass
30,298,14,20,70.0,Pass
30,299,14,20,70.0,Pass
30,300,15,20,75.0,Pass
31,301,19,20,95.0,Pass
31,302,8,20,40.0,Fail
31,303,18,20,90.0,Pass
31,304,18,20,90.0,Pass
31,305,18,20,90.0,Pass
31,306,9,20,45.0,Fail
31,307,8,20,40.0,Fail
31,308,14,20,70.0,Pass
31,309,19,20,95.0,Pass
31,310,13,20,65.0,Pass
32,311,20,20,100.0,Pass
32,312,9,20,45.0,Fail
32,313,11,20,55.0,Pass
32,314,11,20,55.0,Pass
32,315,11,20,55.0,Pass
32,316,16,20,80.0,Pass
32,317,15,20,75.0,Pass
32,318,10,20,50.0,Pass
32,319,14,20,70.0,Pass
32,320,10,20,50.0,Pass
33,321,12,20,60.0,Pass
33,322,15,20,75.0,Pass
33,323,11,20,55.0,Pass
33,324,9,20,45.0,Fail
33,325,15,20,75.0,Pass
33,326,20,20,100.0,Pass
33,327,16,20,80.0,Pass
33,328,9,20,45.0,Fail
33,329,8,20,40.0,Fail
33,330,18,20,90.0,Pass
34,331,16,20,80.0,Pass
34,332,8,20,40.0,Fail
34,333,9,20,45.0,Fail
34,334,20,20,100.0,Pass
34,335,11,20,55.0,Pass
34,336,10,20,50.0,Pass
34,337,14,20,70.0,Pass
34,338,15,20,75.0,Pass
34,339,15,20,75.0,Pass
34,340,11,20,55.0,Pass
35,341,14,20,70.0,Pass
35,342,8,20,40.0,Fail
35,343,10,20,50.0,Pass
35,344,14,20,70.0,Pass
35,345,8,20,40.0,Fail
35,346,14,20,70.0,Pass
35,347,12,20,60.0,Pass
35,348,20,20,100.0,Pass
35,349,20,20,100.0,Pass
35,350,15,20,75.0,Pass
36,351,12,20,60.0,Pass
36,352,14,20,70.0,Pass
36,353,19,20,95.0,Pass
36,354,19,20,95.0,Pass
36,355,20,20,100.0,Pass
36,356,16,20,80.0,Pass
36,357,18,20,90.0,Pass
36,358,19,20,95.0,Pass
36,359,15,20,75.0,Pass
36,360,10,20,50.0,Pass
37,361,11,20,55.0,Pass
37,362,12,20,60.0,Pass
37,363,11,20,55.0,Pass
37,364,8,20,40.0,Fail
37,365,17,20,85.0,Pass
37,366,19,20,95.0,Pass
37,367,16,20,80.0,Pass
37,368,8,20,40.0,Fail
37,369,19,20,95.0,Pass
37,370,13,20,65.0,Pass
38,371,8,20,40.0,Fail
38,372,8,20,40.0,Fail
38,373,17,20,85.0,Pass
38,374,15,20,75.0,Pass
38,375,16,20,80.0,Pass
38,376,16,20,80.0,Pass
38,377,10,20,50.0,Pass
38,378,8,20,40.0,Fail
38,379,16,20,80.0,Pass
38,380,9,20,45.0,Fail
39,381,10,20,50.0,Pass
39,382,9,20,45.0,Fail
39,383,17,20,85.0,Pass
39,384,9,20,45.0,Fail
39,385,18,20,90.0,Pass
39,386,11,20,55.0,Pass
39,387,14,20,70.0,Pass
39,388,9,20,45.0,Fail
39,389,17,20,85.0,Pass
39,390,11,20,55.0,Pass
40,391,17,20,85.0,Pass
40,392,17,20,85.0,Pass
40,393,8,20,40.0,Fail
40,394,17,20,85.0,Pass
40,395,9,20,45.0,Fail
40,396,14,20,70.0,Pass
40,397,18,20,90.0,Pass
40,398,17,20,85.0,Pass
40,399,17,20,85.0,Pass
40,400,16,20,80.0,Pass
41,401,13,20,65.0,Pass
41,402,12,20,60.0,Pass
41,403,11,20,55.0,Pass
41,404,18,20,90.0,Pass
41,405,19,20,95.0,Pass
41,406,13,20,65.0,Pass
41,407,11,20,55.0,Pass
41,408,12,20,60.0,Pass
41,409,14,20,70.0,Pass
41,410,10,20,50.0,Pass
42,411,18,20,90.0,Pass
42,412,18,20,90.0,Pass
42,413,12,20,60.0,Pass
42,414,15,20,75.0,Pass
42,415,13,20,65.0,Pass
42,416,20,20,100.0,Pass
42,417,9,20,45.0,Fail
42,418,8,20,40.0,Fail
42,419,15,20,75.0,Pass
42,420,17,20,85.0,Pass
43,421,17,20,85.0,Pass
43,422,9,20,45.0,Fail
43,423,9,20,45.0,Fail
43,424,16,20,80.0,Pass
43,425,11,20,55.0,Pass
43,426,16,20,80.0,Pass
43,427,12,20,60.0,Pass
43,428,10,20,50.0,Pass
43,429,13,20,65.0,Pass
43,430,9,20,45.0,Fail
44,431,11,20,55.0,Pass
44,432,13,20,65.0,Pass
44,433,12,20,60.0,Pass
44,434,10,20,50.0,Pass
44,435,15,20,75.0,Pass
44,436,16,20,80.0,Pass
44,437,19,20,95.0,Pass
44,438,12,20,60.0,Pass
44,439,17,20,85.0,Pass
44,440,20,20,100.0,Pass
45,441,18,20,90.0,Pass
45,442,16,20,80.0,Pass
45,443,8,20,40.0,Fail
45,444,18,20,90.0,Pass
45,445,16,20,80.0,Pass
45,446,12,20,60.0,Pass
45,447,18,20,90.0,Pass
45,448,9,20,45.0,Fail
45,449,10,20,50.0,Pass
45,450,12,20,60.0,Pass
46,451,9,20,45.0,Fail
46,452,9,20,45.0,Fail
46,453,19,20,95.0,Pass
46,454,16,20,80.0,Pass
46,455,10,20,50.0,Pass
46,456,12,20,60.0,Pass
46,457,12,20,60.0,Pass
46,458,17,20,85.0,Pass
46,459,11,20,55.0,Pass
46,460,19,20,95.0,Pass
47,461,13,20,65.0,Pass
47,462,11,20,55.0,Pass
47,463,18,20,90.0,Pass
47,464,18,20,90.0,Pass
47,465,12,20,60.0,Pass
47,466,16,20,80.0,Pass
47,467,15,20,75.0,Pass
47,468,12,20,60.0,Pass
47,469,8,20,40.0,Fail
47,470,9,20,45.0,Fail
48,471,18,20,90.0,Pass
48,472,14,20,70.0,Pass
48,473,12,20,60.0,Pass
48,474,8,20,40.0,Fail
48,475,8,20,40.0,Fail
48,476,13,20,65.0,Pass
48,477,20,20,100.0,Pass
48,478,10,20,50.0,Pass
48,479,18,20,90.0,Pass
48,480,12,20,60.0,Pass
49,481,10,20,50.0,Pass
49,482,19,20,95.0,Pass
49,483,15,20,75.0,Pass
49,484,16,20,80.0,Pass
49,485,19,20,95.0,Pass
49,486,14,20,70.0,Pass
49,487,16,20,80.0,Pass
49,488,8,20,40.0,Fail
49,489,9,20,45.0,Fail
49,490,9,20,45.0,Fail
50,491,19,20,95.0,Pass
50,492,10,20,50.0,Pass
50,493,16,20,80.0,Pass
50,494,8,20,40.0,Fail
50,495,13,20,65.0,Pass
50,496,17,20,85.0,Pass
50,497,16,20,80.0,Pass
50,498,10,20,50.0,Pass
50,499,14,20,70.0,Pass
50,500,10,20,50.0,Pass
51,501,8,20,40.0,Fail
51,502,12,20,60.0,Pass
51,503,13,20,65.0,Pass
51,504,20,20,100.0,Pass
51,505,8,20,40.0,Fail
51,506,13,20,65.0,Pass
51,507,11,20,55.0,Pass
51,508,18,20,90.0,Pass
51,509,11,20,55.0,Pass
51,510,18,20,90.0,Pass
52,511,9,20,45.0,Fail
52,512,13,20,65.0,Pass
52,513,20,20,100.0,Pass
52,514,16,20,80.0,Pass
52,515,14,20,70.0,Pass
52,516,17,20,85.0,Pass
52,517,19,20,95.0,Pass
52,518,10,20,50.0,Pass
52,519,11,20,55.0,Pass
52,520,10,20,50.0,Pass
53,521,20,20,100.0,Pass
53,522,20,20,100.0,Pass
53,523,10,20,50.0,Pass
53,524,14,20,70.0,Pass
53,525,8,20,40.0,Fail
53,526,10,20,50.0,Pass
53,527,19,20,95.0,Pass
53,528,13,20,65.0,Pass
53,529,20,20,100.0,Pass
53,530,14,20,70.0,Pass
54,531,20,20,100.0,Pass
54,532,18,20,90.0,Pass
54,533,19,20,95.0,Pass
54,534,20,20,100.0,Pass
54,535,11,20,55.0,Pass
54,536,12,20,60.0,Pass
54,537,10,20,50.0,Pass
54,538,20,20,100.0,Pass
54,539,19,20,95.0,Pass
54,540,9,20,45.0,Fail
55,541,14,20,70.0,Pass
55,542,8,20,40.0,Fail
55,543,15,20,75.0,Pass
55,544,11,20,55.0,Pass
55,545,11,20,55.0,Pass
55,546,15,20,75.0,Pass
55,547,13,20,65.0,Pass
55,548,12,20,60.0,Pass
55,549,20,20,100.0,Pass
55,550,11,20,55.0,Pass
56,551,11,20,55.0,Pass
56,552,8,20,40.0,Fail
56,553,18,20,90.0,Pass
56,554,11,20,55.0,Pass
56,555,14,20,70.0,Pass
56,556,13,20,65.0,Pass
56,557,12,20,60.0,Pass
56,558,9,20,45.0,Fail
56,559,20,20,100.0,Pass
56,560,12,20,60.0,Pass
57,561,13,20,65.0,Pass
57,562,18,20,90.0,Pass
57,563,16,20,80.0,Pass
57,564,14,20,70.0,Pass
57,565,18,20,90.0,Pass
57,566,16,20,80.0,Pass
57,567,13,20,65.0,Pass
57,568,8,20,40.0,Fail
57,569,9,20,45.0,Fail
57,570,12,20,60.0,Pass
58,571,10,20,50.0,Pass
58,572,17,20,85.0,Pass
58,573,12,20,60.0,Pass
58,574,8,20,40.0,Fail
58,575,9,20,45.0,Fail
58,576,17,20,85.0,Pass
58,577,14,20,70.0,Pass
58,578,13,20,65.0,Pass
58,579,19,20,95.0,Pass
58,580,20,20,100.0,Pass
59,581,13,20,65.0,Pass
59,582,14,20,70.0,Pass
59,583,17,20,85.0,Pass
59,584,16,20,80.0,Pass
59,585,9,20,45.0,Fail
59,586,14,20,70.0,Pass
59,587,17,20,85.0,Pass
59,588,11,20,55.0,Pass
59,589,12,20,60.0,Pass
59,590,8,20,40.0,Fail
60,591,19,20,95.0,Pass
60,592,14,20,70.0,Pass
60,593,8,20,40.0,Fail
60,594,16,20,80.0,Pass
60,595,20,20,100.0,Pass
60,596,16,20,80.0,Pass
60,597,18,20,90.0,Pass
60,598,19,20,95.0,Pass
60,599,19,20,95.0,Pass
60,600,19,20,95.0,Pass
61,601,18,20,90.0,Pass
61,602,11,20,55.0,Pass
61,603,13,20,65.0,Pass
61,604,14,20,70.0,Pass
61,605,9,20,45.0,Fail
61,606,18,20,90.0,Pass
61,607,13,20,65.0,Pass
61,608,17,20,85.0,Pass
61,609,13,20,65.0,Pass
61,610,18,20,90.0,Pass
62,611,9,20,45.0,Fail
62,612,19,20,95.0,Pass
62,613,12,20,60.0,Pass
62,614,16,20,80.0,Pass
62,615,12,20,60.0,Pass
62,616,18,20,90.0,Pass
62,617,14,20,70.0,Pass
62,618,13,20,65.0,Pass
62,619,14,20,70.0,Pass
62,620,19,20,95.0,Pass
63,621,12,20,60.0,Pass
63,622,16,20,80.0,Pass
63,623,10,20,50.0,Pass
63,624,11,20,55.0,Pass
63,625,14,20,70.0,Pass
63,626,18,20,90.0,Pass
63,627,14,20,70.0,Pass
63,628,18,20,90.0,Pass
63,629,19,20,95.0,Pass
63,630,10,20,50.0,Pass
64,631,17,20,85.0,Pass
64,632,17,20,85.0,Pass
64,633,12,20,60.0,Pass
64,634,14,20,70.0,Pass
64,635,16,20,80.0,Pass
64,636,8,20,40.0,Fail
64,637,12,20,60.0,Pass
64,638,12,20,60.0,Pass
64,639,11,20,55.0,Pass
64,640,14,20,70.0,Pass
65,641,20,20,100.0,Pass
65,642,17,20,85.0,Pass
65,643,17,20,85.0,Pass
65,644,18,20,90.0,Pass
65,645,13,20,65.0,Pass
65,646,15,20,75.0,Pass
65,647,15,20,75.0,Pass
65,648,15,20,75.0,Pass
65,649,18,20,90.0,Pass
65,650,11,20,55.0,Pass
66,651,16,20,80.0,Pass
66,652,15,20,75.0,Pass
66,653,20,20,100.0,Pass
66,654,20,20,100.0,Pass
66,655,19,20,95.0,Pass
66,656,10,20,50.0,Pass
66,657,18,20,90.0,Pass
66,658,9,20,45.0,Fail
66,659,12,20,60.0,Pass
66,660,16,20,80.0,Pass
67,661,18,20,90.0,Pass
67,662,18,20,90.0,Pass
67,663,17,20,85.0,Pass
67,664,13,20,65.0,Pass
67,665,9,20,45.0,Fail
67,666,20,20,100.0,Pass
67,667,11,20,55.0,Pass
67,668,18,20,90.0,Pass
67,669,12,20,60.0,Pass
67,670,11,20,55.0,Pass
68,671,20,20,100.0,Pass
68,672,11,20,55.0,Pass
68,673,10,20,50.0,Pass
68,674,8,20,40.0,Fail
68,675,8,20,40.0,Fail
68,676,11,20,55.0,Pass
68,677,15,20,75.0,Pass
68,678,17,20,85.0,Pass
68,679,20,20,100.0,Pass
68,680,9,20,45.0,Fail
69,681,15,20,75.0,Pass
69,682,14,20,70.0,Pass
69,683,18,20,90.0,Pass
69,684,17,20,85.0,Pass
69,685,11,20,55.0,Pass
69,686,19,20,95.0,Pass
69,687,19,20,95.0,Pass
69,688,14,20,70.0,Pass
69,689,15,20,75.0,Pass
69,690,14,20,70.0,Pass
70,691,11,20,55.0,Pass
70,692,10,20,50.0,Pass
70,693,18,20,90.0,Pass
70,694,19,20,95.0,Pass
70,695,8,20,40.0,Fail
70,696,20,20,100.0,Pass
70,697,20,20,100.0,Pass
70,698,9,20,45.0,Fail
70,699,20,20,100.0,Pass
70,700,14,20,70.0,Pass
71,701,11,20,55.0,Pass
71,702,10,20,50.0,Pass
71,703,20,20,100.0,Pass
71,704,19,20,95.0,Pass
71,705,16,20,80.0,Pass
71,706,15,20,75.0,Pass
71,707,8,20,40.0,Fail
71,708,16,20,80.0,Pass
71,709,11,20,55.0,Pass
71,710,9,20,45.0,Fail
72,711,15,20,75.0,Pass
72,712,10,20,50.0,Pass
72,713,20,20,100.0,Pass
72,714,15,20,75.0,Pass
72,715,18,20,90.0,Pass
72,716,16,20,80.0,Pass
72,717,16,20,80.0,Pass
72,718,17,20,85.0,Pass
72,719,13,20,65.0,Pass
72,720,20,20,100.0,Pass
73,721,15,20,75.0,Pass
73,722,17,20,85.0,Pass
73,723,19,20,95.0,Pass
73,724,16,20,80.0,Pass
73,725,14,20,70.0,Pass
73,726,16,20,80.0,Pass
73,727,15,20,75.0,Pass
73,728,10,20,50.0,Pass
73,729,19,20,95.0,Pass
73,730,15,20,75.0,Pass
74,731,15,20,75.0,Pass
74,732,12,20,60.0,Pass
74,733,20,20,100.0,Pass
74,734,11,20,55.0,Pass
74,735,18,20,90.0,Pass
74,736,12,20,60.0,Pass
74,737,20,20,100.0,Pass
74,738,20,20,100.0,Pass
74,739,16,20,80.0,Pass
74,740,15,20,75.0,Pass
75,741,18,20,90.0,Pass
75,742,11,20,55.0,Pass
75,743,12,20,60.0,Pass
75,744,15,20,75.0,Pass
75,745,9,20,45.0,Fail
75,746,19,20,95.0,Pass
75,747,12,20,60.0,Pass
75,748,11,20,55.0,Pass
75,749,12,20,60.0,Pass
75,750,13,20,65.0,Pass
76,751,13,20,65.0,Pass
76,752,16,20,80.0,Pass
76,753,9,20,45.0,Fail
76,754,10,20,50.0,Pass
76,755,10,20,50.0,Pass
76,756,11,20,55.0,Pass
76,757,14,20,70.0,Pass
76,758,19,20,95.0,Pass
76,759,10,20,50.0,Pass
76,760,19,20,95.0,Pass
77,761,11,20,55.0,Pass
77,762,9,20,45.0,Fail
77,763,14,20,70.0,Pass
77,764,14,20,70.0,Pass
77,765,13,20,65.0,Pass
77,766,16,20,80.0,Pass
77,767,15,20,75.0,Pass
77,768,14,20,70.0,Pass
77,769,8,20,40.0,Fail
77,770,11,20,55.0,Pass
78,771,14,20,70.0,Pass
78,772,14,20,70.0,Pass
78,773,20,20,100.0,Pass
78,774,17,20,85.0,Pass
78,775,19,20,95.0,Pass
78,776,8,20,40.0,Fail
78,777,20,20,100.0,Pass
78,778,17,20,85.0,Pass
78,779,14,20,70.0,Pass
78,780,15,20,75.0,Pass
79,781,8,20,40.0,Fail
79,782,13,20,65.0,Pass
79,783,12,20,60.0,Pass
79,784,20,20,100.0,Pass
79,785,14,20,70.0,Pass
79,786,14,20,70.0,Pass
79,787,16,20,80.0,Pass
79,788,19,20,95.0,Pass
79,789,19,20,95.0,Pass
79,790,16,20,80.0,Pass
80,791,20,20,100.0,Pass
80,792,17,20,85.0,Pass
80,793,11,20,55.0,Pass
80,794,15,20,75.0,Pass
80,795,11,20,55.0,Pass
80,796,12,20,60.0,Pass
80,797,14,20,70.0,Pass
80,798,15,20,75.0,Pass
80,799,8,20,40.0,Fail
80,800,14,20,70.0,Pass
81,801,13,20,65.0,Pass
81,802,18,20,90.0,Pass
81,803,18,20,90.0,Pass
81,804,20,20,100.0,Pass
81,805,14,20,70.0,Pass
81,806,19,20,95.0,Pass
81,807,10,20,50.0,Pass
81,808,15,20,75.0,Pass
81,809,10,20,50.0,Pass
81,810,17,20,85.0,Pass
82,811,16,20,80.0,Pass
82,812,8,20,40.0,Fail
82,813,14,20,70.0,Pass
82,814,17,20,85.0,Pass
82,815,17,20,85.0,Pass
82,816,18,20,90.0,Pass
82,817,8,20,40.0,Fail
82,818,9,20,45.0,Fail
82,819,18,20,90.0,Pass
82,820,14,20,70.0,Pass
83,821,10,20,50.0,Pass
83,822,15,20,75.0,Pass
83,823,10,20,50.0,Pass
83,824,8,20,40.0,Fail
83,825,12,20,60.0,Pass
83,826,14,20,70.0,Pass
83,827,13,20,65.0,Pass
83,828,11,20,55.0,Pass
83,829,15,20,75.0,Pass
83,830,13,20,65.0,Pass
84,831,13,20,65.0,Pass
84,832,20,20,100.0,Pass
84,833,14,20,70.0,Pass
84,834,12,20,60.0,Pass
84,835,20,20,100.0,Pass
84,836,14,20,70.0,Pass
84,837,12,20,60.0,Pass
84,838,9,20,45.0,Fail
84,839,15,20,75.0,Pass
84,840,8,20,40.0,Fail
85,841,19,20,95.0,Pass
85,842,16,20,80.0,Pass
85,843,8,20,40.0,Fail
85,844,13,20,65.0,Pass
85,845,11,20,55.0,Pass
85,846,18,20,90.0,Pass
85,847,9,20,45.0,Fail
85,848,20,20,100.0,Pass
85,849,18,20,90.0,Pass
85,850,8,20,40.0,Fail
86,851,20,20,100.0,Pass
86,852,8,20,40.0,Fail
86,853,11,20,55.0,Pass
86,854,11,20,55.0,Pass
86,855,8,20,40.0,Fail
86,856,17,20,85.0,Pass
86,857,10,20,50.0,Pass
86,858,11,20,55.0,Pass
86,859,10,20,50.0,Pass
86,860,15,20,75.0,Pass
87,861,18,20,90.0,Pass
87,862,9,20,45.0,Fail
87,863,17,20,85.0,Pass
87,864,11,20,55.0,Pass
87,865,15,20,75.0,Pass
87,866,19,20,95.0,Pass
87,867,12,20,60.0,Pass
87,868,20,20,100.0,Pass
87,869,13,20,65.0,Pass
87,870,10,20,50.0,Pass
88,871,17,20,85.0,Pass
88,872,17,20,85.0,Pass
88,873,19,20,95.0,Pass
88,874,19,20,95.0,Pass
88,875,9,20,45.0,Fail
88,876,20,20,100.0,Pass
88,877,10,20,50.0,Pass
88,878,12,20,60.0,Pass
88,879,9,20,45.0,Fail
88,880,17,20,85.0,Pass
89,881,8,20,40.0,Fail
89,882,12,20,60.0,Pass
89,883,17,20,85.0,Pass
89,884,18,20,90.0,Pass
89,885,14,20,70.0,Pass
89,886,14,20,70.0,Pass
89,887,19,20,95.0,Pass
89,888,11,20,55.0,Pass
89,889,9,20,45.0,Fail
89,890,17,20,85.0,Pass
90,891,19,20,95.0,Pass
90,892,18,20,90.0,Pass
90,893,11,20,55.0,Pass
90,894,9,20,45.0,Fail
90,895,19,20,95.0,Pass
90,896,20,20,100.0,Pass
90,897,12,20,60.0,Pass
90,898,18,20,90.0,Pass
90,899,17,20,85.0,Pass
90,900,20,20,100.0,Pass
91,901,9,20,45.0,Fail
91,902,20,20,100.0,Pass
91,903,17,20,85.0,Pass
91,904,20,20,100.0,Pass
91,905,8,20,40.0,Fail
91,906,13,20,65.0,Pass
91,907,16,20,80.0,Pass
91,908,14,20,70.0,Pass
91,909,18,20,90.0,Pass
91,910,13,20,65.0,Pass
92,911,9,20,45.0,Fail
92,912,16,20,80.0,Pass
92,913,18,20,90.0,Pass
92,914,13,20,65.0,Pass
92,915,8,20,40.0,Fail
92,916,14,20,70.0,Pass
92,917,15,20,75.0,Pass
92,918,9,20,45.0,Fail
92,919,14,20,70.0,Pass
92,920,13,20,65.0,Pass
93,921,18,20,90.0,Pass
93,922,15,20,75.0,Pass
93,923,19,20,95.0,Pass
93,924,10,20,50.0,Pass
93,925,14,20,70.0,Pass
93,926,10,20,50.0,Pass
93,927,19,20,95.0,Pass
93,928,16,20,80.0,Pass
93,929,18,20,90.0,Pass
93,930,12,20,60.0,Pass
94,931,17,20,85.0,Pass
94,932,20,20,100.0,Pass
94,933,16,20,80.0,Pass
94,934,20,20,100.0,Pass
94,935,15,20,75.0,Pass
94,936,15,20,75.0,Pass
94,937,14,20,70.0,Pass
94,938,19,20,95.0,Pass
94,939,17,20,85.0,Pass
94,940,12,20,60.0,Pass
95,941,13,20,65.0,Pass
95,942,11,20,55.0,Pass
95,943,9,20,45.0,Fail
95,944,12,20,60.0,Pass
95,945,15,20,75.0,Pass
95,946,11,20,55.0,Pass
95,947,20,20,100.0,Pass
95,948,15,20,75.0,Pass
95,949,17,20,85.0,Pass
95,950,17,20,85.0,Pass
96,951,18,20,90.0,Pass
96,952,14,20,70.0,Pass
96,953,13,20,65.0,Pass
96,954,8,20,40.0,Fail
96,955,15,20,75.0,Pass
96,956,13,20,65.0,Pass
96,957,10,20,50.0,Pass
96,958,15,20,75.0,Pass
96,959,11,20,55.0,Pass
96,960,13,20,65.0,Pass
97,961,20,20,100.0,Pass
97,962,12,20,60.0,Pass
97,963,13,20,65.0,Pass
97,964,12,20,60.0,Pass
97,965,17,20,85.0,Pass
97,966,19,20,95.0,Pass
97,967,12,20,60.0,Pass
97,968,16,20,80.0,Pass
97,969,8,20,40.0,Fail
97,970,16,20,80.0,Pass
98,971,11,20,55.0,Pass
98,972,9,20,45.0,Fail
98,973,11,20,55.0,Pass
98,974,19,20,95.0,Pass
98,975,14,20,70.0,Pass
98,976,15,20,75.0,Pass
98,977,16,20,80.0,Pass
98,978,20,20,100.0,Pass
98,979,11,20,55.0,Pass
98,980,19,20,95.0,Pass
99,981,15,20,75.0,Pass
99,982,18,20,90.0,Pass
99,983,19,20,95.0,Pass
99,984,15,20,75.0,Pass
99,985,15,20,75.0,Pass
99,986,20,20,100.0,Pass
99,987,8,20,40.0,Fail
99,988,9,20,45.0,Fail
99,989,12,20,60.0,Pass
99,990,11,20,55.0,Pass
100,991,14,20,70.0,Pass
100,992,19,20,95.0,Pass
100,993,11,20,55.0,Pass
100,994,12,20,60.0,Pass
100,995,18,20,90.0,Pass
100,996,17,20,85.0,Pass
100,997,13,20,65.0,Pass
100,998,15,20,75.0,Pass
100,999,16,20,80.0,Pass
100,1000,16,20,80.0,Pass
101,1001,13,20,65.0,Pass
101,1002,14,20,70.0,Pass
101,1003,19,20,95.0,Pass
101,1004,16,20,80.0,Pass
101,1005,13,20,65.0,Pass
101,1006,13,20,65.0,Pass
101,1007,19,20,95.0,Pass
101,1008,15,20,75.0,Pass
101,1009,12,20,60.0,Pass
101,1010,12,20,60.0,Pass
102,1011,12,20,60.0,Pass
102,1012,11,20,55.0,Pass
102,1013,9,20,45.0,Fail
102,1014,19,20,95.0,Pass
102,1015,11,20,55.0,Pass
102,1016,13,20,65.0,Pass
102,1017,9,20,45.0,Fail
102,1018,19,20,95.0,Pass
102,1019,16,20,80.0,Pass
102,1020,20,20,100.0,Pass
103,1021,19,20,95.0,Pass
103,1022,10,20,50.0,Pass
103,1023,11,20,55.0,Pass
103,1024,11,20,55.0,Pass
103,1025,19,20,95.0,Pass
103,1026,15,20,75.0,Pass
103,1027,12,20,60.0,Pass
103,1028,19,20,95.0,Pass
103,1029,17,20,85.0,Pass
103,1030,20,20,100.0,Pass
104,1031,16,20,80.0,Pass
104,1032,17,20,85.0,Pass
104,1033,12,20,60.0,Pass
104,1034,9,20,45.0,Fail
104,1035,11,20,55.0,Pass
104,1036,12,20,60.0,Pass
104,1037,11,20,55.0,Pass
104,1038,13,20,65.0,Pass
104,1039,10,20,50.0,Pass
104,1040,12,20,60.0,Pass
105,1041,8,20,40.0,Fail
105,1042,19,20,95.0,Pass
105,1043,16,20,80.0,Pass
105,1044,10,20,50.0,Pass
105,1045,12,20,60.0,Pass
105,1046,8,20,40.0,Fail
105,1047,8,20,40.0,Fail
105,1048,16,20,80.0,Pass
105,1049,12,20,60.0,Pass
105,1050,19,20,95.0,Pass
106,1051,10,20,50.0,Pass
106,1052,18,20,90.0,Pass
106,1053,20,20,100.0,Pass
106,1054,15,20,75.0,Pass
106,1055,9,20,45.0,Fail
106,1056,8,20,40.0,Fail
106,1057,17,20,85.0,Pass
106,1058,12,20,60.0,Pass
106,1059,15,20,75.0,Pass
106,1060,15,20,75.0,Pass
107,1061,15,20,75.0,Pass
107,1062,13,20,65.0,Pass
107,1063,10,20,50.0,Pass
107,1064,8,20,40.0,Fail
107,1065,12,20,60.0,Pass
107,1066,15,20,75.0,Pass
107,1067,9,20,45.0,Fail
107,1068,9,20,45.0,Fail
107,1069,14,20,70.0,Pass
107,1070,15,20,75.0,Pass
108,1071,9,20,45.0,Fail
108,1072,17,20,85.0,Pass
108,1073,18,20,90.0,Pass
108,1074,18,20,90.0,Pass
108,1075,8,20,40.0,Fail
108,1076,10,20,50.0,Pass
108,1077,10,20,50.0,Pass
108,1078,20,20,100.0,Pass
108,1079,17,20,85.0,Pass
108,1080,12,20,60.0,Pass
109,1081,9,20,45.0,Fail
109,1082,11,20,55.0,Pass
109,1083,9,20,45.0,Fail
109,1084,16,20,80.0,Pass
109,1085,20,20,100.0,Pass
109,1086,14,20,70.0,Pass
109,1087,17,20,85.0,Pass
109,1088,17,20,85.0,Pass
109,1089,20,20,100.0,Pass
109,1090,17,20,85.0,Pass
110,1091,11,20,55.0,Pass
110,1092,20,20,100.0,Pass
110,1093,16,20,80.0,Pass
110,1094,14,20,70.0,Pass
110,1095,15,20,75.0,Pass
110,1096,15,20,75.0,Pass
110,1097,12,20,60.0,Pass
110,1098,17,20,85.0,Pass
110,1099,14,20,70.0,Pass
110,1100,12,20,60.0,Pass
111,1101,17,20,85.0,Pass
111,1102,17,20,85.0,Pass
111,1103,8,20,40.0,Fail
111,1104,17,20,85.0,Pass
111,1105,19,20,95.0,Pass
111,1106,9,20,45.0,Fail
111,1107,20,20,100.0,Pass
111,1108,11,20,55.0,Pass
111,1109,18,20,90.0,Pass
111,1110,11,20,55.0,Pass
112,1111,12,20,60.0,Pass
112,1112,18,20,90.0,Pass
112,1113,9,20,45.0,Fail
112,1114,10,20,50.0,Pass
112,1115,11,20,55.0,Pass
112,1116,10,20,50.0,Pass
112,1117,16,20,80.0,Pass
112,1118,9,20,45.0,Fail
112,1119,10,20,50.0,Pass
112,1120,8,20,40.0,Fail
113,1121,14,20,70.0,Pass
113,1122,15,20,75.0,Pass
113,1123,19,20,95.0,Pass
113,1124,17,20,85.0,Pass
113,1125,15,20,75.0,Pass
113,1126,12,20,60.0,Pass
113,1127,8,20,40.0,Fail
113,1128,11,20,55.0,Pass
113,1129,12,20,60.0,Pass
113,1130,19,20,95.0,Pass
114,1131,12,20,60.0,Pass
114,1132,19,20,95.0,Pass
114,1133,15,20,75.0,Pass
114,1134,9,20,45.0,Fail
114,1135,18,20,90.0,Pass
114,1136,11,20,55.0,Pass
114,1137,12,20,60.0,Pass
114,1138,20,20,100.0,Pass
114,1139,20,20,100.0,Pass
114,1140,18,20,90.0,Pass
115,1141,17,20,85.0,Pass
115,1142,18,20,90.0,Pass
115,1143,20,20,100.0,Pass
115,1144,11,20,55.0,Pass
115,1145,14,20,70.0,Pass
115,1146,9,20,45.0,Fail
115,1147,16,20,80.0,Pass
115,1148,11,20,55.0,Pass
115,1149,18,20,90.0,Pass
115,1150,10,20,50.0,Pass
116,1151,12,20,60.0,Pass
116,1152,10,20,50.0,Pass
116,1153,9,20,45.0,Fail
116,1154,8,20,40.0,Fail
116,1155,10,20,50.0,Pass
116,1156,20,20,100.0,Pass
116,1157,12,20,60.0,Pass
116,1158,17,20,85.0,Pass
116,1159,19,20,95.0,Pass
116,1160,17,20,85.0,Pass
117,1161,12,20,60.0,Pass
117,1162,15,20,75.0,Pass
117,1163,9,20,45.0,Fail
117,1164,15,20,75.0,Pass
117,1165,19,20,95.0,Pass
117,1166,12,20,60.0,Pass
117,1167,19,20,95.0,Pass
117,1168,14,20,70.0,Pass
117,1169,12,20,60.0,Pass
117,1170,16,20,80.0,Pass
118,1171,16,20,80.0,Pass
118,1172,15,20,75.0,Pass
118,1173,15,20,75.0,Pass
118,1174,9,20,45.0,Fail
118,1175,17,20,85.0,Pass
118,1176,8,20,40.0,Fail
118,1177,14,20,70.0,Pass
118,1178,19,20,95.0,Pass
118,1179,13,20,65.0,Pass
118,1180,17,20,85.0,Pass
119,1181,12,20,60.0,Pass
119,1182,8,20,40.0,Fail
119,1183,9,20,45.0,Fail
119,1184,11,20,55.0,Pass
119,1185,18,20,90.0,Pass
119,1186,17,20,85.0,Pass
119,1187,17,20,85.0,Pass
119,1188,8,20,40.0,Fail
119,1189,20,20,100.0,Pass
119,1190,18,20,90.0,Pass
120,1191,12,20,60.0,Pass
120,1192,17,20,85.0,Pass
120,1193,8,20,40.0,Fail
120,1194,20,20,100.0,Pass
120,1195,20,20,100.0,Pass
120,1196,10,20,50.0,Pass
120,1197,15,20,75.0,Pass
120,1198,16,20,80.0,Pass
120,1199,18,20,90.0,Pass
120,1200,15,20,75.0,Pass
121,1201,12,20,60.0,Pass
121,1202,10,20,50.0,Pass
121,1203,17,20,85.0,Pass
121,1204,14,20,70.0,Pass
121,1205,18,20,90.0,Pass
121,1206,15,20,75.0,Pass
121,1207,9,20,45.0,Fail
121,1208,15,20,75.0,Pass
121,1209,13,20,65.0,Pass
121,1210,14,20,70.0,Pass
122,1211,13,20,65.0,Pass
122,1212,13,20,65.0,Pass
122,1213,18,20,90.0,Pass
122,1214,9,20,45.0,Fail
122,1215,10,20,50.0,Pass
122,1216,13,20,65.0,Pass
122,1217,14,20,70.0,Pass
122,1218,19,20,95.0,Pass
122,1219,15,20,75.0,Pass
122,1220,12,20,60.0,Pass
123,1221,18,20,90.0,Pass
123,1222,14,20,70.0,Pass
123,1223,20,20,100.0,Pass
123,1224,16,20,80.0,Pass
123,1225,8,20,40.0,Fail
123,1226,15,20,75.0,Pass
123,1227,9,20,45.0,Fail
123,1228,13,20,65.0,Pass
123,1229,12,20,60.0,Pass
123,1230,13,20,65.0,Pass
124,1231,9,20,45.0,Fail
124,1232,20,20,100.0,Pass
124,1233,14,20,70.0,Pass
124,1234,16,20,80.0,Pass
124,1235,8,20,40.0,Fail
124,1236,18,20,90.0,Pass
124,1237,16,20,80.0,Pass
124,1238,15,20,75.0,Pass
124,1239,14,20,70.0,Pass
124,1240,8,20,40.0,Fail
125,1241,11,20,55.0,Pass
125,1242,16,20,80.0,Pass
125,1243,13,20,65.0,Pass
125,1244,17,20,85.0,Pass
125,1245,20,20,100.0,Pass
125,1246,15,20,75.0,Pass
125,1247,18,20,90.0,Pass
125,1248,15,20,75.0,Pass
125,1249,20,20,100.0,Pass
125,1250,8,20,40.0,Fail
126,1251,11,20,55.0,Pass
126,1252,12,20,60.0,Pass
126,1253,16,20,80.0,Pass
126,1254,10,20,50.0,Pass
126,1255,12,20,60.0,Pass
126,1256,15,20,75.0,Pass
126,1257,19,20,95.0,Pass
126,1258,15,20,75.0,Pass
126,1259,9,20,45.0,Fail
126,1260,8,20,40.0,Fail
127,1261,18,20,90.0,Pass
127,1262,17,20,85.0,Pass
127,1263,20,20,100.0,Pass
127,1264,11,20,55.0,Pass
127,1265,19,20,95.0,Pass
127,1266,10,20,50.0,Pass
127,1267,12,20,60.0,Pass
127,1268,16,20,80.0,Pass
127,1269,8,20,40.0,Fail
127,1270,16,20,80.0,Pass
128,1271,14,20,70.0,Pass
128,1272,9,20,45.0,Fail
128,1273,11,20,55.0,Pass
128,1274,9,20,45.0,Fail
128,1275,15,20,75.0,Pass
128,1276,9,20,45.0,Fail
128,1277,18,20,90.0,Pass
128,1278,10,20,50.0,Pass
128,1279,15,20,75.0,Pass
128,1280,19,20,95.0,Pass
129,1281,12,20,60.0,Pass
129,1282,16,20,80.0,Pass
129,1283,19,20,95.0,Pass
129,1284,12,20,60.0,Pass
129,1285,14,20,70.0,Pass
129,1286,15,20,75.0,Pass
129,1287,15,20,75.0,Pass
129,1288,11,20,55.0,Pass
129,1289,15,20,75.0,Pass
129,1290,16,20,80.0,Pass
130,1291,10,20,50.0,Pass
130,1292,14,20,70.0,Pass
130,1293,11,20,55.0,Pass
130,1294,17,20,85.0,Pass
130,1295,16,20,80.0,Pass
130,1296,19,20,95.0,Pass
130,1297,10,20,50.0,Pass
130,1298,9,20,45.0,Fail
130,1299,12,20,60.0,Pass
130,1300,20,20,100.0,Pass
131,1301,20,20,100.0,Pass
131,1302,14,20,70.0,Pass
131,1303,13,20,65.0,Pass
131,1304,20,20,100.0,Pass
131,1305,16,20,80.0,Pass
131,1306,12,20,60.0,Pass
131,1307,8,20,40.0,Fail
131,1308,12,20,60.0,Pass
131,1309,19,20,95.0,Pass
131,1310,12,20,60.0,Pass
132,1311,17,20,85.0,Pass
132,1312,17,20,85.0,Pass
132,1313,18,20,90.0,Pass
132,1314,15,20,75.0,Pass
132,1315,10,20,50.0,Pass
132,1316,15,20,75.0,Pass
132,1317,16,20,80.0,Pass
132,1318,15,20,75.0,Pass
132,1319,13,20,65.0,Pass
132,1320,13,20,65.0,Pass
133,1321,16,20,80.0,Pass
133,1322,20,20,100.0,Pass
133,1323,16,20,80.0,Pass
133,1324,14,20,70.0,Pass
133,1325,15,20,75.0,Pass
133,1326,13,20,65.0,Pass
133,1327,11,20,55.0,Pass
133,1328,19,20,95.0,Pass
133,1329,11,20,55.0,Pass
133,1330,17,20,85.0,Pass
134,1331,14,20,70.0,Pass
134,1332,11,20,55.0,Pass
134,1333,20,20,100.0,Pass
134,1334,14,20,70.0,Pass
134,1335,8,20,40.0,Fail
134,1336,13,20,65.0,Pass
134,1337,19,20,95.0,Pass
134,1338,15,20,75.0,Pass
134,1339,19,20,95.0,Pass
134,1340,20,20,100.0,Pass
135,1341,14,20,70.0,Pass
135,1342,14,20,70.0,Pass
135,1343,18,20,90.0,Pass
135,1344,20,20,100.0,Pass
135,1345,18,20,90.0,Pass
135,1346,10,20,50.0,Pass
135,1347,15,20,75.0,Pass
135,1348,8,20,40.0,Fail
135,1349,10,20,50.0,Pass
135,1350,16,20,80.0,Pass
136,1351,17,20,85.0,Pass
136,1352,13,20,65.0,Pass
136,1353,9,20,45.0,Fail
136,1354,15,20,75.0,Pass
136,1355,9,20,45.0,Fail
136,1356,16,20,80.0,Pass
136,1357,15,20,75.0,Pass
136,1358,8,20,40.0,Fail
136,1359,19,20,95.0,Pass
136,1360,10,20,50.0,Pass
137,1361,14,20,70.0,Pass
137,1362,18,20,90.0,Pass
137,1363,10,20,50.0,Pass
137,1364,9,20,45.0,Fail
137,1365,15,20,75.0,Pass
137,1366,20,20,100.0,Pass
137,1367,12,20,60.0,Pass
137,1368,13,20,65.0,Pass
137,1369,17,20,85.0,Pass
137,1370,19,20,95.0,Pass
138,1371,14,20,70.0,Pass
138,1372,18,20,90.0,Pass
138,1373,9,20,45.0,Fail
138,1374,13,20,65.0,Pass
138,1375,18,20,90.0,Pass
138,1376,16,20,80.0,Pass
138,1377,14,20,70.0,Pass
138,1378,13,20,65.0,Pass
138,1379,18,20,90.0,Pass
138,1380,19,20,95.0,Pass
139,1381,20,20,100.0,Pass
139,1382,15,20,75.0,Pass
139,1383,16,20,80.0,Pass
139,1384,8,20,40.0,Fail
139,1385,17,20,85.0,Pass
139,1386,9,20,45.0,Fail
139,1387,11,20,55.0,Pass
139,1388,18,20,90.0,Pass
139,1389,18,20,90.0,Pass
139,1390,12,20,60.0,Pass
140,1391,11,20,55.0,Pass
140,1392,19,20,95.0,Pass
140,1393,9,20,45.0,Fail
140,1394,14,20,70.0,Pass
140,1395,9,20,45.0,Fail
140,1396,20,20,100.0,Pass
140,1397,18,20,90.0,Pass
140,1398,19,20,95.0,Pass
140,1399,9,20,45.0,Fail
140,1400,15,20,75.0,Pass
141,1401,10,20,50.0,Pass
141,1402,19,20,95.0,Pass
141,1403,12,20,60.0,Pass
141,1404,8,20,40.0,Fail
141,1405,8,20,40.0,Fail
141,1406,13,20,65.0,Pass
141,1407,20,20,100.0,Pass
141,1408,8,20,40.0,Fail
141,1409,12,20,60.0,Pass
141,1410,13,20,65.0,Pass
142,1411,13,20,65.0,Pass
142,1412,14,20,70.0,Pass
142,1413,10,20,50.0,Pass
142,1414,11,20,55.0,Pass
142,1415,16,20,80.0,Pass
142,1416,14,20,70.0,Pass
142,1417,17,20,85.0,Pass
142,1418,18,20,90.0,Pass
142,1419,20,20,100.0,Pass
142,1420,10,20,50.0,Pass
143,1421,10,20,50.0,Pass
143,1422,10,20,50.0,Pass
143,1423,9,20,45.0,Fail
143,1424,17,20,85.0,Pass
143,1425,14,20,70.0,Pass
143,1426,17,20,85.0,Pass
143,1427,18,20,90.0,Pass
143,1428,11,20,55.0,Pass
143,1429,15,20,75.0,Pass
143,1430,17,20,85.0,Pass
144,1431,10,20,50.0,Pass
144,1432,11,20,55.0,Pass
144,1433,15,20,75.0,Pass
144,1434,18,20,90.0,Pass
144,1435,12,20,60.0,Pass
144,1436,15,20,75.0,Pass
144,1437,12,20,60.0,Pass
144,1438,18,20,90.0,Pass
144,1439,8,20,40.0,Fail
144,1440,20,20,100.0,Pass
145,1441,15,20,75.0,Pass
145,1442,12,20,60.0,Pass
145,1443,18,20,90.0,Pass
145,1444,16,20,80.0,Pass
145,1445,10,20,50.0,Pass
145,1446,9,20,45.0,Fail
145,1447,15,20,75.0,Pass
145,1448,13,20,65.0,Pass
145,1449,17,20,85.0,Pass
145,1450,12,20,60.0,Pass
146,1451,18,20,90.0,Pass
146,1452,14,20,70.0,Pass
146,1453,19,20,95.0,Pass
146,1454,12,20,60.0,Pass
146,1455,15,20,75.0,Pass
146,1456,12,20,60.0,Pass
146,1457,11,20,55.0,Pass
146,1458,14,20,70.0,Pass
146,1459,15,20,75.0,Pass
146,1460,9,20,45.0,Fail
147,1461,11,20,55.0,Pass
147,1462,14,20,70.0,Pass
147,1463,17,20,85.0,Pass
147,1464,13,20,65.0,Pass
147,1465,17,20,85.0,Pass
147,1466,12,20,60.0,Pass
147,1467,19,20,95.0,Pass
147,1468,12,20,60.0,Pass
147,1469,8,20,40.0,Fail
147,1470,18,20,90.0,Pass
148,1471,14,20,70.0,Pass
148,1472,12,20,60.0,Pass
148,1473,8,20,40.0,Fail
148,1474,17,20,85.0,Pass
148,1475,18,20,90.0,Pass
148,1476,20,20,100.0,Pass
148,1477,19,20,95.0,Pass
148,1478,8,20,40.0,Fail
148,1479,17,20,85.0,Pass
148,1480,19,20,95.0,Pass
149,1481,15,20,75.0,Pass
149,1482,12,20,60.0,Pass
149,1483,20,20,100.0,Pass
149,1484,20,20,100.0,Pass
149,1485,11,20,55.0,Pass
149,1486,17,20,85.0,Pass
149,1487,20,20,100.0,Pass
149,1488,13,20,65.0,Pass
149,1489,11,20,55.0,Pass
149,1490,18,20,90.0,Pass
150,1491,11,20,55.0,Pass
150,1492,17,20,85.0,Pass
150,1493,12,20,60.0,Pass
150,1494,18,20,90.0,Pass
150,1495,20,20,100.0,Pass
150,1496,19,20,95.0,Pass
150,1497,20,20,100.0,Pass
150,1498,18,20,90.0,Pass
150,1499,18,20,90.0,Pass
150,1500,10,20,50.0,Pass
151,1501,18,20,90.0,Pass
151,1502,9,20,45.0,Fail
151,1503,18,20,90.0,Pass
151,1504,18,20,90.0,Pass
151,1505,8,20,40.0,Fail
151,1506,12,20,60.0,Pass
151,1507,20,20,100.0,Pass
151,1508,15,20,75.0,Pass
151,1509,8,20,40.0,Fail
151,1510,17,20,85.0,Pass
152,1511,13,20,65.0,Pass
152,1512,19,20,95.0,Pass
152,1513,10,20,50.0,Pass
152,1514,9,20,45.0,Fail
152,1515,12,20,60.0,Pass
152,1516,13,20,65.0,Pass
152,1517,19,20,95.0,Pass
152,1518,14,20,70.0,Pass
152,1519,10,20,50.0,Pass
152,1520,11,20,55.0,Pass
153,1521,10,20,50.0,Pass
153,1522,20,20,100.0,Pass
153,1523,16,20,80.0,Pass
153,1524,13,20,65.0,Pass
153,1525,16,20,80.0,Pass
153,1526,16,20,80.0,Pass
153,1527,12,20,60.0,Pass
153,1528,10,20,50.0,Pass
153,1529,12,20,60.0,Pass
153,1530,15,20,75.0,Pass
154,1531,20,20,100.0,Pass
154,1532,12,20,60.0,Pass
154,1533,19,20,95.0,Pass
154,1534,13,20,65.0,Pass
154,1535,20,20,100.0,Pass
154,1536,9,20,45.0,Fail
154,1537,15,20,75.0,Pass
154,1538,9,20,45.0,Fail
154,1539,10,20,50.0,Pass
154,1540,20,20,100.0,Pass
155,1541,11,20,55.0,Pass
155,1542,18,20,90.0,Pass
155,1543,19,20,95.0,Pass
155,1544,18,20,90.0,Pass
155,1545,14,20,70.0,Pass
155,1546,20,20,100.0,Pass
155,1547,16,20,80.0,Pass
155,1548,13,20,65.0,Pass
155,1549,9,20,45.0,Fail
155,1550,20,20,100.0,Pass
156,1551,14,20,70.0,Pass
156,1552,8,20,40.0,Fail
156,1553,12,20,60.0,Pass
156,1554,16,20,80.0,Pass
156,1555,9,20,45.0,Fail
156,1556,15,20,75.0,Pass
156,1557,13,20,65.0,Pass
156,1558,18,20,90.0,Pass
156,1559,19,20,95.0,Pass
156,1560,18,20,90.0,Pass
157,1561,12,20,60.0,Pass
157,1562,17,20,85.0,Pass
157,1563,14,20,70.0,Pass
157,1564,18,20,90.0,Pass
157,1565,13,20,65.0,Pass
157,1566,9,20,45.0,Fail
157,1567,18,20,90.0,Pass
157,1568,11,20,55.0,Pass
157,1569,15,20,75.0,Pass
157,1570,8,20,40.0,Fail
158,1571,17,20,85.0,Pass
158,1572,16,20,80.0,Pass
158,1573,13,20,65.0,Pass
158,1574,17,20,85.0,Pass
158,1575,11,20,55.0,Pass
158,1576,18,20,90.0,Pass
158,1577,9,20,45.0,Fail
158,1578,18,20,90.0,Pass
158,1579,15,20,75.0,Pass
158,1580,19,20,95.0,Pass
159,1581,12,20,60.0,Pass
159,1582,18,20,90.0,Pass
159,1583,14,20,70.0,Pass
159,1584,9,20,45.0,Fail
159,1585,10,20,50.0,Pass
159,1586,8,20,40.0,Fail
159,1587,8,20,40.0,Fail
159,1588,12,20,60.0,Pass
159,1589,15,20,75.0,Pass
159,1590,9,20,45.0,Fail
160,1591,9,20,45.0,Fail
160,1592,11,20,55.0,Pass
160,1593,16,20,80.0,Pass
160,1594,10,20,50.0,Pass
160,1595,14,20,70.0,Pass
160,1596,15,20,75.0,Pass
160,1597,13,20,65.0,Pass
160,1598,18,20,90.0,Pass
160,1599,19,20,95.0,Pass
160,1600,19,20,95.0,Pass
161,1601,16,20,80.0,Pass
161,1602,14,20,70.0,Pass
161,1603,17,20,85.0,Pass
161,1604,19,20,95.0,Pass
161,1605,19,20,95.0,Pass
161,1606,10,20,50.0,Pass
161,1607,14,20,70.0,Pass
161,1608,18,20,90.0,Pass
161,1609,9,20,45.0,Fail
161,1610,15,20,75.0,Pass
162,1611,17,20,85.0,Pass
162,1612,14,20,70.0,Pass
162,1613,12,20,60.0,Pass
162,1614,8,20,40.0,Fail
162,1615,19,20,95.0,Pass
162,1616,13,20,65.0,Pass
162,1617,11,20,55.0,Pass
162,1618,15,20,75.0,Pass
162,1619,15,20,75.0,Pass
162,1620,11,20,55.0,Pass
163,1621,13,20,65.0,Pass
163,1622,9,20,45.0,Fail
163,1623,18,20,90.0,Pass
163,1624,13,20,65.0,Pass
163,1625,16,20,80.0,Pass
163,1626,18,20,90.0,Pass
163,1627,13,20,65.0,Pass
163,1628,8,20,40.0,Fail
163,1629,14,20,70.0,Pass
163,1630,12,20,60.0,Pass
164,1631,11,20,55.0,Pass
164,1632,9,20,45.0,Fail
164,1633,15,20,75.0,Pass
164,1634,9,20,45.0,Fail
164,1635,18,20,90.0,Pass
164,1636,11,20,55.0,Pass
164,1637,18,20,90.0,Pass
164,1638,18,20,90.0,Pass
164,1639,17,20,85.0,Pass
164,1640,8,20,40.0,Fail
165,1641,8,20,40.0,Fail
165,1642,20,20,100.0,Pass
165,1643,13,20,65.0,Pass
165,1644,11,20,55.0,Pass
165,1645,10,20,50.0,Pass
165,1646,20,20,100.0,Pass
165,1647,17,20,85.0,Pass
165,1648,11,20,55.0,Pass
165,1649,9,20,45.0,Fail
165,1650,20,20,100.0,Pass
166,1651,16,20,80.0,Pass
166,1652,11,20,55.0,Pass
166,1653,17,20,85.0,Pass
166,1654,11,20,55.0,Pass
166,1655,11,20,55.0,Pass
166,1656,13,20,65.0,Pass
166,1657,20,20,100.0,Pass
166,1658,10,20,50.0,Pass
166,1659,20,20,100.0,Pass
166,1660,17,20,85.0,Pass
167,1661,8,20,40.0,Fail
167,1662,12,20,60.0,Pass
167,1663,10,20,50.0,Pass
167,1664,10,20,50.0,Pass
167,1665,16,20,80.0,Pass
167,1666,12,20,60.0,Pass
167,1667,20,20,100.0,Pass
167,1668,10,20,50.0,Pass
167,1669,9,20,45.0,Fail
167,1670,18,20,90.0,Pass
168,1671,8,20,40.0,Fail
168,1672,10,20,50.0,Pass
168,1673,8,20,40.0,Fail
168,1674,13,20,65.0,Pass
168,1675,20,20,100.0,Pass
168,1676,20,20,100.0,Pass
168,1677,11,20,55.0,Pass
168,1678,17,20,85.0,Pass
168,1679,13,20,65.0,Pass
168,1680,8,20,40.0,Fail
169,1681,10,20,50.0,Pass
169,1682,12,20,60.0,Pass
169,1683,8,20,40.0,Fail
169,1684,10,20,50.0,Pass
169,1685,19,20,95.0,Pass
169,1686,14,20,70.0,Pass
169,1687,16,20,80.0,Pass
169,1688,9,20,45.0,Fail
169,1689,19,20,95.0,Pass
169,1690,9,20,45.0,Fail
170,1691,15,20,75.0,Pass
170,1692,15,20,75.0,Pass
170,1693,20,20,100.0,Pass
170,1694,13,20,65.0,Pass
170,1695,16,20,80.0,Pass
170,1696,17,20,85.0,Pass
170,1697,9,20,45.0,Fail
170,1698,15,20,75.0,Pass
170,1699,16,20,80.0,Pass
170,1700,11,20,55.0,Pass
171,1701,17,20,85.0,Pass
171,1702,8,20,40.0,Fail
171,1703,19,20,95.0,Pass
171,1704,20,20,100.0,Pass
171,1705,18,20,90.0,Pass
171,1706,16,20,80.0,Pass
171,1707,12,20,60.0,Pass
171,1708,15,20,75.0,Pass
171,1709,18,20,90.0,Pass
171,1710,8,20,40.0,Fail
172,1711,8,20,40.0,Fail
172,1712,15,20,75.0,Pass
172,1713,14,20,70.0,Pass
172,1714,14,20,70.0,Pass
172,1715,18,20,90.0,Pass
172,1716,9,20,45.0,Fail
172,1717,15,20,75.0,Pass
172,1718,19,20,95.0,Pass
172,1719,15,20,75.0,Pass
172,1720,9,20,45.0,Fail
173,1721,9,20,45.0,Fail
173,1722,13,20,65.0,Pass
173,1723,17,20,85.0,Pass
173,1724,10,20,50.0,Pass
173,1725,9,20,45.0,Fail
173,1726,10,20,50.0,Pass
173,1727,12,20,60.0,Pass
173,1728,17,20,85.0,Pass
173,1729,18,20,90.0,Pass
173,1730,17,20,85.0,Pass
174,1731,16,20,80.0,Pass
174,1732,19,20,95.0,Pass
174,1733,13,20,65.0,Pass
174,1734,14,20,70.0,Pass
174,1735,17,20,85.0,Pass
174,1736,16,20,80.0,Pass
174,1737,12,20,60.0,Pass
174,1738,15,20,75.0,Pass
174,1739,16,20,80.0,Pass
174,1740,17,20,85.0,Pass
175,1741,14,20,70.0,Pass
175,1742,9,20,45.0,Fail
175,1743,20,20,100.0,Pass
175,1744,19,20,95.0,Pass
175,1745,9,20,45.0,Fail
175,1746,18,20,90.0,Pass
175,1747,18,20,90.0,Pass
175,1748,20,20,100.0,Pass
175,1749,16,20,80.0,Pass
175,1750,19,20,95.0,Pass
176,1751,11,20,55.0,Pass
176,1752,14,20,70.0,Pass
176,1753,15,20,75.0,Pass
176,1754,11,20,55.0,Pass
176,1755,14,20,70.0,Pass
176,1756,13,20,65.0,Pass
176,1757,15,20,75.0,Pass
176,1758,14,20,70.0,Pass
176,1759,14,20,70.0,Pass
176,1760,19,20,95.0,Pass
177,1761,9,20,45.0,Fail
177,1762,13,20,65.0,Pass
177,1763,14,20,70.0,Pass
177,1764,13,20,65.0,Pass
177,1765,18,20,90.0,Pass
177,1766,12,20,60.0,Pass
177,1767,13,20,65.0,Pass
177,1768,10,20,50.0,Pass
177,1769,18,20,90.0,Pass
177,1770,15,20,75.0,Pass
178,1771,9,20,45.0,Fail
178,1772,9,20,45.0,Fail
178,1773,9,20,45.0,Fail
178,1774,9,20,45.0,Fail
178,1775,14,20,70.0,Pass
178,1776,9,20,45.0,Fail
178,1777,19,20,95.0,Pass
178,1778,19,20,95.0,Pass
178,1779,13,20,65.0,Pass
178,1780,20,20,100.0,Pass
179,1781,10,20,50.0,Pass
179,1782,16,20,80.0,Pass
179,1783,8,20,40.0,Fail
179,1784,17,20,85.0,Pass
179,1785,16,20,80.0,Pass
179,1786,16,20,80.0,Pass
179,1787,13,20,65.0,Pass
179,1788,18,20,90.0,Pass
179,1789,9,20,45.0,Fail
179,1790,14,20,70.0,Pass
180,1791,13,20,65.0,Pass
180,1792,18,20,90.0,Pass
180,1793,20,20,100.0,Pass
180,1794,14,20,70.0,Pass
180,1795,19,20,95.0,Pass
180,1796,8,20,40.0,Fail
180,1797,12,20,60.0,Pass
180,1798,17,20,85.0,Pass
180,1799,12,20,60.0,Pass
180,1800,13,20,65.0,Pass
181,1801,9,20,45.0,Fail
181,1802,17,20,85.0,Pass
181,1803,16,20,80.0,Pass
181,1804,11,20,55.0,Pass
181,1805,10,20,50.0,Pass
181,1806,18,20,90.0,Pass
181,1807,15,20,75.0,Pass
181,1808,11,20,55.0,Pass
181,1809,9,20,45.0,Fail
181,1810,13,20,65.0,Pass
182,1811,16,20,80.0,Pass
182,1812,13,20,65.0,Pass
182,1813,9,20,45.0,Fail
182,1814,20,20,100.0,Pass
182,1815,12,20,60.0,Pass
182,1816,17,20,85.0,Pass
182,1817,11,20,55.0,Pass
182,1818,20,20,100.0,Pass
182,1819,14,20,70.0,Pass
182,1820,16,20,80.0,Pass
183,1821,20,20,100.0,Pass
183,1822,17,20,85.0,Pass
183,1823,17,20,85.0,Pass
183,1824,18,20,90.0,Pass
183,1825,18,20,90.0,Pass
183,1826,16,20,80.0,Pass
183,1827,8,20,40.0,Fail
183,1828,17,20,85.0,Pass
183,1829,18,20,90.0,Pass
183,1830,19,20,95.0,Pass
184,1831,12,20,60.0,Pass
184,1832,8,20,40.0,Fail
184,1833,10,20,50.0,Pass
184,1834,12,20,60.0,Pass
184,1835,19,20,95.0,Pass
184,1836,20,20,100.0,Pass
184,1837,12,20,60.0,Pass
184,1838,13,20,65.0,Pass
184,1839,13,20,65.0,Pass
184,1840,8,20,40.0,Fail
185,1841,10,20,50.0,Pass
185,1842,10,20,50.0,Pass
185,1843,17,20,85.0,Pass
185,1844,18,20,90.0,Pass
185,1845,14,20,70.0,Pass
185,1846,9,20,45.0,Fail
185,1847,10,20,50.0,Pass
185,1848,19,20,95.0,Pass
185,1849,18,20,90.0,Pass
185,1850,8,20,40.0,Fail
186,1851,9,20,45.0,Fail
186,1852,19,20,95.0,Pass
186,1853,16,20,80.0,Pass
186,1854,11,20,55.0,Pass
186,1855,14,20,70.0,Pass
186,1856,14,20,70.0,Pass
186,1857,15,20,75.0,Pass
186,1858,13,20,65.0,Pass
186,1859,10,20,50.0,Pass
186,1860,13,20,65.0,Pass
187,1861,12,20,60.0,Pass
187,1862,19,20,95.0,Pass
187,1863,13,20,65.0,Pass
187,1864,20,20,100.0,Pass
187,1865,17,20,85.0,Pass
187,1866,17,20,85.0,Pass
187,1867,9,20,45.0,Fail
187,1868,8,20,40.0,Fail
187,1869,10,20,50.0,Pass
187,1870,10,20,50.0,Pass
188,1871,20,20,100.0,Pass
188,1872,17,20,85.0,Pass
188,1873,8,20,40.0,Fail
188,1874,18,20,90.0,Pass
188,1875,9,20,45.0,Fail
188,1876,12,20,60.0,Pass
188,1877,15,20,75.0,Pass
188,1878,18,20,90.0,Pass
188,1879,14,20,70.0,Pass
188,1880,15,20,75.0,Pass
189,1881,17,20,85.0,Pass
189,1882,15,20,75.0,Pass
189,1883,14,20,70.0,Pass
189,1884,12,20,60.0,Pass
189,1885,11,20,55.0,Pass
189,1886,20,20,100.0,Pass
189,1887,16,20,80.0,Pass
189,1888,9,20,45.0,Fail
189,1889,13,20,65.0,Pass
189,1890,14,20,70.0,Pass
190,1891,9,20,45.0,Fail
190,1892,12,20,60.0,Pass
190,1893,18,20,90.0,Pass
190,1894,18,20,90.0,Pass
190,1895,17,20,85.0,Pass
190,1896,15,20,75.0,Pass
190,1897,16,20,80.0,Pass
190,1898,18,20,90.0,Pass
190,1899,12,20,60.0,Pass
190,1900,8,20,40.0,Fail
191,1901,11,20,55.0,Pass
191,1902,14,20,70.0,Pass
191,1903,17,20,85.0,Pass
191,1904,8,20,40.0,Fail
191,1905,8,20,40.0,Fail
191,1906,11,20,55.0,Pass
191,1907,12,20,60.0,Pass
191,1908,11,20,55.0,Pass
191,1909,20,20,100.0,Pass
191,1910,10,20,50.0,Pass
192,1911,20,20,100.0,Pass
192,1912,12,20,60.0,Pass
192,1913,12,20,60.0,Pass
192,1914,13,20,65.0,Pass
192,1915,9,20,45.0,Fail
192,1916,8,20,40.0,Fail
192,1917,15,20,75.0,Pass
192,1918,19,20,95.0,Pass
192,1919,14,20,70.0,Pass
192,1920,10,20,50.0,Pass
193,1921,10,20,50.0,Pass
193,1922,14,20,70.0,Pass
193,1923,16,20,80.0,Pass
193,1924,19,20,95.0,Pass
193,1925,11,20,55.0,Pass
193,1926,16,20,80.0,Pass
193,1927,16,20,80.0,Pass
193,1928,18,20,90.0,Pass
193,1929,20,20,100.0,Pass
193,1930,13,20,65.0,Pass
194,1931,9,20,45.0,Fail
194,1932,14,20,70.0,Pass
194,1933,19,20,95.0,Pass
194,1934,8,20,40.0,Fail
194,1935,14,20,70.0,Pass
194,1936,8,20,40.0,Fail
194,1937,15,20,75.0,Pass
194,1938,9,20,45.0,Fail
194,1939,13,20,65.0,Pass
194,1940,17,20,85.0,Pass
195,1941,14,20,70.0,Pass
195,1942,17,20,85.0,Pass
195,1943,14,20,70.0,Pass
195,1944,19,20,95.0,Pass
195,1945,18,20,90.0,Pass
195,1946,14,20,70.0,Pass
195,1947,12,20,60.0,Pass
195,1948,9,20,45.0,Fail
195,1949,14,20,70.0,Pass
195,1950,8,20,40.0,Fail
196,1951,13,20,65.0,Pass
196,1952,10,20,50.0,Pass
196,1953,20,20,100.0,Pass
196,1954,17,20,85.0,Pass
196,1955,15,20,75.0,Pass
196,1956,19,20,95.0,Pass
196,1957,13,20,65.0,Pass
196,1958,9,20,45.0,Fail
196,1959,14,20,70.0,Pass
196,1960,9,20,45.0,Fail
197,1961,11,20,55.0,Pass
197,1962,14,20,70.0,Pass
197,1963,17,20,85.0,Pass
197,1964,14,20,70.0,Pass
197,1965,16,20,80.0,Pass
197,1966,9,20,45.0,Fail
197,1967,14,20,70.0,Pass
197,1968,12,20,60.0,Pass
197,1969,19,20,95.0,Pass
197,1970,13,20,65.0,Pass
198,1971,11,20,55.0,Pass
198,1972,13,20,65.0,Pass
198,1973,20,20,100.0,Pass
198,1974,10,20,50.0,Pass
198,1975,9,20,45.0,Fail
198,1976,16,20,80.0,Pass
198,1977,18,20,90.0,Pass
198,1978,9,20,45.0,Fail
198,1979,16,20,80.0,Pass
198,1980,16,20,80.0,Pass
199,1981,11,20,55.0,Pass
199,1982,20,20,100.0,Pass
199,1983,13,20,65.0,Pass
199,1984,13,20,65.0,Pass
199,1985,19,20,95.0,Pass
199,1986,18,20,90.0,Pass
199,1987,10,20,50.0,Pass
199,1988,11,20,55.0,Pass
199,1989,9,20,45.0,Fail
199,1990,10,20,50.0,Pass
200,1991,12,20,60.0,Pass
200,1992,11,20,55.0,Pass
200,1993,10,20,50.0,Pass
200,1994,17,20,85.0,Pass
200,1995,10,20,50.0,Pass
200,1996,20,20,100.0,Pass
200,1997,20,20,100.0,Pass
200,1998,18,20,90.0,Pass
200,1999,9,20,45.0,Fail
200,2000,10,20,50.0,Pass
201,1,20,20,100.0,Pass
201,2,18,20,90.0,Pass
201,3,15,20,75.0,Pass
201,4,15,20,75.0,Pass
201,5,20,20,100.0,Pass
201,6,17,20,85.0,Pass
201,7,20,20,100.0,Pass
201,8,17,20,85.0,Pass
201,9,15,20,75.0,Pass
201,10,18,20,90.0,Pass
202,11,17,20,85.0,Pass
202,12,18,20,90.0,Pass
202,13,18,20,90.0,Pass
202,14,17,20,85.0,Pass
202,15,13,20,65.0,Pass
202,16,18,20,90.0,Pass
202,17,13,20,65.0,Pass
202,18,10,20,50.0,Pass
202,19,15,20,75.0,Pass
202,20,9,20,45.0,Fail
203,21,15,20,75.0,Pass
203,22,15,20,75.0,Pass
203,23,18,20,90.0,Pass
203,24,12,20,60.0,Pass
203,25,20,20,100.0,Pass
203,26,12,20,60.0,Pass
203,27,17,20,85.0,Pass
203,28,8,20,40.0,Fail
203,29,13,20,65.0,Pass
203,30,16,20,80.0,Pass
204,31,9,20,45.0,Fail
204,32,12,20,60.0,Pass
204,33,15,20,75.0,Pass
204,34,15,20,75.0,Pass
204,35,8,20,40.0,Fail
204,36,8,20,40.0,Fail
204,37,13,20,65.0,Pass
204,38,12,20,60.0,Pass
204,39,9,20,45.0,Fail
204,40,18,20,90.0,Pass
205,41,9,20,45.0,Fail
205,42,17,20,85.0,Pass
205,43,17,20,85.0,Pass
205,44,16,20,80.0,Pass
205,45,14,20,70.0,Pass
205,46,15,20,75.0,Pass
205,47,17,20,85.0,Pass
205,48,16,20,80.0,Pass
205,49,20,20,100.0,Pass
205,50,19,20,95.0,Pass
206,51,8,20,40.0,Fail
206,52,15,20,75.0,Pass
206,53,20,20,100.0,Pass
206,54,17,20,85.0,Pass
206,55,18,20,90.0,Pass
206,56,11,20,55.0,Pass
206,57,13,20,65.0,Pass
206,58,17,20,85.0,Pass
206,59,15,20,75.0,Pass
206,60,16,20,80.0,Pass
207,61,10,20,50.0,Pass
207,62,8,20,40.0,Fail
207,63,15,20,75.0,Pass
207,64,9,20,45.0,Fail
207,65,20,20,100.0,Pass
207,66,13,20,65.0,Pass
207,67,19,20,95.0,Pass
207,68,9,20,45.0,Fail
207,69,16,20,80.0,Pass
207,70,18,20,90.0,Pass
208,71,10,20,50.0,Pass
208,72,8,20,40.0,Fail
208,73,11,20,55.0,Pass
208,74,19,20,95.0,Pass
208,75,15,20,75.0,Pass
208,76,15,20,75.0,Pass
208,77,16,20,80.0,Pass
208,78,16,20,80.0,Pass
208,79,17,20,85.0,Pass
208,80,10,20,50.0,Pass
209,81,13,20,65.0,Pass
209,82,13,20,65.0,Pass
209,83,12,20,60.0,Pass
209,84,14,20,70.0,Pass
209,85,14,20,70.0,Pass
209,86,20,20,100.0,Pass
209,87,13,20,65.0,Pass
209,88,18,20,90.0,Pass
209,89,17,20,85.0,Pass
209,90,8,20,40.0,Fail
210,91,20,20,100.0,Pass
210,92,18,20,90.0,Pass
210,93,18,20,90.0,Pass
210,94,13,20,65.0,Pass
210,95,9,20,45.0,Fail
210,96,13,20,65.0,Pass
210,97,9,20,45.0,Fail
210,98,16,20,80.0,Pass
210,99,18,20,90.0,Pass
210,100,14,20,70.0,Pass
211,101,12,20,60.0,Pass
211,102,12,20,60.0,Pass
211,103,19,20,95.0,Pass
211,104,18,20,90.0,Pass
211,105,17,20,85.0,Pass
211,106,10,20,50.0,Pass
211,107,13,20,65.0,Pass
211,108,9,20,45.0,Fail
211,109,17,20,85.0,Pass
211,110,18,20,90.0,Pass
212,111,10,20,50.0,Pass
212,112,13,20,65.0,Pass
212,113,12,20,60.0,Pass
212,114,18,20,90.0,Pass
212,115,19,20,95.0,Pass
212,116,18,20,90.0,Pass
212,117,14,20,70.0,Pass
212,118,10,20,50.0,Pass
212,119,17,20,85.0,Pass
212,120,19,20,95.0,Pass
213,121,9,20,45.0,Fail
213,122,12,20,60.0,Pass
213,123,16,20,80.0,Pass
213,124,14,20,70.0,Pass
213,125,18,20,90.0,Pass
213,126,20,20,100.0,Pass
213,127,13,20,65.0,Pass
213,128,10,20,50.0,Pass
213,129,18,20,90.0,Pass
213,130,19,20,95.0,Pass
214,131,19,20,95.0,Pass
214,132,18,20,90.0,Pass
214,133,16,20,80.0,Pass
214,134,9,20,45.0,Fail
214,135,18,20,90.0,Pass
214,136,18,20,90.0,Pass
214,137,14,20,70.0,Pass
214,138,16,20,80.0,Pass
214,139,13,20,65.0,Pass
214,140,8,20,40.0,Fail
215,141,13,20,65.0,Pass
215,142,12,20,60.0,Pass
215,143,10,20,50.0,Pass
215,144,11,20,55.0,Pass
215,145,13,20,65.0,Pass
215,146,20,20,100.0,Pass
215,147,15,20,75.0,Pass
215,148,11,20,55.0,Pass
215,149,11,20,55.0,Pass
215,150,10,20,50.0,Pass
216,151,10,20,50.0,Pass
216,152,9,20,45.0,Fail
216,153,12,20,60.0,Pass
216,154,20,20,100.0,Pass
216,155,9,20,45.0,Fail
216,156,16,20,80.0,Pass
216,157,20,20,100.0,Pass
216,158,16,20,80.0,Pass
216,159,19,20,95.0,Pass
216,160,16,20,80.0,Pass
217,161,8,20,40.0,Fail
217,162,18,20,90.0,Pass
217,163,13,20,65.0,Pass
217,164,20,20,100.0,Pass
217,165,17,20,85.0,Pass
217,166,10,20,50.0,Pass
217,167,17,20,85.0,Pass
217,168,14,20,70.0,Pass
217,169,10,20,50.0,Pass
217,170,10,20,50.0,Pass
218,171,10,20,50.0,Pass
218,172,19,20,95.0,Pass
218,173,20,20,100.0,Pass
218,174,17,20,85.0,Pass
218,175,20,20,100.0,Pass
218,176,10,20,50.0,Pass
218,177,19,20,95.0,Pass
218,178,15,20,75.0,Pass
218,179,8,20,40.0,Fail
218,180,14,20,70.0,Pass
219,181,13,20,65.0,Pass
219,182,18,20,90.0,Pass
219,183,19,20,95.0,Pass
219,184,11,20,55.0,Pass
219,185,15,20,75.0,Pass
219,186,17,20,85.0,Pass
219,187,12,20,60.0,Pass
219,188,20,20,100.0,Pass
219,189,19,20,95.0,Pass
219,190,20,20,100.0,Pass
220,191,15,20,75.0,Pass
220,192,11,20,55.0,Pass
220,193,16,20,80.0,Pass
220,194,11,20,55.0,Pass
220,195,12,20,60.0,Pass
220,196,20,20,100.0,Pass
220,197,20,20,100.0,Pass
220,198,15,20,75.0,Pass
220,199,11,20,55.0,Pass
220,200,13,20,65.0,Pass
221,201,18,20,90.0,Pass
221,202,17,20,85.0,Pass
221,203,15,20,75.0,Pass
221,204,15,20,75.0,Pass
221,205,20,20,100.0,Pass
221,206,12,20,60.0,Pass
221,207,20,20,100.0,Pass
221,208,14,20,70.0,Pass
221,209,16,20,80.0,Pass
221,210,16,20,80.0,Pass
222,211,14,20,70.0,Pass
222,212,10,20,50.0,Pass
222,213,11,20,55.0,Pass
222,214,20,20,100.0,Pass
222,215,17,20,85.0,Pass
222,216,10,20,50.0,Pass
222,217,12,20,60.0,Pass
222,218,8,20,40.0,Fail
222,219,18,20,90.0,Pass
222,220,15,20,75.0,Pass
223,221,13,20,65.0,Pass
223,222,16,20,80.0,Pass
223,223,9,20,45.0,Fail
223,224,19,20,95.0,Pass
223,225,16,20,80.0,Pass
223,226,9,20,45.0,Fail
223,227,12,20,60.0,Pass
223,228,9,20,45.0,Fail
223,229,20,20,100.0,Pass
223,230,10,20,50.0,Pass
224,231,12,20,60.0,Pass
224,232,15,20,75.0,Pass
224,233,16,20,80.0,Pass
224,234,10,20,50.0,Pass
224,235,14,20,70.0,Pass
224,236,9,20,45.0,Fail
224,237,11,20,55.0,Pass
224,238,15,20,75.0,Pass
224,239,13,20,65.0,Pass
224,240,8,20,40.0,Fail
225,241,14,20,70.0,Pass
225,242,8,20,40.0,Fail
225,243,14,20,70.0,Pass
225,244,16,20,80.0,Pass
225,245,13,20,65.0,Pass
225,246,11,20,55.0,Pass
225,247,14,20,70.0,Pass
225,248,9,20,45.0,Fail
225,249,13,20,65.0,Pass
225,250,11,20,55.0,Pass
226,251,8,20,40.0,Fail
226,252,13,20,65.0,Pass
226,253,9,20,45.0,Fail
226,254,19,20,95.0,Pass
226,255,18,20,90.0,Pass
226,256,13,20,65.0,Pass
226,257,20,20,100.0,Pass
226,258,10,20,50.0,Pass
226,259,10,20,50.0,Pass
226,260,8,20,40.0,Fail
227,261,12,20,60.0,Pass
227,262,15,20,75.0,Pass
227,263,19,20,95.0,Pass
227,264,10,20,50.0,Pass
227,265,20,20,100.0,Pass
227,266,19,20,95.0,Pass
227,267,15,20,75.0,Pass
227,268,15,20,75.0,Pass
227,269,17,20,85.0,Pass
227,270,8,20,40.0,Fail
228,271,9,20,45.0,Fail
228,272,8,20,40.0,Fail
228,273,12,20,60.0,Pass
228,274,11,20,55.0,Pass
228,275,10,20,50.0,Pass
228,276,16,20,80.0,Pass
228,277,19,20,95.0,Pass
228,278,17,20,85.0,Pass
228,279,16,20,80.0,Pass
228,280,14,20,70.0,Pass
229,281,9,20,45.0,Fail
229,282,20,20,100.0,Pass
229,283,12,20,60.0,Pass
229,284,11,20,55.0,Pass
229,285,12,20,60.0,Pass
229,286,9,20,45.0,Fail
229,287,8,20,40.0,Fail
229,288,11,20,55.0,Pass
229,289,14,20,70.0,Pass
229,290,18,20,90.0,Pass
230,291,20,20,100.0,Pass
230,292,17,20,85.0,Pass
230,293,15,20,75.0,Pass
230,294,9,20,45.0,Fail
230,295,9,20,45.0,Fail
230,296,15,20,75.0,Pass
230,297,17,20,85.0,Pass
230,298,16,20,80.0,Pass
230,299,8,20,40.0,Fail
230,300,18,20,90.0,Pass
231,301,16,20,80.0,Pass
231,302,17,20,85.0,Pass
231,303,11,20,55.0,Pass
231,304,19,20,95.0,Pass
231,305,10,20,50.0,Pass
231,306,12,20,60.0,Pass
231,307,14,20,70.0,Pass
231,308,8,20,40.0,Fail
231,309,17,20,85.0,Pass
231,310,13,20,65.0,Pass
232,311,11,20,55.0,Pass
232,312,17,20,85.0,Pass
232,313,14,20,70.0,Pass
232,314,10,20,50.0,Pass
232,315,18,20,90.0,Pass
232,316,18,20,90.0,Pass
232,317,9,20,45.0,Fail
232,318,16,20,80.0,Pass
232,319,13,20,65.0,Pass
232,320,9,20,45.0,Fail
233,321,16,20,80.0,Pass
233,322,16,20,80.0,Pass
233,323,16,20,80.0,Pass
233,324,20,20,100.0,Pass
233,325,16,20,80.0,Pass
233,326,16,20,80.0,Pass
233,327,8,20,40.0,Fail
233,328,14,20,70.0,Pass
233,329,15,20,75.0,Pass
233,330,8,20,40.0,Fail
234,331,18,20,90.0,Pass
234,332,14,20,70.0,Pass
234,333,13,20,65.0,Pass
234,334,12,20,60.0,Pass
234,335,19,20,95.0,Pass
234,336,8,20,40.0,Fail
234,337,13,20,65.0,Pass
234,338,20,20,100.0,Pass
234,339,9,20,45.0,Fail
234,340,13,20,65.0,Pass
235,341,11,20,55.0,Pass
235,342,19,20,95.0,Pass
235,343,18,20,90.0,Pass
235,344,18,20,90.0,Pass
235,345,9,20,45.0,Fail
235,346,20,20,100.0,Pass
235,347,17,20,85.0,Pass
235,348,19,20,95.0,Pass
235,349,20,20,100.0,Pass
235,350,13,20,65.0,Pass
236,351,10,20,50.0,Pass
236,352,8,20,40.0,Fail
236,353,13,20,65.0,Pass
236,354,16,20,80.0,Pass
236,355,13,20,65.0,Pass
236,356,18,20,90.0,Pass
236,357,10,20,50.0,Pass
236,358,20,20,100.0,Pass
236,359,18,20,90.0,Pass
236,360,15,20,75.0,Pass
237,361,19,20,95.0,Pass
237,362,15,20,75.0,Pass
237,363,18,20,90.0,Pass
237,364,10,20,50.0,Pass
237,365,20,20,100.0,Pass
237,366,10,20,50.0,Pass
237,367,9,20,45.0,Fail
237,368,19,20,95.0,Pass
237,369,20,20,100.0,Pass
237,370,15,20,75.0,Pass
238,371,8,20,40.0,Fail
238,372,12,20,60.0,Pass
238,373,11,20,55.0,Pass
238,374,8,20,40.0,Fail
238,375,20,20,100.0,Pass
238,376,11,20,55.0,Pass
238,377,8,20,40.0,Fail
238,378,13,20,65.0,Pass
238,379,12,20,60.0,Pass
238,380,16,20,80.0,Pass
239,381,14,20,70.0,Pass
239,382,16,20,80.0,Pass
239,383,15,20,75.0,Pass
239,384,12,20,60.0,Pass
239,385,8,20,40.0,Fail
239,386,20,20,100.0,Pass
239,387,18,20,90.0,Pass
239,388,11,20,55.0,Pass
239,389,12,20,60.0,Pass
239,390,13,20,65.0,Pass
240,391,20,20,100.0,Pass
240,392,8,20,40.0,Fail
240,393,18,20,90.0,Pass
240,394,13,20,65.0,Pass
240,395,12,20,60.0,Pass
240,396,9,20,45.0,Fail
240,397,20,20,100.0,Pass
240,398,13,20,65.0,Pass
240,399,14,20,70.0,Pass
240,400,14,20,70.0,Pass
241,401,19,20,95.0,Pass
241,402,15,20,75.0,Pass
241,403,14,20,70.0,Pass
241,404,13,20,65.0,Pass
241,405,10,20,50.0,Pass
241,406,15,20,75.0,Pass
241,407,19,20,95.0,Pass
241,408,15,20,75.0,Pass
241,409,13,20,65.0,Pass
241,410,20,20,100.0,Pass
242,411,16,20,80.0,Pass
242,412,12,20,60.0,Pass
242,413,20,20,100.0,Pass
242,414,9,20,45.0,Fail
242,415,19,20,95.0,Pass
242,416,14,20,70.0,Pass
242,417,9,20,45.0,Fail
242,418,14,20,70.0,Pass
242,419,17,20,85.0,Pass
242,420,10,20,50.0,Pass
243,421,16,20,80.0,Pass
243,422,12,20,60.0,Pass
243,423,13,20,65.0,Pass
243,424,9,20,45.0,Fail
243,425,9,20,45.0,Fail
243,426,13,20,65.0,Pass
243,427,18,20,90.0,Pass
243,428,12,20,60.0,Pass
243,429,12,20,60.0,Pass
243,430,15,20,75.0,Pass
244,431,17,20,85.0,Pass
244,432,19,20,95.0,Pass
244,433,14,20,70.0,Pass
244,434,10,20,50.0,Pass
244,435,19,20,95.0,Pass
244,436,15,20,75.0,Pass
244,437,13,20,65.0,Pass
244,438,15,20,75.0,Pass
244,439,8,20,40.0,Fail
244,440,19,20,95.0,Pass
245,441,13,20,65.0,Pass
245,442,17,20,85.0,Pass
245,443,14,20,70.0,Pass
245,444,12,20,60.0,Pass
245,445,18,20,90.0,Pass
245,446,20,20,100.0,Pass
245,447,8,20,40.0,Fail
245,448,9,20,45.0,Fail
245,449,18,20,90.0,Pass
245,450,18,20,90.0,Pass
246,451,14,20,70.0,Pass
246,452,13,20,65.0,Pass
246,453,16,20,80.0,Pass
246,454,20,20,100.0,Pass
246,455,19,20,95.0,Pass
246,456,18,20,90.0,Pass
246,457,10,20,50.0,Pass
246,458,8,20,40.0,Fail
246,459,10,20,50.0,Pass
246,460,17,20,85.0,Pass
247,461,18,20,90.0,Pass
247,462,20,20,100.0,Pass
247,463,15,20,75.0,Pass
247,464,8,20,40.0,Fail
247,465,10,20,50.0,Pass
247,466,9,20,45.0,Fail
247,467,11,20,55.0,Pass
247,468,20,20,100.0,Pass
247,469,18,20,90.0,Pass
247,470,13,20,65.0,Pass
248,471,13,20,65.0,Pass
248,472,14,20,70.0,Pass
248,473,17,20,85.0,Pass
248,474,8,20,40.0,Fail
248,475,17,20,85.0,Pass
248,476,10,20,50.0,Pass
248,477,18,20,90.0,Pass
248,478,15,20,75.0,Pass
248,479,13,20,65.0,Pass
248,480,13,20,65.0,Pass
249,481,15,20,75.0,Pass
249,482,20,20,100.0,Pass
249,483,9,20,45.0,Fail
249,484,17,20,85.0,Pass
249,485,10,20,50.0,Pass
249,486,16,20,80.0,Pass
249,487,13,20,65.0,Pass
249,488,14,20,70.0,Pass
249,489,13,20,65.0,Pass
249,490,18,20,90.0,Pass
250,491,12,20,60.0,Pass
250,492,11,20,55.0,Pass
250,493,9,20,45.0,Fail
250,494,8,20,40.0,Fail
250,495,19,20,95.0,Pass
250,496,10,20,50.0,Pass
250,497,15,20,75.0,Pass
250,498,16,20,80.0,Pass
250,499,14,20,70.0,Pass
250,500,16,20,80.0,Pass
251,501,9,20,45.0,Fail
251,502,12,20,60.0,Pass
251,503,20,20,100.0,Pass
251,504,12,20,60.0,Pass
251,505,19,20,95.0,Pass
251,506,15,20,75.0,Pass
251,507,11,20,55.0,Pass
251,508,17,20,85.0,Pass
251,509,12,20,60.0,Pass
251,510,19,20,95.0,Pass
252,511,15,20,75.0,Pass
252,512,11,20,55.0,Pass
252,513,9,20,45.0,Fail
252,514,10,20,50.0,Pass
252,515,9,20,45.0,Fail
252,516,15,20,75.0,Pass
252,517,10,20,50.0,Pass
252,518,19,20,95.0,Pass
252,519,15,20,75.0,Pass
252,520,9,20,45.0,Fail
253,521,20,20,100.0,Pass
253,522,18,20,90.0,Pass
253,523,13,20,65.0,Pass
253,524,18,20,90.0,Pass
253,525,13,20,65.0,Pass
253,526,19,20,95.0,Pass
253,527,9,20,45.0,Fail
253,528,16,20,80.0,Pass
253,529,16,20,80.0,Pass
253,530,12,20,60.0,Pass
254,531,12,20,60.0,Pass
254,532,10,20,50.0,Pass
254,533,19,20,95.0,Pass
254,534,19,20,95.0,Pass
254,535,19,20,95.0,Pass
254,536,18,20,90.0,Pass
254,537,10,20,50.0,Pass
254,538,20,20,100.0,Pass
254,539,13,20,65.0,Pass
254,540,16,20,80.0,Pass
255,541,11,20,55.0,Pass
255,542,9,20,45.0,Fail
255,543,11,20,55.0,Pass
255,544,20,20,100.0,Pass
255,545,10,20,50.0,Pass
255,546,11,20,55.0,Pass
255,547,20,20,100.0,Pass
255,548,15,20,75.0,Pass
255,549,8,20,40.0,Fail
255,550,13,20,65.0,Pass
256,551,16,20,80.0,Pass
256,552,17,20,85.0,Pass
256,553,13,20,65.0,Pass
256,554,15,20,75.0,Pass
256,555,20,20,100.0,Pass
256,556,16,20,80.0,Pass
256,557,10,20,50.0,Pass
256,558,17,20,85.0,Pass
256,559,9,20,45.0,Fail
256,560,9,20,45.0,Fail
257,561,12,20,60.0,Pass
257,562,14,20,70.0,Pass
257,563,19,20,95.0,Pass
257,564,19,20,95.0,Pass
257,565,15,20,75.0,Pass
257,566,16,20,80.0,Pass
257,567,14,20,70.0,Pass
257,568,20,20,100.0,Pass
257,569,14,20,70.0,Pass
257,570,17,20,85.0,Pass
258,571,9,20,45.0,Fail
258,572,10,20,50.0,Pass
258,573,13,20,65.0,Pass
258,574,18,20,90.0,Pass
258,575,9,20,45.0,Fail
258,576,15,20,75.0,Pass
258,577,15,20,75.0,Pass
258,578,18,20,90.0,Pass
258,579,16,20,80.0,Pass
258,580,13,20,65.0,Pass
259,581,10,20,50.0,Pass
259,582,20,20,100.0,Pass
259,583,16,20,80.0,Pass
259,584,18,20,90.0,Pass
259,585,17,20,85.0,Pass
259,586,10,20,50.0,Pass
259,587,20,20,100.0,Pass
259,588,10,20,50.0,Pass
259,589,14,20,70.0,Pass
259,590,16,20,80.0,Pass
260,591,8,20,40.0,Fail
260,592,9,20,45.0,Fail
260,593,16,20,80.0,Pass
260,594,10,20,50.0,Pass
260,595,12,20,60.0,Pass
260,596,10,20,50.0,Pass
260,597,10,20,50.0,Pass
260,598,13,20,65.0,Pass
260,599,19,20,95.0,Pass
260,600,11,20,55.0,Pass
261,601,13,20,65.0,Pass
261,602,16,20,80.0,Pass
261,603,12,20,60.0,Pass
261,604,9,20,45.0,Fail
261,605,12,20,60.0,Pass
261,606,11,20,55.0,Pass
261,607,18,20,90.0,Pass
261,608,16,20,80.0,Pass
261,609,12,20,60.0,Pass
261,610,10,20,50.0,Pass
262,611,18,20,90.0,Pass
262,612,12,20,60.0,Pass
262,613,17,20,85.0,Pass
262,614,16,20,80.0,Pass
262,615,9,20,45.0,Fail
262,616,16,20,80.0,Pass
262,617,18,20,90.0,Pass
262,618,10,20,50.0,Pass
262,619,17,20,85.0,Pass
262,620,17,20,85.0,Pass
263,621,10,20,50.0,Pass
263,622,10,20,50.0,Pass
263,623,18,20,90.0,Pass
263,624,17,20,85.0,Pass
263,625,19,20,95.0,Pass
263,626,17,20,85.0,Pass
263,627,13,20,65.0,Pass
263,628,17,20,85.0,Pass
263,629,8,20,40.0,Fail
263,630,8,20,40.0,Fail
264,631,9,20,45.0,Fail
264,632,8,20,40.0,Fail
264,633,18,20,90.0,Pass
264,634,20,20,100.0,Pass
264,635,17,20,85.0,Pass
264,636,12,20,60.0,Pass
264,637,18,20,90.0,Pass
264,638,11,20,55.0,Pass
264,639,20,20,100.0,Pass
264,640,17,20,85.0,Pass
265,641,14,20,70.0,Pass
265,642,17,20,85.0,Pass
265,643,18,20,90.0,Pass
265,644,8,20,40.0,Fail
265,645,15,20,75.0,Pass
265,646,18,20,90.0,Pass
265,647,16,20,80.0,Pass
265,648,12,20,60.0,Pass
265,649,18,20,90.0,Pass
265,650,12,20,60.0,Pass
266,651,15,20,75.0,Pass
266,652,11,20,55.0,Pass
266,653,20,20,100.0,Pass
266,654,20,20,100.0,Pass
266,655,18,20,90.0,Pass
266,656,14,20,70.0,Pass
266,657,12,20,60.0,Pass
266,658,15,20,75.0,Pass
266,659,9,20,45.0,Fail
266,660,19,20,95.0,Pass
267,661,8,20,40.0,Fail
267,662,10,20,50.0,Pass
267,663,15,20,75.0,Pass
267,664,14,20,70.0,Pass
267,665,15,20,75.0,Pass
267,666,15,20,75.0,Pass
267,667,11,20,55.0,Pass
267,668,13,20,65.0,Pass
267,669,17,20,85.0,Pass
267,670,10,20,50.0,Pass
268,671,13,20,65.0,Pass
268,672,19,20,95.0,Pass
268,673,13,20,65.0,Pass
268,674,19,20,95.0,Pass
268,675,13,20,65.0,Pass
268,676,14,20,70.0,Pass
268,677,10,20,50.0,Pass
268,678,20,20,100.0,Pass
268,679,13,20,65.0,Pass
268,680,16,20,80.0,Pass
269,681,16,20,80.0,Pass
269,682,9,20,45.0,Fail
269,683,13,20,65.0,Pass
269,684,11,20,55.0,Pass
269,685,15,20,75.0,Pass
269,686,9,20,45.0,Fail
269,687,12,20,60.0,Pass
269,688,15,20,75.0,Pass
269,689,11,20,55.0,Pass
269,690,10,20,50.0,Pass
270,691,9,20,45.0,Fail
270,692,8,20,40.0,Fail
270,693,12,20,60.0,Pass
270,694,14,20,70.0,Pass
270,695,17,20,85.0,Pass
270,696,14,20,70.0,Pass
270,697,11,20,55.0,Pass
270,698,10,20,50.0,Pass
270,699,13,20,65.0,Pass
270,700,17,20,85.0,Pass
271,701,19,20,95.0,Pass
271,702,13,20,65.0,Pass
271,703,11,20,55.0,Pass
271,704,20,20,100.0,Pass
271,705,10,20,50.0,Pass
271,706,15,20,75.0,Pass
271,707,16,20,80.0,Pass
271,708,15,20,75.0,Pass
271,709,15,20,75.0,Pass
271,710,12,20,60.0,Pass
272,711,15,20,75.0,Pass
272,712,8,20,40.0,Fail
272,713,9,20,45.0,Fail
272,714,14,20,70.0,Pass
272,715,16,20,80.0,Pass
272,716,15,20,75.0,Pass
272,717,11,20,55.0,Pass
272,718,11,20,55.0,Pass
272,719,17,20,85.0,Pass
272,720,13,20,65.0,Pass
273,721,8,20,40.0,Fail
273,722,8,20,40.0,Fail
273,723,12,20,60.0,Pass
273,724,15,20,75.0,Pass
273,725,17,20,85.0,Pass
273,726,18,20,90.0,Pass
273,727,18,20,90.0,Pass
273,728,15,20,75.0,Pass
273,729,12,20,60.0,Pass
273,730,16,20,80.0,Pass
274,731,8,20,40.0,Fail
274,732,9,20,45.0,Fail
274,733,14,20,70.0,Pass
274,734,10,20,50.0,Pass
274,735,12,20,60.0,Pass
274,736,19,20,95.0,Pass
274,737,13,20,65.0,Pass
274,738,20,20,100.0,Pass
274,739,14,20,70.0,Pass
274,740,13,20,65.0,Pass
275,741,8,20,40.0,Fail
275,742,14,20,70.0,Pass
275,743,8,20,40.0,Fail
275,744,17,20,85.0,Pass
275,745,16,20,80.0,Pass
275,746,11,20,55.0,Pass
275,747,13,20,65.0,Pass
275,748,16,20,80.0,Pass
275,749,12,20,60.0,Pass
275,750,9,20,45.0,Fail
276,751,14,20,70.0,Pass
276,752,16,20,80.0,Pass
276,753,15,20,75.0,Pass
276,754,20,20,100.0,Pass
276,755,16,20,80.0,Pass
276,756,12,20,60.0,Pass
276,757,17,20,85.0,Pass
276,758,18,20,90.0,Pass
276,759,17,20,85.0,Pass
276,760,9,20,45.0,Fail
277,761,10,20,50.0,Pass
277,762,9,20,45.0,Fail
277,763,14,20,70.0,Pass
277,764,13,20,65.0,Pass
277,765,20,20,100.0,Pass
277,766,13,20,65.0,Pass
277,767,16,20,80.0,Pass
277,768,13,20,65.0,Pass
277,769,20,20,100.0,Pass
277,770,10,20,50.0,Pass
278,771,11,20,55.0,Pass
278,772,17,20,85.0,Pass
278,773,16,20,80.0,Pass
278,774,14,20,70.0,Pass
278,775,16,20,80.0,Pass
278,776,8,20,40.0,Fail
278,777,8,20,40.0,Fail
278,778,8,20,40.0,Fail
278,779,10,20,50.0,Pass
278,780,19,20,95.0,Pass
279,781,13,20,65.0,Pass
279,782,20,20,100.0,Pass
279,783,15,20,75.0,Pass
279,784,16,20,80.0,Pass
279,785,15,20,75.0,Pass
279,786,10,20,50.0,Pass
279,787,17,20,85.0,Pass
279,788,16,20,80.0,Pass
279,789,10,20,50.0,Pass
279,790,13,20,65.0,Pass
280,791,17,20,85.0,Pass
280,792,13,20,65.0,Pass
280,793,10,20,50.0,Pass
280,794,14,20,70.0,Pass
280,795,17,20,85.0,Pass
280,796,19,20,95.0,Pass
280,797,12,20,60.0,Pass
280,798,17,20,85.0,Pass
280,799,13,20,65.0,Pass
280,800,16,20,80.0,Pass
281,801,16,20,80.0,Pass
281,802,16,20,80.0,Pass
281,803,15,20,75.0,Pass
281,804,19,20,95.0,Pass
281,805,17,20,85.0,Pass
281,806,12,20,60.0,Pass
281,807,15,20,75.0,Pass
281,808,8,20,40.0,Fail
281,809,13,20,65.0,Pass
281,810,13,20,65.0,Pass
282,811,18,20,90.0,Pass
282,812,9,20,45.0,Fail
282,813,14,20,70.0,Pass
282,814,17,20,85.0,Pass
282,815,12,20,60.0,Pass
282,816,20,20,100.0,Pass
282,817,19,20,95.0,Pass
282,818,19,20,95.0,Pass
282,819,18,20,90.0,Pass
282,820,8,20,40.0,Fail
283,821,17,20,85.0,Pass
283,822,15,20,75.0,Pass
283,823,12,20,60.0,Pass
283,824,18,20,90.0,Pass
283,825,20,20,100.0,Pass
283,826,20,20,100.0,Pass
283,827,17,20,85.0,Pass
283,828,17,20,85.0,Pass
283,829,11,20,55.0,Pass
283,830,19,20,95.0,Pass
284,831,8,20,40.0,Fail
284,832,17,20,85.0,Pass
284,833,15,20,75.0,Pass
284,834,10,20,50.0,Pass
284,835,16,20,80.0,Pass
284,836,18,20,90.0,Pass
284,837,19,20,95.0,Pass
284,838,17,20,85.0,Pass
284,839,20,20,100.0,Pass
284,840,14,20,70.0,Pass
285,841,10,20,50.0,Pass
285,842,18,20,90.0,Pass
285,843,11,20,55.0,Pass
285,844,8,20,40.0,Fail
285,845,17,20,85.0,Pass
285,846,19,20,95.0,Pass
285,847,9,20,45.0,Fail
285,848,11,20,55.0,Pass
285,849,8,20,40.0,Fail
285,850,15,20,75.0,Pass
286,851,13,20,65.0,Pass
286,852,14,20,70.0,Pass
286,853,10,20,50.0,Pass
286,854,14,20,70.0,Pass
286,855,19,20,95.0,Pass
286,856,11,20,55.0,Pass
286,857,14,20,70.0,Pass
286,858,16,20,80.0,Pass
286,859,20,20,100.0,Pass
286,860,17,20,85.0,Pass
287,861,15,20,75.0,Pass
287,862,19,20,95.0,Pass
287,863,19,20,95.0,Pass
287,864,8,20,40.0,Fail
287,865,19,20,95.0,Pass
287,866,10,20,50.0,Pass
287,867,16,20,80.0,Pass
287,868,11,20,55.0,Pass
287,869,16,20,80.0,Pass
287,870,13,20,65.0,Pass
288,871,18,20,90.0,Pass
288,872,15,20,75.0,Pass
288,873,16,20,80.0,Pass
288,874,14,20,70.0,Pass
288,875,13,20,65.0,Pass
288,876,10,20,50.0,Pass
288,877,15,20,75.0,Pass
288,878,16,20,80.0,Pass
288,879,13,20,65.0,Pass
288,880,16,20,80.0,Pass
289,881,13,20,65.0,Pass
289,882,18,20,90.0,Pass
289,883,20,20,100.0,Pass
289,884,19,20,95.0,Pass
289,885,18,20,90.0,Pass
289,886,18,20,90.0,Pass
289,887,20,20,100.0,Pass
289,888,19,20,95.0,Pass
289,889,12,20,60.0,Pass
289,890,17,20,85.0,Pass
290,891,15,20,75.0,Pass
290,892,11,20,55.0,Pass
290,893,11,20,55.0,Pass
290,894,12,20,60.0,Pass
290,895,16,20,80.0,Pass
290,896,12,20,60.0,Pass
290,897,11,20,55.0,Pass
290,898,12,20,60.0,Pass
290,899,20,20,100.0,Pass
290,900,12,20,60.0,Pass
291,901,19,20,95.0,Pass
291,902,11,20,55.0,Pass
291,903,19,20,95.0,Pass
291,904,19,20,95.0,Pass
291,905,15,20,75.0,Pass
291,906,13,20,65.0,Pass
291,907,15,20,75.0,Pass
291,908,13,20,65.0,Pass
291,909,16,20,80.0,Pass
291,910,20,20,100.0,Pass
292,911,19,20,95.0,Pass
292,912,12,20,60.0,Pass
292,913,12,20,60.0,Pass
292,914,9,20,45.0,Fail
292,915,17,20,85.0,Pass
292,916,18,20,90.0,Pass
292,917,16,20,80.0,Pass
292,918,14,20,70.0,Pass
292,919,14,20,70.0,Pass
292,920,13,20,65.0,Pass
293,921,20,20,100.0,Pass
293,922,20,20,100.0,Pass
293,923,10,20,50.0,Pass
293,924,12,20,60.0,Pass
293,925,8,20,40.0,Fail
293,926,12,20,60.0,Pass
293,927,19,20,95.0,Pass
293,928,9,20,45.0,Fail
293,929,13,20,65.0,Pass
293,930,15,20,75.0,Pass
294,931,18,20,90.0,Pass
294,932,12,20,60.0,Pass
294,933,19,20,95.0,Pass
294,934,15,20,75.0,Pass
294,935,11,20,55.0,Pass
294,936,11,20,55.0,Pass
294,937,16,20,80.0,Pass
294,938,12,20,60.0,Pass
294,939,16,20,80.0,Pass
294,940,19,20,95.0,Pass
295,941,12,20,60.0,Pass
295,942,10,20,50.0,Pass
295,943,9,20,45.0,Fail
295,944,17,20,85.0,Pass
295,945,19,20,95.0,Pass
295,946,17,20,85.0,Pass
295,947,11,20,55.0,Pass
295,948,11,20,55.0,Pass
295,949,8,20,40.0,Fail
295,950,18,20,90.0,Pass
296,951,16,20,80.0,Pass
296,952,11,20,55.0,Pass
296,953,18,20,90.0,Pass
296,954,11,20,55.0,Pass
296,955,8,20,40.0,Fail
296,956,9,20,45.0,Fail
296,957,14,20,70.0,Pass
296,958,13,20,65.0,Pass
296,959,19,20,95.0,Pass
296,960,15,20,75.0,Pass
297,961,9,20,45.0,Fail
297,962,18,20,90.0,Pass
297,963,20,20,100.0,Pass
297,964,10,20,50.0,Pass
297,965,8,20,40.0,Fail
297,966,16,20,80.0,Pass
297,967,10,20,50.0,Pass
297,968,14,20,70.0,Pass
297,969,18,20,90.0,Pass
297,970,15,20,75.0,Pass
298,971,15,20,75.0,Pass
298,972,18,20,90.0,Pass
298,973,11,20,55.0,Pass
298,974,20,20,100.0,Pass
298,975,12,20,60.0,Pass
298,976,13,20,65.0,Pass
298,977,12,20,60.0,Pass
298,978,18,20,90.0,Pass
298,979,8,20,40.0,Fail
298,980,20,20,100.0,Pass
299,981,9,20,45.0,Fail
299,982,18,20,90.0,Pass
299,983,17,20,85.0,Pass
299,984,11,20,55.0,Pass
299,985,16,20,80.0,Pass
299,986,19,20,95.0,Pass
299,987,19,20,95.0,Pass
299,988,8,20,40.0,Fail
299,989,10,20,50.0,Pass
299,990,14,20,70.0,Pass
300,991,10,20,50.0,Pass
300,992,8,20,40.0,Fail
300,993,14,20,70.0,Pass
300,994,20,20,100.0,Pass
300,995,15,20,75.0,Pass
300,996,10,20,50.0,Pass
300,997,19,20,95.0,Pass
300,998,12,20,60.0,Pass
300,999,8,20,40.0,Fail
300,1000,8,20,40.0,Fail
301,1001,12,20,60.0,Pass
301,1002,17,20,85.0,Pass
301,1003,17,20,85.0,Pass
301,1004,9,20,45.0,Fail
301,1005,13,20,65.0,Pass
301,1006,12,20,60.0,Pass
301,1007,15,20,75.0,Pass
301,1008,18,20,90.0,Pass
301,1009,16,20,80.0,Pass
301,1010,16,20,80.0,Pass
302,1011,15,20,75.0,Pass
302,1012,10,20,50.0,Pass
302,1013,16,20,80.0,Pass
302,1014,15,20,75.0,Pass
302,1015,12,20,60.0,Pass
302,1016,11,20,55.0,Pass
302,1017,20,20,100.0,Pass
302,1018,9,20,45.0,Fail
302,1019,13,20,65.0,Pass
302,1020,10,20,50.0,Pass
303,1021,19,20,95.0,Pass
303,1022,15,20,75.0,Pass
303,1023,18,20,90.0,Pass
303,1024,12,20,60.0,Pass
303,1025,19,20,95.0,Pass
303,1026,10,20,50.0,Pass
303,1027,8,20,40.0,Fail
303,1028,19,20,95.0,Pass
303,1029,13,20,65.0,Pass
303,1030,20,20,100.0,Pass
304,1031,12,20,60.0,Pass
304,1032,17,20,85.0,Pass
304,1033,18,20,90.0,Pass
304,1034,20,20,100.0,Pass
304,1035,11,20,55.0,Pass
304,1036,10,20,50.0,Pass
304,1037,17,20,85.0,Pass
304,1038,18,20,90.0,Pass
304,1039,14,20,70.0,Pass
304,1040,14,20,70.0,Pass
305,1041,16,20,80.0,Pass
305,1042,13,20,65.0,Pass
305,1043,9,20,45.0,Fail
305,1044,14,20,70.0,Pass
305,1045,18,20,90.0,Pass
305,1046,9,20,45.0,Fail
305,1047,10,20,50.0,Pass
305,1048,10,20,50.0,Pass
305,1049,15,20,75.0,Pass
305,1050,13,20,65.0,Pass
306,1051,11,20,55.0,Pass
306,1052,8,20,40.0,Fail
306,1053,12,20,60.0,Pass
306,1054,14,20,70.0,Pass
306,1055,11,20,55.0,Pass
306,1056,15,20,75.0,Pass
306,1057,20,20,100.0,Pass
306,1058,12,20,60.0,Pass
306,1059,13,20,65.0,Pass
306,1060,12,20,60.0,Pass
307,1061,17,20,85.0,Pass
307,1062,19,20,95.0,Pass
307,1063,17,20,85.0,Pass
307,1064,8,20,40.0,Fail
307,1065,12,20,60.0,Pass
307,1066,18,20,90.0,Pass
307,1067,13,20,65.0,Pass
307,1068,19,20,95.0,Pass
307,1069,11,20,55.0,Pass
307,1070,8,20,40.0,Fail
308,1071,18,20,90.0,Pass
308,1072,9,20,45.0,Fail
308,1073,15,20,75.0,Pass
308,1074,12,20,60.0,Pass
308,1075,10,20,50.0,Pass
308,1076,14,20,70.0,Pass
308,1077,18,20,90.0,Pass
308,1078,16,20,80.0,Pass
308,1079,19,20,95.0,Pass
308,1080,20,20,100.0,Pass
309,1081,12,20,60.0,Pass
309,1082,19,20,95.0,Pass
309,1083,9,20,45.0,Fail
309,1084,18,20,90.0,Pass
309,1085,12,20,60.0,Pass
309,1086,13,20,65.0,Pass
309,1087,17,20,85.0,Pass
309,1088,11,20,55.0,Pass
309,1089,11,20,55.0,Pass
309,1090,10,20,50.0,Pass
310,1091,15,20,75.0,Pass
310,1092,10,20,50.0,Pass
310,1093,15,20,75.0,Pass
310,1094,19,20,95.0,Pass
310,1095,17,20,85.0,Pass
310,1096,13,20,65.0,Pass
310,1097,14,20,70.0,Pass
310,1098,19,20,95.0,Pass
310,1099,16,20,80.0,Pass
310,1100,15,20,75.0,Pass
311,1101,20,20,100.0,Pass
311,1102,16,20,80.0,Pass
311,1103,20,20,100.0,Pass
311,1104,18,20,90.0,Pass
311,1105,11,20,55.0,Pass
311,1106,20,20,100.0,Pass
311,1107,11,20,55.0,Pass
311,1108,18,20,90.0,Pass
311,1109,20,20,100.0,Pass
311,1110,17,20,85.0,Pass
312,1111,20,20,100.0,Pass
312,1112,9,20,45.0,Fail
312,1113,16,20,80.0,Pass
312,1114,15,20,75.0,Pass
312,1115,16,20,80.0,Pass
312,1116,19,20,95.0,Pass
312,1117,13,20,65.0,Pass
312,1118,9,20,45.0,Fail
312,1119,17,20,85.0,Pass
312,1120,9,20,45.0,Fail
313,1121,8,20,40.0,Fail
313,1122,16,20,80.0,Pass
313,1123,16,20,80.0,Pass
313,1124,11,20,55.0,Pass
313,1125,17,20,85.0,Pass
313,1126,16,20,80.0,Pass
313,1127,10,20,50.0,Pass
313,1128,10,20,50.0,Pass
313,1129,13,20,65.0,Pass
313,1130,16,20,80.0,Pass
314,1131,15,20,75.0,Pass
314,1132,9,20,45.0,Fail
314,1133,18,20,90.0,Pass
314,1134,11,20,55.0,Pass
314,1135,19,20,95.0,Pass
314,1136,17,20,85.0,Pass
314,1137,15,20,75.0,Pass
314,1138,9,20,45.0,Fail
314,1139,16,20,80.0,Pass
314,1140,15,20,75.0,Pass
315,1141,20,20,100.0,Pass
315,1142,8,20,40.0,Fail
315,1143,15,20,75.0,Pass
315,1144,10,20,50.0,Pass
315,1145,16,20,80.0,Pass
315,1146,14,20,70.0,Pass
315,1147,15,20,75.0,Pass
315,1148,17,20,85.0,Pass
315,1149,8,20,40.0,Fail
315,1150,16,20,80.0,Pass
316,1151,15,20,75.0,Pass
316,1152,18,20,90.0,Pass
316,1153,20,20,100.0,Pass
316,1154,12,20,60.0,Pass
316,1155,19,20,95.0,Pass
316,1156,8,20,40.0,Fail
316,1157,14,20,70.0,Pass
316,1158,12,20,60.0,Pass
316,1159,8,20,40.0,Fail
316,1160,19,20,95.0,Pass
317,1161,11,20,55.0,Pass
317,1162,17,20,85.0,Pass
317,1163,9,20,45.0,Fail
317,1164,8,20,40.0,Fail
317,1165,14,20,70.0,Pass
317,1166,13,20,65.0,Pass
317,1167,19,20,95.0,Pass
317,1168,9,20,45.0,Fail
317,1169,16,20,80.0,Pass
317,1170,8,20,40.0,Fail
318,1171,9,20,45.0,Fail
318,1172,15,20,75.0,Pass
318,1173,8,20,40.0,Fail
318,1174,12,20,60.0,Pass
318,1175,14,20,70.0,Pass
318,1176,10,20,50.0,Pass
318,1177,20,20,100.0,Pass
318,1178,10,20,50.0,Pass
318,1179,20,20,100.0,Pass
318,1180,18,20,90.0,Pass
319,1181,19,20,95.0,Pass
319,1182,18,20,90.0,Pass
319,1183,14,20,70.0,Pass
319,1184,13,20,65.0,Pass
319,1185,14,20,70.0,Pass
319,1186,15,20,75.0,Pass
319,1187,14,20,70.0,Pass
319,1188,14,20,70.0,Pass
319,1189,9,20,45.0,Fail
319,1190,18,20,90.0,Pass
320,1191,18,20,90.0,Pass
320,1192,16,20,80.0,Pass
320,1193,10,20,50.0,Pass
320,1194,18,20,90.0,Pass
320,1195,13,20,65.0,Pass
320,1196,9,20,45.0,Fail
320,1197,10,20,50.0,Pass
320,1198,16,20,80.0,Pass
320,1199,14,20,70.0,Pass
320,1200,16,20,80.0,Pass
321,1201,10,20,50.0,Pass
321,1202,19,20,95.0,Pass
321,1203,11,20,55.0,Pass
321,1204,8,20,40.0,Fail
321,1205,20,20,100.0,Pass
321,1206,8,20,40.0,Fail
321,1207,12,20,60.0,Pass
321,1208,15,20,75.0,Pass
321,1209,18,20,90.0,Pass
321,1210,19,20,95.0,Pass
322,1211,16,20,80.0,Pass
322,1212,14,20,70.0,Pass
322,1213,16,20,80.0,Pass
322,1214,14,20,70.0,Pass
322,1215,11,20,55.0,Pass
322,1216,11,20,55.0,Pass
322,1217,15,20,75.0,Pass
322,1218,13,20,65.0,Pass
322,1219,10,20,50.0,Pass
322,1220,12,20,60.0,Pass
323,1221,11,20,55.0,Pass
323,1222,19,20,95.0,Pass
323,1223,20,20,100.0,Pass
323,1224,9,20,45.0,Fail
323,1225,8,20,40.0,Fail
323,1226,20,20,100.0,Pass
323,1227,18,20,90.0,Pass
323,1228,14,20,70.0,Pass
323,1229,17,20,85.0,Pass
323,1230,20,20,100.0,Pass
324,1231,8,20,40.0,Fail
324,1232,11,20,55.0,Pass
324,1233,11,20,55.0,Pass
324,1234,9,20,45.0,Fail
324,1235,9,20,45.0,Fail
324,1236,17,20,85.0,Pass
324,1237,8,20,40.0,Fail
324,1238,15,20,75.0,Pass
324,1239,17,20,85.0,Pass
324,1240,18,20,90.0,Pass
325,1241,19,20,95.0,Pass
325,1242,8,20,40.0,Fail
325,1243,11,20,55.0,Pass
325,1244,19,20,95.0,Pass
325,1245,8,20,40.0,Fail
325,1246,14,20,70.0,Pass
325,1247,15,20,75.0,Pass
325,1248,11,20,55.0,Pass
325,1249,16,20,80.0,Pass
325,1250,11,20,55.0,Pass
326,1251,20,20,100.0,Pass
326,1252,20,20,100.0,Pass
326,1253,8,20,40.0,Fail
326,1254,10,20,50.0,Pass
326,1255,16,20,80.0,Pass
326,1256,12,20,60.0,Pass
326,1257,11,20,55.0,Pass
326,1258,19,20,95.0,Pass
326,1259,17,20,85.0,Pass
326,1260,13,20,65.0,Pass
327,1261,17,20,85.0,Pass
327,1262,17,20,85.0,Pass
327,1263,20,20,100.0,Pass
327,1264,18,20,90.0,Pass
327,1265,13,20,65.0,Pass
327,1266,11,20,55.0,Pass
327,1267,12,20,60.0,Pass
327,1268,10,20,50.0,Pass
327,1269,18,20,90.0,Pass
327,1270,16,20,80.0,Pass
328,1271,11,20,55.0,Pass
328,1272,14,20,70.0,Pass
328,1273,12,20,60.0,Pass
328,1274,12,20,60.0,Pass
328,1275,8,20,40.0,Fail
328,1276,16,20,80.0,Pass
328,1277,17,20,85.0,Pass
328,1278,19,20,95.0,Pass
328,1279,10,20,50.0,Pass
328,1280,18,20,90.0,Pass
329,1281,18,20,90.0,Pass
329,1282,14,20,70.0,Pass
329,1283,16,20,80.0,Pass
329,1284,15,20,75.0,Pass
329,1285,8,20,40.0,Fail
329,1286,13,20,65.0,Pass
329,1287,18,20,90.0,Pass
329,1288,18,20,90.0,Pass
329,1289,14,20,70.0,Pass
329,1290,20,20,100.0,Pass
330,1291,16,20,80.0,Pass
330,1292,13,20,65.0,Pass
330,1293,19,20,95.0,Pass
330,1294,14,20,70.0,Pass
330,1295,14,20,70.0,Pass
330,1296,10,20,50.0,Pass
330,1297,12,20,60.0,Pass
330,1298,14,20,70.0,Pass
330,1299,10,20,50.0,Pass
330,1300,20,20,100.0,Pass
331,1301,16,20,80.0,Pass
331,1302,15,20,75.0,Pass
331,1303,11,20,55.0,Pass
331,1304,11,20,55.0,Pass
331,1305,12,20,60.0,Pass
331,1306,19,20,95.0,Pass
331,1307,10,20,50.0,Pass
331,1308,20,20,100.0,Pass
331,1309,15,20,75.0,Pass
331,1310,8,20,40.0,Fail
332,1311,16,20,80.0,Pass
332,1312,14,20,70.0,Pass
332,1313,14,20,70.0,Pass
332,1314,16,20,80.0,Pass
332,1315,16,20,80.0,Pass
332,1316,10,20,50.0,Pass
332,1317,14,20,70.0,Pass
332,1318,11,20,55.0,Pass
332,1319,12,20,60.0,Pass
332,1320,11,20,55.0,Pass
333,1321,13,20,65.0,Pass
333,1322,18,20,90.0,Pass
333,1323,9,20,45.0,Fail
333,1324,15,20,75.0,Pass
333,1325,13,20,65.0,Pass
333,1326,9,20,45.0,Fail
333,1327,16,20,80.0,Pass
333,1328,19,20,95.0,Pass
333,1329,11,20,55.0,Pass
333,1330,8,20,40.0,Fail
334,1331,12,20,60.0,Pass
334,1332,14,20,70.0,Pass
334,1333,18,20,90.0,Pass
334,1334,17,20,85.0,Pass
334,1335,17,20,85.0,Pass
334,1336,8,20,40.0,Fail
334,1337,9,20,45.0,Fail
334,1338,11,20,55.0,Pass
334,1339,20,20,100.0,Pass
334,1340,20,20,100.0,Pass
335,1341,17,20,85.0,Pass
335,1342,19,20,95.0,Pass
335,1343,18,20,90.0,Pass
335,1344,16,20,80.0,Pass
335,1345,11,20,55.0,Pass
335,1346,15,20,75.0,Pass
335,1347,11,20,55.0,Pass
335,1348,13,20,65.0,Pass
335,1349,12,20,60.0,Pass
335,1350,8,20,40.0,Fail
336,1351,11,20,55.0,Pass
336,1352,11,20,55.0,Pass
336,1353,19,20,95.0,Pass
336,1354,9,20,45.0,Fail
336,1355,19,20,95.0,Pass
336,1356,20,20,100.0,Pass
336,1357,15,20,75.0,Pass
336,1358,11,20,55.0,Pass
336,1359,19,20,95.0,Pass
336,1360,17,20,85.0,Pass
337,1361,19,20,95.0,Pass
337,1362,11,20,55.0,Pass
337,1363,14,20,70.0,Pass
337,1364,11,20,55.0,Pass
337,1365,16,20,80.0,Pass
337,1366,13,20,65.0,Pass
337,1367,20,20,100.0,Pass
337,1368,12,20,60.0,Pass
337,1369,14,20,70.0,Pass
337,1370,15,20,75.0,Pass
338,1371,16,20,80.0,Pass
338,1372,18,20,90.0,Pass
338,1373,13,20,65.0,Pass
338,1374,12,20,60.0,Pass
338,1375,12,20,60.0,Pass
338,1376,13,20,65.0,Pass
338,1377,16,20,80.0,Pass
338,1378,15,20,75.0,Pass
338,1379,15,20,75.0,Pass
338,1380,9,20,45.0,Fail
339,1381,20,20,100.0,Pass
339,1382,19,20,95.0,Pass
339,1383,15,20,75.0,Pass
339,1384,20,20,100.0,Pass
339,1385,13,20,65.0,Pass
339,1386,11,20,55.0,Pass
339,1387,13,20,65.0,Pass
339,1388,13,20,65.0,Pass
339,1389,14,20,70.0,Pass
339,1390,8,20,40.0,Fail
340,1391,17,20,85.0,Pass
340,1392,11,20,55.0,Pass
340,1393,19,20,95.0,Pass
340,1394,10,20,50.0,Pass
340,1395,8,20,40.0,Fail
340,1396,12,20,60.0,Pass
340,1397,16,20,80.0,Pass
340,1398,17,20,85.0,Pass
340,1399,17,20,85.0,Pass
340,1400,19,20,95.0,Pass
341,1401,14,20,70.0,Pass
341,1402,12,20,60.0,Pass
341,1403,10,20,50.0,Pass
341,1404,11,20,55.0,Pass
341,1405,13,20,65.0,Pass
341,1406,11,20,55.0,Pass
341,1407,14,20,70.0,Pass
341,1408,17,20,85.0,Pass
341,1409,11,20,55.0,Pass
341,1410,15,20,75.0,Pass
342,1411,16,20,80.0,Pass
342,1412,18,20,90.0,Pass
342,1413,18,20,90.0,Pass
342,1414,13,20,65.0,Pass
342,1415,12,20,60.0,Pass
342,1416,20,20,100.0,Pass
342,1417,15,20,75.0,Pass
342,1418,19,20,95.0,Pass
342,1419,18,20,90.0,Pass
342,1420,19,20,95.0,Pass
343,1421,15,20,75.0,Pass
343,1422,15,20,75.0,Pass
343,1423,10,20,50.0,Pass
343,1424,19,20,95.0,Pass
343,1425,20,20,100.0,Pass
343,1426,13,20,65.0,Pass
343,1427,10,20,50.0,Pass
343,1428,10,20,50.0,Pass
343,1429,19,20,95.0,Pass
343,1430,16,20,80.0,Pass
344,1431,15,20,75.0,Pass
344,1432,10,20,50.0,Pass
344,1433,16,20,80.0,Pass
344,1434,18,20,90.0,Pass
344,1435,8,20,40.0,Fail
344,1436,16,20,80.0,Pass
344,1437,8,20,40.0,Fail
344,1438,9,20,45.0,Fail
344,1439,18,20,90.0,Pass
344,1440,8,20,40.0,Fail
345,1441,20,20,100.0,Pass
345,1442,8,20,40.0,Fail
345,1443,14,20,70.0,Pass
345,1444,10,20,50.0,Pass
345,1445,18,20,90.0,Pass
345,1446,11,20,55.0,Pass
345,1447,9,20,45.0,Fail
345,1448,19,20,95.0,Pass
345,1449,10,20,50.0,Pass
345,1450,8,20,40.0,Fail
346,1451,11,20,55.0,Pass
346,1452,16,20,80.0,Pass
346,1453,15,20,75.0,Pass
346,1454,13,20,65.0,Pass
346,1455,8,20,40.0,Fail
346,1456,17,20,85.0,Pass
346,1457,18,20,90.0,Pass
346,1458,18,20,90.0,Pass
346,1459,17,20,85.0,Pass
346,1460,15,20,75.0,Pass
347,1461,18,20,90.0,Pass
347,1462,15,20,75.0,Pass
347,1463,8,20,40.0,Fail
347,1464,8,20,40.0,Fail
347,1465,16,20,80.0,Pass
347,1466,16,20,80.0,Pass
347,1467,14,20,70.0,Pass
347,1468,8,20,40.0,Fail
347,1469,8,20,40.0,Fail
347,1470,16,20,80.0,Pass
348,1471,19,20,95.0,Pass
348,1472,12,20,60.0,Pass
348,1473,16,20,80.0,Pass
348,1474,12,20,60.0,Pass
348,1475,8,20,40.0,Fail
348,1476,16,20,80.0,Pass
348,1477,19,20,95.0,Pass
348,1478,18,20,90.0,Pass
348,1479,14,20,70.0,Pass
348,1480,20,20,100.0,Pass
349,1481,10,20,50.0,Pass
349,1482,9,20,45.0,Fail
349,1483,9,20,45.0,Fail
349,1484,16,20,80.0,Pass
349,1485,10,20,50.0,Pass
349,1486,11,20,55.0,Pass
349,1487,11,20,55.0,Pass
349,1488,17,20,85.0,Pass
349,1489,16,20,80.0,Pass
349,1490,12,20,60.0,Pass
350,1491,13,20,65.0,Pass
350,1492,12,20,60.0,Pass
350,1493,20,20,100.0,Pass
350,1494,14,20,70.0,Pass
350,1495,9,20,45.0,Fail
350,1496,13,20,65.0,Pass
350,1497,14,20,70.0,Pass
350,1498,15,20,75.0,Pass
350,1499,17,20,85.0,Pass
350,1500,11,20,55.0,Pass
351,1501,19,20,95.0,Pass
351,1502,11,20,55.0,Pass
351,1503,12,20,60.0,Pass
351,1504,18,20,90.0,Pass
351,1505,9,20,45.0,Fail
351,1506,18,20,90.0,Pass
351,1507,18,20,90.0,Pass
351,1508,20,20,100.0,Pass
351,1509,8,20,40.0,Fail
351,1510,9,20,45.0,Fail
352,1511,14,20,70.0,Pass
352,1512,14,20,70.0,Pass
352,1513,14,20,70.0,Pass
352,1514,16,20,80.0,Pass
352,1515,15,20,75.0,Pass
352,1516,8,20,40.0,Fail
352,1517,18,20,90.0,Pass
352,1518,8,20,40.0,Fail
352,1519,19,20,95.0,Pass
352,1520,10,20,50.0,Pass
353,1521,9,20,45.0,Fail
353,1522,15,20,75.0,Pass
353,1523,14,20,70.0,Pass
353,1524,18,20,90.0,Pass
353,1525,20,20,100.0,Pass
353,1526,13,20,65.0,Pass
353,1527,17,20,85.0,Pass
353,1528,9,20,45.0,Fail
353,1529,16,20,80.0,Pass
353,1530,8,20,40.0,Fail
354,1531,11,20,55.0,Pass
354,1532,11,20,55.0,Pass
354,1533,19,20,95.0,Pass
354,1534,17,20,85.0,Pass
354,1535,15,20,75.0,Pass
354,1536,12,20,60.0,Pass
354,1537,8,20,40.0,Fail
354,1538,9,20,45.0,Fail
354,1539,18,20,90.0,Pass
354,1540,12,20,60.0,Pass
355,1541,16,20,80.0,Pass
355,1542,17,20,85.0,Pass
355,1543,18,20,90.0,Pass
355,1544,8,20,40.0,Fail
355,1545,10,20,50.0,Pass
355,1546,13,20,65.0,Pass
355,1547,8,20,40.0,Fail
355,1548,11,20,55.0,Pass
355,1549,17,20,85.0,Pass
355,1550,10,20,50.0,Pass
356,1551,20,20,100.0,Pass
356,1552,19,20,95.0,Pass
356,1553,14,20,70.0,Pass
356,1554,9,20,45.0,Fail
356,1555,12,20,60.0,Pass
356,1556,10,20,50.0,Pass
356,1557,17,20,85.0,Pass
356,1558,11,20,55.0,Pass
356,1559,17,20,85.0,Pass
356,1560,14,20,70.0,Pass
357,1561,18,20,90.0,Pass
357,1562,16,20,80.0,Pass
357,1563,13,20,65.0,Pass
357,1564,14,20,70.0,Pass
357,1565,20,20,100.0,Pass
357,1566,19,20,95.0,Pass
357,1567,10,20,50.0,Pass
357,1568,20,20,100.0,Pass
357,1569,19,20,95.0,Pass
357,1570,19,20,95.0,Pass
358,1571,9,20,45.0,Fail
358,1572,16,20,80.0,Pass
358,1573,19,20,95.0,Pass
358,1574,13,20,65.0,Pass
358,1575,8,20,40.0,Fail
358,1576,9,20,45.0,Fail
358,1577,14,20,70.0,Pass
358,1578,11,20,55.0,Pass
358,1579,9,20,45.0,Fail
358,1580,13,20,65.0,Pass
359,1581,17,20,85.0,Pass
359,1582,20,20,100.0,Pass
359,1583,17,20,85.0,Pass
359,1584,17,20,85.0,Pass
359,1585,14,20,70.0,Pass
359,1586,20,20,100.0,Pass
359,1587,13,20,65.0,Pass
359,1588,8,20,40.0,Fail
359,1589,18,20,90.0,Pass
359,1590,12,20,60.0,Pass
360,1591,20,20,100.0,Pass
360,1592,15,20,75.0,Pass
360,1593,15,20,75.0,Pass
360,1594,11,20,55.0,Pass
360,1595,13,20,65.0,Pass
360,1596,16,20,80.0,Pass
360,1597,14,20,70.0,Pass
360,1598,14,20,70.0,Pass
360,1599,10,20,50.0,Pass
360,1600,18,20,90.0,Pass
361,1601,17,20,85.0,Pass
361,1602,18,20,90.0,Pass
361,1603,14,20,70.0,Pass
361,1604,9,20,45.0,Fail
361,1605,20,20,100.0,Pass
361,1606,17,20,85.0,Pass
361,1607,12,20,60.0,Pass
361,1608,20,20,100.0,Pass
361,1609,11,20,55.0,Pass
361,1610,19,20,95.0,Pass
362,1611,9,20,45.0,Fail
362,1612,9,20,45.0,Fail
362,1613,12,20,60.0,Pass
362,1614,10,20,50.0,Pass
362,1615,14,20,70.0,Pass
362,1616,19,20,95.0,Pass
362,1617,20,20,100.0,Pass
362,1618,18,20,90.0,Pass
362,1619,10,20,50.0,Pass
362,1620,19,20,95.0,Pass
363,1621,14,20,70.0,Pass
363,1622,13,20,65.0,Pass
363,1623,13,20,65.0,Pass
363,1624,9,20,45.0,Fail
363,1625,9,20,45.0,Fail
363,1626,8,20,40.0,Fail
363,1627,12,20,60.0,Pass
363,1628,15,20,75.0,Pass
363,1629,13,20,65.0,Pass
363,1630,20,20,100.0,Pass
364,1631,12,20,60.0,Pass
364,1632,9,20,45.0,Fail
364,1633,10,20,50.0,Pass
364,1634,9,20,45.0,Fail
364,1635,10,20,50.0,Pass
364,1636,14,20,70.0,Pass
364,1637,15,20,75.0,Pass
364,1638,16,20,80.0,Pass
364,1639,16,20,80.0,Pass
364,1640,16,20,80.0,Pass
365,1641,14,20,70.0,Pass
365,1642,9,20,45.0,Fail
365,1643,8,20,40.0,Fail
365,1644,9,20,45.0,Fail
365,1645,13,20,65.0,Pass
365,1646,16,20,80.0,Pass
365,1647,9,20,45.0,Fail
365,1648,17,20,85.0,Pass
365,1649,17,20,85.0,Pass
365,1650,20,20,100.0,Pass
366,1651,13,20,65.0,Pass
366,1652,14,20,70.0,Pass
366,1653,8,20,40.0,Fail
366,1654,12,20,60.0,Pass
366,1655,14,20,70.0,Pass
366,1656,14,20,70.0,Pass
366,1657,20,20,100.0,Pass
366,1658,9,20,45.0,Fail
366,1659,19,20,95.0,Pass
366,1660,16,20,80.0,Pass
367,1661,11,20,55.0,Pass
367,1662,17,20,85.0,Pass
367,1663,16,20,80.0,Pass
367,1664,10,20,50.0,Pass
367,1665,18,20,90.0,Pass
367,1666,14,20,70.0,Pass
367,1667,10,20,50.0,Pass
367,1668,10,20,50.0,Pass
367,1669,12,20,60.0,Pass
367,1670,12,20,60.0,Pass
368,1671,12,20,60.0,Pass
368,1672,15,20,75.0,Pass
368,1673,10,20,50.0,Pass
368,1674,9,20,45.0,Fail
368,1675,10,20,50.0,Pass
368,1676,14,20,70.0,Pass
368,1677,12,20,60.0,Pass
368,1678,14,20,70.0,Pass
368,1679,12,20,60.0,Pass
368,1680,15,20,75.0,Pass
369,1681,20,20,100.0,Pass
369,1682,9,20,45.0,Fail
369,1683,13,20,65.0,Pass
369,1684,12,20,60.0,Pass
369,1685,11,20,55.0,Pass
369,1686,19,20,95.0,Pass
369,1687,18,20,90.0,Pass
369,1688,15,20,75.0,Pass
369,1689,17,20,85.0,Pass
369,1690,17,20,85.0,Pass
370,1691,11,20,55.0,Pass
370,1692,15,20,75.0,Pass
370,1693,9,20,45.0,Fail
370,1694,10,20,50.0,Pass
370,1695,12,20,60.0,Pass
370,1696,8,20,40.0,Fail
370,1697,14,20,70.0,Pass
370,1698,13,20,65.0,Pass
370,1699,17,20,85.0,Pass
370,1700,14,20,70.0,Pass
371,1701,20,20,100.0,Pass
371,1702,13,20,65.0,Pass
371,1703,15,20,75.0,Pass
371,1704,13,20,65.0,Pass
371,1705,14,20,70.0,Pass
371,1706,18,20,90.0,Pass
371,1707,17,20,85.0,Pass
371,1708,10,20,50.0,Pass
371,1709,12,20,60.0,Pass
371,1710,13,20,65.0,Pass
372,1711,17,20,85.0,Pass
372,1712,19,20,95.0,Pass
372,1713,11,20,55.0,Pass
372,1714,15,20,75.0,Pass
372,1715,13,20,65.0,Pass
372,1716,10,20,50.0,Pass
372,1717,14,20,70.0,Pass
372,1718,13,20,65.0,Pass
372,1719,12,20,60.0,Pass
372,1720,19,20,95.0,Pass
373,1721,19,20,95.0,Pass
373,1722,18,20,90.0,Pass
373,1723,15,20,75.0,Pass
373,1724,17,20,85.0,Pass
373,1725,20,20,100.0,Pass
373,1726,11,20,55.0,Pass
373,1727,13,20,65.0,Pass
373,1728,14,20,70.0,Pass
373,1729,12,20,60.0,Pass
373,1730,20,20,100.0,Pass
374,1731,14,20,70.0,Pass
374,1732,13,20,65.0,Pass
374,1733,9,20,45.0,Fail
374,1734,17,20,85.0,Pass
374,1735,11,20,55.0,Pass
374,1736,17,20,85.0,Pass
374,1737,16,20,80.0,Pass
374,1738,10,20,50.0,Pass
374,1739,18,20,90.0,Pass
374,1740,20,20,100.0,Pass
375,1741,16,20,80.0,Pass
375,1742,8,20,40.0,Fail
375,1743,19,20,95.0,Pass
375,1744,15,20,75.0,Pass
375,1745,19,20,95.0,Pass
375,1746,11,20,55.0,Pass
375,1747,15,20,75.0,Pass
375,1748,20,20,100.0,Pass
375,1749,12,20,60.0,Pass
375,1750,19,20,95.0,Pass
376,1751,9,20,45.0,Fail
376,1752,20,20,100.0,Pass
376,1753,20,20,100.0,Pass
376,1754,14,20,70.0,Pass
376,1755,18,20,90.0,Pass
376,1756,15,20,75.0,Pass
376,1757,10,20,50.0,Pass
376,1758,18,20,90.0,Pass
376,1759,12,20,60.0,Pass
376,1760,11,20,55.0,Pass
377,1761,12,20,60.0,Pass
377,1762,18,20,90.0,Pass
377,1763,10,20,50.0,Pass
377,1764,19,20,95.0,Pass
377,1765,14,20,70.0,Pass
377,1766,20,20,100.0,Pass
377,1767,14,20,70.0,Pass
377,1768,9,20,45.0,Fail
377,1769,15,20,75.0,Pass
377,1770,17,20,85.0,Pass
378,1771,15,20,75.0,Pass
378,1772,17,20,85.0,Pass
378,1773,14,20,70.0,Pass
378,1774,16,20,80.0,Pass
378,1775,16,20,80.0,Pass
378,1776,19,20,95.0,Pass
378,1777,14,20,70.0,Pass
378,1778,16,20,80.0,Pass
378,1779,8,20,40.0,Fail
378,1780,20,20,100.0,Pass
379,1781,13,20,65.0,Pass
379,1782,19,20,95.0,Pass
379,1783,20,20,100.0,Pass
379,1784,16,20,80.0,Pass
379,1785,17,20,85.0,Pass
379,1786,18,20,90.0,Pass
379,1787,9,20,45.0,Fail
379,1788,9,20,45.0,Fail
379,1789,20,20,100.0,Pass
379,1790,11,20,55.0,Pass
380,1791,18,20,90.0,Pass
380,1792,18,20,90.0,Pass
380,1793,13,20,65.0,Pass
380,1794,10,20,50.0,Pass
380,1795,18,20,90.0,Pass
380,1796,17,20,85.0,Pass
380,1797,8,20,40.0,Fail
380,1798,17,20,85.0,Pass
380,1799,18,20,90.0,Pass
380,1800,18,20,90.0,Pass
381,1801,18,20,90.0,Pass
381,1802,14,20,70.0,Pass
381,1803,20,20,100.0,Pass
381,1804,13,20,65.0,Pass
381,1805,20,20,100.0,Pass
381,1806,14,20,70.0,Pass
381,1807,9,20,45.0,Fail
381,1808,8,20,40.0,Fail
381,1809,9,20,45.0,Fail
381,1810,12,20,60.0,Pass
382,1811,11,20,55.0,Pass
382,1812,16,20,80.0,Pass
382,1813,19,20,95.0,Pass
382,1814,16,20,80.0,Pass
382,1815,16,20,80.0,Pass
382,1816,17,20,85.0,Pass
382,1817,19,20,95.0,Pass
382,1818,17,20,85.0,Pass
382,1819,11,20,55.0,Pass
382,1820,15,20,75.0,Pass
383,1821,13,20,65.0,Pass
383,1822,14,20,70.0,Pass
383,1823,15,20,75.0,Pass
383,1824,20,20,100.0,Pass
383,1825,18,20,90.0,Pass
383,1826,17,20,85.0,Pass
383,1827,19,20,95.0,Pass
383,1828,16,20,80.0,Pass
383,1829,10,20,50.0,Pass
383,1830,13,20,65.0,Pass
384,1831,8,20,40.0,Fail
384,1832,15,20,75.0,Pass
384,1833,9,20,45.0,Fail
384,1834,12,20,60.0,Pass
384,1835,14,20,70.0,Pass
384,1836,9,20,45.0,Fail
384,1837,9,20,45.0,Fail
384,1838,19,20,95.0,Pass
384,1839,10,20,50.0,Pass
384,1840,13,20,65.0,Pass
385,1841,12,20,60.0,Pass
385,1842,13,20,65.0,Pass
385,1843,15,20,75.0,Pass
385,1844,20,20,100.0,Pass
385,1845,11,20,55.0,Pass
385,1846,16,20,80.0,Pass
385,1847,15,20,75.0,Pass
385,1848,13,20,65.0,Pass
385,1849,15,20,75.0,Pass
385,1850,9,20,45.0,Fail
386,1851,15,20,75.0,Pass
386,1852,19,20,95.0,Pass
386,1853,19,20,95.0,Pass
386,1854,15,20,75.0,Pass
386,1855,13,20,65.0,Pass
386,1856,9,20,45.0,Fail
386,1857,12,20,60.0,Pass
386,1858,8,20,40.0,Fail
386,1859,20,20,100.0,Pass
386,1860,19,20,95.0,Pass
387,1861,9,20,45.0,Fail
387,1862,8,20,40.0,Fail
387,1863,13,20,65.0,Pass
387,1864,18,20,90.0,Pass
387,1865,9,20,45.0,Fail
387,1866,18,20,90.0,Pass
387,1867,20,20,100.0,Pass
387,1868,10,20,50.0,Pass
387,1869,19,20,95.0,Pass
387,1870,11,20,55.0,Pass
388,1871,16,20,80.0,Pass
388,1872,10,20,50.0,Pass
388,1873,16,20,80.0,Pass
388,1874,10,20,50.0,Pass
388,1875,13,20,65.0,Pass
388,1876,16,20,80.0,Pass
388,1877,14,20,70.0,Pass
388,1878,15,20,75.0,Pass
388,1879,11,20,55.0,Pass
388,1880,20,20,100.0,Pass
389,1881,14,20,70.0,Pass
389,1882,18,20,90.0,Pass
389,1883,10,20,50.0,Pass
389,1884,10,20,50.0,Pass
389,1885,18,20,90.0,Pass
389,1886,18,20,90.0,Pass
389,1887,14,20,70.0,Pass
389,1888,14,20,70.0,Pass
389,1889,8,20,40.0,Fail
389,1890,19,20,95.0,Pass
390,1891,17,20,85.0,Pass
390,1892,11,20,55.0,Pass
390,1893,15,20,75.0,Pass
390,1894,17,20,85.0,Pass
390,1895,14,20,70.0,Pass
390,1896,14,20,70.0,Pass
390,1897,8,20,40.0,Fail
390,1898,19,20,95.0,Pass
390,1899,11,20,55.0,Pass
390,1900,11,20,55.0,Pass
391,1901,12,20,60.0,Pass
391,1902,20,20,100.0,Pass
391,1903,19,20,95.0,Pass
391,1904,20,20,100.0,Pass
391,1905,20,20,100.0,Pass
391,1906,9,20,45.0,Fail
391,1907,17,20,85.0,Pass
391,1908,9,20,45.0,Fail
391,1909,20,20,100.0,Pass
391,1910,16,20,80.0,Pass
392,1911,10,20,50.0,Pass
392,1912,13,20,65.0,Pass
392,1913,13,20,65.0,Pass
392,1914,11,20,55.0,Pass
392,1915,15,20,75.0,Pass
392,1916,9,20,45.0,Fail
392,1917,12,20,60.0,Pass
392,1918,18,20,90.0,Pass
392,1919,15,20,75.0,Pass
392,1920,16,20,80.0,Pass
393,1921,18,20,90.0,Pass
393,1922,13,20,65.0,Pass
393,1923,17,20,85.0,Pass
393,1924,14,20,70.0,Pass
393,1925,17,20,85.0,Pass
393,1926,14,20,70.0,Pass
393,1927,17,20,85.0,Pass
393,1928,9,20,45.0,Fail
393,1929,13,20,65.0,Pass
393,1930,13,20,65.0,Pass
394,1931,15,20,75.0,Pass
394,1932,17,20,85.0,Pass
394,1933,10,20,50.0,Pass
394,1934,18,20,90.0,Pass
394,1935,19,20,95.0,Pass
394,1936,20,20,100.0,Pass
394,1937,12,20,60.0,Pass
394,1938,17,20,85.0,Pass
394,1939,17,20,85.0,Pass
394,1940,9,20,45.0,Fail
395,1941,18,20,90.0,Pass
395,1942,10,20,50.0,Pass
395,1943,13,20,65.0,Pass
395,1944,9,20,45.0,Fail
395,1945,11,20,55.0,Pass
395,1946,12,20,60.0,Pass
395,1947,9,20,45.0,Fail
395,1948,10,20,50.0,Pass
395,1949,13,20,65.0,Pass
395,1950,19,20,95.0,Pass
396,1951,10,20,50.0,Pass
396,1952,16,20,80.0,Pass
396,1953,14,20,70.0,Pass
396,1954,14,20,70.0,Pass
396,1955,17,20,85.0,Pass
396,1956,10,20,50.0,Pass
396,1957,17,20,85.0,Pass
396,1958,14,20,70.0,Pass
396,1959,14,20,70.0,Pass
396,1960,10,20,50.0,Pass
397,1961,15,20,75.0,Pass
397,1962,18,20,90.0,Pass
397,1963,16,20,80.0,Pass
397,1964,19,20,95.0,Pass
397,1965,18,20,90.0,Pass
397,1966,10,20,50.0,Pass
397,1967,16,20,80.0,Pass
397,1968,10,20,50.0,Pass
397,1969,15,20,75.0,Pass
397,1970,12,20,60.0,Pass
398,1971,10,20,50.0,Pass
398,1972,10,20,50.0,Pass
398,1973,13,20,65.0,Pass
398,1974,15,20,75.0,Pass
398,1975,17,20,85.0,Pass
398,1976,8,20,40.0,Fail
398,1977,13,20,65.0,Pass
398,1978,8,20,40.0,Fail
398,1979,15,20,75.0,Pass
398,1980,10,20,50.0,Pass
399,1981,11,20,55.0,Pass
399,1982,14,20,70.0,Pass
399,1983,16,20,80.0,Pass
399,1984,16,20,80.0,Pass
399,1985,18,20,90.0,Pass
399,1986,15,20,75.0,Pass
399,1987,14,20,70.0,Pass
399,1988,18,20,90.0,Pass
399,1989,15,20,75.0,Pass
399,1990,14,20,70.0,Pass
400,1991,19,20,95.0,Pass
400,1992,15,20,75.0,Pass
400,1993,15,20,75.0,Pass
400,1994,10,20,50.0,Pass
400,1995,9,20,45.0,Fail
400,1996,17,20,85.0,Pass
400,1997,8,20,40.0,Fail
400,1998,20,20,100.0,Pass
400,1999,20,20,100.0,Pass
400,2000,11,20,55.0,Pass
401,1,12,20,60.0,Pass
401,2,8,20,40.0,Fail
401,3,12,20,60.0,Pass
401,4,11,20,55.0,Pass
401,5,16,20,80.0,Pass
401,6,12,20,60.0,Pass
401,7,10,20,50.0,Pass
401,8,20,20,100.0,Pass
401,9,15,20,75.0,Pass
401,10,17,20,85.0,Pass
402,11,19,20,95.0,Pass
402,12,20,20,100.0,Pass
402,13,20,20,100.0,Pass
402,14,15,20,75.0,Pass
402,15,16,20,80.0,Pass
402,16,16,20,80.0,Pass
402,17,9,20,45.0,Fail
402,18,17,20,85.0,Pass
402,19,9,20,45.0,Fail
402,20,12,20,60.0,Pass
403,21,20,20,100.0,Pass
403,22,16,20,80.0,Pass
403,23,13,20,65.0,Pass
403,24,16,20,80.0,Pass
403,25,20,20,100.0,Pass
403,26,8,20,40.0,Fail
403,27,20,20,100.0,Pass
403,28,19,20,95.0,Pass
403,29,15,20,75.0,Pass
403,30,16,20,80.0,Pass
404,31,11,20,55.0,Pass
404,32,14,20,70.0,Pass
404,33,9,20,45.0,Fail
404,34,19,20,95.0,Pass
404,35,18,20,90.0,Pass
404,36,20,20,100.0,Pass
404,37,11,20,55.0,Pass
404,38,12,20,60.0,Pass
404,39,8,20,40.0,Fail
404,40,15,20,75.0,Pass
405,41,12,20,60.0,Pass
405,42,13,20,65.0,Pass
405,43,9,20,45.0,Fail
405,44,15,20,75.0,Pass
405,45,9,20,45.0,Fail
405,46,20,20,100.0,Pass
405,47,20,20,100.0,Pass
405,48,11,20,55.0,Pass
405,49,11,20,55.0,Pass
405,50,20,20,100.0,Pass
406,51,19,20,95.0,Pass
406,52,17,20,85.0,Pass
406,53,19,20,95.0,Pass
406,54,13,20,65.0,Pass
406,55,19,20,95.0,Pass
406,56,17,20,85.0,Pass
406,57,18,20,90.0,Pass
406,58,14,20,70.0,Pass
406,59,10,20,50.0,Pass
406,60,17,20,85.0,Pass
407,61,10,20,50.0,Pass
407,62,20,20,100.0,Pass
407,63,11,20,55.0,Pass
407,64,11,20,55.0,Pass
407,65,20,20,100.0,Pass
407,66,8,20,40.0,Fail
407,67,17,20,85.0,Pass
407,68,13,20,65.0,Pass
407,69,16,20,80.0,Pass
407,70,12,20,60.0,Pass
408,71,17,20,85.0,Pass
408,72,16,20,80.0,Pass
408,73,10,20,50.0,Pass
408,74,13,20,65.0,Pass
408,75,19,20,95.0,Pass
408,76,12,20,60.0,Pass
408,77,12,20,60.0,Pass
408,78,17,20,85.0,Pass
408,79,12,20,60.0,Pass
408,80,16,20,80.0,Pass
409,81,18,20,90.0,Pass
409,82,9,20,45.0,Fail
409,83,10,20,50.0,Pass
409,84,20,20,100.0,Pass
409,85,20,20,100.0,Pass
409,86,14,20,70.0,Pass
409,87,8,20,40.0,Fail
409,88,12,20,60.0,Pass
409,89,18,20,90.0,Pass
409,90,10,20,50.0,Pass
410,91,19,20,95.0,Pass
410,92,10,20,50.0,Pass
410,93,11,20,55.0,Pass
410,94,10,20,50.0,Pass
410,95,19,20,95.0,Pass
410,96,13,20,65.0,Pass
410,97,11,20,55.0,Pass
410,98,20,20,100.0,Pass
410,99,18,20,90.0,Pass
410,100,14,20,70.0,Pass
411,101,15,20,75.0,Pass
411,102,10,20,50.0,Pass
411,103,17,20,85.0,Pass
411,104,18,20,90.0,Pass
411,105,12,20,60.0,Pass
411,106,18,20,90.0,Pass
411,107,14,20,70.0,Pass
411,108,14,20,70.0,Pass
411,109,15,20,75.0,Pass
411,110,9,20,45.0,Fail
412,111,18,20,90.0,Pass
412,112,20,20,100.0,Pass
412,113,20,20,100.0,Pass
412,114,9,20,45.0,Fail
412,115,14,20,70.0,Pass
412,116,16,20,80.0,Pass
412,117,19,20,95.0,Pass
412,118,12,20,60.0,Pass
412,119,19,20,95.0,Pass
412,120,13,20,65.0,Pass
413,121,15,20,75.0,Pass
413,122,15,20,75.0,Pass
413,123,13,20,65.0,Pass
413,124,17,20,85.0,Pass
413,125,8,20,40.0,Fail
413,126,20,20,100.0,Pass
413,127,19,20,95.0,Pass
413,128,9,20,45.0,Fail
413,129,19,20,95.0,Pass
413,130,15,20,75.0,Pass
414,131,18,20,90.0,Pass
414,132,18,20,90.0,Pass
414,133,19,20,95.0,Pass
414,134,13,20,65.0,Pass
414,135,9,20,45.0,Fail
414,136,20,20,100.0,Pass
414,137,16,20,80.0,Pass
414,138,14,20,70.0,Pass
414,139,11,20,55.0,Pass
414,140,14,20,70.0,Pass
415,141,11,20,55.0,Pass
415,142,15,20,75.0,Pass
415,143,12,20,60.0,Pass
415,144,13,20,65.0,Pass
415,145,12,20,60.0,Pass
415,146,13,20,65.0,Pass
415,147,16,20,80.0,Pass
415,148,17,20,85.0,Pass
415,149,10,20,50.0,Pass
415,150,17,20,85.0,Pass
416,151,15,20,75.0,Pass
416,152,20,20,100.0,Pass
416,153,13,20,65.0,Pass
416,154,18,20,90.0,Pass
416,155,20,20,100.0,Pass
416,156,8,20,40.0,Fail
416,157,8,20,40.0,Fail
416,158,9,20,45.0,Fail
416,159,18,20,90.0,Pass
416,160,20,20,100.0,Pass
417,161,15,20,75.0,Pass
417,162,8,20,40.0,Fail
417,163,9,20,45.0,Fail
417,164,10,20,50.0,Pass
417,165,15,20,75.0,Pass
417,166,15,20,75.0,Pass
417,167,8,20,40.0,Fail
417,168,14,20,70.0,Pass
417,169,11,20,55.0,Pass
417,170,19,20,95.0,Pass
418,171,10,20,50.0,Pass
418,172,18,20,90.0,Pass
418,173,12,20,60.0,Pass
418,174,10,20,50.0,Pass
418,175,12,20,60.0,Pass
418,176,9,20,45.0,Fail
418,177,18,20,90.0,Pass
418,178,13,20,65.0,Pass
418,179,12,20,60.0,Pass
418,180,9,20,45.0,Fail
419,181,13,20,65.0,Pass
419,182,18,20,90.0,Pass
419,183,18,20,90.0,Pass
419,184,10,20,50.0,Pass
419,185,8,20,40.0,Fail
419,186,14,20,70.0,Pass
419,187,18,20,90.0,Pass
419,188,12,20,60.0,Pass
419,189,19,20,95.0,Pass
419,190,19,20,95.0,Pass
420,191,20,20,100.0,Pass
420,192,11,20,55.0,Pass
420,193,14,20,70.0,Pass
420,194,18,20,90.0,Pass
420,195,9,20,45.0,Fail
420,196,19,20,95.0,Pass
420,197,9,20,45.0,Fail
420,198,8,20,40.0,Fail
420,199,11,20,55.0,Pass
420,200,15,20,75.0,Pass
421,201,9,20,45.0,Fail
421,202,10,20,50.0,Pass
421,203,17,20,85.0,Pass
421,204,11,20,55.0,Pass
421,205,16,20,80.0,Pass
421,206,18,20,90.0,Pass
421,207,15,20,75.0,Pass
421,208,8,20,40.0,Fail
421,209,8,20,40.0,Fail
421,210,19,20,95.0,Pass
422,211,13,20,65.0,Pass
422,212,9,20,45.0,Fail
422,213,14,20,70.0,Pass
422,214,19,20,95.0,Pass
422,215,10,20,50.0,Pass
422,216,15,20,75.0,Pass
422,217,9,20,45.0,Fail
422,218,11,20,55.0,Pass
422,219,14,20,70.0,Pass
422,220,9,20,45.0,Fail
423,221,19,20,95.0,Pass
423,222,20,20,100.0,Pass
423,223,9,20,45.0,Fail
423,224,9,20,45.0,Fail
423,225,13,20,65.0,Pass
423,226,13,20,65.0,Pass
423,227,12,20,60.0,Pass
423,228,10,20,50.0,Pass
423,229,14,20,70.0,Pass
423,230,20,20,100.0,Pass
424,231,20,20,100.0,Pass
424,232,10,20,50.0,Pass
424,233,18,20,90.0,Pass
424,234,18,20,90.0,Pass
424,235,10,20,50.0,Pass
424,236,9,20,45.0,Fail
424,237,16,20,80.0,Pass
424,238,17,20,85.0,Pass
424,239,8,20,40.0,Fail
424,240,17,20,85.0,Pass
425,241,18,20,90.0,Pass
425,242,10,20,50.0,Pass
425,243,15,20,75.0,Pass
425,244,13,20,65.0,Pass
425,245,19,20,95.0,Pass
425,246,11,20,55.0,Pass
425,247,18,20,90.0,Pass
425,248,19,20,95.0,Pass
425,249,10,20,50.0,Pass
425,250,14,20,70.0,Pass
426,251,17,20,85.0,Pass
426,252,18,20,90.0,Pass
426,253,15,20,75.0,Pass
426,254,11,20,55.0,Pass
426,255,9,20,45.0,Fail
426,256,9,20,45.0,Fail
426,257,10,20,50.0,Pass
426,258,20,20,100.0,Pass
426,259,9,20,45.0,Fail
426,260,17,20,85.0,Pass
427,261,19,20,95.0,Pass
427,262,14,20,70.0,Pass
427,263,13,20,65.0,Pass
427,264,14,20,70.0,Pass
427,265,13,20,65.0,Pass
427,266,20,20,100.0,Pass
427,267,10,20,50.0,Pass
427,268,11,20,55.0,Pass
427,269,12,20,60.0,Pass
427,270,18,20,90.0,Pass
428,271,9,20,45.0,Fail
428,272,11,20,55.0,Pass
428,273,16,20,80.0,Pass
428,274,17,20,85.0,Pass
428,275,17,20,85.0,Pass
428,276,19,20,95.0,Pass
428,277,17,20,85.0,Pass
428,278,12,20,60.0,Pass
428,279,20,20,100.0,Pass
428,280,19,20,95.0,Pass
429,281,8,20,40.0,Fail
429,282,18,20,90.0,Pass
429,283,12,20,60.0,Pass
429,284,11,20,55.0,Pass
429,285,16,20,80.0,Pass
429,286,17,20,85.0,Pass
429,287,16,20,80.0,Pass
429,288,11,20,55.0,Pass
429,289,19,20,95.0,Pass
429,290,14,20,70.0,Pass
430,291,12,20,60.0,Pass
430,292,18,20,90.0,Pass
430,293,8,20,40.0,Fail
430,294,20,20,100.0,Pass
430,295,20,20,100.0,Pass
430,296,11,20,55.0,Pass
430,297,15,20,75.0,Pass
430,298,14,20,70.0,Pass
430,299,9,20,45.0,Fail
430,300,11,20,55.0,Pass
431,301,15,20,75.0,Pass
431,302,18,20,90.0,Pass
431,303,17,20,85.0,Pass
431,304,9,20,45.0,Fail
431,305,16,20,80.0,Pass
431,306,8,20,40.0,Fail
431,307,13,20,65.0,Pass
431,308,13,20,65.0,Pass
431,309,10,20,50.0,Pass
431,310,14,20,70.0,Pass
432,311,17,20,85.0,Pass
432,312,14,20,70.0,Pass
432,313,13,20,65.0,Pass
432,314,16,20,80.0,Pass
432,315,18,20,90.0,Pass
432,316,10,20,50.0,Pass
432,317,20,20,100.0,Pass
432,318,15,20,75.0,Pass
432,319,20,20,100.0,Pass
432,320,9,20,45.0,Fail
433,321,8,20,40.0,Fail
433,322,17,20,85.0,Pass
433,323,9,20,45.0,Fail
433,324,8,20,40.0,Fail
433,325,12,20,60.0,Pass
433,326,11,20,55.0,Pass
433,327,8,20,40.0,Fail
433,328,8,20,40.0,Fail
433,329,20,20,100.0,Pass
433,330,14,20,70.0,Pass
434,331,16,20,80.0,Pass
434,332,12,20,60.0,Pass
434,333,18,20,90.0,Pass
434,334,19,20,95.0,Pass
434,335,16,20,80.0,Pass
434,336,20,20,100.0,Pass
434,337,14,20,70.0,Pass
434,338,14,20,70.0,Pass
434,339,19,20,95.0,Pass
434,340,14,20,70.0,Pass
435,341,9,20,45.0,Fail
435,342,18,20,90.0,Pass
435,343,16,20,80.0,Pass
435,344,16,20,80.0,Pass
435,345,17,20,85.0,Pass
435,346,10,20,50.0,Pass
435,347,12,20,60.0,Pass
435,348,9,20,45.0,Fail
435,349,12,20,60.0,Pass
435,350,9,20,45.0,Fail
436,351,16,20,80.0,Pass
436,352,11,20,55.0,Pass
436,353,20,20,100.0,Pass
436,354,10,20,50.0,Pass
436,355,16,20,80.0,Pass
436,356,13,20,65.0,Pass
436,357,14,20,70.0,Pass
436,358,17,20,85.0,Pass
436,359,18,20,90.0,Pass
436,360,20,20,100.0,Pass
437,361,18,20,90.0,Pass
437,362,18,20,90.0,Pass
437,363,18,20,90.0,Pass
437,364,9,20,45.0,Fail
437,365,12,20,60.0,Pass
437,366,19,20,95.0,Pass
437,367,14,20,70.0,Pass
437,368,19,20,95.0,Pass
437,369,11,20,55.0,Pass
437,370,8,20,40.0,Fail
438,371,11,20,55.0,Pass
438,372,9,20,45.0,Fail
438,373,14,20,70.0,Pass
438,374,9,20,45.0,Fail
438,375,15,20,75.0,Pass
438,376,17,20,85.0,Pass
438,377,17,20,85.0,Pass
438,378,8,20,40.0,Fail
438,379,12,20,60.0,Pass
438,380,18,20,90.0,Pass
439,381,19,20,95.0,Pass
439,382,18,20,90.0,Pass
439,383,19,20,95.0,Pass
439,384,10,20,50.0,Pass
439,385,9,20,45.0,Fail
439,386,8,20,40.0,Fail
439,387,19,20,95.0,Pass
439,388,10,20,50.0,Pass
439,389,19,20,95.0,Pass
439,390,8,20,40.0,Fail
440,391,10,20,50.0,Pass
440,392,15,20,75.0,Pass
440,393,13,20,65.0,Pass
440,394,16,20,80.0,Pass
440,395,16,20,80.0,Pass
440,396,20,20,100.0,Pass
440,397,19,20,95.0,Pass
440,398,12,20,60.0,Pass
440,399,10,20,50.0,Pass
440,400,13,20,65.0,Pass
441,401,10,20,50.0,Pass
441,402,19,20,95.0,Pass
441,403,20,20,100.0,Pass
441,404,12,20,60.0,Pass
441,405,19,20,95.0,Pass
441,406,9,20,45.0,Fail
441,407,20,20,100.0,Pass
441,408,8,20,40.0,Fail
441,409,13,20,65.0,Pass
441,410,20,20,100.0,Pass
442,411,14,20,70.0,Pass
442,412,12,20,60.0,Pass
442,413,16,20,80.0,Pass
442,414,9,20,45.0,Fail
442,415,12,20,60.0,Pass
442,416,19,20,95.0,Pass
442,417,17,20,85.0,Pass
442,418,18,20,90.0,Pass
442,419,9,20,45.0,Fail
442,420,15,20,75.0,Pass
443,421,15,20,75.0,Pass
443,422,16,20,80.0,Pass
443,423,13,20,65.0,Pass
443,424,8,20,40.0,Fail
443,425,15,20,75.0,Pass
443,426,17,20,85.0,Pass
443,427,10,20,50.0,Pass
443,428,13,20,65.0,Pass
443,429,10,20,50.0,Pass
443,430,12,20,60.0,Pass
444,431,20,20,100.0,Pass
444,432,9,20,45.0,Fail
444,433,17,20,85.0,Pass
444,434,18,20,90.0,Pass
444,435,19,20,95.0,Pass
444,436,9,20,45.0,Fail
444,437,11,20,55.0,Pass
444,438,19,20,95.0,Pass
444,439,16,20,80.0,Pass
444,440,8,20,40.0,Fail
445,441,8,20,40.0,Fail
445,442,8,20,40.0,Fail
445,443,11,20,55.0,Pass
445,444,8,20,40.0,Fail
445,445,15,20,75.0,Pass
445,446,13,20,65.0,Pass
445,447,14,20,70.0,Pass
445,448,10,20,50.0,Pass
445,449,10,20,50.0,Pass
445,450,8,20,40.0,Fail
446,451,16,20,80.0,Pass
446,452,20,20,100.0,Pass
446,453,19,20,95.0,Pass
446,454,19,20,95.0,Pass
446,455,18,20,90.0,Pass
446,456,14,20,70.0,Pass
446,457,11,20,55.0,Pass
446,458,13,20,65.0,Pass
446,459,11,20,55.0,Pass
446,460,14,20,70.0,Pass
447,461,19,20,95.0,Pass
447,462,13,20,65.0,Pass
447,463,12,20,60.0,Pass
447,464,9,20,45.0,Fail
447,465,17,20,85.0,Pass
447,466,13,20,65.0,Pass
447,467,9,20,45.0,Fail
447,468,16,20,80.0,Pass
447,469,18,20,90.0,Pass
447,470,8,20,40.0,Fail
448,471,10,20,50.0,Pass
448,472,11,20,55.0,Pass
448,473,20,20,100.0,Pass
448,474,16,20,80.0,Pass
448,475,8,20,40.0,Fail
448,476,14,20,70.0,Pass
448,477,9,20,45.0,Fail
448,478,15,20,75.0,Pass
448,479,12,20,60.0,Pass
448,480,20,20,100.0,Pass
449,481,12,20,60.0,Pass
449,482,13,20,65.0,Pass
449,483,9,20,45.0,Fail
449,484,16,20,80.0,Pass
449,485,15,20,75.0,Pass
449,486,8,20,40.0,Fail
449,487,13,20,65.0,Pass
449,488,11,20,55.0,Pass
449,489,12,20,60.0,Pass
449,490,17,20,85.0,Pass
450,491,20,20,100.0,Pass
450,492,12,20,60.0,Pass
450,493,19,20,95.0,Pass
450,494,17,20,85.0,Pass
450,495,11,20,55.0,Pass
450,496,15,20,75.0,Pass
450,497,13,20,65.0,Pass
450,498,17,20,85.0,Pass
450,499,15,20,75.0,Pass
450,500,20,20,100.0,Pass
451,501,20,20,100.0,Pass
451,502,11,20,55.0,Pass
451,503,19,20,95.0,Pass
451,504,16,20,80.0,Pass
451,505,20,20,100.0,Pass
451,506,20,20,100.0,Pass
451,507,11,20,55.0,Pass
451,508,10,20,50.0,Pass
451,509,8,20,40.0,Fail
451,510,14,20,70.0,Pass
452,511,8,20,40.0,Fail
452,512,11,20,55.0,Pass
452,513,16,20,80.0,Pass
452,514,13,20,65.0,Pass
452,515,18,20,90.0,Pass
452,516,19,20,95.0,Pass
452,517,8,20,40.0,Fail
452,518,13,20,65.0,Pass
452,519,8,20,40.0,Fail
452,520,20,20,100.0,Pass
453,521,18,20,90.0,Pass
453,522,14,20,70.0,Pass
453,523,19,20,95.0,Pass
453,524,19,20,95.0,Pass
453,525,12,20,60.0,Pass
453,526,9,20,45.0,Fail
453,527,11,20,55.0,Pass
453,528,16,20,80.0,Pass
453,529,11,20,55.0,Pass
453,530,14,20,70.0,Pass
454,531,15,20,75.0,Pass
454,532,8,20,40.0,Fail
454,533,10,20,50.0,Pass
454,534,19,20,95.0,Pass
454,535,12,20,60.0,Pass
454,536,9,20,45.0,Fail
454,537,8,20,40.0,Fail
454,538,11,20,55.0,Pass
454,539,16,20,80.0,Pass
454,540,14,20,70.0,Pass
455,541,19,20,95.0,Pass
455,542,13,20,65.0,Pass
455,543,15,20,75.0,Pass
455,544,19,20,95.0,Pass
455,545,9,20,45.0,Fail
455,546,17,20,85.0,Pass
455,547,9,20,45.0,Fail
455,548,16,20,80.0,Pass
455,549,10,20,50.0,Pass
455,550,18,20,90.0,Pass
456,551,14,20,70.0,Pass
456,552,9,20,45.0,Fail
456,553,17,20,85.0,Pass
456,554,17,20,85.0,Pass
456,555,8,20,40.0,Fail
456,556,14,20,70.0,Pass
456,557,18,20,90.0,Pass
456,558,10,20,50.0,Pass
456,559,11,20,55.0,Pass
456,560,12,20,60.0,Pass
457,561,12,20,60.0,Pass
457,562,13,20,65.0,Pass
457,563,20,20,100.0,Pass
457,564,14,20,70.0,Pass
457,565,19,20,95.0,Pass
457,566,19,20,95.0,Pass
457,567,13,20,65.0,Pass
457,568,13,20,65.0,Pass
457,569,15,20,75.0,Pass
457,570,12,20,60.0,Pass
458,571,11,20,55.0,Pass
458,572,9,20,45.0,Fail
458,573,11,20,55.0,Pass
458,574,10,20,50.0,Pass
458,575,20,20,100.0,Pass
458,576,20,20,100.0,Pass
458,577,17,20,85.0,Pass
458,578,9,20,45.0,Fail
458,579,10,20,50.0,Pass
458,580,9,20,45.0,Fail
459,581,10,20,50.0,Pass
459,582,15,20,75.0,Pass
459,583,15,20,75.0,Pass
459,584,13,20,65.0,Pass
459,585,14,20,70.0,Pass
459,586,9,20,45.0,Fail
459,587,16,20,80.0,Pass
459,588,13,20,65.0,Pass
459,589,20,20,100.0,Pass
459,590,11,20,55.0,Pass
460,591,15,20,75.0,Pass
460,592,12,20,60.0,Pass
460,593,15,20,75.0,Pass
460,594,12,20,60.0,Pass
460,595,9,20,45.0,Fail
460,596,9,20,45.0,Fail
460,597,10,20,50.0,Pass
460,598,20,20,100.0,Pass
460,599,18,20,90.0,Pass
460,600,12,20,60.0,Pass
461,601,19,20,95.0,Pass
461,602,19,20,95.0,Pass
461,603,17,20,85.0,Pass
461,604,8,20,40.0,Fail
461,605,11,20,55.0,Pass
461,606,13,20,65.0,Pass
461,607,10,20,50.0,Pass
461,608,9,20,45.0,Fail
461,609,19,20,95.0,Pass
461,610,11,20,55.0,Pass
462,611,13,20,65.0,Pass
462,612,14,20,70.0,Pass
462,613,16,20,80.0,Pass
462,614,8,20,40.0,Fail
462,615,18,20,90.0,Pass
462,616,12,20,60.0,Pass
462,617,12,20,60.0,Pass
462,618,10,20,50.0,Pass
462,619,8,20,40.0,Fail
462,620,14,20,70.0,Pass
463,621,15,20,75.0,Pass
463,622,16,20,80.0,Pass
463,623,19,20,95.0,Pass
463,624,16,20,80.0,Pass
463,625,11,20,55.0,Pass
463,626,9,20,45.0,Fail
463,627,15,20,75.0,Pass
463,628,9,20,45.0,Fail
463,629,20,20,100.0,Pass
463,630,20,20,100.0,Pass
464,631,10,20,50.0,Pass
464,632,9,20,45.0,Fail
464,633,8,20,40.0,Fail
464,634,8,20,40.0,Fail
464,635,20,20,100.0,Pass
464,636,11,20,55.0,Pass
464,637,10,20,50.0,Pass
464,638,11,20,55.0,Pass
464,639,14,20,70.0,Pass
464,640,13,20,65.0,Pass
465,641,18,20,90.0,Pass
465,642,18,20,90.0,Pass
465,643,18,20,90.0,Pass
465,644,9,20,45.0,Fail
465,645,17,20,85.0,Pass
465,646,17,20,85.0,Pass
465,647,12,20,60.0,Pass
465,648,9,20,45.0,Fail
465,649,8,20,40.0,Fail
465,650,9,20,45.0,Fail
466,651,11,20,55.0,Pass
466,652,18,20,90.0,Pass
466,653,15,20,75.0,Pass
466,654,20,20,100.0,Pass
466,655,10,20,50.0,Pass
466,656,9,20,45.0,Fail
466,657,20,20,100.0,Pass
466,658,13,20,65.0,Pass
466,659,9,20,45.0,Fail
466,660,8,20,40.0,Fail
467,661,15,20,75.0,Pass
467,662,8,20,40.0,Fail
467,663,10,20,50.0,Pass
467,664,17,20,85.0,Pass
467,665,14,20,70.0,Pass
467,666,19,20,95.0,Pass
467,667,14,20,70.0,Pass
467,668,15,20,75.0,Pass
467,669,8,20,40.0,Fail
467,670,14,20,70.0,Pass
468,671,18,20,90.0,Pass
468,672,14,20,70.0,Pass
468,673,10,20,50.0,Pass
468,674,13,20,65.0,Pass
468,675,11,20,55.0,Pass
468,676,10,20,50.0,Pass
468,677,12,20,60.0,Pass
468,678,12,20,60.0,Pass
468,679,15,20,75.0,Pass
468,680,10,20,50.0,Pass
469,681,8,20,40.0,Fail
469,682,17,20,85.0,Pass
469,683,17,20,85.0,Pass
469,684,17,20,85.0,Pass
469,685,11,20,55.0,Pass
469,686,18,20,90.0,Pass
469,687,12,20,60.0,Pass
469,688,15,20,75.0,Pass
469,689,14,20,70.0,Pass
469,690,16,20,80.0,Pass
470,691,15,20,75.0,Pass
470,692,8,20,40.0,Fail
470,693,9,20,45.0,Fail
470,694,12,20,60.0,Pass
470,695,14,20,70.0,Pass
470,696,10,20,50.0,Pass
470,697,14,20,70.0,Pass
470,698,11,20,55.0,Pass
470,699,18,20,90.0,Pass
470,700,20,20,100.0,Pass
471,701,16,20,80.0,Pass
471,702,11,20,55.0,Pass
471,703,18,20,90.0,Pass
471,704,20,20,100.0,Pass
471,705,16,20,80.0,Pass
471,706,20,20,100.0,Pass
471,707,8,20,40.0,Fail
471,708,14,20,70.0,Pass
471,709,20,20,100.0,Pass
471,710,19,20,95.0,Pass
472,711,13,20,65.0,Pass
472,712,15,20,75.0,Pass
472,713,16,20,80.0,Pass
472,714,20,20,100.0,Pass
472,715,15,20,75.0,Pass
472,716,13,20,65.0,Pass
472,717,17,20,85.0,Pass
472,718,16,20,80.0,Pass
472,719,13,20,65.0,Pass
472,720,14,20,70.0,Pass
473,721,12,20,60.0,Pass
473,722,10,20,50.0,Pass
473,723,8,20,40.0,Fail
473,724,13,20,65.0,Pass
473,725,17,20,85.0,Pass
473,726,11,20,55.0,Pass
473,727,8,20,40.0,Fail
473,728,20,20,100.0,Pass
473,729,20,20,100.0,Pass
473,730,12,20,60.0,Pass
474,731,8,20,40.0,Fail
474,732,20,20,100.0,Pass
474,733,15,20,75.0,Pass
474,734,16,20,80.0,Pass
474,735,13,20,65.0,Pass
474,736,20,20,100.0,Pass
474,737,17,20,85.0,Pass
474,738,11,20,55.0,Pass
474,739,10,20,50.0,Pass
474,740,9,20,45.0,Fail
475,741,11,20,55.0,Pass
475,742,18,20,90.0,Pass
475,743,11,20,55.0,Pass
475,744,12,20,60.0,Pass
475,745,16,20,80.0,Pass
475,746,20,20,100.0,Pass
475,747,19,20,95.0,Pass
475,748,8,20,40.0,Fail
475,749,20,20,100.0,Pass
475,750,11,20,55.0,Pass
476,751,17,20,85.0,Pass
476,752,20,20,100.0,Pass
476,753,14,20,70.0,Pass
476,754,13,20,65.0,Pass
476,755,10,20,50.0,Pass
476,756,10,20,50.0,Pass
476,757,11,20,55.0,Pass
476,758,17,20,85.0,Pass
476,759,13,20,65.0,Pass
476,760,20,20,100.0,Pass
477,761,19,20,95.0,Pass
477,762,19,20,95.0,Pass
477,763,13,20,65.0,Pass
477,764,17,20,85.0,Pass
477,765,8,20,40.0,Fail
477,766,19,20,95.0,Pass
477,767,19,20,95.0,Pass
477,768,13,20,65.0,Pass
477,769,17,20,85.0,Pass
477,770,17,20,85.0,Pass
478,771,10,20,50.0,Pass
478,772,17,20,85.0,Pass
478,773,11,20,55.0,Pass
478,774,20,20,100.0,Pass
478,775,15,20,75.0,Pass
478,776,16,20,80.0,Pass
478,777,12,20,60.0,Pass
478,778,10,20,50.0,Pass
478,779,15,20,75.0,Pass
478,780,8,20,40.0,Fail
479,781,9,20,45.0,Fail
479,782,8,20,40.0,Fail
479,783,11,20,55.0,Pass
479,784,17,20,85.0,Pass
479,785,11,20,55.0,Pass
479,786,8,20,40.0,Fail
479,787,16,20,80.0,Pass
479,788,15,20,75.0,Pass
479,789,8,20,40.0,Fail
479,790,13,20,65.0,Pass
480,791,17,20,85.0,Pass
480,792,11,20,55.0,Pass
480,793,20,20,100.0,Pass
480,794,10,20,50.0,Pass
480,795,13,20,65.0,Pass
480,796,19,20,95.0,Pass
480,797,10,20,50.0,Pass
480,798,20,20,100.0,Pass
480,799,13,20,65.0,Pass
480,800,8,20,40.0,Fail
481,801,8,20,40.0,Fail
481,802,10,20,50.0,Pass
481,803,17,20,85.0,Pass
481,804,19,20,95.0,Pass
481,805,10,20,50.0,Pass
481,806,20,20,100.0,Pass
481,807,9,20,45.0,Fail
481,808,16,20,80.0,Pass
481,809,13,20,65.0,Pass
481,810,9,20,45.0,Fail
482,811,13,20,65.0,Pass
482,812,19,20,95.0,Pass
482,813,18,20,90.0,Pass
482,814,14,20,70.0,Pass
482,815,17,20,85.0,Pass
482,816,9,20,45.0,Fail
482,817,13,20,65.0,Pass
482,818,12,20,60.0,Pass
482,819,13,20,65.0,Pass
482,820,10,20,50.0,Pass
483,821,10,20,50.0,Pass
483,822,19,20,95.0,Pass
483,823,14,20,70.0,Pass
483,824,20,20,100.0,Pass
483,825,18,20,90.0,Pass
483,826,15,20,75.0,Pass
483,827,18,20,90.0,Pass
483,828,13,20,65.0,Pass
483,829,10,20,50.0,Pass
483,830,19,20,95.0,Pass
484,831,16,20,80.0,Pass
484,832,19,20,95.0,Pass
484,833,17,20,85.0,Pass
484,834,20,20,100.0,Pass
484,835,13,20,65.0,Pass
484,836,11,20,55.0,Pass
484,837,18,20,90.0,Pass
484,838,17,20,85.0,Pass
484,839,10,20,50.0,Pass
484,840,14,20,70.0,Pass
485,841,12,20,60.0,Pass
485,842,19,20,95.0,Pass
485,843,19,20,95.0,Pass
485,844,12,20,60.0,Pass
485,845,10,20,50.0,Pass
485,846,10,20,50.0,Pass
485,847,19,20,95.0,Pass
485,848,8,20,40.0,Fail
485,849,19,20,95.0,Pass
485,850,17,20,85.0,Pass
486,851,14,20,70.0,Pass
486,852,20,20,100.0,Pass
486,853,17,20,85.0,Pass
486,854,8,20,40.0,Fail
486,855,10,20,50.0,Pass
486,856,17,20,85.0,Pass
486,857,13,20,65.0,Pass
486,858,20,20,100.0,Pass
486,859,17,20,85.0,Pass
486,860,11,20,55.0,Pass
487,861,18,20,90.0,Pass
487,862,17,20,85.0,Pass
487,863,9,20,45.0,Fail
487,864,15,20,75.0,Pass
487,865,10,20,50.0,Pass
487,866,13,20,65.0,Pass
487,867,19,20,95.0,Pass
487,868,9,20,45.0,Fail
487,869,11,20,55.0,Pass
487,870,13,20,65.0,Pass
488,871,13,20,65.0,Pass
488,872,10,20,50.0,Pass
488,873,18,20,90.0,Pass
488,874,9,20,45.0,Fail
488,875,19,20,95.0,Pass
488,876,18,20,90.0,Pass
488,877,18,20,90.0,Pass
488,878,19,20,95.0,Pass
488,879,13,20,65.0,Pass
488,880,15,20,75.0,Pass
489,881,8,20,40.0,Fail
489,882,12,20,60.0,Pass
489,883,11,20,55.0,Pass
489,884,11,20,55.0,Pass
489,885,19,20,95.0,Pass
489,886,9,20,45.0,Fail
489,887,13,20,65.0,Pass
489,888,12,20,60.0,Pass
489,889,20,20,100.0,Pass
489,890,9,20,45.0,Fail
490,891,19,20,95.0,Pass
490,892,8,20,40.0,Fail
490,893,8,20,40.0,Fail
490,894,14,20,70.0,Pass
490,895,15,20,75.0,Pass
490,896,19,20,95.0,Pass
490,897,14,20,70.0,Pass
490,898,10,20,50.0,Pass
490,899,14,20,70.0,Pass
490,900,15,20,75.0,Pass
491,901,14,20,70.0,Pass
491,902,13,20,65.0,Pass
491,903,16,20,80.0,Pass
491,904,14,20,70.0,Pass
491,905,9,20,45.0,Fail
491,906,15,20,75.0,Pass
491,907,20,20,100.0,Pass
491,908,17,20,85.0,Pass
491,909,18,20,90.0,Pass
491,910,20,20,100.0,Pass
492,911,18,20,90.0,Pass
492,912,11,20,55.0,Pass
492,913,10,20,50.0,Pass
492,914,15,20,75.0,Pass
492,915,9,20,45.0,Fail
492,916,20,20,100.0,Pass
492,917,8,20,40.0,Fail
492,918,12,20,60.0,Pass
492,919,8,20,40.0,Fail
492,920,13,20,65.0,Pass
493,921,12,20,60.0,Pass
493,922,9,20,45.0,Fail
493,923,9,20,45.0,Fail
493,924,13,20,65.0,Pass
493,925,10,20,50.0,Pass
493,926,14,20,70.0,Pass
493,927,10,20,50.0,Pass
493,928,19,20,95.0,Pass
493,929,9,20,45.0,Fail
493,930,16,20,80.0,Pass
494,931,9,20,45.0,Fail
494,932,13,20,65.0,Pass
494,933,17,20,85.0,Pass
494,934,17,20,85.0,Pass
494,935,15,20,75.0,Pass
494,936,19,20,95.0,Pass
494,937,8,20,40.0,Fail
494,938,14,20,70.0,Pass
494,939,18,20,90.0,Pass
494,940,10,20,50.0,Pass
495,941,17,20,85.0,Pass
495,942,14,20,70.0,Pass
495,943,10,20,50.0,Pass
495,944,8,20,40.0,Fail
495,945,9,20,45.0,Fail
495,946,13,20,65.0,Pass
495,947,11,20,55.0,Pass
495,948,11,20,55.0,Pass
495,949,14,20,70.0,Pass
495,950,19,20,95.0,Pass
496,951,16,20,80.0,Pass
496,952,19,20,95.0,Pass
496,953,19,20,95.0,Pass
496,954,16,20,80.0,Pass
496,955,12,20,60.0,Pass
496,956,18,20,90.0,Pass
496,957,12,20,60.0,Pass
496,958,12,20,60.0,Pass
496,959,11,20,55.0,Pass
496,960,9,20,45.0,Fail
497,961,8,20,40.0,Fail
497,962,14,20,70.0,Pass
497,963,17,20,85.0,Pass
497,964,16,20,80.0,Pass
497,965,15,20,75.0,Pass
497,966,10,20,50.0,Pass
497,967,8,20,40.0,Fail
497,968,13,20,65.0,Pass
497,969,8,20,40.0,Fail
497,970,14,20,70.0,Pass
498,971,9,20,45.0,Fail
498,972,12,20,60.0,Pass
498,973,18,20,90.0,Pass
498,974,18,20,90.0,Pass
498,975,17,20,85.0,Pass
498,976,15,20,75.0,Pass
498,977,11,20,55.0,Pass
498,978,9,20,45.0,Fail
498,979,8,20,40.0,Fail
498,980,11,20,55.0,Pass
499,981,10,20,50.0,Pass
499,982,18,20,90.0,Pass
499,983,12,20,60.0,Pass
499,984,9,20,45.0,Fail
499,985,15,20,75.0,Pass
499,986,9,20,45.0,Fail
499,987,12,20,60.0,Pass
499,988,20,20,100.0,Pass
499,989,14,20,70.0,Pass
499,990,15,20,75.0,Pass
500,991,15,20,75.0,Pass
500,992,18,20,90.0,Pass
500,993,12,20,60.0,Pass
500,994,9,20,45.0,Fail
500,995,18,20,90.0,Pass
500,996,16,20,80.0,Pass
500,997,14,20,70.0,Pass
500,998,10,20,50.0,Pass
500,999,13,20,65.0,Pass
500,1000,14,20,70.0,Pass
501,1001,13,20,65.0,Pass
501,1002,10,20,50.0,Pass
501,1003,15,20,75.0,Pass
501,1004,8,20,40.0,Fail
501,1005,12,20,60.0,Pass
501,1006,15,20,75.0,Pass
501,1007,15,20,75.0,Pass
501,1008,12,20,60.0,Pass
501,1009,11,20,55.0,Pass
501,1010,12,20,60.0,Pass
502,1011,17,20,85.0,Pass
502,1012,8,20,40.0,Fail
502,1013,10,20,50.0,Pass
502,1014,20,20,100.0,Pass
502,1015,19,20,95.0,Pass
502,1016,18,20,90.0,Pass
502,1017,9,20,45.0,Fail
502,1018,9,20,45.0,Fail
502,1019,18,20,90.0,Pass
502,1020,13,20,65.0,Pass
503,1021,20,20,100.0,Pass
503,1022,16,20,80.0,Pass
503,1023,14,20,70.0,Pass
503,1024,20,20,100.0,Pass
503,1025,17,20,85.0,Pass
503,1026,11,20,55.0,Pass
503,1027,16,20,80.0,Pass
503,1028,8,20,40.0,Fail
503,1029,14,20,70.0,Pass
503,1030,16,20,80.0,Pass
504,1031,14,20,70.0,Pass
504,1032,16,20,80.0,Pass
504,1033,18,20,90.0,Pass
504,1034,15,20,75.0,Pass
504,1035,17,20,85.0,Pass
504,1036,11,20,55.0,Pass
504,1037,15,20,75.0,Pass
504,1038,12,20,60.0,Pass
504,1039,9,20,45.0,Fail
504,1040,14,20,70.0,Pass
505,1041,19,20,95.0,Pass
505,1042,8,20,40.0,Fail
505,1043,16,20,80.0,Pass
505,1044,17,20,85.0,Pass
505,1045,16,20,80.0,Pass
505,1046,20,20,100.0,Pass
505,1047,17,20,85.0,Pass
505,1048,18,20,90.0,Pass
505,1049,17,20,85.0,Pass
505,1050,10,20,50.0,Pass
506,1051,9,20,45.0,Fail
506,1052,20,20,100.0,Pass
506,1053,15,20,75.0,Pass
506,1054,10,20,50.0,Pass
506,1055,10,20,50.0,Pass
506,1056,11,20,55.0,Pass
506,1057,20,20,100.0,Pass
506,1058,11,20,55.0,Pass
506,1059,10,20,50.0,Pass
506,1060,8,20,40.0,Fail
507,1061,14,20,70.0,Pass
507,1062,9,20,45.0,Fail
507,1063,18,20,90.0,Pass
507,1064,14,20,70.0,Pass
507,1065,11,20,55.0,Pass
507,1066,18,20,90.0,Pass
507,1067,10,20,50.0,Pass
507,1068,17,20,85.0,Pass
507,1069,12,20,60.0,Pass
507,1070,13,20,65.0,Pass
508,1071,19,20,95.0,Pass
508,1072,20,20,100.0,Pass
508,1073,9,20,45.0,Fail
508,1074,9,20,45.0,Fail
508,1075,14,20,70.0,Pass
508,1076,16,20,80.0,Pass
508,1077,14,20,70.0,Pass
508,1078,16,20,80.0,Pass
508,1079,13,20,65.0,Pass
508,1080,12,20,60.0,Pass
509,1081,16,20,80.0,Pass
509,1082,15,20,75.0,Pass
509,1083,8,20,40.0,Fail
509,1084,20,20,100.0,Pass
509,1085,19,20,95.0,Pass
509,1086,17,20,85.0,Pass
509,1087,17,20,85.0,Pass
509,1088,16,20,80.0,Pass
509,1089,20,20,100.0,Pass
509,1090,14,20,70.0,Pass
510,1091,9,20,45.0,Fail
510,1092,14,20,70.0,Pass
510,1093,10,20,50.0,Pass
510,1094,10,20,50.0,Pass
510,1095,17,20,85.0,Pass
510,1096,17,20,85.0,Pass
510,1097,17,20,85.0,Pass
510,1098,20,20,100.0,Pass
510,1099,9,20,45.0,Fail
510,1100,9,20,45.0,Fail
511,1101,17,20,85.0,Pass
511,1102,20,20,100.0,Pass
511,1103,9,20,45.0,Fail
511,1104,20,20,100.0,Pass
511,1105,12,20,60.0,Pass
511,1106,16,20,80.0,Pass
511,1107,13,20,65.0,Pass
511,1108,14,20,70.0,Pass
511,1109,12,20,60.0,Pass
511,1110,14,20,70.0,Pass
512,1111,18,20,90.0,Pass
512,1112,15,20,75.0,Pass
512,1113,17,20,85.0,Pass
512,1114,17,20,85.0,Pass
512,1115,15,20,75.0,Pass
512,1116,8,20,40.0,Fail
512,1117,10,20,50.0,Pass
512,1118,12,20,60.0,Pass
512,1119,14,20,70.0,Pass
512,1120,10,20,50.0,Pass
513,1121,17,20,85.0,Pass
513,1122,17,20,85.0,Pass
513,1123,18,20,90.0,Pass
513,1124,19,20,95.0,Pass
513,1125,14,20,70.0,Pass
513,1126,8,20,40.0,Fail
513,1127,14,20,70.0,Pass
513,1128,13,20,65.0,Pass
513,1129,19,20,95.0,Pass
513,1130,11,20,55.0,Pass
514,1131,8,20,40.0,Fail
514,1132,19,20,95.0,Pass
514,1133,15,20,75.0,Pass
514,1134,12,20,60.0,Pass
514,1135,13,20,65.0,Pass
514,1136,8,20,40.0,Fail
514,1137,13,20,65.0,Pass
514,1138,20,20,100.0,Pass
514,1139,12,20,60.0,Pass
514,1140,12,20,60.0,Pass
515,1141,12,20,60.0,Pass
515,1142,15,20,75.0,Pass
515,1143,19,20,95.0,Pass
515,1144,18,20,90.0,Pass
515,1145,9,20,45.0,Fail
515,1146,11,20,55.0,Pass
515,1147,10,20,50.0,Pass
515,1148,12,20,60.0,Pass
515,1149,19,20,95.0,Pass
515,1150,15,20,75.0,Pass
516,1151,20,20,100.0,Pass
516,1152,13,20,65.0,Pass
516,1153,12,20,60.0,Pass
516,1154,19,20,95.0,Pass
516,1155,14,20,70.0,Pass
516,1156,17,20,85.0,Pass
516,1157,18,20,90.0,Pass
516,1158,9,20,45.0,Fail
516,1159,11,20,55.0,Pass
516,1160,15,20,75.0,Pass
517,1161,11,20,55.0,Pass
517,1162,14,20,70.0,Pass
517,1163,19,20,95.0,Pass
517,1164,15,20,75.0,Pass
517,1165,20,20,100.0,Pass
517,1166,16,20,80.0,Pass
517,1167,13,20,65.0,Pass
517,1168,8,20,40.0,Fail
517,1169,16,20,80.0,Pass
517,1170,20,20,100.0,Pass
518,1171,10,20,50.0,Pass
518,1172,9,20,45.0,Fail
518,1173,12,20,60.0,Pass
518,1174,19,20,95.0,Pass
518,1175,16,20,80.0,Pass
518,1176,14,20,70.0,Pass
518,1177,10,20,50.0,Pass
518,1178,20,20,100.0,Pass
518,1179,16,20,80.0,Pass
518,1180,17,20,85.0,Pass
519,1181,8,20,40.0,Fail
519,1182,10,20,50.0,Pass
519,1183,11,20,55.0,Pass
519,1184,11,20,55.0,Pass
519,1185,8,20,40.0,Fail
519,1186,11,20,55.0,Pass
519,1187,8,20,40.0,Fail
519,1188,15,20,75.0,Pass
519,1189,8,20,40.0,Fail
519,1190,13,20,65.0,Pass
520,1191,19,20,95.0,Pass
520,1192,11,20,55.0,Pass
520,1193,12,20,60.0,Pass
520,1194,13,20,65.0,Pass
520,1195,15,20,75.0,Pass
520,1196,16,20,80.0,Pass
520,1197,14,20,70.0,Pass
520,1198,18,20,90.0,Pass
520,1199,9,20,45.0,Fail
520,1200,18,20,90.0,Pass
521,1201,8,20,40.0,Fail
521,1202,11,20,55.0,Pass
521,1203,13,20,65.0,Pass
521,1204,15,20,75.0,Pass
521,1205,17,20,85.0,Pass
521,1206,15,20,75.0,Pass
521,1207,10,20,50.0,Pass
521,1208,15,20,75.0,Pass
521,1209,17,20,85.0,Pass
521,1210,16,20,80.0,Pass
522,1211,13,20,65.0,Pass
522,1212,13,20,65.0,Pass
522,1213,10,20,50.0,Pass
522,1214,12,20,60.0,Pass
522,1215,19,20,95.0,Pass
522,1216,19,20,95.0,Pass
522,1217,9,20,45.0,Fail
522,1218,12,20,60.0,Pass
522,1219,8,20,40.0,Fail
522,1220,14,20,70.0,Pass
523,1221,8,20,40.0,Fail
523,1222,10,20,50.0,Pass
523,1223,17,20,85.0,Pass
523,1224,20,20,100.0,Pass
523,1225,11,20,55.0,Pass
523,1226,11,20,55.0,Pass
523,1227,18,20,90.0,Pass
523,1228,11,20,55.0,Pass
523,1229,18,20,90.0,Pass
523,1230,11,20,55.0,Pass
524,1231,12,20,60.0,Pass
524,1232,18,20,90.0,Pass
524,1233,14,20,70.0,Pass
524,1234,16,20,80.0,Pass
524,1235,8,20,40.0,Fail
524,1236,20,20,100.0,Pass
524,1237,20,20,100.0,Pass
524,1238,18,20,90.0,Pass
524,1239,8,20,40.0,Fail
524,1240,15,20,75.0,Pass
525,1241,10,20,50.0,Pass
525,1242,18,20,90.0,Pass
525,1243,10,20,50.0,Pass
525,1244,17,20,85.0,Pass
525,1245,20,20,100.0,Pass
525,1246,8,20,40.0,Fail
525,1247,11,20,55.0,Pass
525,1248,12,20,60.0,Pass
525,1249,17,20,85.0,Pass
525,1250,20,20,100.0,Pass
526,1251,12,20,60.0,Pass
526,1252,19,20,95.0,Pass
526,1253,19,20,95.0,Pass
526,1254,18,20,90.0,Pass
526,1255,12,20,60.0,Pass
526,1256,14,20,70.0,Pass
526,1257,14,20,70.0,Pass
526,1258,13,20,65.0,Pass
526,1259,15,20,75.0,Pass
526,1260,12,20,60.0,Pass
527,1261,11,20,55.0,Pass
527,1262,15,20,75.0,Pass
527,1263,12,20,60.0,Pass
527,1264,18,20,90.0,Pass
527,1265,16,20,80.0,Pass
527,1266,17,20,85.0,Pass
527,1267,14,20,70.0,Pass
527,1268,17,20,85.0,Pass
527,1269,9,20,45.0,Fail
527,1270,8,20,40.0,Fail
528,1271,16,20,80.0,Pass
528,1272,18,20,90.0,Pass
528,1273,13,20,65.0,Pass
528,1274,16,20,80.0,Pass
528,1275,18,20,90.0,Pass
528,1276,17,20,85.0,Pass
528,1277,17,20,85.0,Pass
528,1278,12,20,60.0,Pass
528,1279,12,20,60.0,Pass
528,1280,18,20,90.0,Pass
529,1281,9,20,45.0,Fail
529,1282,15,20,75.0,Pass
529,1283,9,20,45.0,Fail
529,1284,13,20,65.0,Pass
529,1285,12,20,60.0,Pass
529,1286,18,20,90.0,Pass
529,1287,13,20,65.0,Pass
529,1288,12,20,60.0,Pass
529,1289,12,20,60.0,Pass
529,1290,18,20,90.0,Pass
530,1291,19,20,95.0,Pass
530,1292,18,20,90.0,Pass
530,1293,12,20,60.0,Pass
530,1294,11,20,55.0,Pass
530,1295,10,20,50.0,Pass
530,1296,16,20,80.0,Pass
530,1297,20,20,100.0,Pass
530,1298,11,20,55.0,Pass
530,1299,8,20,40.0,Fail
530,1300,20,20,100.0,Pass
531,1301,20,20,100.0,Pass
531,1302,20,20,100.0,Pass
531,1303,17,20,85.0,Pass
531,1304,14,20,70.0,Pass
531,1305,18,20,90.0,Pass
531,1306,13,20,65.0,Pass
531,1307,18,20,90.0,Pass
531,1308,10,20,50.0,Pass
531,1309,19,20,95.0,Pass
531,1310,8,20,40.0,Fail
532,1311,18,20,90.0,Pass
532,1312,15,20,75.0,Pass
532,1313,12,20,60.0,Pass
532,1314,12,20,60.0,Pass
532,1315,14,20,70.0,Pass
532,1316,14,20,70.0,Pass
532,1317,14,20,70.0,Pass
532,1318,19,20,95.0,Pass
532,1319,8,20,40.0,Fail
532,1320,17,20,85.0,Pass
533,1321,19,20,95.0,Pass
533,1322,17,20,85.0,Pass
533,1323,11,20,55.0,Pass
533,1324,13,20,65.0,Pass
533,1325,19,20,95.0,Pass
533,1326,19,20,95.0,Pass
533,1327,11,20,55.0,Pass
533,1328,18,20,90.0,Pass
533,1329,16,20,80.0,Pass
533,1330,18,20,90.0,Pass
534,1331,20,20,100.0,Pass
534,1332,15,20,75.0,Pass
534,1333,18,20,90.0,Pass
534,1334,13,20,65.0,Pass
534,1335,16,20,80.0,Pass
534,1336,12,20,60.0,Pass
534,1337,10,20,50.0,Pass
534,1338,18,20,90.0,Pass
534,1339,16,20,80.0,Pass
534,1340,10,20,50.0,Pass
535,1341,12,20,60.0,Pass
535,1342,9,20,45.0,Fail
535,1343,15,20,75.0,Pass
535,1344,10,20,50.0,Pass
535,1345,19,20,95.0,Pass
535,1346,12,20,60.0,Pass
535,1347,19,20,95.0,Pass
535,1348,20,20,100.0,Pass
535,1349,16,20,80.0,Pass
535,1350,20,20,100.0,Pass
536,1351,10,20,50.0,Pass
536,1352,18,20,90.0,Pass
536,1353,13,20,65.0,Pass
536,1354,18,20,90.0,Pass
536,1355,9,20,45.0,Fail
536,1356,11,20,55.0,Pass
536,1357,13,20,65.0,Pass
536,1358,11,20,55.0,Pass
536,1359,19,20,95.0,Pass
536,1360,12,20,60.0,Pass
537,1361,14,20,70.0,Pass
537,1362,20,20,100.0,Pass
537,1363,13,20,65.0,Pass
537,1364,13,20,65.0,Pass
537,1365,12,20,60.0,Pass
537,1366,17,20,85.0,Pass
537,1367,12,20,60.0,Pass
537,1368,15,20,75.0,Pass
537,1369,9,20,45.0,Fail
537,1370,15,20,75.0,Pass
538,1371,8,20,40.0,Fail
538,1372,18,20,90.0,Pass
538,1373,17,20,85.0,Pass
538,1374,17,20,85.0,Pass
538,1375,17,20,85.0,Pass
538,1376,9,20,45.0,Fail
538,1377,15,20,75.0,Pass
538,1378,11,20,55.0,Pass
538,1379,16,20,80.0,Pass
538,1380,9,20,45.0,Fail
539,1381,18,20,90.0,Pass
539,1382,14,20,70.0,Pass
539,1383,16,20,80.0,Pass
539,1384,12,20,60.0,Pass
539,1385,14,20,70.0,Pass
539,1386,8,20,40.0,Fail
539,1387,10,20,50.0,Pass
539,1388,10,20,50.0,Pass
539,1389,11,20,55.0,Pass
539,1390,13,20,65.0,Pass
540,1391,14,20,70.0,Pass
540,1392,17,20,85.0,Pass
540,1393,15,20,75.0,Pass
540,1394,10,20,50.0,Pass
540,1395,13,20,65.0,Pass
540,1396,19,20,95.0,Pass
540,1397,10,20,50.0,Pass
540,1398,20,20,100.0,Pass
540,1399,9,20,45.0,Fail
540,1400,15,20,75.0,Pass
541,1401,13,20,65.0,Pass
541,1402,18,20,90.0,Pass
541,1403,10,20,50.0,Pass
541,1404,13,20,65.0,Pass
541,1405,18,20,90.0,Pass
541,1406,8,20,40.0,Fail
541,1407,8,20,40.0,Fail
541,1408,15,20,75.0,Pass
541,1409,12,20,60.0,Pass
541,1410,11,20,55.0,Pass
542,1411,20,20,100.0,Pass
542,1412,20,20,100.0,Pass
542,1413,10,20,50.0,Pass
542,1414,17,20,85.0,Pass
542,1415,20,20,100.0,Pass
542,1416,10,20,50.0,Pass
542,1417,15,20,75.0,Pass
542,1418,20,20,100.0,Pass
542,1419,20,20,100.0,Pass
542,1420,20,20,100.0,Pass
543,1421,9,20,45.0,Fail
543,1422,10,20,50.0,Pass
543,1423,17,20,85.0,Pass
543,1424,14,20,70.0,Pass
543,1425,18,20,90.0,Pass
543,1426,14,20,70.0,Pass
543,1427,14,20,70.0,Pass
543,1428,14,20,70.0,Pass
543,1429,15,20,75.0,Pass
543,1430,14,20,70.0,Pass
544,1431,8,20,40.0,Fail
544,1432,8,20,40.0,Fail
544,1433,16,20,80.0,Pass
544,1434,11,20,55.0,Pass
544,1435,19,20,95.0,Pass
544,1436,13,20,65.0,Pass
544,1437,8,20,40.0,Fail
544,1438,13,20,65.0,Pass
544,1439,20,20,100.0,Pass
544,1440,16,20,80.0,Pass
545,1441,11,20,55.0,Pass
545,1442,8,20,40.0,Fail
545,1443,18,20,90.0,Pass
545,1444,8,20,40.0,Fail
545,1445,18,20,90.0,Pass
545,1446,19,20,95.0,Pass
545,1447,11,20,55.0,Pass
545,1448,11,20,55.0,Pass
545,1449,19,20,95.0,Pass
545,1450,13,20,65.0,Pass
546,1451,12,20,60.0,Pass
546,1452,10,20,50.0,Pass
546,1453,9,20,45.0,Fail
546,1454,14,20,70.0,Pass
546,1455,16,20,80.0,Pass
546,1456,17,20,85.0,Pass
546,1457,12,20,60.0,Pass
546,1458,10,20,50.0,Pass
546,1459,9,20,45.0,Fail
546,1460,8,20,40.0,Fail
547,1461,12,20,60.0,Pass
547,1462,12,20,60.0,Pass
547,1463,15,20,75.0,Pass
547,1464,19,20,95.0,Pass
547,1465,16,20,80.0,Pass
547,1466,17,20,85.0,Pass
547,1467,16,20,80.0,Pass
547,1468,13,20,65.0,Pass
547,1469,14,20,70.0,Pass
547,1470,18,20,90.0,Pass
548,1471,10,20,50.0,Pass
548,1472,13,20,65.0,Pass
548,1473,15,20,75.0,Pass
548,1474,13,20,65.0,Pass
548,1475,20,20,100.0,Pass
548,1476,11,20,55.0,Pass
548,1477,10,20,50.0,Pass
548,1478,20,20,100.0,Pass
548,1479,14,20,70.0,Pass
548,1480,8,20,40.0,Fail
549,1481,11,20,55.0,Pass
549,1482,11,20,55.0,Pass
549,1483,19,20,95.0,Pass
549,1484,10,20,50.0,Pass
549,1485,11,20,55.0,Pass
549,1486,19,20,95.0,Pass
549,1487,8,20,40.0,Fail
549,1488,17,20,85.0,Pass
549,1489,16,20,80.0,Pass
549,1490,10,20,50.0,Pass
550,1491,9,20,45.0,Fail
550,1492,13,20,65.0,Pass
550,1493,19,20,95.0,Pass
550,1494,18,20,90.0,Pass
550,1495,20,20,100.0,Pass
550,1496,8,20,40.0,Fail
550,1497,14,20,70.0,Pass
550,1498,18,20,90.0,Pass
550,1499,12,20,60.0,Pass
550,1500,20,20,100.0,Pass
551,1501,16,20,80.0,Pass
551,1502,17,20,85.0,Pass
551,1503,8,20,40.0,Fail
551,1504,17,20,85.0,Pass
551,1505,8,20,40.0,Fail
551,1506,18,20,90.0,Pass
551,1507,9,20,45.0,Fail
551,1508,18,20,90.0,Pass
551,1509,8,20,40.0,Fail
551,1510,8,20,40.0,Fail
552,1511,19,20,95.0,Pass
552,1512,9,20,45.0,Fail
552,1513,14,20,70.0,Pass
552,1514,15,20,75.0,Pass
552,1515,14,20,70.0,Pass
552,1516,9,20,45.0,Fail
552,1517,16,20,80.0,Pass
552,1518,12,20,60.0,Pass
552,1519,15,20,75.0,Pass
552,1520,19,20,95.0,Pass
553,1521,10,20,50.0,Pass
553,1522,11,20,55.0,Pass
553,1523,19,20,95.0,Pass
553,1524,18,20,90.0,Pass
553,1525,18,20,90.0,Pass
553,1526,8,20,40.0,Fail
553,1527,12,20,60.0,Pass
553,1528,14,20,70.0,Pass
553,1529,18,20,90.0,Pass
553,1530,9,20,45.0,Fail
554,1531,18,20,90.0,Pass
554,1532,16,20,80.0,Pass
554,1533,12,20,60.0,Pass
554,1534,17,20,85.0,Pass
554,1535,17,20,85.0,Pass
554,1536,19,20,95.0,Pass
554,1537,10,20,50.0,Pass
554,1538,14,20,70.0,Pass
554,1539,9,20,45.0,Fail
554,1540,16,20,80.0,Pass
555,1541,19,20,95.0,Pass
555,1542,17,20,85.0,Pass
555,1543,9,20,45.0,Fail
555,1544,12,20,60.0,Pass
555,1545,9,20,45.0,Fail
555,1546,20,20,100.0,Pass
555,1547,9,20,45.0,Fail
555,1548,15,20,75.0,Pass
555,1549,11,20,55.0,Pass
555,1550,17,20,85.0,Pass
556,1551,11,20,55.0,Pass
556,1552,20,20,100.0,Pass
556,1553,12,20,60.0,Pass
556,1554,16,20,80.0,Pass
556,1555,11,20,55.0,Pass
556,1556,13,20,65.0,Pass
556,1557,19,20,95.0,Pass
556,1558,14,20,70.0,Pass
556,1559,12,20,60.0,Pass
556,1560,10,20,50.0,Pass
557,1561,8,20,40.0,Fail
557,1562,16,20,80.0,Pass
557,1563,15,20,75.0,Pass
557,1564,11,20,55.0,Pass
557,1565,19,20,95.0,Pass
557,1566,15,20,75.0,Pass
557,1567,13,20,65.0,Pass
557,1568,11,20,55.0,Pass
557,1569,8,20,40.0,Fail
557,1570,8,20,40.0,Fail
558,1571,18,20,90.0,Pass
558,1572,9,20,45.0,Fail
558,1573,9,20,45.0,Fail
558,1574,17,20,85.0,Pass
558,1575,18,20,90.0,Pass
558,1576,15,20,75.0,Pass
558,1577,10,20,50.0,Pass
558,1578,9,20,45.0,Fail
558,1579,20,20,100.0,Pass
558,1580,16,20,80.0,Pass
559,1581,9,20,45.0,Fail
559,1582,19,20,95.0,Pass
559,1583,19,20,95.0,Pass
559,1584,9,20,45.0,Fail
559,1585,12,20,60.0,Pass
559,1586,18,20,90.0,Pass
559,1587,11,20,55.0,Pass
559,1588,15,20,75.0,Pass
559,1589,12,20,60.0,Pass
559,1590,12,20,60.0,Pass
560,1591,15,20,75.0,Pass
560,1592,8,20,40.0,Fail
560,1593,9,20,45.0,Fail
560,1594,10,20,50.0,Pass
560,1595,8,20,40.0,Fail
560,1596,12,20,60.0,Pass
560,1597,13,20,65.0,Pass
560,1598,20,20,100.0,Pass
560,1599,18,20,90.0,Pass
560,1600,13,20,65.0,Pass
561,1601,14,20,70.0,Pass
561,1602,19,20,95.0,Pass
561,1603,9,20,45.0,Fail
561,1604,9,20,45.0,Fail
561,1605,20,20,100.0,Pass
561,1606,8,20,40.0,Fail
561,1607,8,20,40.0,Fail
561,1608,10,20,50.0,Pass
561,1609,18,20,90.0,Pass
561,1610,18,20,90.0,Pass
562,1611,10,20,50.0,Pass
562,1612,13,20,65.0,Pass
562,1613,13,20,65.0,Pass
562,1614,15,20,75.0,Pass
562,1615,17,20,85.0,Pass
562,1616,12,20,60.0,Pass
562,1617,19,20,95.0,Pass
562,1618,9,20,45.0,Fail
562,1619,13,20,65.0,Pass
562,1620,13,20,65.0,Pass
563,1621,10,20,50.0,Pass
563,1622,9,20,45.0,Fail
563,1623,14,20,70.0,Pass
563,1624,14,20,70.0,Pass
563,1625,15,20,75.0,Pass
563,1626,12,20,60.0,Pass
563,1627,14,20,70.0,Pass
563,1628,19,20,95.0,Pass
563,1629,15,20,75.0,Pass
563,1630,20,20,100.0,Pass
564,1631,14,20,70.0,Pass
564,1632,18,20,90.0,Pass
564,1633,20,20,100.0,Pass
564,1634,10,20,50.0,Pass
564,1635,9,20,45.0,Fail
564,1636,10,20,50.0,Pass
564,1637,19,20,95.0,Pass
564,1638,19,20,95.0,Pass
564,1639,8,20,40.0,Fail
564,1640,10,20,50.0,Pass
565,1641,9,20,45.0,Fail
565,1642,14,20,70.0,Pass
565,1643,17,20,85.0,Pass
565,1644,15,20,75.0,Pass
565,1645,20,20,100.0,Pass
565,1646,17,20,85.0,Pass
565,1647,18,20,90.0,Pass
565,1648,15,20,75.0,Pass
565,1649,10,20,50.0,Pass
565,1650,17,20,85.0,Pass
566,1651,14,20,70.0,Pass
566,1652,20,20,100.0,Pass
566,1653,13,20,65.0,Pass
566,1654,17,20,85.0,Pass
566,1655,8,20,40.0,Fail
566,1656,18,20,90.0,Pass
566,1657,19,20,95.0,Pass
566,1658,10,20,50.0,Pass
566,1659,15,20,75.0,Pass
566,1660,15,20,75.0,Pass
567,1661,9,20,45.0,Fail
567,1662,14,20,70.0,Pass
567,1663,15,20,75.0,Pass
567,1664,8,20,40.0,Fail
567,1665,9,20,45.0,Fail
567,1666,12,20,60.0,Pass
567,1667,18,20,90.0,Pass
567,1668,13,20,65.0,Pass
567,1669,8,20,40.0,Fail
567,1670,19,20,95.0,Pass
568,1671,18,20,90.0,Pass
568,1672,16,20,80.0,Pass
568,1673,20,20,100.0,Pass
568,1674,19,20,95.0,Pass
568,1675,17,20,85.0,Pass
568,1676,19,20,95.0,Pass
568,1677,17,20,85.0,Pass
568,1678,11,20,55.0,Pass
568,1679,18,20,90.0,Pass
568,1680,13,20,65.0,Pass
569,1681,16,20,80.0,Pass
569,1682,16,20,80.0,Pass
569,1683,19,20,95.0,Pass
569,1684,19,20,95.0,Pass
569,1685,17,20,85.0,Pass
569,1686,9,20,45.0,Fail
569,1687,14,20,70.0,Pass
569,1688,18,20,90.0,Pass
569,1689,19,20,95.0,Pass
569,1690,11,20,55.0,Pass
570,1691,15,20,75.0,Pass
570,1692,13,20,65.0,Pass
570,1693,18,20,90.0,Pass
570,1694,18,20,90.0,Pass
570,1695,18,20,90.0,Pass
570,1696,14,20,70.0,Pass
570,1697,10,20,50.0,Pass
570,1698,16,20,80.0,Pass
570,1699,17,20,85.0,Pass
570,1700,8,20,40.0,Fail
571,1701,8,20,40.0,Fail
571,1702,18,20,90.0,Pass
571,1703,10,20,50.0,Pass
571,1704,16,20,80.0,Pass
571,1705,15,20,75.0,Pass
571,1706,15,20,75.0,Pass
571,1707,10,20,50.0,Pass
571,1708,9,20,45.0,Fail
571,1709,20,20,100.0,Pass
571,1710,15,20,75.0,Pass
572,1711,13,20,65.0,Pass
572,1712,11,20,55.0,Pass
572,1713,13,20,65.0,Pass
572,1714,12,20,60.0,Pass
572,1715,8,20,40.0,Fail
572,1716,16,20,80.0,Pass
572,1717,11,20,55.0,Pass
572,1718,16,20,80.0,Pass
572,1719,18,20,90.0,Pass
572,1720,14,20,70.0,Pass
573,1721,14,20,70.0,Pass
573,1722,11,20,55.0,Pass
573,1723,9,20,45.0,Fail
573,1724,15,20,75.0,Pass
573,1725,15,20,75.0,Pass
573,1726,20,20,100.0,Pass
573,1727,17,20,85.0,Pass
573,1728,15,20,75.0,Pass
573,1729,9,20,45.0,Fail
573,1730,15,20,75.0,Pass
574,1731,15,20,75.0,Pass
574,1732,13,20,65.0,Pass
574,1733,9,20,45.0,Fail
574,1734,15,20,75.0,Pass
574,1735,19,20,95.0,Pass
574,1736,18,20,90.0,Pass
574,1737,8,20,40.0,Fail
574,1738,9,20,45.0,Fail
574,1739,14,20,70.0,Pass
574,1740,14,20,70.0,Pass
575,1741,8,20,40.0,Fail
575,1742,16,20,80.0,Pass
575,1743,16,20,80.0,Pass
575,1744,8,20,40.0,Fail
575,1745,9,20,45.0,Fail
575,1746,20,20,100.0,Pass
575,1747,17,20,85.0,Pass
575,1748,17,20,85.0,Pass
575,1749,18,20,90.0,Pass
575,1750,12,20,60.0,Pass
576,1751,16,20,80.0,Pass
576,1752,16,20,80.0,Pass
576,1753,11,20,55.0,Pass
576,1754,18,20,90.0,Pass
576,1755,18,20,90.0,Pass
576,1756,15,20,75.0,Pass
576,1757,13,20,65.0,Pass
576,1758,13,20,65.0,Pass
576,1759,8,20,40.0,Fail
576,1760,11,20,55.0,Pass
577,1761,15,20,75.0,Pass
577,1762,13,20,65.0,Pass
577,1763,16,20,80.0,Pass
577,1764,20,20,100.0,Pass
577,1765,17,20,85.0,Pass
577,1766,17,20,85.0,Pass
577,1767,15,20,75.0,Pass
577,1768,19,20,95.0,Pass
577,1769,18,20,90.0,Pass
577,1770,13,20,65.0,Pass
578,1771,19,20,95.0,Pass
578,1772,15,20,75.0,Pass
578,1773,9,20,45.0,Fail
578,1774,9,20,45.0,Fail
578,1775,20,20,100.0,Pass
578,1776,18,20,90.0,Pass
578,1777,11,20,55.0,Pass
578,1778,8,20,40.0,Fail
578,1779,13,20,65.0,Pass
578,1780,13,20,65.0,Pass
579,1781,18,20,90.0,Pass
579,1782,20,20,100.0,Pass
579,1783,12,20,60.0,Pass
579,1784,16,20,80.0,Pass
579,1785,16,20,80.0,Pass
579,1786,13,20,65.0,Pass
579,1787,19,20,95.0,Pass
579,1788,9,20,45.0,Fail
579,1789,8,20,40.0,Fail
579,1790,10,20,50.0,Pass
580,1791,15,20,75.0,Pass
580,1792,10,20,50.0,Pass
580,1793,19,20,95.0,Pass
580,1794,19,20,95.0,Pass
580,1795,19,20,95.0,Pass
580,1796,14,20,70.0,Pass
580,1797,9,20,45.0,Fail
580,1798,12,20,60.0,Pass
580,1799,17,20,85.0,Pass
580,1800,11,20,55.0,Pass
581,1801,11,20,55.0,Pass
581,1802,9,20,45.0,Fail
581,1803,14,20,70.0,Pass
581,1804,11,20,55.0,Pass
581,1805,15,20,75.0,Pass
581,1806,20,20,100.0,Pass
581,1807,11,20,55.0,Pass
581,1808,19,20,95.0,Pass
581,1809,13,20,65.0,Pass
581,1810,9,20,45.0,Fail
582,1811,20,20,100.0,Pass
582,1812,14,20,70.0,Pass
582,1813,8,20,40.0,Fail
582,1814,18,20,90.0,Pass
582,1815,18,20,90.0,Pass
582,1816,17,20,85.0,Pass
582,1817,9,20,45.0,Fail
582,1818,20,20,100.0,Pass
582,1819,15,20,75.0,Pass
582,1820,15,20,75.0,Pass
583,1821,18,20,90.0,Pass
583,1822,17,20,85.0,Pass
583,1823,16,20,80.0,Pass
583,1824,10,20,50.0,Pass
583,1825,15,20,75.0,Pass
583,1826,8,20,40.0,Fail
583,1827,16,20,80.0,Pass
583,1828,19,20,95.0,Pass
583,1829,8,20,40.0,Fail
583,1830,16,20,80.0,Pass
584,1831,14,20,70.0,Pass
584,1832,17,20,85.0,Pass
584,1833,15,20,75.0,Pass
584,1834,16,20,80.0,Pass
584,1835,20,20,100.0,Pass
584,1836,10,20,50.0,Pass
584,1837,19,20,95.0,Pass
584,1838,17,20,85.0,Pass
584,1839,10,20,50.0,Pass
584,1840,19,20,95.0,Pass
585,1841,10,20,50.0,Pass
585,1842,9,20,45.0,Fail
585,1843,14,20,70.0,Pass
585,1844,18,20,90.0,Pass
585,1845,17,20,85.0,Pass
585,1846,17,20,85.0,Pass
585,1847,13,20,65.0,Pass
585,1848,16,20,80.0,Pass
585,1849,14,20,70.0,Pass
585,1850,14,20,70.0,Pass
586,1851,17,20,85.0,Pass
586,1852,19,20,95.0,Pass
586,1853,20,20,100.0,Pass
586,1854,11,20,55.0,Pass
586,1855,12,20,60.0,Pass
586,1856,14,20,70.0,Pass
586,1857,13,20,65.0,Pass
586,1858,12,20,60.0,Pass
586,1859,15,20,75.0,Pass
586,1860,20,20,100.0,Pass
587,1861,10,20,50.0,Pass
587,1862,10,20,50.0,Pass
587,1863,14,20,70.0,Pass
587,1864,17,20,85.0,Pass
587,1865,19,20,95.0,Pass
587,1866,19,20,95.0,Pass
587,1867,16,20,80.0,Pass
587,1868,12,20,60.0,Pass
587,1869,19,20,95.0,Pass
587,1870,16,20,80.0,Pass
588,1871,13,20,65.0,Pass
588,1872,19,20,95.0,Pass
588,1873,19,20,95.0,Pass
588,1874,16,20,80.0,Pass
588,1875,18,20,90.0,Pass
588,1876,11,20,55.0,Pass
588,1877,11,20,55.0,Pass
588,1878,11,20,55.0,Pass
588,1879,17,20,85.0,Pass
588,1880,19,20,95.0,Pass
589,1881,12,20,60.0,Pass
589,1882,18,20,90.0,Pass
589,1883,13,20,65.0,Pass
589,1884,18,20,90.0,Pass
589,1885,10,20,50.0,Pass
589,1886,19,20,95.0,Pass
589,1887,18,20,90.0,Pass
589,1888,10,20,50.0,Pass
589,1889,16,20,80.0,Pass
589,1890,16,20,80.0,Pass
590,1891,19,20,95.0,Pass
590,1892,18,20,90.0,Pass
590,1893,13,20,65.0,Pass
590,1894,19,20,95.0,Pass
590,1895,9,20,45.0,Fail
590,1896,20,20,100.0,Pass
590,1897,13,20,65.0,Pass
590,1898,16,20,80.0,Pass
590,1899,15,20,75.0,Pass
590,1900,17,20,85.0,Pass
591,1901,17,20,85.0,Pass
591,1902,18,20,90.0,Pass
591,1903,19,20,95.0,Pass
591,1904,14,20,70.0,Pass
591,1905,18,20,90.0,Pass
591,1906,19,20,95.0,Pass
591,1907,16,20,80.0,Pass
591,1908,12,20,60.0,Pass
591,1909,14,20,70.0,Pass
591,1910,20,20,100.0,Pass
592,1911,8,20,40.0,Fail
592,1912,16,20,80.0,Pass
592,1913,9,20,45.0,Fail
592,1914,8,20,40.0,Fail
592,1915,14,20,70.0,Pass
592,1916,10,20,50.0,Pass
592,1917,8,20,40.0,Fail
592,1918,18,20,90.0,Pass
592,1919,8,20,40.0,Fail
592,1920,11,20,55.0,Pass
593,1921,12,20,60.0,Pass
593,1922,20,20,100.0,Pass
593,1923,20,20,100.0,Pass
593,1924,10,20,50.0,Pass
593,1925,12,20,60.0,Pass
593,1926,18,20,90.0,Pass
593,1927,12,20,60.0,Pass
593,1928,10,20,50.0,Pass
593,1929,8,20,40.0,Fail
593,1930,19,20,95.0,Pass
594,1931,20,20,100.0,Pass
594,1932,12,20,60.0,Pass
594,1933,11,20,55.0,Pass
594,1934,20,20,100.0,Pass
594,1935,16,20,80.0,Pass
594,1936,8,20,40.0,Fail
594,1937,13,20,65.0,Pass
594,1938,15,20,75.0,Pass
594,1939,9,20,45.0,Fail
594,1940,17,20,85.0,Pass
595,1941,18,20,90.0,Pass
595,1942,19,20,95.0,Pass
595,1943,16,20,80.0,Pass
595,1944,11,20,55.0,Pass
595,1945,19,20,95.0,Pass
595,1946,18,20,90.0,Pass
595,1947,16,20,80.0,Pass
595,1948,14,20,70.0,Pass
595,1949,11,20,55.0,Pass
595,1950,16,20,80.0,Pass
596,1951,20,20,100.0,Pass
596,1952,20,20,100.0,Pass
596,1953,20,20,100.0,Pass
596,1954,19,20,95.0,Pass
596,1955,12,20,60.0,Pass
596,1956,19,20,95.0,Pass
596,1957,18,20,90.0,Pass
596,1958,8,20,40.0,Fail
596,1959,14,20,70.0,Pass
596,1960,14,20,70.0,Pass
597,1961,14,20,70.0,Pass
597,1962,20,20,100.0,Pass
597,1963,18,20,90.0,Pass
597,1964,13,20,65.0,Pass
597,1965,16,20,80.0,Pass
597,1966,8,20,40.0,Fail
597,1967,8,20,40.0,Fail
597,1968,19,20,95.0,Pass
597,1969,12,20,60.0,Pass
597,1970,11,20,55.0,Pass
598,1971,17,20,85.0,Pass
598,1972,20,20,100.0,Pass
598,1973,15,20,75.0,Pass
598,1974,11,20,55.0,Pass
598,1975,18,20,90.0,Pass
598,1976,19,20,95.0,Pass
598,1977,19,20,95.0,Pass
598,1978,18,20,90.0,Pass
598,1979,13,20,65.0,Pass
598,1980,20,20,100.0,Pass
599,1981,17,20,85.0,Pass
599,1982,16,20,80.0,Pass
599,1983,19,20,95.0,Pass
599,1984,17,20,85.0,Pass
599,1985,11,20,55.0,Pass
599,1986,20,20,100.0,Pass
599,1987,19,20,95.0,Pass
599,1988,11,20,55.0,Pass
599,1989,12,20,60.0,Pass
599,1990,15,20,75.0,Pass
600,1991,10,20,50.0,Pass
600,1992,18,20,90.0,Pass
600,1993,9,20,45.0,Fail
600,1994,10,20,50.0,Pass
600,1995,10,20,50.0,Pass
600,1996,19,20,95.0,Pass
600,1997,16,20,80.0,Pass
600,1998,9,20,45.0,Fail
600,1999,14,20,70.0,Pass
600,2000,8,20,40.0,Fail
601,1,14,20,70.0,Pass
601,2,12,20,60.0,Pass
601,3,16,20,80.0,Pass
601,4,12,20,60.0,Pass
601,5,10,20,50.0,Pass
601,6,10,20,50.0,Pass
601,7,17,20,85.0,Pass
601,8,12,20,60.0,Pass
601,9,8,20,40.0,Fail
601,10,13,20,65.0,Pass
602,11,15,20,75.0,Pass
602,12,19,20,95.0,Pass
602,13,10,20,50.0,Pass
602,14,8,20,40.0,Fail
602,15,10,20,50.0,Pass
602,16,13,20,65.0,Pass
602,17,17,20,85.0,Pass
602,18,8,20,40.0,Fail
602,19,20,20,100.0,Pass
602,20,18,20,90.0,Pass
603,21,17,20,85.0,Pass
603,22,18,20,90.0,Pass
603,23,12,20,60.0,Pass
603,24,15,20,75.0,Pass
603,25,20,20,100.0,Pass
603,26,17,20,85.0,Pass
603,27,16,20,80.0,Pass
603,28,13,20,65.0,Pass
603,29,9,20,45.0,Fail
603,30,20,20,100.0,Pass
604,31,19,20,95.0,Pass
604,32,13,20,65.0,Pass
604,33,16,20,80.0,Pass
604,34,11,20,55.0,Pass
604,35,10,20,50.0,Pass
604,36,16,20,80.0,Pass
604,37,9,20,45.0,Fail
604,38,20,20,100.0,Pass
604,39,16,20,80.0,Pass
604,40,10,20,50.0,Pass
605,41,14,20,70.0,Pass
605,42,16,20,80.0,Pass
605,43,16,20,80.0,Pass
605,44,14,20,70.0,Pass
605,45,9,20,45.0,Fail
605,46,13,20,65.0,Pass
605,47,11,20,55.0,Pass
605,48,11,20,55.0,Pass
605,49,18,20,90.0,Pass
605,50,13,20,65.0,Pass
606,51,13,20,65.0,Pass
606,52,13,20,65.0,Pass
606,53,12,20,60.0,Pass
606,54,11,20,55.0,Pass
606,55,20,20,100.0,Pass
606,56,17,20,85.0,Pass
606,57,16,20,80.0,Pass
606,58,15,20,75.0,Pass
606,59,16,20,80.0,Pass
606,60,20,20,100.0,Pass
607,61,18,20,90.0,Pass
607,62,8,20,40.0,Fail
607,63,9,20,45.0,Fail
607,64,18,20,90.0,Pass
607,65,13,20,65.0,Pass
607,66,15,20,75.0,Pass
607,67,11,20,55.0,Pass
607,68,18,20,90.0,Pass
607,69,17,20,85.0,Pass
607,70,17,20,85.0,Pass
608,71,11,20,55.0,Pass
608,72,8,20,40.0,Fail
608,73,18,20,90.0,Pass
608,74,13,20,65.0,Pass
608,75,14,20,70.0,Pass
608,76,20,20,100.0,Pass
608,77,9,20,45.0,Fail
608,78,14,20,70.0,Pass
608,79,12,20,60.0,Pass
608,80,16,20,80.0,Pass
609,81,19,20,95.0,Pass
609,82,12,20,60.0,Pass
609,83,8,20,40.0,Fail
609,84,16,20,80.0,Pass
609,85,20,20,100.0,Pass
609,86,13,20,65.0,Pass
609,87,16,20,80.0,Pass
609,88,20,20,100.0,Pass
609,89,16,20,80.0,Pass
609,90,15,20,75.0,Pass
610,91,15,20,75.0,Pass
610,92,8,20,40.0,Fail
610,93,12,20,60.0,Pass
610,94,18,20,90.0,Pass
610,95,11,20,55.0,Pass
610,96,13,20,65.0,Pass
610,97,16,20,80.0,Pass
610,98,9,20,45.0,Fail
610,99,9,20,45.0,Fail
610,100,10,20,50.0,Pass
611,101,20,20,100.0,Pass
611,102,16,20,80.0,Pass
611,103,16,20,80.0,Pass
611,104,8,20,40.0,Fail
611,105,18,20,90.0,Pass
611,106,9,20,45.0,Fail
611,107,11,20,55.0,Pass
611,108,18,20,90.0,Pass
611,109,18,20,90.0,Pass
611,110,20,20,100.0,Pass
612,111,11,20,55.0,Pass
612,112,18,20,90.0,Pass
612,113,14,20,70.0,Pass
612,114,9,20,45.0,Fail
612,115,11,20,55.0,Pass
612,116,16,20,80.0,Pass
612,117,19,20,95.0,Pass
612,118,19,20,95.0,Pass
612,119,20,20,100.0,Pass
612,120,14,20,70.0,Pass
613,121,18,20,90.0,Pass
613,122,9,20,45.0,Fail
613,123,19,20,95.0,Pass
613,124,18,20,90.0,Pass
613,125,10,20,50.0,Pass
613,126,8,20,40.0,Fail
613,127,15,20,75.0,Pass
613,128,19,20,95.0,Pass
613,129,13,20,65.0,Pass
613,130,8,20,40.0,Fail
614,131,9,20,45.0,Fail
614,132,9,20,45.0,Fail
614,133,8,20,40.0,Fail
614,134,10,20,50.0,Pass
614,135,20,20,100.0,Pass
614,136,12,20,60.0,Pass
614,137,16,20,80.0,Pass
614,138,9,20,45.0,Fail
614,139,17,20,85.0,Pass
614,140,11,20,55.0,Pass
615,141,12,20,60.0,Pass
615,142,14,20,70.0,Pass
615,143,14,20,70.0,Pass
615,144,15,20,75.0,Pass
615,145,18,20,90.0,Pass
615,146,14,20,70.0,Pass
615,147,14,20,70.0,Pass
615,148,13,20,65.0,Pass
615,149,8,20,40.0,Fail
615,150,14,20,70.0,Pass
616,151,18,20,90.0,Pass
616,152,9,20,45.0,Fail
616,153,16,20,80.0,Pass
616,154,8,20,40.0,Fail
616,155,18,20,90.0,Pass
616,156,19,20,95.0,Pass
616,157,17,20,85.0,Pass
616,158,9,20,45.0,Fail
616,159,20,20,100.0,Pass
616,160,19,20,95.0,Pass
617,161,17,20,85.0,Pass
617,162,8,20,40.0,Fail
617,163,19,20,95.0,Pass
617,164,9,20,45.0,Fail
617,165,13,20,65.0,Pass
617,166,16,20,80.0,Pass
617,167,9,20,45.0,Fail
617,168,12,20,60.0,Pass
617,169,20,20,100.0,Pass
617,170,18,20,90.0,Pass
618,171,12,20,60.0,Pass
618,172,17,20,85.0,Pass
618,173,9,20,45.0,Fail
618,174,12,20,60.0,Pass
618,175,20,20,100.0,Pass
618,176,15,20,75.0,Pass
618,177,14,20,70.0,Pass
618,178,14,20,70.0,Pass
618,179,18,20,90.0,Pass
618,180,8,20,40.0,Fail
619,181,15,20,75.0,Pass
619,182,10,20,50.0,Pass
619,183,16,20,80.0,Pass
619,184,11,20,55.0,Pass
619,185,10,20,50.0,Pass
619,186,19,20,95.0,Pass
619,187,14,20,70.0,Pass
619,188,20,20,100.0,Pass
619,189,20,20,100.0,Pass
619,190,16,20,80.0,Pass
620,191,12,20,60.0,Pass
620,192,18,20,90.0,Pass
620,193,10,20,50.0,Pass
620,194,12,20,60.0,Pass
620,195,18,20,90.0,Pass
620,196,20,20,100.0,Pass
620,197,19,20,95.0,Pass
620,198,18,20,90.0,Pass
620,199,13,20,65.0,Pass
620,200,8,20,40.0,Fail
621,201,16,20,80.0,Pass
621,202,16,20,80.0,Pass
621,203,10,20,50.0,Pass
621,204,9,20,45.0,Fail
621,205,8,20,40.0,Fail
621,206,8,20,40.0,Fail
621,207,17,20,85.0,Pass
621,208,17,20,85.0,Pass
621,209,14,20,70.0,Pass
621,210,16,20,80.0,Pass
622,211,16,20,80.0,Pass
622,212,9,20,45.0,Fail
622,213,12,20,60.0,Pass
622,214,11,20,55.0,Pass
622,215,19,20,95.0,Pass
622,216,19,20,95.0,Pass
622,217,19,20,95.0,Pass
622,218,13,20,65.0,Pass
622,219,11,20,55.0,Pass
622,220,14,20,70.0,Pass
623,221,18,20,90.0,Pass
623,222,16,20,80.0,Pass
623,223,10,20,50.0,Pass
623,224,10,20,50.0,Pass
623,225,10,20,50.0,Pass
623,226,11,20,55.0,Pass
623,227,17,20,85.0,Pass
623,228,12,20,60.0,Pass
623,229,11,20,55.0,Pass
623,230,9,20,45.0,Fail
624,231,10,20,50.0,Pass
624,232,18,20,90.0,Pass
624,233,20,20,100.0,Pass
624,234,17,20,85.0,Pass
624,235,8,20,40.0,Fail
624,236,20,20,100.0,Pass
624,237,16,20,80.0,Pass
624,238,15,20,75.0,Pass
624,239,18,20,90.0,Pass
624,240,16,20,80.0,Pass
625,241,9,20,45.0,Fail
625,242,12,20,60.0,Pass
625,243,18,20,90.0,Pass
625,244,9,20,45.0,Fail
625,245,12,20,60.0,Pass
625,246,9,20,45.0,Fail
625,247,11,20,55.0,Pass
625,248,19,20,95.0,Pass
625,249,17,20,85.0,Pass
625,250,15,20,75.0,Pass
626,251,13,20,65.0,Pass
626,252,13,20,65.0,Pass
626,253,10,20,50.0,Pass
626,254,18,20,90.0,Pass
626,255,18,20,90.0,Pass
626,256,11,20,55.0,Pass
626,257,9,20,45.0,Fail
626,258,12,20,60.0,Pass
626,259,17,20,85.0,Pass
626,260,9,20,45.0,Fail
627,261,11,20,55.0,Pass
627,262,13,20,65.0,Pass
627,263,15,20,75.0,Pass
627,264,15,20,75.0,Pass
627,265,13,20,65.0,Pass
627,266,17,20,85.0,Pass
627,267,18,20,90.0,Pass
627,268,12,20,60.0,Pass
627,269,19,20,95.0,Pass
627,270,17,20,85.0,Pass
628,271,10,20,50.0,Pass
628,272,17,20,85.0,Pass
628,273,17,20,85.0,Pass
628,274,13,20,65.0,Pass
628,275,20,20,100.0,Pass
628,276,13,20,65.0,Pass
628,277,14,20,70.0,Pass
628,278,10,20,50.0,Pass
628,279,8,20,40.0,Fail
628,280,13,20,65.0,Pass
629,281,11,20,55.0,Pass
629,282,20,20,100.0,Pass
629,283,11,20,55.0,Pass
629,284,19,20,95.0,Pass
629,285,19,20,95.0,Pass
629,286,18,20,90.0,Pass
629,287,14,20,70.0,Pass
629,288,12,20,60.0,Pass
629,289,13,20,65.0,Pass
629,290,10,20,50.0,Pass
630,291,18,20,90.0,Pass
630,292,19,20,95.0,Pass
630,293,13,20,65.0,Pass
630,294,15,20,75.0,Pass
630,295,15,20,75.0,Pass
630,296,15,20,75.0,Pass
630,297,13,20,65.0,Pass
630,298,20,20,100.0,Pass
630,299,12,20,60.0,Pass
630,300,15,20,75.0,Pass
631,301,16,20,80.0,Pass
631,302,9,20,45.0,Fail
631,303,10,20,50.0,Pass
631,304,18,20,90.0,Pass
631,305,17,20,85.0,Pass
631,306,9,20,45.0,Fail
631,307,12,20,60.0,Pass
631,308,10,20,50.0,Pass
631,309,16,20,80.0,Pass
631,310,11,20,55.0,Pass
632,311,12,20,60.0,Pass
632,312,19,20,95.0,Pass
632,313,18,20,90.0,Pass
632,314,9,20,45.0,Fail
632,315,19,20,95.0,Pass
632,316,9,20,45.0,Fail
632,317,8,20,40.0,Fail
632,318,16,20,80.0,Pass
632,319,18,20,90.0,Pass
632,320,8,20,40.0,Fail
633,321,17,20,85.0,Pass
633,322,17,20,85.0,Pass
633,323,14,20,70.0,Pass
633,324,20,20,100.0,Pass
633,325,17,20,85.0,Pass
633,326,11,20,55.0,Pass
633,327,8,20,40.0,Fail
633,328,16,20,80.0,Pass
633,329,12,20,60.0,Pass
633,330,16,20,80.0,Pass
634,331,16,20,80.0,Pass
634,332,15,20,75.0,Pass
634,333,18,20,90.0,Pass
634,334,20,20,100.0,Pass
634,335,10,20,50.0,Pass
634,336,13,20,65.0,Pass
634,337,14,20,70.0,Pass
634,338,11,20,55.0,Pass
634,339,20,20,100.0,Pass
634,340,17,20,85.0,Pass
635,341,19,20,95.0,Pass
635,342,12,20,60.0,Pass
635,343,10,20,50.0,Pass
635,344,15,20,75.0,Pass
635,345,16,20,80.0,Pass
635,346,16,20,80.0,Pass
635,347,9,20,45.0,Fail
635,348,14,20,70.0,Pass
635,349,13,20,65.0,Pass
635,350,16,20,80.0,Pass
636,351,8,20,40.0,Fail
636,352,18,20,90.0,Pass
636,353,11,20,55.0,Pass
636,354,20,20,100.0,Pass
636,355,17,20,85.0,Pass
636,356,18,20,90.0,Pass
636,357,10,20,50.0,Pass
636,358,20,20,100.0,Pass
636,359,16,20,80.0,Pass
636,360,10,20,50.0,Pass
637,361,15,20,75.0,Pass
637,362,10,20,50.0,Pass
637,363,10,20,50.0,Pass
637,364,17,20,85.0,Pass
637,365,17,20,85.0,Pass
637,366,18,20,90.0,Pass
637,367,10,20,50.0,Pass
637,368,19,20,95.0,Pass
637,369,19,20,95.0,Pass
637,370,15,20,75.0,Pass
638,371,13,20,65.0,Pass
638,372,8,20,40.0,Fail
638,373,11,20,55.0,Pass
638,374,20,20,100.0,Pass
638,375,15,20,75.0,Pass
638,376,11,20,55.0,Pass
638,377,9,20,45.0,Fail
638,378,12,20,60.0,Pass
638,379,13,20,65.0,Pass
638,380,11,20,55.0,Pass
639,381,8,20,40.0,Fail
639,382,18,20,90.0,Pass
639,383,11,20,55.0,Pass
639,384,16,20,80.0,Pass
639,385,20,20,100.0,Pass
639,386,13,20,65.0,Pass
639,387,14,20,70.0,Pass
639,388,15,20,75.0,Pass
639,389,15,20,75.0,Pass
639,390,8,20,40.0,Fail
640,391,8,20,40.0,Fail
640,392,18,20,90.0,Pass
640,393,13,20,65.0,Pass
640,394,9,20,45.0,Fail
640,395,19,20,95.0,Pass
640,396,16,20,80.0,Pass
640,397,18,20,90.0,Pass
640,398,12,20,60.0,Pass
640,399,19,20,95.0,Pass
640,400,12,20,60.0,Pass
641,401,17,20,85.0,Pass
641,402,16,20,80.0,Pass
641,403,17,20,85.0,Pass
641,404,10,20,50.0,Pass
641,405,14,20,70.0,Pass
641,406,18,20,90.0,Pass
641,407,14,20,70.0,Pass
641,408,13,20,65.0,Pass
641,409,17,20,85.0,Pass
641,410,18,20,90.0,Pass
642,411,9,20,45.0,Fail
642,412,16,20,80.0,Pass
642,413,12,20,60.0,Pass
642,414,14,20,70.0,Pass
642,415,11,20,55.0,Pass
642,416,16,20,80.0,Pass
642,417,14,20,70.0,Pass
642,418,13,20,65.0,Pass
642,419,13,20,65.0,Pass
642,420,15,20,75.0,Pass
643,421,20,20,100.0,Pass
643,422,15,20,75.0,Pass
643,423,17,20,85.0,Pass
643,424,8,20,40.0,Fail
643,425,16,20,80.0,Pass
643,426,10,20,50.0,Pass
643,427,15,20,75.0,Pass
643,428,10,20,50.0,Pass
643,429,11,20,55.0,Pass
643,430,9,20,45.0,Fail
644,431,16,20,80.0,Pass
644,432,18,20,90.0,Pass
644,433,12,20,60.0,Pass
644,434,11,20,55.0,Pass
644,435,10,20,50.0,Pass
644,436,10,20,50.0,Pass
644,437,10,20,50.0,Pass
644,438,13,20,65.0,Pass
644,439,17,20,85.0,Pass
644,440,19,20,95.0,Pass
645,441,9,20,45.0,Fail
645,442,18,20,90.0,Pass
645,443,11,20,55.0,Pass
645,444,14,20,70.0,Pass
645,445,20,20,100.0,Pass
645,446,13,20,65.0,Pass
645,447,19,20,95.0,Pass
645,448,9,20,45.0,Fail
645,449,15,20,75.0,Pass
645,450,18,20,90.0,Pass
646,451,15,20,75.0,Pass
646,452,15,20,75.0,Pass
646,453,11,20,55.0,Pass
646,454,17,20,85.0,Pass
646,455,10,20,50.0,Pass
646,456,18,20,90.0,Pass
646,457,14,20,70.0,Pass
646,458,8,20,40.0,Fail
646,459,11,20,55.0,Pass
646,460,8,20,40.0,Fail
647,461,10,20,50.0,Pass
647,462,17,20,85.0,Pass
647,463,17,20,85.0,Pass
647,464,10,20,50.0,Pass
647,465,10,20,50.0,Pass
647,466,18,20,90.0,Pass
647,467,16,20,80.0,Pass
647,468,8,20,40.0,Fail
647,469,17,20,85.0,Pass
647,470,10,20,50.0,Pass
648,471,8,20,40.0,Fail
648,472,10,20,50.0,Pass
648,473,12,20,60.0,Pass
648,474,10,20,50.0,Pass
648,475,16,20,80.0,Pass
648,476,14,20,70.0,Pass
648,477,17,20,85.0,Pass
648,478,17,20,85.0,Pass
648,479,18,20,90.0,Pass
648,480,8,20,40.0,Fail
649,481,19,20,95.0,Pass
649,482,19,20,95.0,Pass
649,483,18,20,90.0,Pass
649,484,12,20,60.0,Pass
649,485,9,20,45.0,Fail
649,486,11,20,55.0,Pass
649,487,15,20,75.0,Pass
649,488,17,20,85.0,Pass
649,489,15,20,75.0,Pass
649,490,15,20,75.0,Pass
650,491,10,20,50.0,Pass
650,492,11,20,55.0,Pass
650,493,14,20,70.0,Pass
650,494,17,20,85.0,Pass
650,495,10,20,50.0,Pass
650,496,20,20,100.0,Pass
650,497,17,20,85.0,Pass
650,498,20,20,100.0,Pass
650,499,10,20,50.0,Pass
650,500,17,20,85.0,Pass
651,501,18,20,90.0,Pass
651,502,16,20,80.0,Pass
651,503,12,20,60.0,Pass
651,504,10,20,50.0,Pass
651,505,19,20,95.0,Pass
651,506,18,20,90.0,Pass
651,507,13,20,65.0,Pass
651,508,15,20,75.0,Pass
651,509,17,20,85.0,Pass
651,510,17,20,85.0,Pass
652,511,9,20,45.0,Fail
652,512,11,20,55.0,Pass
652,513,14,20,70.0,Pass
652,514,14,20,70.0,Pass
652,515,10,20,50.0,Pass
652,516,9,20,45.0,Fail
652,517,8,20,40.0,Fail
652,518,11,20,55.0,Pass
652,519,16,20,80.0,Pass
652,520,16,20,80.0,Pass
653,521,18,20,90.0,Pass
653,522,14,20,70.0,Pass
653,523,10,20,50.0,Pass
653,524,17,20,85.0,Pass
653,525,9,20,45.0,Fail
653,526,10,20,50.0,Pass
653,527,15,20,75.0,Pass
653,528,17,20,85.0,Pass
653,529,17,20,85.0,Pass
653,530,8,20,40.0,Fail
654,531,20,20,100.0,Pass
654,532,16,20,80.0,Pass
654,533,16,20,80.0,Pass
654,534,20,20,100.0,Pass
654,535,9,20,45.0,Fail
654,536,9,20,45.0,Fail
654,537,15,20,75.0,Pass
654,538,18,20,90.0,Pass
654,539,10,20,50.0,Pass
654,540,17,20,85.0,Pass
655,541,16,20,80.0,Pass
655,542,8,20,40.0,Fail
655,543,20,20,100.0,Pass
655,544,18,20,90.0,Pass
655,545,18,20,90.0,Pass
655,546,14,20,70.0,Pass
655,547,16,20,80.0,Pass
655,548,14,20,70.0,Pass
655,549,13,20,65.0,Pass
655,550,8,20,40.0,Fail
656,551,19,20,95.0,Pass
656,552,16,20,80.0,Pass
656,553,14,20,70.0,Pass
656,554,11,20,55.0,Pass
656,555,20,20,100.0,Pass
656,556,15,20,75.0,Pass
656,557,20,20,100.0,Pass
656,558,20,20,100.0,Pass
656,559,14,20,70.0,Pass
656,560,13,20,65.0,Pass
657,561,17,20,85.0,Pass
657,562,20,20,100.0,Pass
657,563,19,20,95.0,Pass
657,564,20,20,100.0,Pass
657,565,19,20,95.0,Pass
657,566,17,20,85.0,Pass
657,567,9,20,45.0,Fail
657,568,14,20,70.0,Pass
657,569,10,20,50.0,Pass
657,570,12,20,60.0,Pass
658,571,15,20,75.0,Pass
658,572,20,20,100.0,Pass
658,573,11,20,55.0,Pass
658,574,9,20,45.0,Fail
658,575,12,20,60.0,Pass
658,576,17,20,85.0,Pass
658,577,16,20,80.0,Pass
658,578,14,20,70.0,Pass
658,579,12,20,60.0,Pass
658,580,11,20,55.0,Pass
659,581,8,20,40.0,Fail
659,582,19,20,95.0,Pass
659,583,19,20,95.0,Pass
659,584,20,20,100.0,Pass
659,585,8,20,40.0,Fail
659,586,17,20,85.0,Pass
659,587,16,20,80.0,Pass
659,588,9,20,45.0,Fail
659,589,16,20,80.0,Pass
659,590,8,20,40.0,Fail
660,591,14,20,70.0,Pass
660,592,18,20,90.0,Pass
660,593,11,20,55.0,Pass
660,594,19,20,95.0,Pass
660,595,20,20,100.0,Pass
660,596,13,20,65.0,Pass
660,597,14,20,70.0,Pass
660,598,13,20,65.0,Pass
660,599,9,20,45.0,Fail
660,600,10,20,50.0,Pass
661,601,14,20,70.0,Pass
661,602,18,20,90.0,Pass
661,603,17,20,85.0,Pass
661,604,12,20,60.0,Pass
661,605,12,20,60.0,Pass
661,606,16,20,80.0,Pass
661,607,14,20,70.0,Pass
661,608,17,20,85.0,Pass
661,609,13,20,65.0,Pass
661,610,17,20,85.0,Pass
662,611,12,20,60.0,Pass
662,612,18,20,90.0,Pass
662,613,14,20,70.0,Pass
662,614,20,20,100.0,Pass
662,615,11,20,55.0,Pass
662,616,14,20,70.0,Pass
662,617,16,20,80.0,Pass
662,618,20,20,100.0,Pass
662,619,16,20,80.0,Pass
662,620,15,20,75.0,Pass
663,621,10,20,50.0,Pass
663,622,13,20,65.0,Pass
663,623,16,20,80.0,Pass
663,624,16,20,80.0,Pass
663,625,15,20,75.0,Pass
663,626,12,20,60.0,Pass
663,627,12,20,60.0,Pass
663,628,17,20,85.0,Pass
663,629,13,20,65.0,Pass
663,630,20,20,100.0,Pass
664,631,19,20,95.0,Pass
664,632,14,20,70.0,Pass
664,633,19,20,95.0,Pass
664,634,10,20,50.0,Pass
664,635,18,20,90.0,Pass
664,636,9,20,45.0,Fail
664,637,19,20,95.0,Pass
664,638,11,20,55.0,Pass
664,639,15,20,75.0,Pass
664,640,20,20,100.0,Pass
665,641,19,20,95.0,Pass
665,642,10,20,50.0,Pass
665,643,9,20,45.0,Fail
665,644,11,20,55.0,Pass
665,645,16,20,80.0,Pass
665,646,14,20,70.0,Pass
665,647,20,20,100.0,Pass
665,648,13,20,65.0,Pass
665,649,20,20,100.0,Pass
665,650,16,20,80.0,Pass
666,651,17,20,85.0,Pass
666,652,19,20,95.0,Pass
666,653,18,20,90.0,Pass
666,654,19,20,95.0,Pass
666,655,8,20,40.0,Fail
666,656,10,20,50.0,Pass
666,657,14,20,70.0,Pass
666,658,18,20,90.0,Pass
666,659,8,20,40.0,Fail
666,660,20,20,100.0,Pass
667,661,9,20,45.0,Fail
667,662,10,20,50.0,Pass
667,663,15,20,75.0,Pass
667,664,17,20,85.0,Pass
667,665,14,20,70.0,Pass
667,666,9,20,45.0,Fail
667,667,9,20,45.0,Fail
667,668,12,20,60.0,Pass
667,669,11,20,55.0,Pass
667,670,13,20,65.0,Pass
668,671,9,20,45.0,Fail
668,672,17,20,85.0,Pass
668,673,8,20,40.0,Fail
668,674,19,20,95.0,Pass
668,675,14,20,70.0,Pass
668,676,14,20,70.0,Pass
668,677,17,20,85.0,Pass
668,678,18,20,90.0,Pass
668,679,16,20,80.0,Pass
668,680,12,20,60.0,Pass
669,681,19,20,95.0,Pass
669,682,17,20,85.0,Pass
669,683,8,20,40.0,Fail
669,684,20,20,100.0,Pass
669,685,10,20,50.0,Pass
669,686,18,20,90.0,Pass
669,687,15,20,75.0,Pass
669,688,15,20,75.0,Pass
669,689,8,20,40.0,Fail
669,690,11,20,55.0,Pass
670,691,18,20,90.0,Pass
670,692,20,20,100.0,Pass
670,693,16,20,80.0,Pass
670,694,12,20,60.0,Pass
670,695,11,20,55.0,Pass
670,696,8,20,40.0,Fail
670,697,20,20,100.0,Pass
670,698,17,20,85.0,Pass
670,699,16,20,80.0,Pass
670,700,16,20,80.0,Pass
671,701,19,20,95.0,Pass
671,702,11,20,55.0,Pass
671,703,17,20,85.0,Pass
671,704,10,20,50.0,Pass
671,705,18,20,90.0,Pass
671,706,8,20,40.0,Fail
671,707,13,20,65.0,Pass
671,708,11,20,55.0,Pass
671,709,18,20,90.0,Pass
671,710,8,20,40.0,Fail
672,711,10,20,50.0,Pass
672,712,9,20,45.0,Fail
672,713,12,20,60.0,Pass
672,714,20,20,100.0,Pass
672,715,14,20,70.0,Pass
672,716,13,20,65.0,Pass
672,717,18,20,90.0,Pass
672,718,14,20,70.0,Pass
672,719,14,20,70.0,Pass
672,720,17,20,85.0,Pass
673,721,11,20,55.0,Pass
673,722,16,20,80.0,Pass
673,723,8,20,40.0,Fail
673,724,19,20,95.0,Pass
673,725,19,20,95.0,Pass
673,726,9,20,45.0,Fail
673,727,9,20,45.0,Fail
673,728,16,20,80.0,Pass
673,729,12,20,60.0,Pass
673,730,19,20,95.0,Pass
674,731,16,20,80.0,Pass
674,732,17,20,85.0,Pass
674,733,13,20,65.0,Pass
674,734,13,20,65.0,Pass
674,735,12,20,60.0,Pass
674,736,11,20,55.0,Pass
674,737,17,20,85.0,Pass
674,738,11,20,55.0,Pass
674,739,15,20,75.0,Pass
674,740,14,20,70.0,Pass
675,741,17,20,85.0,Pass
675,742,8,20,40.0,Fail
675,743,12,20,60.0,Pass
675,744,10,20,50.0,Pass
675,745,14,20,70.0,Pass
675,746,16,20,80.0,Pass
675,747,9,20,45.0,Fail
675,748,16,20,80.0,Pass
675,749,9,20,45.0,Fail
675,750,16,20,80.0,Pass
676,751,12,20,60.0,Pass
676,752,13,20,65.0,Pass
676,753,9,20,45.0,Fail
676,754,20,20,100.0,Pass
676,755,16,20,80.0,Pass
676,756,12,20,60.0,Pass
676,757,16,20,80.0,Pass
676,758,20,20,100.0,Pass
676,759,17,20,85.0,Pass
676,760,12,20,60.0,Pass
677,761,19,20,95.0,Pass
677,762,15,20,75.0,Pass
677,763,14,20,70.0,Pass
677,764,17,20,85.0,Pass
677,765,15,20,75.0,Pass
677,766,20,20,100.0,Pass
677,767,11,20,55.0,Pass
677,768,20,20,100.0,Pass
677,769,13,20,65.0,Pass
677,770,20,20,100.0,Pass
678,771,15,20,75.0,Pass
678,772,18,20,90.0,Pass
678,773,15,20,75.0,Pass
678,774,17,20,85.0,Pass
678,775,8,20,40.0,Fail
678,776,15,20,75.0,Pass
678,777,9,20,45.0,Fail
678,778,12,20,60.0,Pass
678,779,9,20,45.0,Fail
678,780,14,20,70.0,Pass
679,781,18,20,90.0,Pass
679,782,20,20,100.0,Pass
679,783,11,20,55.0,Pass
679,784,18,20,90.0,Pass
679,785,19,20,95.0,Pass
679,786,11,20,55.0,Pass
679,787,20,20,100.0,Pass
679,788,13,20,65.0,Pass
679,789,14,20,70.0,Pass
679,790,13,20,65.0,Pass
680,791,16,20,80.0,Pass
680,792,16,20,80.0,Pass
680,793,8,20,40.0,Fail
680,794,19,20,95.0,Pass
680,795,12,20,60.0,Pass
680,796,11,20,55.0,Pass
680,797,12,20,60.0,Pass
680,798,9,20,45.0,Fail
680,799,14,20,70.0,Pass
680,800,18,20,90.0,Pass
681,801,19,20,95.0,Pass
681,802,13,20,65.0,Pass
681,803,9,20,45.0,Fail
681,804,16,20,80.0,Pass
681,805,10,20,50.0,Pass
681,806,15,20,75.0,Pass
681,807,13,20,65.0,Pass
681,808,13,20,65.0,Pass
681,809,11,20,55.0,Pass
681,810,17,20,85.0,Pass
682,811,12,20,60.0,Pass
682,812,10,20,50.0,Pass
682,813,19,20,95.0,Pass
682,814,18,20,90.0,Pass
682,815,11,20,55.0,Pass
682,816,15,20,75.0,Pass
682,817,19,20,95.0,Pass
682,818,11,20,55.0,Pass
682,819,11,20,55.0,Pass
682,820,19,20,95.0,Pass
683,821,11,20,55.0,Pass
683,822,12,20,60.0,Pass
683,823,11,20,55.0,Pass
683,824,11,20,55.0,Pass
683,825,11,20,55.0,Pass
683,826,11,20,55.0,Pass
683,827,17,20,85.0,Pass
683,828,13,20,65.0,Pass
683,829,10,20,50.0,Pass
683,830,20,20,100.0,Pass
684,831,9,20,45.0,Fail
684,832,9,20,45.0,Fail
684,833,9,20,45.0,Fail
684,834,18,20,90.0,Pass
684,835,18,20,90.0,Pass
684,836,15,20,75.0,Pass
684,837,17,20,85.0,Pass
684,838,8,20,40.0,Fail
684,839,20,20,100.0,Pass
684,840,16,20,80.0,Pass
685,841,8,20,40.0,Fail
685,842,15,20,75.0,Pass
685,843,13,20,65.0,Pass
685,844,17,20,85.0,Pass
685,845,13,20,65.0,Pass
685,846,15,20,75.0,Pass
685,847,17,20,85.0,Pass
685,848,12,20,60.0,Pass
685,849,15,20,75.0,Pass
685,850,10,20,50.0,Pass
686,851,20,20,100.0,Pass
686,852,16,20,80.0,Pass
686,853,12,20,60.0,Pass
686,854,14,20,70.0,Pass
686,855,11,20,55.0,Pass
686,856,20,20,100.0,Pass
686,857,17,20,85.0,Pass
686,858,10,20,50.0,Pass
686,859,8,20,40.0,Fail
686,860,16,20,80.0,Pass
687,861,20,20,100.0,Pass
687,862,14,20,70.0,Pass
687,863,15,20,75.0,Pass
687,864,16,20,80.0,Pass
687,865,8,20,40.0,Fail
687,866,16,20,80.0,Pass
687,867,13,20,65.0,Pass
687,868,14,20,70.0,Pass
687,869,18,20,90.0,Pass
687,870,20,20,100.0,Pass
688,871,10,20,50.0,Pass
688,872,15,20,75.0,Pass
688,873,9,20,45.0,Fail
688,874,19,20,95.0,Pass
688,875,16,20,80.0,Pass
688,876,15,20,75.0,Pass
688,877,13,20,65.0,Pass
688,878,19,20,95.0,Pass
688,879,8,20,40.0,Fail
688,880,8,20,40.0,Fail
689,881,18,20,90.0,Pass
689,882,11,20,55.0,Pass
689,883,14,20,70.0,Pass
689,884,17,20,85.0,Pass
689,885,9,20,45.0,Fail
689,886,13,20,65.0,Pass
689,887,13,20,65.0,Pass
689,888,17,20,85.0,Pass
689,889,12,20,60.0,Pass
689,890,10,20,50.0,Pass
690,891,16,20,80.0,Pass
690,892,12,20,60.0,Pass
690,893,11,20,55.0,Pass
690,894,12,20,60.0,Pass
690,895,15,20,75.0,Pass
690,896,17,20,85.0,Pass
690,897,13,20,65.0,Pass
690,898,13,20,65.0,Pass
690,899,10,20,50.0,Pass
690,900,15,20,75.0,Pass
691,901,14,20,70.0,Pass
691,902,11,20,55.0,Pass
691,903,14,20,70.0,Pass
691,904,19,20,95.0,Pass
691,905,20,20,100.0,Pass
691,906,13,20,65.0,Pass
691,907,13,20,65.0,Pass
691,908,14,20,70.0,Pass
691,909,12,20,60.0,Pass
691,910,15,20,75.0,Pass
692,911,10,20,50.0,Pass
692,912,17,20,85.0,Pass
692,913,10,20,50.0,Pass
692,914,17,20,85.0,Pass
692,915,18,20,90.0,Pass
692,916,11,20,55.0,Pass
692,917,9,20,45.0,Fail
692,918,19,20,95.0,Pass
692,919,12,20,60.0,Pass
692,920,20,20,100.0,Pass
693,921,11,20,55.0,Pass
693,922,16,20,80.0,Pass
693,923,14,20,70.0,Pass
693,924,14,20,70.0,Pass
693,925,11,20,55.0,Pass
693,926,10,20,50.0,Pass
693,927,20,20,100.0,Pass
693,928,19,20,95.0,Pass
693,929,10,20,50.0,Pass
693,930,15,20,75.0,Pass
694,931,20,20,100.0,Pass
694,932,8,20,40.0,Fail
694,933,10,20,50.0,Pass
694,934,14,20,70.0,Pass
694,935,15,20,75.0,Pass
694,936,10,20,50.0,Pass
694,937,18,20,90.0,Pass
694,938,16,20,80.0,Pass
694,939,16,20,80.0,Pass
694,940,19,20,95.0,Pass
695,941,13,20,65.0,Pass
695,942,20,20,100.0,Pass
695,943,15,20,75.0,Pass
695,944,12,20,60.0,Pass
695,945,12,20,60.0,Pass
695,946,16,20,80.0,Pass
695,947,17,20,85.0,Pass
695,948,8,20,40.0,Fail
695,949,14,20,70.0,Pass
695,950,9,20,45.0,Fail
696,951,19,20,95.0,Pass
696,952,10,20,50.0,Pass
696,953,8,20,40.0,Fail
696,954,11,20,55.0,Pass
696,955,12,20,60.0,Pass
696,956,15,20,75.0,Pass
696,957,18,20,90.0,Pass
696,958,9,20,45.0,Fail
696,959,15,20,75.0,Pass
696,960,19,20,95.0,Pass
697,961,13,20,65.0,Pass
697,962,12,20,60.0,Pass
697,963,13,20,65.0,Pass
697,964,13,20,65.0,Pass
697,965,16,20,80.0,Pass
697,966,16,20,80.0,Pass
697,967,20,20,100.0,Pass
697,968,12,20,60.0,Pass
697,969,13,20,65.0,Pass
697,970,8,20,40.0,Fail
698,971,14,20,70.0,Pass
698,972,9,20,45.0,Fail
698,973,13,20,65.0,Pass
698,974,18,20,90.0,Pass
698,975,17,20,85.0,Pass
698,976,11,20,55.0,Pass
698,977,17,20,85.0,Pass
698,978,17,20,85.0,Pass
698,979,18,20,90.0,Pass
698,980,18,20,90.0,Pass
699,981,16,20,80.0,Pass
699,982,10,20,50.0,Pass
699,983,20,20,100.0,Pass
699,984,12,20,60.0,Pass
699,985,13,20,65.0,Pass
699,986,13,20,65.0,Pass
699,987,18,20,90.0,Pass
699,988,16,20,80.0,Pass
699,989,15,20,75.0,Pass
699,990,20,20,100.0,Pass
700,991,19,20,95.0,Pass
700,992,15,20,75.0,Pass
700,993,9,20,45.0,Fail
700,994,14,20,70.0,Pass
700,995,17,20,85.0,Pass
700,996,12,20,60.0,Pass
700,997,15,20,75.0,Pass
700,998,18,20,90.0,Pass
700,999,10,20,50.0,Pass
700,1000,10,20,50.0,Pass
701,1001,18,20,90.0,Pass
701,1002,20,20,100.0,Pass
701,1003,13,20,65.0,Pass
701,1004,14,20,70.0,Pass
701,1005,18,20,90.0,Pass
701,1006,17,20,85.0,Pass
701,1007,17,20,85.0,Pass
701,1008,14,20,70.0,Pass
701,1009,9,20,45.0,Fail
701,1010,9,20,45.0,Fail
702,1011,10,20,50.0,Pass
702,1012,13,20,65.0,Pass
702,1013,11,20,55.0,Pass
702,1014,13,20,65.0,Pass
702,1015,13,20,65.0,Pass
702,1016,18,20,90.0,Pass
702,1017,12,20,60.0,Pass
702,1018,19,20,95.0,Pass
702,1019,12,20,60.0,Pass
702,1020,17,20,85.0,Pass
703,1021,18,20,90.0,Pass
703,1022,14,20,70.0,Pass
703,1023,12,20,60.0,Pass
703,1024,15,20,75.0,Pass
703,1025,20,20,100.0,Pass
703,1026,13,20,65.0,Pass
703,1027,19,20,95.0,Pass
703,1028,17,20,85.0,Pass
703,1029,16,20,80.0,Pass
703,1030,15,20,75.0,Pass
704,1031,14,20,70.0,Pass
704,1032,10,20,50.0,Pass
704,1033,10,20,50.0,Pass
704,1034,8,20,40.0,Fail
704,1035,10,20,50.0,Pass
704,1036,19,20,95.0,Pass
704,1037,11,20,55.0,Pass
704,1038,18,20,90.0,Pass
704,1039,12,20,60.0,Pass
704,1040,19,20,95.0,Pass
705,1041,19,20,95.0,Pass
705,1042,19,20,95.0,Pass
705,1043,9,20,45.0,Fail
705,1044,11,20,55.0,Pass
705,1045,10,20,50.0,Pass
705,1046,14,20,70.0,Pass
705,1047,9,20,45.0,Fail
705,1048,9,20,45.0,Fail
705,1049,9,20,45.0,Fail
705,1050,15,20,75.0,Pass
706,1051,16,20,80.0,Pass
706,1052,8,20,40.0,Fail
706,1053,8,20,40.0,Fail
706,1054,20,20,100.0,Pass
706,1055,14,20,70.0,Pass
706,1056,16,20,80.0,Pass
706,1057,20,20,100.0,Pass
706,1058,9,20,45.0,Fail
706,1059,9,20,45.0,Fail
706,1060,12,20,60.0,Pass
707,1061,17,20,85.0,Pass
707,1062,10,20,50.0,Pass
707,1063,9,20,45.0,Fail
707,1064,18,20,90.0,Pass
707,1065,14,20,70.0,Pass
707,1066,12,20,60.0,Pass
707,1067,11,20,55.0,Pass
707,1068,11,20,55.0,Pass
707,1069,19,20,95.0,Pass
707,1070,12,20,60.0,Pass
708,1071,15,20,75.0,Pass
708,1072,18,20,90.0,Pass
708,1073,10,20,50.0,Pass
708,1074,10,20,50.0,Pass
708,1075,16,20,80.0,Pass
708,1076,10,20,50.0,Pass
708,1077,8,20,40.0,Fail
708,1078,8,20,40.0,Fail
708,1079,18,20,90.0,Pass
708,1080,13,20,65.0,Pass
709,1081,13,20,65.0,Pass
709,1082,15,20,75.0,Pass
709,1083,15,20,75.0,Pass
709,1084,16,20,80.0,Pass
709,1085,12,20,60.0,Pass
709,1086,16,20,80.0,Pass
709,1087,15,20,75.0,Pass
709,1088,10,20,50.0,Pass
709,1089,19,20,95.0,Pass
709,1090,16,20,80.0,Pass
710,1091,10,20,50.0,Pass
710,1092,17,20,85.0,Pass
710,1093,17,20,85.0,Pass
710,1094,15,20,75.0,Pass
710,1095,18,20,90.0,Pass
710,1096,19,20,95.0,Pass
710,1097,18,20,90.0,Pass
710,1098,17,20,85.0,Pass
710,1099,14,20,70.0,Pass
710,1100,16,20,80.0,Pass
711,1101,18,20,90.0,Pass
711,1102,18,20,90.0,Pass
711,1103,16,20,80.0,Pass
711,1104,12,20,60.0,Pass
711,1105,13,20,65.0,Pass
711,1106,15,20,75.0,Pass
711,1107,16,20,80.0,Pass
711,1108,11,20,55.0,Pass
711,1109,20,20,100.0,Pass
711,1110,9,20,45.0,Fail
712,1111,15,20,75.0,Pass
712,1112,12,20,60.0,Pass
712,1113,13,20,65.0,Pass
712,1114,14,20,70.0,Pass
712,1115,12,20,60.0,Pass
712,1116,10,20,50.0,Pass
712,1117,12,20,60.0,Pass
712,1118,8,20,40.0,Fail
712,1119,8,20,40.0,Fail
712,1120,16,20,80.0,Pass
713,1121,20,20,100.0,Pass
713,1122,10,20,50.0,Pass
713,1123,13,20,65.0,Pass
713,1124,12,20,60.0,Pass
713,1125,15,20,75.0,Pass
713,1126,16,20,80.0,Pass
713,1127,8,20,40.0,Fail
713,1128,19,20,95.0,Pass
713,1129,15,20,75.0,Pass
713,1130,20,20,100.0,Pass
714,1131,15,20,75.0,Pass
714,1132,12,20,60.0,Pass
714,1133,8,20,40.0,Fail
714,1134,20,20,100.0,Pass
714,1135,14,20,70.0,Pass
714,1136,20,20,100.0,Pass
714,1137,12,20,60.0,Pass
714,1138,17,20,85.0,Pass
714,1139,11,20,55.0,Pass
714,1140,20,20,100.0,Pass
715,1141,8,20,40.0,Fail
715,1142,16,20,80.0,Pass
715,1143,13,20,65.0,Pass
715,1144,11,20,55.0,Pass
715,1145,14,20,70.0,Pass
715,1146,16,20,80.0,Pass
715,1147,14,20,70.0,Pass
715,1148,14,20,70.0,Pass
715,1149,11,20,55.0,Pass
715,1150,10,20,50.0,Pass
716,1151,19,20,95.0,Pass
716,1152,19,20,95.0,Pass
716,1153,18,20,90.0,Pass
716,1154,14,20,70.0,Pass
716,1155,14,20,70.0,Pass
716,1156,11,20,55.0,Pass
716,1157,12,20,60.0,Pass
716,1158,9,20,45.0,Fail
716,1159,14,20,70.0,Pass
716,1160,18,20,90.0,Pass
717,1161,11,20,55.0,Pass
717,1162,16,20,80.0,Pass
717,1163,20,20,100.0,Pass
717,1164,20,20,100.0,Pass
717,1165,17,20,85.0,Pass
717,1166,20,20,100.0,Pass
717,1167,19,20,95.0,Pass
717,1168,18,20,90.0,Pass
717,1169,12,20,60.0,Pass
717,1170,12,20,60.0,Pass
718,1171,18,20,90.0,Pass
718,1172,19,20,95.0,Pass
718,1173,16,20,80.0,Pass
718,1174,20,20,100.0,Pass
718,1175,12,20,60.0,Pass
718,1176,14,20,70.0,Pass
718,1177,11,20,55.0,Pass
718,1178,9,20,45.0,Fail
718,1179,10,20,50.0,Pass
718,1180,10,20,50.0,Pass
719,1181,12,20,60.0,Pass
719,1182,9,20,45.0,Fail
719,1183,18,20,90.0,Pass
719,1184,15,20,75.0,Pass
719,1185,17,20,85.0,Pass
719,1186,15,20,75.0,Pass
719,1187,12,20,60.0,Pass
719,1188,19,20,95.0,Pass
719,1189,17,20,85.0,Pass
719,1190,15,20,75.0,Pass
720,1191,11,20,55.0,Pass
720,1192,13,20,65.0,Pass
720,1193,8,20,40.0,Fail
720,1194,10,20,50.0,Pass
720,1195,8,20,40.0,Fail
720,1196,16,20,80.0,Pass
720,1197,8,20,40.0,Fail
720,1198,10,20,50.0,Pass
720,1199,9,20,45.0,Fail
720,1200,12,20,60.0,Pass
721,1201,12,20,60.0,Pass
721,1202,10,20,50.0,Pass
721,1203,19,20,95.0,Pass
721,1204,15,20,75.0,Pass
721,1205,19,20,95.0,Pass
721,1206,8,20,40.0,Fail
721,1207,11,20,55.0,Pass
721,1208,9,20,45.0,Fail
721,1209,10,20,50.0,Pass
721,1210,8,20,40.0,Fail
722,1211,15,20,75.0,Pass
722,1212,11,20,55.0,Pass
722,1213,13,20,65.0,Pass
722,1214,14,20,70.0,Pass
722,1215,12,20,60.0,Pass
722,1216,20,20,100.0,Pass
722,1217,20,20,100.0,Pass
722,1218,15,20,75.0,Pass
722,1219,13,20,65.0,Pass
722,1220,15,20,75.0,Pass
723,1221,19,20,95.0,Pass
723,1222,20,20,100.0,Pass
723,1223,8,20,40.0,Fail
723,1224,13,20,65.0,Pass
723,1225,9,20,45.0,Fail
723,1226,20,20,100.0,Pass
723,1227,10,20,50.0,Pass
723,1228,8,20,40.0,Fail
723,1229,12,20,60.0,Pass
723,1230,20,20,100.0,Pass
724,1231,14,20,70.0,Pass
724,1232,9,20,45.0,Fail
724,1233,16,20,80.0,Pass
724,1234,15,20,75.0,Pass
724,1235,10,20,50.0,Pass
724,1236,11,20,55.0,Pass
724,1237,12,20,60.0,Pass
724,1238,14,20,70.0,Pass
724,1239,8,20,40.0,Fail
724,1240,9,20,45.0,Fail
725,1241,20,20,100.0,Pass
725,1242,19,20,95.0,Pass
725,1243,11,20,55.0,Pass
725,1244,14,20,70.0,Pass
725,1245,20,20,100.0,Pass
725,1246,15,20,75.0,Pass
725,1247,11,20,55.0,Pass
725,1248,19,20,95.0,Pass
725,1249,8,20,40.0,Fail
725,1250,11,20,55.0,Pass
726,1251,15,20,75.0,Pass
726,1252,19,20,95.0,Pass
726,1253,20,20,100.0,Pass
726,1254,9,20,45.0,Fail
726,1255,16,20,80.0,Pass
726,1256,18,20,90.0,Pass
726,1257,11,20,55.0,Pass
726,1258,15,20,75.0,Pass
726,1259,14,20,70.0,Pass
726,1260,18,20,90.0,Pass
727,1261,12,20,60.0,Pass
727,1262,13,20,65.0,Pass
727,1263,10,20,50.0,Pass
727,1264,18,20,90.0,Pass
727,1265,19,20,95.0,Pass
727,1266,8,20,40.0,Fail
727,1267,19,20,95.0,Pass
727,1268,16,20,80.0,Pass
727,1269,16,20,80.0,Pass
727,1270,9,20,45.0,Fail
728,1271,12,20,60.0,Pass
728,1272,15,20,75.0,Pass
728,1273,18,20,90.0,Pass
728,1274,12,20,60.0,Pass
728,1275,11,20,55.0,Pass
728,1276,13,20,65.0,Pass
728,1277,8,20,40.0,Fail
728,1278,18,20,90.0,Pass
728,1279,11,20,55.0,Pass
728,1280,9,20,45.0,Fail
729,1281,11,20,55.0,Pass
729,1282,18,20,90.0,Pass
729,1283,14,20,70.0,Pass
729,1284,13,20,65.0,Pass
729,1285,8,20,40.0,Fail
729,1286,10,20,50.0,Pass
729,1287,20,20,100.0,Pass
729,1288,12,20,60.0,Pass
729,1289,17,20,85.0,Pass
729,1290,9,20,45.0,Fail
730,1291,14,20,70.0,Pass
730,1292,20,20,100.0,Pass
730,1293,11,20,55.0,Pass
730,1294,8,20,40.0,Fail
730,1295,8,20,40.0,Fail
730,1296,17,20,85.0,Pass
730,1297,20,20,100.0,Pass
730,1298,19,20,95.0,Pass
730,1299,15,20,75.0,Pass
730,1300,19,20,95.0,Pass
731,1301,17,20,85.0,Pass
731,1302,10,20,50.0,Pass
731,1303,13,20,65.0,Pass
731,1304,20,20,100.0,Pass
731,1305,9,20,45.0,Fail
731,1306,11,20,55.0,Pass
731,1307,10,20,50.0,Pass
731,1308,15,20,75.0,Pass
731,1309,9,20,45.0,Fail
731,1310,18,20,90.0,Pass
732,1311,17,20,85.0,Pass
732,1312,13,20,65.0,Pass
732,1313,20,20,100.0,Pass
732,1314,18,20,90.0,Pass
732,1315,8,20,40.0,Fail
732,1316,8,20,40.0,Fail
732,1317,13,20,65.0,Pass
732,1318,18,20,90.0,Pass
732,1319,10,20,50.0,Pass
732,1320,19,20,95.0,Pass
733,1321,16,20,80.0,Pass
733,1322,20,20,100.0,Pass
733,1323,9,20,45.0,Fail
733,1324,10,20,50.0,Pass
733,1325,15,20,75.0,Pass
733,1326,11,20,55.0,Pass
733,1327,13,20,65.0,Pass
733,1328,16,20,80.0,Pass
733,1329,20,20,100.0,Pass
733,1330,18,20,90.0,Pass
734,1331,20,20,100.0,Pass
734,1332,13,20,65.0,Pass
734,1333,20,20,100.0,Pass
734,1334,15,20,75.0,Pass
734,1335,19,20,95.0,Pass
734,1336,11,20,55.0,Pass
734,1337,8,20,40.0,Fail
734,1338,19,20,95.0,Pass
734,1339,14,20,70.0,Pass
734,1340,13,20,65.0,Pass
735,1341,19,20,95.0,Pass
735,1342,10,20,50.0,Pass
735,1343,12,20,60.0,Pass
735,1344,8,20,40.0,Fail
735,1345,15,20,75.0,Pass
735,1346,19,20,95.0,Pass
735,1347,15,20,75.0,Pass
735,1348,16,20,80.0,Pass
735,1349,12,20,60.0,Pass
735,1350,16,20,80.0,Pass
736,1351,19,20,95.0,Pass
736,1352,15,20,75.0,Pass
736,1353,11,20,55.0,Pass
736,1354,17,20,85.0,Pass
736,1355,10,20,50.0,Pass
736,1356,16,20,80.0,Pass
736,1357,13,20,65.0,Pass
736,1358,13,20,65.0,Pass
736,1359,19,20,95.0,Pass
736,1360,15,20,75.0,Pass
737,1361,12,20,60.0,Pass
737,1362,17,20,85.0,Pass
737,1363,16,20,80.0,Pass
737,1364,10,20,50.0,Pass
737,1365,9,20,45.0,Fail
737,1366,16,20,80.0,Pass
737,1367,10,20,50.0,Pass
737,1368,15,20,75.0,Pass
737,1369,12,20,60.0,Pass
737,1370,12,20,60.0,Pass
738,1371,16,20,80.0,Pass
738,1372,13,20,65.0,Pass
738,1373,15,20,75.0,Pass
738,1374,8,20,40.0,Fail
738,1375,20,20,100.0,Pass
738,1376,18,20,90.0,Pass
738,1377,16,20,80.0,Pass
738,1378,14,20,70.0,Pass
738,1379,19,20,95.0,Pass
738,1380,10,20,50.0,Pass
739,1381,8,20,40.0,Fail
739,1382,17,20,85.0,Pass
739,1383,13,20,65.0,Pass
739,1384,20,20,100.0,Pass
739,1385,17,20,85.0,Pass
739,1386,11,20,55.0,Pass
739,1387,13,20,65.0,Pass
739,1388,19,20,95.0,Pass
739,1389,9,20,45.0,Fail
739,1390,18,20,90.0,Pass
740,1391,16,20,80.0,Pass
740,1392,14,20,70.0,Pass
740,1393,11,20,55.0,Pass
740,1394,16,20,80.0,Pass
740,1395,18,20,90.0,Pass
740,1396,15,20,75.0,Pass
740,1397,20,20,100.0,Pass
740,1398,16,20,80.0,Pass
740,1399,10,20,50.0,Pass
740,1400,17,20,85.0,Pass
741,1401,12,20,60.0,Pass
741,1402,13,20,65.0,Pass
741,1403,14,20,70.0,Pass
741,1404,18,20,90.0,Pass
741,1405,13,20,65.0,Pass
741,1406,9,20,45.0,Fail
741,1407,9,20,45.0,Fail
741,1408,16,20,80.0,Pass
741,1409,18,20,90.0,Pass
741,1410,9,20,45.0,Fail
742,1411,8,20,40.0,Fail
742,1412,10,20,50.0,Pass
742,1413,10,20,50.0,Pass
742,1414,8,20,40.0,Fail
742,1415,11,20,55.0,Pass
742,1416,9,20,45.0,Fail
742,1417,15,20,75.0,Pass
742,1418,11,20,55.0,Pass
742,1419,9,20,45.0,Fail
742,1420,8,20,40.0,Fail
743,1421,17,20,85.0,Pass
743,1422,18,20,90.0,Pass
743,1423,14,20,70.0,Pass
743,1424,18,20,90.0,Pass
743,1425,15,20,75.0,Pass
743,1426,16,20,80.0,Pass
743,1427,17,20,85.0,Pass
743,1428,19,20,95.0,Pass
743,1429,17,20,85.0,Pass
743,1430,12,20,60.0,Pass
744,1431,8,20,40.0,Fail
744,1432,13,20,65.0,Pass
744,1433,11,20,55.0,Pass
744,1434,17,20,85.0,Pass
744,1435,19,20,95.0,Pass
744,1436,9,20,45.0,Fail
744,1437,8,20,40.0,Fail
744,1438,11,20,55.0,Pass
744,1439,18,20,90.0,Pass
744,1440,15,20,75.0,Pass
745,1441,9,20,45.0,Fail
745,1442,15,20,75.0,Pass
745,1443,20,20,100.0,Pass
745,1444,18,20,90.0,Pass
745,1445,8,20,40.0,Fail
745,1446,13,20,65.0,Pass
745,1447,16,20,80.0,Pass
745,1448,19,20,95.0,Pass
745,1449,14,20,70.0,Pass
745,1450,13,20,65.0,Pass
746,1451,20,20,100.0,Pass
746,1452,19,20,95.0,Pass
746,1453,8,20,40.0,Fail
746,1454,17,20,85.0,Pass
746,1455,12,20,60.0,Pass
746,1456,16,20,80.0,Pass
746,1457,8,20,40.0,Fail
746,1458,19,20,95.0,Pass
746,1459,9,20,45.0,Fail
746,1460,12,20,60.0,Pass
747,1461,9,20,45.0,Fail
747,1462,11,20,55.0,Pass
747,1463,16,20,80.0,Pass
747,1464,9,20,45.0,Fail
747,1465,9,20,45.0,Fail
747,1466,19,20,95.0,Pass
747,1467,11,20,55.0,Pass
747,1468,16,20,80.0,Pass
747,1469,14,20,70.0,Pass
747,1470,11,20,55.0,Pass
748,1471,11,20,55.0,Pass
748,1472,16,20,80.0,Pass
748,1473,18,20,90.0,Pass
748,1474,11,20,55.0,Pass
748,1475,17,20,85.0,Pass
748,1476,18,20,90.0,Pass
748,1477,10,20,50.0,Pass
748,1478,16,20,80.0,Pass
748,1479,19,20,95.0,Pass
748,1480,16,20,80.0,Pass
749,1481,14,20,70.0,Pass
749,1482,19,20,95.0,Pass
749,1483,9,20,45.0,Fail
749,1484,20,20,100.0,Pass
749,1485,18,20,90.0,Pass
749,1486,17,20,85.0,Pass
749,1487,13,20,65.0,Pass
749,1488,18,20,90.0,Pass
749,1489,15,20,75.0,Pass
749,1490,19,20,95.0,Pass
750,1491,18,20,90.0,Pass
750,1492,14,20,70.0,Pass
750,1493,9,20,45.0,Fail
750,1494,10,20,50.0,Pass
750,1495,20,20,100.0,Pass
750,1496,10,20,50.0,Pass
750,1497,16,20,80.0,Pass
750,1498,14,20,70.0,Pass
750,1499,16,20,80.0,Pass
750,1500,13,20,65.0,Pass
751,1501,18,20,90.0,Pass
751,1502,10,20,50.0,Pass
751,1503,16,20,80.0,Pass
751,1504,17,20,85.0,Pass
751,1505,15,20,75.0,Pass
751,1506,13,20,65.0,Pass
751,1507,13,20,65.0,Pass
751,1508,16,20,80.0,Pass
751,1509,13,20,65.0,Pass
751,1510,13,20,65.0,Pass
752,1511,14,20,70.0,Pass
752,1512,20,20,100.0,Pass
752,1513,18,20,90.0,Pass
752,1514,14,20,70.0,Pass
752,1515,19,20,95.0,Pass
752,1516,13,20,65.0,Pass
752,1517,17,20,85.0,Pass
752,1518,11,20,55.0,Pass
752,1519,17,20,85.0,Pass
752,1520,16,20,80.0,Pass
753,1521,11,20,55.0,Pass
753,1522,14,20,70.0,Pass
753,1523,20,20,100.0,Pass
753,1524,16,20,80.0,Pass
753,1525,19,20,95.0,Pass
753,1526,12,20,60.0,Pass
753,1527,13,20,65.0,Pass
753,1528,15,20,75.0,Pass
753,1529,15,20,75.0,Pass
753,1530,14,20,70.0,Pass
754,1531,8,20,40.0,Fail
754,1532,19,20,95.0,Pass
754,1533,8,20,40.0,Fail
754,1534,12,20,60.0,Pass
754,1535,17,20,85.0,Pass
754,1536,8,20,40.0,Fail
754,1537,16,20,80.0,Pass
754,1538,10,20,50.0,Pass
754,1539,12,20,60.0,Pass
754,1540,8,20,40.0,Fail
755,1541,12,20,60.0,Pass
755,1542,11,20,55.0,Pass
755,1543,11,20,55.0,Pass
755,1544,13,20,65.0,Pass
755,1545,8,20,40.0,Fail
755,1546,20,20,100.0,Pass
755,1547,19,20,95.0,Pass
755,1548,12,20,60.0,Pass
755,1549,16,20,80.0,Pass
755,1550,16,20,80.0,Pass
756,1551,16,20,80.0,Pass
756,1552,17,20,85.0,Pass
756,1553,17,20,85.0,Pass
756,1554,10,20,50.0,Pass
756,1555,9,20,45.0,Fail
756,1556,8,20,40.0,Fail
756,1557,15,20,75.0,Pass
756,1558,13,20,65.0,Pass
756,1559,10,20,50.0,Pass
756,1560,10,20,50.0,Pass
757,1561,12,20,60.0,Pass
757,1562,13,20,65.0,Pass
757,1563,17,20,85.0,Pass
757,1564,11,20,55.0,Pass
757,1565,11,20,55.0,Pass
757,1566,12,20,60.0,Pass
757,1567,20,20,100.0,Pass
757,1568,12,20,60.0,Pass
757,1569,9,20,45.0,Fail
757,1570,17,20,85.0,Pass
758,1571,14,20,70.0,Pass
758,1572,17,20,85.0,Pass
758,1573,11,20,55.0,Pass
758,1574,19,20,95.0,Pass
758,1575,9,20,45.0,Fail
758,1576,19,20,95.0,Pass
758,1577,13,20,65.0,Pass
758,1578,20,20,100.0,Pass
758,1579,15,20,75.0,Pass
758,1580,10,20,50.0,Pass
759,1581,15,20,75.0,Pass
759,1582,19,20,95.0,Pass
759,1583,19,20,95.0,Pass
759,1584,17,20,85.0,Pass
759,1585,9,20,45.0,Fail
759,1586,17,20,85.0,Pass
759,1587,18,20,90.0,Pass
759,1588,12,20,60.0,Pass
759,1589,8,20,40.0,Fail
759,1590,19,20,95.0,Pass
760,1591,20,20,100.0,Pass
760,1592,17,20,85.0,Pass
760,1593,14,20,70.0,Pass
760,1594,9,20,45.0,Fail
760,1595,20,20,100.0,Pass
760,1596,8,20,40.0,Fail
760,1597,20,20,100.0,Pass
760,1598,13,20,65.0,Pass
760,1599,13,20,65.0,Pass
760,1600,14,20,70.0,Pass
761,1601,14,20,70.0,Pass
761,1602,9,20,45.0,Fail
761,1603,20,20,100.0,Pass
761,1604,11,20,55.0,Pass
761,1605,19,20,95.0,Pass
761,1606,18,20,90.0,Pass
761,1607,17,20,85.0,Pass
761,1608,8,20,40.0,Fail
761,1609,18,20,90.0,Pass
761,1610,20,20,100.0,Pass
762,1611,18,20,90.0,Pass
762,1612,14,20,70.0,Pass
762,1613,8,20,40.0,Fail
762,1614,12,20,60.0,Pass
762,1615,16,20,80.0,Pass
762,1616,8,20,40.0,Fail
762,1617,13,20,65.0,Pass
762,1618,16,20,80.0,Pass
762,1619,17,20,85.0,Pass
762,1620,10,20,50.0,Pass
763,1621,13,20,65.0,Pass
763,1622,16,20,80.0,Pass
763,1623,19,20,95.0,Pass
763,1624,11,20,55.0,Pass
763,1625,10,20,50.0,Pass
763,1626,8,20,40.0,Fail
763,1627,18,20,90.0,Pass
763,1628,19,20,95.0,Pass
763,1629,14,20,70.0,Pass
763,1630,15,20,75.0,Pass
764,1631,20,20,100.0,Pass
764,1632,17,20,85.0,Pass
764,1633,17,20,85.0,Pass
764,1634,16,20,80.0,Pass
764,1635,9,20,45.0,Fail
764,1636,11,20,55.0,Pass
764,1637,14,20,70.0,Pass
764,1638,12,20,60.0,Pass
764,1639,20,20,100.0,Pass
764,1640,14,20,70.0,Pass
765,1641,10,20,50.0,Pass
765,1642,10,20,50.0,Pass
765,1643,13,20,65.0,Pass
765,1644,9,20,45.0,Fail
765,1645,15,20,75.0,Pass
765,1646,17,20,85.0,Pass
765,1647,19,20,95.0,Pass
765,1648,8,20,40.0,Fail
765,1649,16,20,80.0,Pass
765,1650,14,20,70.0,Pass
766,1651,12,20,60.0,Pass
766,1652,9,20,45.0,Fail
766,1653,14,20,70.0,Pass
766,1654,16,20,80.0,Pass
766,1655,14,20,70.0,Pass
766,1656,20,20,100.0,Pass
766,1657,19,20,95.0,Pass
766,1658,10,20,50.0,Pass
766,1659,20,20,100.0,Pass
766,1660,10,20,50.0,Pass
767,1661,15,20,75.0,Pass
767,1662,16,20,80.0,Pass
767,1663,11,20,55.0,Pass
767,1664,15,20,75.0,Pass
767,1665,14,20,70.0,Pass
767,1666,18,20,90.0,Pass
767,1667,17,20,85.0,Pass
767,1668,11,20,55.0,Pass
767,1669,16,20,80.0,Pass
767,1670,17,20,85.0,Pass
768,1671,19,20,95.0,Pass
768,1672,16,20,80.0,Pass
768,1673,11,20,55.0,Pass
768,1674,11,20,55.0,Pass
768,1675,9,20,45.0,Fail
768,1676,12,20,60.0,Pass
768,1677,20,20,100.0,Pass
768,1678,14,20,70.0,Pass
768,1679,13,20,65.0,Pass
768,1680,18,20,90.0,Pass
769,1681,17,20,85.0,Pass
769,1682,9,20,45.0,Fail
769,1683,9,20,45.0,Fail
769,1684,18,20,90.0,Pass
769,1685,14,20,70.0,Pass
769,1686,14,20,70.0,Pass
769,1687,13,20,65.0,Pass
769,1688,13,20,65.0,Pass
769,1689,11,20,55.0,Pass
769,1690,13,20,65.0,Pass
770,1691,13,20,65.0,Pass
770,1692,17,20,85.0,Pass
770,1693,18,20,90.0,Pass
770,1694,8,20,40.0,Fail
770,1695,20,20,100.0,Pass
770,1696,12,20,60.0,Pass
770,1697,10,20,50.0,Pass
770,1698,13,20,65.0,Pass
770,1699,17,20,85.0,Pass
770,1700,20,20,100.0,Pass
771,1701,15,20,75.0,Pass
771,1702,17,20,85.0,Pass
771,1703,10,20,50.0,Pass
771,1704,15,20,75.0,Pass
771,1705,8,20,40.0,Fail
771,1706,11,20,55.0,Pass
771,1707,11,20,55.0,Pass
771,1708,18,20,90.0,Pass
771,1709,13,20,65.0,Pass
771,1710,10,20,50.0,Pass
772,1711,20,20,100.0,Pass
772,1712,19,20,95.0,Pass
772,1713,9,20,45.0,Fail
772,1714,9,20,45.0,Fail
772,1715,19,20,95.0,Pass
772,1716,8,20,40.0,Fail
772,1717,11,20,55.0,Pass
772,1718,17,20,85.0,Pass
772,1719,10,20,50.0,Pass
772,1720,12,20,60.0,Pass
773,1721,8,20,40.0,Fail
773,1722,13,20,65.0,Pass
773,1723,19,20,95.0,Pass
773,1724,20,20,100.0,Pass
773,1725,9,20,45.0,Fail
773,1726,12,20,60.0,Pass
773,1727,15,20,75.0,Pass
773,1728,15,20,75.0,Pass
773,1729,8,20,40.0,Fail
773,1730,13,20,65.0,Pass
774,1731,11,20,55.0,Pass
774,1732,19,20,95.0,Pass
774,1733,16,20,80.0,Pass
774,1734,11,20,55.0,Pass
774,1735,11,20,55.0,Pass
774,1736,16,20,80.0,Pass
774,1737,16,20,80.0,Pass
774,1738,20,20,100.0,Pass
774,1739,12,20,60.0,Pass
774,1740,16,20,80.0,Pass
775,1741,15,20,75.0,Pass
775,1742,17,20,85.0,Pass
775,1743,19,20,95.0,Pass
775,1744,10,20,50.0,Pass
775,1745,19,20,95.0,Pass
775,1746,19,20,95.0,Pass
775,1747,18,20,90.0,Pass
775,1748,8,20,40.0,Fail
775,1749,14,20,70.0,Pass
775,1750,17,20,85.0,Pass
776,1751,18,20,90.0,Pass
776,1752,16,20,80.0,Pass
776,1753,8,20,40.0,Fail
776,1754,12,20,60.0,Pass
776,1755,10,20,50.0,Pass
776,1756,8,20,40.0,Fail
776,1757,12,20,60.0,Pass
776,1758,11,20,55.0,Pass
776,1759,20,20,100.0,Pass
776,1760,19,20,95.0,Pass
777,1761,17,20,85.0,Pass
777,1762,12,20,60.0,Pass
777,1763,8,20,40.0,Fail
777,1764,15,20,75.0,Pass
777,1765,18,20,90.0,Pass
777,1766,8,20,40.0,Fail
777,1767,9,20,45.0,Fail
777,1768,14,20,70.0,Pass
777,1769,18,20,90.0,Pass
777,1770,12,20,60.0,Pass
778,1771,18,20,90.0,Pass
778,1772,18,20,90.0,Pass
778,1773,13,20,65.0,Pass
778,1774,9,20,45.0,Fail
778,1775,8,20,40.0,Fail
778,1776,12,20,60.0,Pass
778,1777,18,20,90.0,Pass
778,1778,14,20,70.0,Pass
778,1779,11,20,55.0,Pass
778,1780,14,20,70.0,Pass
779,1781,16,20,80.0,Pass
779,1782,19,20,95.0,Pass
779,1783,9,20,45.0,Fail
779,1784,13,20,65.0,Pass
779,1785,15,20,75.0,Pass
779,1786,17,20,85.0,Pass
779,1787,16,20,80.0,Pass
779,1788,9,20,45.0,Fail
779,1789,10,20,50.0,Pass
779,1790,11,20,55.0,Pass
780,1791,16,20,80.0,Pass
780,1792,15,20,75.0,Pass
780,1793,16,20,80.0,Pass
780,1794,19,20,95.0,Pass
780,1795,8,20,40.0,Fail
780,1796,8,20,40.0,Fail
780,1797,11,20,55.0,Pass
780,1798,16,20,80.0,Pass
780,1799,12,20,60.0,Pass
780,1800,13,20,65.0,Pass
781,1801,15,20,75.0,Pass
781,1802,14,20,70.0,Pass
781,1803,19,20,95.0,Pass
781,1804,10,20,50.0,Pass
781,1805,8,20,40.0,Fail
781,1806,13,20,65.0,Pass
781,1807,18,20,90.0,Pass
781,1808,13,20,65.0,Pass
781,1809,13,20,65.0,Pass
781,1810,18,20,90.0,Pass
782,1811,12,20,60.0,Pass
782,1812,11,20,55.0,Pass
782,1813,16,20,80.0,Pass
782,1814,12,20,60.0,Pass
782,1815,20,20,100.0,Pass
782,1816,8,20,40.0,Fail
782,1817,18,20,90.0,Pass
782,1818,12,20,60.0,Pass
782,1819,14,20,70.0,Pass
782,1820,8,20,40.0,Fail
783,1821,16,20,80.0,Pass
783,1822,12,20,60.0,Pass
783,1823,11,20,55.0,Pass
783,1824,10,20,50.0,Pass
783,1825,13,20,65.0,Pass
783,1826,14,20,70.0,Pass
783,1827,18,20,90.0,Pass
783,1828,10,20,50.0,Pass
783,1829,9,20,45.0,Fail
783,1830,19,20,95.0,Pass
784,1831,14,20,70.0,Pass
784,1832,16,20,80.0,Pass
784,1833,18,20,90.0,Pass
784,1834,17,20,85.0,Pass
784,1835,18,20,90.0,Pass
784,1836,18,20,90.0,Pass
784,1837,11,20,55.0,Pass
784,1838,14,20,70.0,Pass
784,1839,11,20,55.0,Pass
784,1840,17,20,85.0,Pass
785,1841,10,20,50.0,Pass
785,1842,14,20,70.0,Pass
785,1843,12,20,60.0,Pass
785,1844,17,20,85.0,Pass
785,1845,13,20,65.0,Pass
785,1846,15,20,75.0,Pass
785,1847,16,20,80.0,Pass
785,1848,10,20,50.0,Pass
785,1849,11,20,55.0,Pass
785,1850,18,20,90.0,Pass
786,1851,10,20,50.0,Pass
786,1852,17,20,85.0,Pass
786,1853,16,20,80.0,Pass
786,1854,18,20,90.0,Pass
786,1855,20,20,100.0,Pass
786,1856,11,20,55.0,Pass
786,1857,10,20,50.0,Pass
786,1858,12,20,60.0,Pass
786,1859,19,20,95.0,Pass
786,1860,19,20,95.0,Pass
787,1861,16,20,80.0,Pass
787,1862,10,20,50.0,Pass
787,1863,14,20,70.0,Pass
787,1864,20,20,100.0,Pass
787,1865,10,20,50.0,Pass
787,1866,18,20,90.0,Pass
787,1867,17,20,85.0,Pass
787,1868,10,20,50.0,Pass
787,1869,13,20,65.0,Pass
787,1870,9,20,45.0,Fail
788,1871,16,20,80.0,Pass
788,1872,16,20,80.0,Pass
788,1873,19,20,95.0,Pass
788,1874,9,20,45.0,Fail
788,1875,10,20,50.0,Pass
788,1876,13,20,65.0,Pass
788,1877,10,20,50.0,Pass
788,1878,19,20,95.0,Pass
788,1879,8,20,40.0,Fail
788,1880,20,20,100.0,Pass
789,1881,13,20,65.0,Pass
789,1882,14,20,70.0,Pass
789,1883,14,20,70.0,Pass
789,1884,12,20,60.0,Pass
789,1885,15,20,75.0,Pass
789,1886,19,20,95.0,Pass
789,1887,18,20,90.0,Pass
789,1888,19,20,95.0,Pass
789,1889,12,20,60.0,Pass
789,1890,10,20,50.0,Pass
790,1891,20,20,100.0,Pass
790,1892,11,20,55.0,Pass
790,1893,9,20,45.0,Fail
790,1894,10,20,50.0,Pass
790,1895,10,20,50.0,Pass
790,1896,8,20,40.0,Fail
790,1897,20,20,100.0,Pass
790,1898,17,20,85.0,Pass
790,1899,17,20,85.0,Pass
790,1900,12,20,60.0,Pass
791,1901,17,20,85.0,Pass
791,1902,17,20,85.0,Pass
791,1903,17,20,85.0,Pass
791,1904,11,20,55.0,Pass
791,1905,17,20,85.0,Pass
791,1906,11,20,55.0,Pass
791,1907,11,20,55.0,Pass
791,1908,18,20,90.0,Pass
791,1909,8,20,40.0,Fail
791,1910,13,20,65.0,Pass
792,1911,9,20,45.0,Fail
792,1912,19,20,95.0,Pass
792,1913,20,20,100.0,Pass
792,1914,15,20,75.0,Pass
792,1915,10,20,50.0,Pass
792,1916,16,20,80.0,Pass
792,1917,17,20,85.0,Pass
792,1918,15,20,75.0,Pass
792,1919,19,20,95.0,Pass
792,1920,18,20,90.0,Pass
793,1921,13,20,65.0,Pass
793,1922,10,20,50.0,Pass
793,1923,14,20,70.0,Pass
793,1924,15,20,75.0,Pass
793,1925,15,20,75.0,Pass
793,1926,10,20,50.0,Pass
793,1927,10,20,50.0,Pass
793,1928,11,20,55.0,Pass
793,1929,11,20,55.0,Pass
793,1930,8,20,40.0,Fail
794,1931,14,20,70.0,Pass
794,1932,20,20,100.0,Pass
794,1933,8,20,40.0,Fail
794,1934,12,20,60.0,Pass
794,1935,14,20,70.0,Pass
794,1936,11,20,55.0,Pass
794,1937,19,20,95.0,Pass
794,1938,18,20,90.0,Pass
794,1939,11,20,55.0,Pass
794,1940,20,20,100.0,Pass
795,1941,11,20,55.0,Pass
795,1942,9,20,45.0,Fail
795,1943,10,20,50.0,Pass
795,1944,15,20,75.0,Pass
795,1945,17,20,85.0,Pass
795,1946,15,20,75.0,Pass
795,1947,19,20,95.0,Pass
795,1948,13,20,65.0,Pass
795,1949,15,20,75.0,Pass
795,1950,11,20,55.0,Pass
796,1951,14,20,70.0,Pass
796,1952,14,20,70.0,Pass
796,1953,20,20,100.0,Pass
796,1954,8,20,40.0,Fail
796,1955,17,20,85.0,Pass
796,1956,19,20,95.0,Pass
796,1957,14,20,70.0,Pass
796,1958,19,20,95.0,Pass
796,1959,13,20,65.0,Pass
796,1960,14,20,70.0,Pass
797,1961,17,20,85.0,Pass
797,1962,19,20,95.0,Pass
797,1963,17,20,85.0,Pass
797,1964,17,20,85.0,Pass
797,1965,16,20,80.0,Pass
797,1966,16,20,80.0,Pass
797,1967,18,20,90.0,Pass
797,1968,19,20,95.0,Pass
797,1969,20,20,100.0,Pass
797,1970,8,20,40.0,Fail
798,1971,16,20,80.0,Pass
798,1972,9,20,45.0,Fail
798,1973,15,20,75.0,Pass
798,1974,15,20,75.0,Pass
798,1975,8,20,40.0,Fail
798,1976,11,20,55.0,Pass
798,1977,16,20,80.0,Pass
798,1978,16,20,80.0,Pass
798,1979,14,20,70.0,Pass
798,1980,19,20,95.0,Pass
799,1981,8,20,40.0,Fail
799,1982,16,20,80.0,Pass
799,1983,14,20,70.0,Pass
799,1984,16,20,80.0,Pass
799,1985,20,20,100.0,Pass
799,1986,18,20,90.0,Pass
799,1987,8,20,40.0,Fail
799,1988,11,20,55.0,Pass
799,1989,12,20,60.0,Pass
799,1990,15,20,75.0,Pass
800,1991,14,20,70.0,Pass
800,1992,12,20,60.0,Pass
800,1993,20,20,100.0,Pass
800,1994,12,20,60.0,Pass
800,1995,15,20,75.0,Pass
800,1996,10,20,50.0,Pass
800,1997,14,20,70.0,Pass
800,1998,12,20,60.0,Pass
800,1999,17,20,85.0,Pass
800,2000,8,20,40.0,Fail
801,1,19,20,95.0,Pass
801,2,16,20,80.0,Pass
801,3,10,20,50.0,Pass
801,4,15,20,75.0,Pass
801,5,18,20,90.0,Pass
801,6,15,20,75.0,Pass
801,7,9,20,45.0,Fail
801,8,19,20,95.0,Pass
801,9,16,20,80.0,Pass
801,10,9,20,45.0,Fail
802,11,10,20,50.0,Pass
802,12,20,20,100.0,Pass
802,13,17,20,85.0,Pass
802,14,19,20,95.0,Pass
802,15,16,20,80.0,Pass
802,16,10,20,50.0,Pass
802,17,14,20,70.0,Pass
802,18,14,20,70.0,Pass
802,19,13,20,65.0,Pass
802,20,15,20,75.0,Pass
803,21,8,20,40.0,Fail
803,22,10,20,50.0,Pass
803,23,15,20,75.0,Pass
803,24,17,20,85.0,Pass
803,25,19,20,95.0,Pass
803,26,11,20,55.0,Pass
803,27,15,20,75.0,Pass
803,28,9,20,45.0,Fail
803,29,12,20,60.0,Pass
803,30,13,20,65.0,Pass
804,31,19,20,95.0,Pass
804,32,18,20,90.0,Pass
804,33,19,20,95.0,Pass
804,34,20,20,100.0,Pass
804,35,10,20,50.0,Pass
804,36,19,20,95.0,Pass
804,37,19,20,95.0,Pass
804,38,9,20,45.0,Fail
804,39,9,20,45.0,Fail
804,40,9,20,45.0,Fail
805,41,19,20,95.0,Pass
805,42,15,20,75.0,Pass
805,43,18,20,90.0,Pass
805,44,13,20,65.0,Pass
805,45,9,20,45.0,Fail
805,46,16,20,80.0,Pass
805,47,19,20,95.0,Pass
805,48,14,20,70.0,Pass
805,49,19,20,95.0,Pass
805,50,20,20,100.0,Pass
806,51,16,20,80.0,Pass
806,52,17,20,85.0,Pass
806,53,10,20,50.0,Pass
806,54,14,20,70.0,Pass
806,55,16,20,80.0,Pass
806,56,14,20,70.0,Pass
806,57,8,20,40.0,Fail
806,58,20,20,100.0,Pass
806,59,10,20,50.0,Pass
806,60,13,20,65.0,Pass
807,61,17,20,85.0,Pass
807,62,18,20,90.0,Pass
807,63,10,20,50.0,Pass
807,64,10,20,50.0,Pass
807,65,10,20,50.0,Pass
807,66,10,20,50.0,Pass
807,67,20,20,100.0,Pass
807,68,19,20,95.0,Pass
807,69,8,20,40.0,Fail
807,70,14,20,70.0,Pass
808,71,12,20,60.0,Pass
808,72,12,20,60.0,Pass
808,73,19,20,95.0,Pass
808,74,20,20,100.0,Pass
808,75,15,20,75.0,Pass
808,76,12,20,60.0,Pass
808,77,18,20,90.0,Pass
808,78,10,20,50.0,Pass
808,79,9,20,45.0,Fail
808,80,10,20,50.0,Pass
809,81,11,20,55.0,Pass
809,82,8,20,40.0,Fail
809,83,17,20,85.0,Pass
809,84,20,20,100.0,Pass
809,85,12,20,60.0,Pass
809,86,8,20,40.0,Fail
809,87,15,20,75.0,Pass
809,88,15,20,75.0,Pass
809,89,15,20,75.0,Pass
809,90,16,20,80.0,Pass
810,91,20,20,100.0,Pass
810,92,8,20,40.0,Fail
810,93,17,20,85.0,Pass
810,94,15,20,75.0,Pass
810,95,11,20,55.0,Pass
810,96,11,20,55.0,Pass
810,97,17,20,85.0,Pass
810,98,18,20,90.0,Pass
810,99,15,20,75.0,Pass
810,100,15,20,75.0,Pass
811,101,14,20,70.0,Pass
811,102,15,20,75.0,Pass
811,103,9,20,45.0,Fail
811,104,17,20,85.0,Pass
811,105,17,20,85.0,Pass
811,106,8,20,40.0,Fail
811,107,11,20,55.0,Pass
811,108,16,20,80.0,Pass
811,109,12,20,60.0,Pass
811,110,17,20,85.0,Pass
812,111,18,20,90.0,Pass
812,112,16,20,80.0,Pass
812,113,11,20,55.0,Pass
812,114,8,20,40.0,Fail
812,115,10,20,50.0,Pass
812,116,10,20,50.0,Pass
812,117,8,20,40.0,Fail
812,118,18,20,90.0,Pass
812,119,13,20,65.0,Pass
812,120,8,20,40.0,Fail
813,121,10,20,50.0,Pass
813,122,8,20,40.0,Fail
813,123,18,20,90.0,Pass
813,124,17,20,85.0,Pass
813,125,17,20,85.0,Pass
813,126,12,20,60.0,Pass
813,127,13,20,65.0,Pass
813,128,9,20,45.0,Fail
813,129,8,20,40.0,Fail
813,130,9,20,45.0,Fail
814,131,14,20,70.0,Pass
814,132,10,20,50.0,Pass
814,133,10,20,50.0,Pass
814,134,18,20,90.0,Pass
814,135,12,20,60.0,Pass
814,136,17,20,85.0,Pass
814,137,18,20,90.0,Pass
814,138,19,20,95.0,Pass
814,139,19,20,95.0,Pass
814,140,17,20,85.0,Pass
815,141,17,20,85.0,Pass
815,142,20,20,100.0,Pass
815,143,16,20,80.0,Pass
815,144,10,20,50.0,Pass
815,145,15,20,75.0,Pass
815,146,19,20,95.0,Pass
815,147,17,20,85.0,Pass
815,148,13,20,65.0,Pass
815,149,8,20,40.0,Fail
815,150,9,20,45.0,Fail
816,151,20,20,100.0,Pass
816,152,12,20,60.0,Pass
816,153,13,20,65.0,Pass
816,154,13,20,65.0,Pass
816,155,14,20,70.0,Pass
816,156,9,20,45.0,Fail
816,157,20,20,100.0,Pass
816,158,14,20,70.0,Pass
816,159,16,20,80.0,Pass
816,160,9,20,45.0,Fail
817,161,12,20,60.0,Pass
817,162,15,20,75.0,Pass
817,163,10,20,50.0,Pass
817,164,9,20,45.0,Fail
817,165,19,20,95.0,Pass
817,166,12,20,60.0,Pass
817,167,13,20,65.0,Pass
817,168,16,20,80.0,Pass
817,169,14,20,70.0,Pass
817,170,16,20,80.0,Pass
818,171,11,20,55.0,Pass
818,172,19,20,95.0,Pass
818,173,11,20,55.0,Pass
818,174,17,20,85.0,Pass
818,175,8,20,40.0,Fail
818,176,9,20,45.0,Fail
818,177,17,20,85.0,Pass
818,178,19,20,95.0,Pass
818,179,18,20,90.0,Pass
818,180,16,20,80.0,Pass
819,181,9,20,45.0,Fail
819,182,15,20,75.0,Pass
819,183,19,20,95.0,Pass
819,184,19,20,95.0,Pass
819,185,17,20,85.0,Pass
819,186,20,20,100.0,Pass
819,187,19,20,95.0,Pass
819,188,12,20,60.0,Pass
819,189,14,20,70.0,Pass
819,190,17,20,85.0,Pass
820,191,13,20,65.0,Pass
820,192,12,20,60.0,Pass
820,193,16,20,80.0,Pass
820,194,17,20,85.0,Pass
820,195,17,20,85.0,Pass
820,196,13,20,65.0,Pass
820,197,10,20,50.0,Pass
820,198,17,20,85.0,Pass
820,199,17,20,85.0,Pass
820,200,15,20,75.0,Pass
821,201,16,20,80.0,Pass
821,202,19,20,95.0,Pass
821,203,18,20,90.0,Pass
821,204,15,20,75.0,Pass
821,205,15,20,75.0,Pass
821,206,20,20,100.0,Pass
821,207,10,20,50.0,Pass
821,208,17,20,85.0,Pass
821,209,11,20,55.0,Pass
821,210,19,20,95.0,Pass
822,211,12,20,60.0,Pass
822,212,11,20,55.0,Pass
822,213,8,20,40.0,Fail
822,214,9,20,45.0,Fail
822,215,8,20,40.0,Fail
822,216,15,20,75.0,Pass
822,217,18,20,90.0,Pass
822,218,20,20,100.0,Pass
822,219,9,20,45.0,Fail
822,220,19,20,95.0,Pass
823,221,11,20,55.0,Pass
823,222,20,20,100.0,Pass
823,223,17,20,85.0,Pass
823,224,14,20,70.0,Pass
823,225,14,20,70.0,Pass
823,226,8,20,40.0,Fail
823,227,13,20,65.0,Pass
823,228,13,20,65.0,Pass
823,229,16,20,80.0,Pass
823,230,20,20,100.0,Pass
824,231,18,20,90.0,Pass
824,232,11,20,55.0,Pass
824,233,8,20,40.0,Fail
824,234,18,20,90.0,Pass
824,235,11,20,55.0,Pass
824,236,19,20,95.0,Pass
824,237,12,20,60.0,Pass
824,238,12,20,60.0,Pass
824,239,20,20,100.0,Pass
824,240,9,20,45.0,Fail
825,241,12,20,60.0,Pass
825,242,12,20,60.0,Pass
825,243,16,20,80.0,Pass
825,244,16,20,80.0,Pass
825,245,13,20,65.0,Pass
825,246,20,20,100.0,Pass
825,247,8,20,40.0,Fail
825,248,9,20,45.0,Fail
825,249,18,20,90.0,Pass
825,250,13,20,65.0,Pass
826,251,13,20,65.0,Pass
826,252,14,20,70.0,Pass
826,253,19,20,95.0,Pass
826,254,17,20,85.0,Pass
826,255,17,20,85.0,Pass
826,256,8,20,40.0,Fail
826,257,10,20,50.0,Pass
826,258,11,20,55.0,Pass
826,259,13,20,65.0,Pass
826,260,13,20,65.0,Pass
827,261,18,20,90.0,Pass
827,262,15,20,75.0,Pass
827,263,15,20,75.0,Pass
827,264,20,20,100.0,Pass
827,265,8,20,40.0,Fail
827,266,18,20,90.0,Pass
827,267,10,20,50.0,Pass
827,268,15,20,75.0,Pass
827,269,10,20,50.0,Pass
827,270,18,20,90.0,Pass
828,271,15,20,75.0,Pass
828,272,16,20,80.0,Pass
828,273,13,20,65.0,Pass
828,274,15,20,75.0,Pass
828,275,20,20,100.0,Pass
828,276,14,20,70.0,Pass
828,277,19,20,95.0,Pass
828,278,8,20,40.0,Fail
828,279,16,20,80.0,Pass
828,280,12,20,60.0,Pass
829,281,17,20,85.0,Pass
829,282,19,20,95.0,Pass
829,283,18,20,90.0,Pass
829,284,13,20,65.0,Pass
829,285,16,20,80.0,Pass
829,286,16,20,80.0,Pass
829,287,8,20,40.0,Fail
829,288,11,20,55.0,Pass
829,289,17,20,85.0,Pass
829,290,18,20,90.0,Pass
830,291,13,20,65.0,Pass
830,292,20,20,100.0,Pass
830,293,20,20,100.0,Pass
830,294,13,20,65.0,Pass
830,295,9,20,45.0,Fail
830,296,10,20,50.0,Pass
830,297,12,20,60.0,Pass
830,298,8,20,40.0,Fail
830,299,13,20,65.0,Pass
830,300,14,20,70.0,Pass
831,301,18,20,90.0,Pass
831,302,16,20,80.0,Pass
831,303,10,20,50.0,Pass
831,304,17,20,85.0,Pass
831,305,17,20,85.0,Pass
831,306,14,20,70.0,Pass
831,307,10,20,50.0,Pass
831,308,17,20,85.0,Pass
831,309,9,20,45.0,Fail
831,310,20,20,100.0,Pass
832,311,20,20,100.0,Pass
832,312,12,20,60.0,Pass
832,313,19,20,95.0,Pass
832,314,13,20,65.0,Pass
832,315,19,20,95.0,Pass
832,316,8,20,40.0,Fail
832,317,12,20,60.0,Pass
832,318,14,20,70.0,Pass
832,319,9,20,45.0,Fail
832,320,15,20,75.0,Pass
833,321,11,20,55.0,Pass
833,322,13,20,65.0,Pass
833,323,15,20,75.0,Pass
833,324,12,20,60.0,Pass
833,325,11,20,55.0,Pass
833,326,16,20,80.0,Pass
833,327,12,20,60.0,Pass
833,328,10,20,50.0,Pass
833,329,9,20,45.0,Fail
833,330,13,20,65.0,Pass
834,331,20,20,100.0,Pass
834,332,8,20,40.0,Fail
834,333,20,20,100.0,Pass
834,334,11,20,55.0,Pass
834,335,9,20,45.0,Fail
834,336,15,20,75.0,Pass
834,337,16,20,80.0,Pass
834,338,8,20,40.0,Fail
834,339,20,20,100.0,Pass
834,340,15,20,75.0,Pass
835,341,16,20,80.0,Pass
835,342,10,20,50.0,Pass
835,343,11,20,55.0,Pass
835,344,13,20,65.0,Pass
835,345,15,20,75.0,Pass
835,346,19,20,95.0,Pass
835,347,16,20,80.0,Pass
835,348,12,20,60.0,Pass
835,349,20,20,100.0,Pass
835,350,13,20,65.0,Pass
836,351,10,20,50.0,Pass
836,352,20,20,100.0,Pass
836,353,9,20,45.0,Fail
836,354,16,20,80.0,Pass
836,355,18,20,90.0,Pass
836,356,10,20,50.0,Pass
836,357,11,20,55.0,Pass
836,358,19,20,95.0,Pass
836,359,8,20,40.0,Fail
836,360,15,20,75.0,Pass
837,361,14,20,70.0,Pass
837,362,19,20,95.0,Pass
837,363,16,20,80.0,Pass
837,364,9,20,45.0,Fail
837,365,8,20,40.0,Fail
837,366,12,20,60.0,Pass
837,367,8,20,40.0,Fail
837,368,18,20,90.0,Pass
837,369,17,20,85.0,Pass
837,370,9,20,45.0,Fail
838,371,13,20,65.0,Pass
838,372,15,20,75.0,Pass
838,373,8,20,40.0,Fail
838,374,9,20,45.0,Fail
838,375,16,20,80.0,Pass
838,376,20,20,100.0,Pass
838,377,18,20,90.0,Pass
838,378,19,20,95.0,Pass
838,379,12,20,60.0,Pass
838,380,8,20,40.0,Fail
839,381,17,20,85.0,Pass
839,382,20,20,100.0,Pass
839,383,12,20,60.0,Pass
839,384,18,20,90.0,Pass
839,385,11,20,55.0,Pass
839,386,13,20,65.0,Pass
839,387,11,20,55.0,Pass
839,388,11,20,55.0,Pass
839,389,12,20,60.0,Pass
839,390,12,20,60.0,Pass
840,391,16,20,80.0,Pass
840,392,13,20,65.0,Pass
840,393,20,20,100.0,Pass
840,394,15,20,75.0,Pass
840,395,18,20,90.0,Pass
840,396,9,20,45.0,Fail
840,397,12,20,60.0,Pass
840,398,10,20,50.0,Pass
840,399,10,20,50.0,Pass
840,400,12,20,60.0,Pass
841,401,9,20,45.0,Fail
841,402,8,20,40.0,Fail
841,403,17,20,85.0,Pass
841,404,16,20,80.0,Pass
841,405,16,20,80.0,Pass
841,406,9,20,45.0,Fail
841,407,11,20,55.0,Pass
841,408,16,20,80.0,Pass
841,409,13,20,65.0,Pass
841,410,16,20,80.0,Pass
842,411,13,20,65.0,Pass
842,412,12,20,60.0,Pass
842,413,10,20,50.0,Pass
842,414,19,20,95.0,Pass
842,415,20,20,100.0,Pass
842,416,12,20,60.0,Pass
842,417,17,20,85.0,Pass
842,418,11,20,55.0,Pass
842,419,10,20,50.0,Pass
842,420,9,20,45.0,Fail
843,421,12,20,60.0,Pass
843,422,17,20,85.0,Pass
843,423,13,20,65.0,Pass
843,424,16,20,80.0,Pass
843,425,15,20,75.0,Pass
843,426,8,20,40.0,Fail
843,427,10,20,50.0,Pass
843,428,8,20,40.0,Fail
843,429,15,20,75.0,Pass
843,430,18,20,90.0,Pass
844,431,8,20,40.0,Fail
844,432,9,20,45.0,Fail
844,433,14,20,70.0,Pass
844,434,8,20,40.0,Fail
844,435,9,20,45.0,Fail
844,436,14,20,70.0,Pass
844,437,14,20,70.0,Pass
844,438,10,20,50.0,Pass
844,439,19,20,95.0,Pass
844,440,17,20,85.0,Pass
845,441,17,20,85.0,Pass
845,442,18,20,90.0,Pass
845,443,19,20,95.0,Pass
845,444,19,20,95.0,Pass
845,445,15,20,75.0,Pass
845,446,17,20,85.0,Pass
845,447,13,20,65.0,Pass
845,448,12,20,60.0,Pass
845,449,13,20,65.0,Pass
845,450,11,20,55.0,Pass
846,451,19,20,95.0,Pass
846,452,20,20,100.0,Pass
846,453,18,20,90.0,Pass
846,454,20,20,100.0,Pass
846,455,16,20,80.0,Pass
846,456,9,20,45.0,Fail
846,457,20,20,100.0,Pass
846,458,20,20,100.0,Pass
846,459,15,20,75.0,Pass
846,460,17,20,85.0,Pass
847,461,10,20,50.0,Pass
847,462,9,20,45.0,Fail
847,463,20,20,100.0,Pass
847,464,19,20,95.0,Pass
847,465,15,20,75.0,Pass
847,466,9,20,45.0,Fail
847,467,15,20,75.0,Pass
847,468,12,20,60.0,Pass
847,469,18,20,90.0,Pass
847,470,18,20,90.0,Pass
848,471,19,20,95.0,Pass
848,472,20,20,100.0,Pass
848,473,15,20,75.0,Pass
848,474,15,20,75.0,Pass
848,475,11,20,55.0,Pass
848,476,11,20,55.0,Pass
848,477,10,20,50.0,Pass
848,478,17,20,85.0,Pass
848,479,12,20,60.0,Pass
848,480,13,20,65.0,Pass
849,481,14,20,70.0,Pass
849,482,10,20,50.0,Pass
849,483,19,20,95.0,Pass
849,484,18,20,90.0,Pass
849,485,13,20,65.0,Pass
849,486,20,20,100.0,Pass
849,487,13,20,65.0,Pass
849,488,15,20,75.0,Pass
849,489,15,20,75.0,Pass
849,490,8,20,40.0,Fail
850,491,9,20,45.0,Fail
850,492,15,20,75.0,Pass
850,493,9,20,45.0,Fail
850,494,13,20,65.0,Pass
850,495,15,20,75.0,Pass
850,496,15,20,75.0,Pass
850,497,10,20,50.0,Pass
850,498,12,20,60.0,Pass
850,499,20,20,100.0,Pass
850,500,13,20,65.0,Pass
851,501,17,20,85.0,Pass
851,502,17,20,85.0,Pass
851,503,10,20,50.0,Pass
851,504,16,20,80.0,Pass
851,505,9,20,45.0,Fail
851,506,14,20,70.0,Pass
851,507,19,20,95.0,Pass
851,508,20,20,100.0,Pass
851,509,9,20,45.0,Fail
851,510,13,20,65.0,Pass
852,511,16,20,80.0,Pass
852,512,18,20,90.0,Pass
852,513,9,20,45.0,Fail
852,514,20,20,100.0,Pass
852,515,12,20,60.0,Pass
852,516,16,20,80.0,Pass
852,517,15,20,75.0,Pass
852,518,14,20,70.0,Pass
852,519,17,20,85.0,Pass
852,520,14,20,70.0,Pass
853,521,11,20,55.0,Pass
853,522,17,20,85.0,Pass
853,523,11,20,55.0,Pass
853,524,16,20,80.0,Pass
853,525,10,20,50.0,Pass
853,526,15,20,75.0,Pass
853,527,14,20,70.0,Pass
853,528,9,20,45.0,Fail
853,529,13,20,65.0,Pass
853,530,11,20,55.0,Pass
854,531,19,20,95.0,Pass
854,532,17,20,85.0,Pass
854,533,14,20,70.0,Pass
854,534,20,20,100.0,Pass
854,535,14,20,70.0,Pass
854,536,17,20,85.0,Pass
854,537,20,20,100.0,Pass
854,538,13,20,65.0,Pass
854,539,16,20,80.0,Pass
854,540,19,20,95.0,Pass
855,541,11,20,55.0,Pass
855,542,10,20,50.0,Pass
855,543,18,20,90.0,Pass
855,544,18,20,90.0,Pass
855,545,9,20,45.0,Fail
855,546,19,20,95.0,Pass
855,547,19,20,95.0,Pass
855,548,17,20,85.0,Pass
855,549,15,20,75.0,Pass
855,550,9,20,45.0,Fail
856,551,17,20,85.0,Pass
856,552,17,20,85.0,Pass
856,553,15,20,75.0,Pass
856,554,13,20,65.0,Pass
856,555,16,20,80.0,Pass
856,556,9,20,45.0,Fail
856,557,15,20,75.0,Pass
856,558,10,20,50.0,Pass
856,559,12,20,60.0,Pass
856,560,14,20,70.0,Pass
857,561,9,20,45.0,Fail
857,562,17,20,85.0,Pass
857,563,9,20,45.0,Fail
857,564,18,20,90.0,Pass
857,565,17,20,85.0,Pass
857,566,20,20,100.0,Pass
857,567,14,20,70.0,Pass
857,568,13,20,65.0,Pass
857,569,15,20,75.0,Pass
857,570,18,20,90.0,Pass
858,571,18,20,90.0,Pass
858,572,8,20,40.0,Fail
858,573,9,20,45.0,Fail
858,574,11,20,55.0,Pass
858,575,10,20,50.0,Pass
858,576,17,20,85.0,Pass
858,577,20,20,100.0,Pass
858,578,18,20,90.0,Pass
858,579,20,20,100.0,Pass
858,580,8,20,40.0,Fail
859,581,20,20,100.0,Pass
859,582,10,20,50.0,Pass
859,583,18,20,90.0,Pass
859,584,10,20,50.0,Pass
859,585,15,20,75.0,Pass
859,586,16,20,80.0,Pass
859,587,12,20,60.0,Pass
859,588,14,20,70.0,Pass
859,589,17,20,85.0,Pass
859,590,17,20,85.0,Pass
860,591,15,20,75.0,Pass
860,592,11,20,55.0,Pass
860,593,11,20,55.0,Pass
860,594,18,20,90.0,Pass
860,595,13,20,65.0,Pass
860,596,12,20,60.0,Pass
860,597,17,20,85.0,Pass
860,598,20,20,100.0,Pass
860,599,18,20,90.0,Pass
860,600,12,20,60.0,Pass
861,601,14,20,70.0,Pass
861,602,19,20,95.0,Pass
861,603,13,20,65.0,Pass
861,604,9,20,45.0,Fail
861,605,17,20,85.0,Pass
861,606,8,20,40.0,Fail
861,607,17,20,85.0,Pass
861,608,16,20,80.0,Pass
861,609,14,20,70.0,Pass
861,610,10,20,50.0,Pass
862,611,12,20,60.0,Pass
862,612,8,20,40.0,Fail
862,613,13,20,65.0,Pass
862,614,16,20,80.0,Pass
862,615,8,20,40.0,Fail
862,616,8,20,40.0,Fail
862,617,19,20,95.0,Pass
862,618,16,20,80.0,Pass
862,619,13,20,65.0,Pass
862,620,9,20,45.0,Fail
863,621,12,20,60.0,Pass
863,622,8,20,40.0,Fail
863,623,11,20,55.0,Pass
863,624,14,20,70.0,Pass
863,625,19,20,95.0,Pass
863,626,17,20,85.0,Pass
863,627,14,20,70.0,Pass
863,628,18,20,90.0,Pass
863,629,13,20,65.0,Pass
863,630,19,20,95.0,Pass
864,631,14,20,70.0,Pass
864,632,14,20,70.0,Pass
864,633,14,20,70.0,Pass
864,634,14,20,70.0,Pass
864,635,16,20,80.0,Pass
864,636,11,20,55.0,Pass
864,637,18,20,90.0,Pass
864,638,10,20,50.0,Pass
864,639,15,20,75.0,Pass
864,640,10,20,50.0,Pass
865,641,11,20,55.0,Pass
865,642,16,20,80.0,Pass
865,643,14,20,70.0,Pass
865,644,13,20,65.0,Pass
865,645,14,20,70.0,Pass
865,646,10,20,50.0,Pass
865,647,12,20,60.0,Pass
865,648,18,20,90.0,Pass
865,649,10,20,50.0,Pass
865,650,10,20,50.0,Pass
866,651,8,20,40.0,Fail
866,652,9,20,45.0,Fail
866,653,18,20,90.0,Pass
866,654,8,20,40.0,Fail
866,655,10,20,50.0,Pass
866,656,19,20,95.0,Pass
866,657,15,20,75.0,Pass
866,658,18,20,90.0,Pass
866,659,14,20,70.0,Pass
866,660,10,20,50.0,Pass
867,661,9,20,45.0,Fail
867,662,10,20,50.0,Pass
867,663,18,20,90.0,Pass
867,664,20,20,100.0,Pass
867,665,14,20,70.0,Pass
867,666,15,20,75.0,Pass
867,667,20,20,100.0,Pass
867,668,19,20,95.0,Pass
867,669,17,20,85.0,Pass
867,670,14,20,70.0,Pass
868,671,17,20,85.0,Pass
868,672,10,20,50.0,Pass
868,673,15,20,75.0,Pass
868,674,16,20,80.0,Pass
868,675,14,20,70.0,Pass
868,676,16,20,80.0,Pass
868,677,15,20,75.0,Pass
868,678,14,20,70.0,Pass
868,679,13,20,65.0,Pass
868,680,11,20,55.0,Pass
869,681,10,20,50.0,Pass
869,682,14,20,70.0,Pass
869,683,17,20,85.0,Pass
869,684,8,20,40.0,Fail
869,685,17,20,85.0,Pass
869,686,15,20,75.0,Pass
869,687,19,20,95.0,Pass
869,688,11,20,55.0,Pass
869,689,19,20,95.0,Pass
869,690,16,20,80.0,Pass
870,691,12,20,60.0,Pass
870,692,14,20,70.0,Pass
870,693,16,20,80.0,Pass
870,694,17,20,85.0,Pass
870,695,13,20,65.0,Pass
870,696,8,20,40.0,Fail
870,697,8,20,40.0,Fail
870,698,17,20,85.0,Pass
870,699,15,20,75.0,Pass
870,700,19,20,95.0,Pass
871,701,13,20,65.0,Pass
871,702,9,20,45.0,Fail
871,703,17,20,85.0,Pass
871,704,15,20,75.0,Pass
871,705,19,20,95.0,Pass
871,706,9,20,45.0,Fail
871,707,10,20,50.0,Pass
871,708,19,20,95.0,Pass
871,709,19,20,95.0,Pass
871,710,16,20,80.0,Pass
872,711,20,20,100.0,Pass
872,712,20,20,100.0,Pass
872,713,12,20,60.0,Pass
872,714,15,20,75.0,Pass
872,715,16,20,80.0,Pass
872,716,9,20,45.0,Fail
872,717,16,20,80.0,Pass
872,718,17,20,85.0,Pass
872,719,9,20,45.0,Fail
872,720,11,20,55.0,Pass
873,721,15,20,75.0,Pass
873,722,18,20,90.0,Pass
873,723,19,20,95.0,Pass
873,724,18,20,90.0,Pass
873,725,18,20,90.0,Pass
873,726,9,20,45.0,Fail
873,727,18,20,90.0,Pass
873,728,18,20,90.0,Pass
873,729,16,20,80.0,Pass
873,730,20,20,100.0,Pass
874,731,17,20,85.0,Pass
874,732,12,20,60.0,Pass
874,733,17,20,85.0,Pass
874,734,8,20,40.0,Fail
874,735,13,20,65.0,Pass
874,736,16,20,80.0,Pass
874,737,20,20,100.0,Pass
874,738,8,20,40.0,Fail
874,739,15,20,75.0,Pass
874,740,15,20,75.0,Pass
875,741,16,20,80.0,Pass
875,742,15,20,75.0,Pass
875,743,17,20,85.0,Pass
875,744,19,20,95.0,Pass
875,745,13,20,65.0,Pass
875,746,14,20,70.0,Pass
875,747,13,20,65.0,Pass
875,748,20,20,100.0,Pass
875,749,12,20,60.0,Pass
875,750,12,20,60.0,Pass
876,751,10,20,50.0,Pass
876,752,8,20,40.0,Fail
876,753,19,20,95.0,Pass
876,754,17,20,85.0,Pass
876,755,19,20,95.0,Pass
876,756,12,20,60.0,Pass
876,757,19,20,95.0,Pass
876,758,20,20,100.0,Pass
876,759,17,20,85.0,Pass
876,760,12,20,60.0,Pass
877,761,8,20,40.0,Fail
877,762,18,20,90.0,Pass
877,763,15,20,75.0,Pass
877,764,17,20,85.0,Pass
877,765,10,20,50.0,Pass
877,766,17,20,85.0,Pass
877,767,8,20,40.0,Fail
877,768,18,20,90.0,Pass
877,769,12,20,60.0,Pass
877,770,20,20,100.0,Pass
878,771,19,20,95.0,Pass
878,772,17,20,85.0,Pass
878,773,8,20,40.0,Fail
878,774,12,20,60.0,Pass
878,775,15,20,75.0,Pass
878,776,9,20,45.0,Fail
878,777,10,20,50.0,Pass
878,778,16,20,80.0,Pass
878,779,9,20,45.0,Fail
878,780,20,20,100.0,Pass
879,781,12,20,60.0,Pass
879,782,12,20,60.0,Pass
879,783,10,20,50.0,Pass
879,784,17,20,85.0,Pass
879,785,12,20,60.0,Pass
879,786,12,20,60.0,Pass
879,787,12,20,60.0,Pass
879,788,8,20,40.0,Fail
879,789,19,20,95.0,Pass
879,790,9,20,45.0,Fail
880,791,17,20,85.0,Pass
880,792,10,20,50.0,Pass
880,793,17,20,85.0,Pass
880,794,19,20,95.0,Pass
880,795,10,20,50.0,Pass
880,796,18,20,90.0,Pass
880,797,15,20,75.0,Pass
880,798,13,20,65.0,Pass
880,799,20,20,100.0,Pass
880,800,10,20,50.0,Pass
881,801,12,20,60.0,Pass
881,802,20,20,100.0,Pass
881,803,19,20,95.0,Pass
881,804,11,20,55.0,Pass
881,805,15,20,75.0,Pass
881,806,10,20,50.0,Pass
881,807,20,20,100.0,Pass
881,808,16,20,80.0,Pass
881,809,8,20,40.0,Fail
881,810,13,20,65.0,Pass
882,811,9,20,45.0,Fail
882,812,10,20,50.0,Pass
882,813,17,20,85.0,Pass
882,814,10,20,50.0,Pass
882,815,15,20,75.0,Pass
882,816,20,20,100.0,Pass
882,817,14,20,70.0,Pass
882,818,20,20,100.0,Pass
882,819,14,20,70.0,Pass
882,820,11,20,55.0,Pass
883,821,18,20,90.0,Pass
883,822,15,20,75.0,Pass
883,823,19,20,95.0,Pass
883,824,18,20,90.0,Pass
883,825,10,20,50.0,Pass
883,826,11,20,55.0,Pass
883,827,17,20,85.0,Pass
883,828,19,20,95.0,Pass
883,829,13,20,65.0,Pass
883,830,8,20,40.0,Fail
884,831,18,20,90.0,Pass
884,832,12,20,60.0,Pass
884,833,20,20,100.0,Pass
884,834,9,20,45.0,Fail
884,835,8,20,40.0,Fail
884,836,10,20,50.0,Pass
884,837,15,20,75.0,Pass
884,838,14,20,70.0,Pass
884,839,15,20,75.0,Pass
884,840,12,20,60.0,Pass
885,841,15,20,75.0,Pass
885,842,19,20,95.0,Pass
885,843,20,20,100.0,Pass
885,844,16,20,80.0,Pass
885,845,11,20,55.0,Pass
885,846,14,20,70.0,Pass
885,847,18,20,90.0,Pass
885,848,19,20,95.0,Pass
885,849,14,20,70.0,Pass
885,850,15,20,75.0,Pass
886,851,12,20,60.0,Pass
886,852,10,20,50.0,Pass
886,853,16,20,80.0,Pass
886,854,14,20,70.0,Pass
886,855,8,20,40.0,Fail
886,856,12,20,60.0,Pass
886,857,20,20,100.0,Pass
886,858,15,20,75.0,Pass
886,859,14,20,70.0,Pass
886,860,18,20,90.0,Pass
887,861,13,20,65.0,Pass
887,862,16,20,80.0,Pass
887,863,18,20,90.0,Pass
887,864,8,20,40.0,Fail
887,865,9,20,45.0,Fail
887,866,16,20,80.0,Pass
887,867,18,20,90.0,Pass
887,868,13,20,65.0,Pass
887,869,14,20,70.0,Pass
887,870,17,20,85.0,Pass
888,871,18,20,90.0,Pass
888,872,12,20,60.0,Pass
888,873,13,20,65.0,Pass
888,874,12,20,60.0,Pass
888,875,12,20,60.0,Pass
888,876,20,20,100.0,Pass
888,877,9,20,45.0,Fail
888,878,12,20,60.0,Pass
888,879,18,20,90.0,Pass
888,880,17,20,85.0,Pass
889,881,14,20,70.0,Pass
889,882,15,20,75.0,Pass
889,883,20,20,100.0,Pass
889,884,18,20,90.0,Pass
889,885,19,20,95.0,Pass
889,886,11,20,55.0,Pass
889,887,19,20,95.0,Pass
889,888,18,20,90.0,Pass
889,889,17,20,85.0,Pass
889,890,20,20,100.0,Pass
890,891,11,20,55.0,Pass
890,892,16,20,80.0,Pass
890,893,13,20,65.0,Pass
890,894,18,20,90.0,Pass
890,895,19,20,95.0,Pass
890,896,10,20,50.0,Pass
890,897,13,20,65.0,Pass
890,898,16,20,80.0,Pass
890,899,8,20,40.0,Fail
890,900,18,20,90.0,Pass
891,901,8,20,40.0,Fail
891,902,9,20,45.0,Fail
891,903,8,20,40.0,Fail
891,904,14,20,70.0,Pass
891,905,9,20,45.0,Fail
891,906,16,20,80.0,Pass
891,907,9,20,45.0,Fail
891,908,18,20,90.0,Pass
891,909,15,20,75.0,Pass
891,910,13,20,65.0,Pass
892,911,11,20,55.0,Pass
892,912,19,20,95.0,Pass
892,913,12,20,60.0,Pass
892,914,12,20,60.0,Pass
892,915,11,20,55.0,Pass
892,916,8,20,40.0,Fail
892,917,8,20,40.0,Fail
892,918,17,20,85.0,Pass
892,919,9,20,45.0,Fail
892,920,8,20,40.0,Fail
893,921,17,20,85.0,Pass
893,922,18,20,90.0,Pass
893,923,11,20,55.0,Pass
893,924,17,20,85.0,Pass
893,925,18,20,90.0,Pass
893,926,9,20,45.0,Fail
893,927,19,20,95.0,Pass
893,928,9,20,45.0,Fail
893,929,9,20,45.0,Fail
893,930,17,20,85.0,Pass
894,931,10,20,50.0,Pass
894,932,14,20,70.0,Pass
894,933,18,20,90.0,Pass
894,934,20,20,100.0,Pass
894,935,18,20,90.0,Pass
894,936,17,20,85.0,Pass
894,937,20,20,100.0,Pass
894,938,10,20,50.0,Pass
894,939,9,20,45.0,Fail
894,940,19,20,95.0,Pass
895,941,10,20,50.0,Pass
895,942,12,20,60.0,Pass
895,943,12,20,60.0,Pass
895,944,15,20,75.0,Pass
895,945,18,20,90.0,Pass
895,946,9,20,45.0,Fail
895,947,18,20,90.0,Pass
895,948,15,20,75.0,Pass
895,949,12,20,60.0,Pass
895,950,20,20,100.0,Pass
896,951,14,20,70.0,Pass
896,952,19,20,95.0,Pass
896,953,18,20,90.0,Pass
896,954,20,20,100.0,Pass
896,955,20,20,100.0,Pass
896,956,13,20,65.0,Pass
896,957,12,20,60.0,Pass
896,958,10,20,50.0,Pass
896,959,20,20,100.0,Pass
896,960,9,20,45.0,Fail
897,961,12,20,60.0,Pass
897,962,20,20,100.0,Pass
897,963,8,20,40.0,Fail
897,964,14,20,70.0,Pass
897,965,14,20,70.0,Pass
897,966,13,20,65.0,Pass
897,967,8,20,40.0,Fail
897,968,12,20,60.0,Pass
897,969,12,20,60.0,Pass
897,970,10,20,50.0,Pass
898,971,15,20,75.0,Pass
898,972,9,20,45.0,Fail
898,973,15,20,75.0,Pass
898,974,11,20,55.0,Pass
898,975,17,20,85.0,Pass
898,976,14,20,70.0,Pass
898,977,10,20,50.0,Pass
898,978,18,20,90.0,Pass
898,979,15,20,75.0,Pass
898,980,9,20,45.0,Fail
899,981,10,20,50.0,Pass
899,982,16,20,80.0,Pass
899,983,20,20,100.0,Pass
899,984,14,20,70.0,Pass
899,985,11,20,55.0,Pass
899,986,17,20,85.0,Pass
899,987,18,20,90.0,Pass
899,988,9,20,45.0,Fail
899,989,15,20,75.0,Pass
899,990,19,20,95.0,Pass
900,991,12,20,60.0,Pass
900,992,9,20,45.0,Fail
900,993,8,20,40.0,Fail
900,994,9,20,45.0,Fail
900,995,9,20,45.0,Fail
900,996,17,20,85.0,Pass
900,997,19,20,95.0,Pass
900,998,12,20,60.0,Pass
900,999,20,20,100.0,Pass
900,1000,15,20,75.0,Pass
901,1001,8,20,40.0,Fail
901,1002,15,20,75.0,Pass
901,1003,10,20,50.0,Pass
901,1004,18,20,90.0,Pass
901,1005,18,20,90.0,Pass
901,1006,8,20,40.0,Fail
901,1007,8,20,40.0,Fail
901,1008,18,20,90.0,Pass
901,1009,14,20,70.0,Pass
901,1010,12,20,60.0,Pass
902,1011,10,20,50.0,Pass
902,1012,19,20,95.0,Pass
902,1013,13,20,65.0,Pass
902,1014,14,20,70.0,Pass
902,1015,17,20,85.0,Pass
902,1016,8,20,40.0,Fail
902,1017,16,20,80.0,Pass
902,1018,19,20,95.0,Pass
902,1019,20,20,100.0,Pass
902,1020,15,20,75.0,Pass
903,1021,15,20,75.0,Pass
903,1022,14,20,70.0,Pass
903,1023,14,20,70.0,Pass
903,1024,19,20,95.0,Pass
903,1025,20,20,100.0,Pass
903,1026,20,20,100.0,Pass
903,1027,20,20,100.0,Pass
903,1028,9,20,45.0,Fail
903,1029,16,20,80.0,Pass
903,1030,11,20,55.0,Pass
904,1031,8,20,40.0,Fail
904,1032,14,20,70.0,Pass
904,1033,19,20,95.0,Pass
904,1034,20,20,100.0,Pass
904,1035,15,20,75.0,Pass
904,1036,9,20,45.0,Fail
904,1037,17,20,85.0,Pass
904,1038,16,20,80.0,Pass
904,1039,13,20,65.0,Pass
904,1040,13,20,65.0,Pass
905,1041,18,20,90.0,Pass
905,1042,12,20,60.0,Pass
905,1043,14,20,70.0,Pass
905,1044,8,20,40.0,Fail
905,1045,18,20,90.0,Pass
905,1046,18,20,90.0,Pass
905,1047,9,20,45.0,Fail
905,1048,13,20,65.0,Pass
905,1049,16,20,80.0,Pass
905,1050,13,20,65.0,Pass
906,1051,9,20,45.0,Fail
906,1052,15,20,75.0,Pass
906,1053,20,20,100.0,Pass
906,1054,20,20,100.0,Pass
906,1055,12,20,60.0,Pass
906,1056,18,20,90.0,Pass
906,1057,11,20,55.0,Pass
906,1058,10,20,50.0,Pass
906,1059,16,20,80.0,Pass
906,1060,8,20,40.0,Fail
907,1061,14,20,70.0,Pass
907,1062,18,20,90.0,Pass
907,1063,11,20,55.0,Pass
907,1064,12,20,60.0,Pass
907,1065,19,20,95.0,Pass
907,1066,14,20,70.0,Pass
907,1067,9,20,45.0,Fail
907,1068,18,20,90.0,Pass
907,1069,19,20,95.0,Pass
907,1070,13,20,65.0,Pass
908,1071,15,20,75.0,Pass
908,1072,9,20,45.0,Fail
908,1073,18,20,90.0,Pass
908,1074,15,20,75.0,Pass
908,1075,19,20,95.0,Pass
908,1076,11,20,55.0,Pass
908,1077,10,20,50.0,Pass
908,1078,8,20,40.0,Fail
908,1079,11,20,55.0,Pass
908,1080,8,20,40.0,Fail
909,1081,19,20,95.0,Pass
909,1082,17,20,85.0,Pass
909,1083,11,20,55.0,Pass
909,1084,15,20,75.0,Pass
909,1085,14,20,70.0,Pass
909,1086,9,20,45.0,Fail
909,1087,20,20,100.0,Pass
909,1088,16,20,80.0,Pass
909,1089,18,20,90.0,Pass
909,1090,12,20,60.0,Pass
910,1091,15,20,75.0,Pass
910,1092,16,20,80.0,Pass
910,1093,20,20,100.0,Pass
910,1094,15,20,75.0,Pass
910,1095,8,20,40.0,Fail
910,1096,8,20,40.0,Fail
910,1097,13,20,65.0,Pass
910,1098,8,20,40.0,Fail
910,1099,13,20,65.0,Pass
910,1100,20,20,100.0,Pass
911,1101,19,20,95.0,Pass
911,1102,8,20,40.0,Fail
911,1103,14,20,70.0,Pass
911,1104,9,20,45.0,Fail
911,1105,11,20,55.0,Pass
911,1106,20,20,100.0,Pass
911,1107,18,20,90.0,Pass
911,1108,18,20,90.0,Pass
911,1109,16,20,80.0,Pass
911,1110,15,20,75.0,Pass
912,1111,18,20,90.0,Pass
912,1112,16,20,80.0,Pass
912,1113,10,20,50.0,Pass
912,1114,19,20,95.0,Pass
912,1115,17,20,85.0,Pass
912,1116,11,20,55.0,Pass
912,1117,9,20,45.0,Fail
912,1118,8,20,40.0,Fail
912,1119,19,20,95.0,Pass
912,1120,10,20,50.0,Pass
913,1121,15,20,75.0,Pass
913,1122,18,20,90.0,Pass
913,1123,8,20,40.0,Fail
913,1124,15,20,75.0,Pass
913,1125,17,20,85.0,Pass
913,1126,8,20,40.0,Fail
913,1127,11,20,55.0,Pass
913,1128,19,20,95.0,Pass
913,1129,18,20,90.0,Pass
913,1130,10,20,50.0,Pass
914,1131,8,20,40.0,Fail
914,1132,10,20,50.0,Pass
914,1133,18,20,90.0,Pass
914,1134,8,20,40.0,Fail
914,1135,12,20,60.0,Pass
914,1136,20,20,100.0,Pass
914,1137,9,20,45.0,Fail
914,1138,15,20,75.0,Pass
914,1139,17,20,85.0,Pass
914,1140,10,20,50.0,Pass
915,1141,17,20,85.0,Pass
915,1142,9,20,45.0,Fail
915,1143,9,20,45.0,Fail
915,1144,9,20,45.0,Fail
915,1145,15,20,75.0,Pass
915,1146,17,20,85.0,Pass
915,1147,20,20,100.0,Pass
915,1148,17,20,85.0,Pass
915,1149,11,20,55.0,Pass
915,1150,9,20,45.0,Fail
916,1151,20,20,100.0,Pass
916,1152,11,20,55.0,Pass
916,1153,14,20,70.0,Pass
916,1154,13,20,65.0,Pass
916,1155,20,20,100.0,Pass
916,1156,19,20,95.0,Pass
916,1157,18,20,90.0,Pass
916,1158,14,20,70.0,Pass
916,1159,13,20,65.0,Pass
916,1160,9,20,45.0,Fail
917,1161,18,20,90.0,Pass
917,1162,17,20,85.0,Pass
917,1163,16,20,80.0,Pass
917,1164,10,20,50.0,Pass
917,1165,13,20,65.0,Pass
917,1166,20,20,100.0,Pass
917,1167,11,20,55.0,Pass
917,1168,20,20,100.0,Pass
917,1169,8,20,40.0,Fail
917,1170,17,20,85.0,Pass
918,1171,10,20,50.0,Pass
918,1172,13,20,65.0,Pass
918,1173,9,20,45.0,Fail
918,1174,9,20,45.0,Fail
918,1175,12,20,60.0,Pass
918,1176,10,20,50.0,Pass
918,1177,20,20,100.0,Pass
918,1178,14,20,70.0,Pass
918,1179,10,20,50.0,Pass
918,1180,19,20,95.0,Pass
919,1181,13,20,65.0,Pass
919,1182,16,20,80.0,Pass
919,1183,10,20,50.0,Pass
919,1184,15,20,75.0,Pass
919,1185,11,20,55.0,Pass
919,1186,17,20,85.0,Pass
919,1187,8,20,40.0,Fail
919,1188,10,20,50.0,Pass
919,1189,9,20,45.0,Fail
919,1190,20,20,100.0,Pass
920,1191,18,20,90.0,Pass
920,1192,17,20,85.0,Pass
920,1193,14,20,70.0,Pass
920,1194,20,20,100.0,Pass
920,1195,10,20,50.0,Pass
920,1196,8,20,40.0,Fail
920,1197,15,20,75.0,Pass
920,1198,9,20,45.0,Fail
920,1199,8,20,40.0,Fail
920,1200,8,20,40.0,Fail
921,1201,10,20,50.0,Pass
921,1202,9,20,45.0,Fail
921,1203,19,20,95.0,Pass
921,1204,18,20,90.0,Pass
921,1205,17,20,85.0,Pass
921,1206,12,20,60.0,Pass
921,1207,14,20,70.0,Pass
921,1208,19,20,95.0,Pass
921,1209,20,20,100.0,Pass
921,1210,20,20,100.0,Pass
922,1211,20,20,100.0,Pass
922,1212,15,20,75.0,Pass
922,1213,19,20,95.0,Pass
922,1214,10,20,50.0,Pass
922,1215,11,20,55.0,Pass
922,1216,10,20,50.0,Pass
922,1217,18,20,90.0,Pass
922,1218,12,20,60.0,Pass
922,1219,16,20,80.0,Pass
922,1220,15,20,75.0,Pass
923,1221,14,20,70.0,Pass
923,1222,11,20,55.0,Pass
923,1223,10,20,50.0,Pass
923,1224,17,20,85.0,Pass
923,1225,19,20,95.0,Pass
923,1226,8,20,40.0,Fail
923,1227,17,20,85.0,Pass
923,1228,10,20,50.0,Pass
923,1229,19,20,95.0,Pass
923,1230,15,20,75.0,Pass
924,1231,17,20,85.0,Pass
924,1232,9,20,45.0,Fail
924,1233,18,20,90.0,Pass
924,1234,20,20,100.0,Pass
924,1235,12,20,60.0,Pass
924,1236,13,20,65.0,Pass
924,1237,14,20,70.0,Pass
924,1238,8,20,40.0,Fail
924,1239,16,20,80.0,Pass
924,1240,11,20,55.0,Pass
925,1241,11,20,55.0,Pass
925,1242,9,20,45.0,Fail
925,1243,16,20,80.0,Pass
925,1244,9,20,45.0,Fail
925,1245,17,20,85.0,Pass
925,1246,13,20,65.0,Pass
925,1247,20,20,100.0,Pass
925,1248,16,20,80.0,Pass
925,1249,16,20,80.0,Pass
925,1250,11,20,55.0,Pass
926,1251,15,20,75.0,Pass
926,1252,20,20,100.0,Pass
926,1253,18,20,90.0,Pass
926,1254,18,20,90.0,Pass
926,1255,11,20,55.0,Pass
926,1256,12,20,60.0,Pass
926,1257,8,20,40.0,Fail
926,1258,11,20,55.0,Pass
926,1259,9,20,45.0,Fail
926,1260,20,20,100.0,Pass
927,1261,10,20,50.0,Pass
927,1262,18,20,90.0,Pass
927,1263,15,20,75.0,Pass
927,1264,15,20,75.0,Pass
927,1265,10,20,50.0,Pass
927,1266,10,20,50.0,Pass
927,1267,18,20,90.0,Pass
927,1268,8,20,40.0,Fail
927,1269,8,20,40.0,Fail
927,1270,18,20,90.0,Pass
928,1271,13,20,65.0,Pass
928,1272,12,20,60.0,Pass
928,1273,11,20,55.0,Pass
928,1274,14,20,70.0,Pass
928,1275,12,20,60.0,Pass
928,1276,13,20,65.0,Pass
928,1277,17,20,85.0,Pass
928,1278,20,20,100.0,Pass
928,1279,20,20,100.0,Pass
928,1280,15,20,75.0,Pass
929,1281,8,20,40.0,Fail
929,1282,9,20,45.0,Fail
929,1283,19,20,95.0,Pass
929,1284,8,20,40.0,Fail
929,1285,16,20,80.0,Pass
929,1286,10,20,50.0,Pass
929,1287,10,20,50.0,Pass
929,1288,20,20,100.0,Pass
929,1289,8,20,40.0,Fail
929,1290,15,20,75.0,Pass
930,1291,16,20,80.0,Pass
930,1292,9,20,45.0,Fail
930,1293,9,20,45.0,Fail
930,1294,11,20,55.0,Pass
930,1295,19,20,95.0,Pass
930,1296,15,20,75.0,Pass
930,1297,17,20,85.0,Pass
930,1298,17,20,85.0,Pass
930,1299,13,20,65.0,Pass
930,1300,14,20,70.0,Pass
931,1301,11,20,55.0,Pass
931,1302,19,20,95.0,Pass
931,1303,18,20,90.0,Pass
931,1304,13,20,65.0,Pass
931,1305,11,20,55.0,Pass
931,1306,20,20,100.0,Pass
931,1307,9,20,45.0,Fail
931,1308,13,20,65.0,Pass
931,1309,11,20,55.0,Pass
931,1310,9,20,45.0,Fail
932,1311,11,20,55.0,Pass
932,1312,19,20,95.0,Pass
932,1313,14,20,70.0,Pass
932,1314,11,20,55.0,Pass
932,1315,14,20,70.0,Pass
932,1316,11,20,55.0,Pass
932,1317,9,20,45.0,Fail
932,1318,15,20,75.0,Pass
932,1319,17,20,85.0,Pass
932,1320,15,20,75.0,Pass
933,1321,8,20,40.0,Fail
933,1322,14,20,70.0,Pass
933,1323,10,20,50.0,Pass
933,1324,11,20,55.0,Pass
933,1325,17,20,85.0,Pass
933,1326,15,20,75.0,Pass
933,1327,10,20,50.0,Pass
933,1328,14,20,70.0,Pass
933,1329,13,20,65.0,Pass
933,1330,10,20,50.0,Pass
934,1331,15,20,75.0,Pass
934,1332,19,20,95.0,Pass
934,1333,11,20,55.0,Pass
934,1334,18,20,90.0,Pass
934,1335,13,20,65.0,Pass
934,1336,12,20,60.0,Pass
934,1337,11,20,55.0,Pass
934,1338,13,20,65.0,Pass
934,1339,10,20,50.0,Pass
934,1340,8,20,40.0,Fail
935,1341,19,20,95.0,Pass
935,1342,17,20,85.0,Pass
935,1343,8,20,40.0,Fail
935,1344,12,20,60.0,Pass
935,1345,10,20,50.0,Pass
935,1346,9,20,45.0,Fail
935,1347,15,20,75.0,Pass
935,1348,15,20,75.0,Pass
935,1349,14,20,70.0,Pass
935,1350,10,20,50.0,Pass
936,1351,20,20,100.0,Pass
936,1352,13,20,65.0,Pass
936,1353,11,20,55.0,Pass
936,1354,12,20,60.0,Pass
936,1355,17,20,85.0,Pass
936,1356,10,20,50.0,Pass
936,1357,20,20,100.0,Pass
936,1358,20,20,100.0,Pass
936,1359,18,20,90.0,Pass
936,1360,17,20,85.0,Pass
937,1361,10,20,50.0,Pass
937,1362,17,20,85.0,Pass
937,1363,16,20,80.0,Pass
937,1364,11,20,55.0,Pass
937,1365,9,20,45.0,Fail
937,1366,14,20,70.0,Pass
937,1367,16,20,80.0,Pass
937,1368,15,20,75.0,Pass
937,1369,11,20,55.0,Pass
937,1370,17,20,85.0,Pass
938,1371,15,20,75.0,Pass
938,1372,15,20,75.0,Pass
938,1373,12,20,60.0,Pass
938,1374,8,20,40.0,Fail
938,1375,19,20,95.0,Pass
938,1376,14,20,70.0,Pass
938,1377,19,20,95.0,Pass
938,1378,11,20,55.0,Pass
938,1379,11,20,55.0,Pass
938,1380,13,20,65.0,Pass
939,1381,14,20,70.0,Pass
939,1382,17,20,85.0,Pass
939,1383,11,20,55.0,Pass
939,1384,17,20,85.0,Pass
939,1385,10,20,50.0,Pass
939,1386,17,20,85.0,Pass
939,1387,8,20,40.0,Fail
939,1388,14,20,70.0,Pass
939,1389,8,20,40.0,Fail
939,1390,8,20,40.0,Fail
940,1391,15,20,75.0,Pass
940,1392,19,20,95.0,Pass
940,1393,20,20,100.0,Pass
940,1394,16,20,80.0,Pass
940,1395,8,20,40.0,Fail
940,1396,14,20,70.0,Pass
940,1397,16,20,80.0,Pass
940,1398,14,20,70.0,Pass
940,1399,15,20,75.0,Pass
940,1400,20,20,100.0,Pass
941,1401,20,20,100.0,Pass
941,1402,19,20,95.0,Pass
941,1403,9,20,45.0,Fail
941,1404,15,20,75.0,Pass
941,1405,15,20,75.0,Pass
941,1406,11,20,55.0,Pass
941,1407,9,20,45.0,Fail
941,1408,16,20,80.0,Pass
941,1409,20,20,100.0,Pass
941,1410,8,20,40.0,Fail
942,1411,19,20,95.0,Pass
942,1412,19,20,95.0,Pass
942,1413,14,20,70.0,Pass
942,1414,11,20,55.0,Pass
942,1415,10,20,50.0,Pass
942,1416,13,20,65.0,Pass
942,1417,12,20,60.0,Pass
942,1418,11,20,55.0,Pass
942,1419,18,20,90.0,Pass
942,1420,9,20,45.0,Fail
943,1421,8,20,40.0,Fail
943,1422,15,20,75.0,Pass
943,1423,18,20,90.0,Pass
943,1424,12,20,60.0,Pass
943,1425,10,20,50.0,Pass
943,1426,19,20,95.0,Pass
943,1427,15,20,75.0,Pass
943,1428,17,20,85.0,Pass
943,1429,19,20,95.0,Pass
943,1430,17,20,85.0,Pass
944,1431,8,20,40.0,Fail
944,1432,15,20,75.0,Pass
944,1433,15,20,75.0,Pass
944,1434,20,20,100.0,Pass
944,1435,10,20,50.0,Pass
944,1436,19,20,95.0,Pass
944,1437,14,20,70.0,Pass
944,1438,10,20,50.0,Pass
944,1439,20,20,100.0,Pass
944,1440,13,20,65.0,Pass
945,1441,18,20,90.0,Pass
945,1442,15,20,75.0,Pass
945,1443,19,20,95.0,Pass
945,1444,18,20,90.0,Pass
945,1445,8,20,40.0,Fail
945,1446,18,20,90.0,Pass
945,1447,9,20,45.0,Fail
945,1448,14,20,70.0,Pass
945,1449,19,20,95.0,Pass
945,1450,13,20,65.0,Pass
946,1451,16,20,80.0,Pass
946,1452,8,20,40.0,Fail
946,1453,12,20,60.0,Pass
946,1454,14,20,70.0,Pass
946,1455,20,20,100.0,Pass
946,1456,12,20,60.0,Pass
946,1457,19,20,95.0,Pass
946,1458,17,20,85.0,Pass
946,1459,16,20,80.0,Pass
946,1460,17,20,85.0,Pass
947,1461,20,20,100.0,Pass
947,1462,11,20,55.0,Pass
947,1463,20,20,100.0,Pass
947,1464,18,20,90.0,Pass
947,1465,9,20,45.0,Fail
947,1466,17,20,85.0,Pass
947,1467,13,20,65.0,Pass
947,1468,19,20,95.0,Pass
947,1469,8,20,40.0,Fail
947,1470,16,20,80.0,Pass
948,1471,18,20,90.0,Pass
948,1472,13,20,65.0,Pass
948,1473,8,20,40.0,Fail
948,1474,9,20,45.0,Fail
948,1475,14,20,70.0,Pass
948,1476,13,20,65.0,Pass
948,1477,15,20,75.0,Pass
948,1478,17,20,85.0,Pass
948,1479,8,20,40.0,Fail
948,1480,13,20,65.0,Pass
949,1481,13,20,65.0,Pass
949,1482,10,20,50.0,Pass
949,1483,18,20,90.0,Pass
949,1484,16,20,80.0,Pass
949,1485,19,20,95.0,Pass
949,1486,9,20,45.0,Fail
949,1487,16,20,80.0,Pass
949,1488,19,20,95.0,Pass
949,1489,20,20,100.0,Pass
949,1490,11,20,55.0,Pass
950,1491,10,20,50.0,Pass
950,1492,13,20,65.0,Pass
950,1493,11,20,55.0,Pass
950,1494,16,20,80.0,Pass
950,1495,9,20,45.0,Fail
950,1496,18,20,90.0,Pass
950,1497,15,20,75.0,Pass
950,1498,19,20,95.0,Pass
950,1499,20,20,100.0,Pass
950,1500,17,20,85.0,Pass
951,1501,19,20,95.0,Pass
951,1502,11,20,55.0,Pass
951,1503,20,20,100.0,Pass
951,1504,19,20,95.0,Pass
951,1505,20,20,100.0,Pass
951,1506,11,20,55.0,Pass
951,1507,13,20,65.0,Pass
951,1508,13,20,65.0,Pass
951,1509,12,20,60.0,Pass
951,1510,16,20,80.0,Pass
952,1511,18,20,90.0,Pass
952,1512,14,20,70.0,Pass
952,1513,12,20,60.0,Pass
952,1514,8,20,40.0,Fail
952,1515,9,20,45.0,Fail
952,1516,13,20,65.0,Pass
952,1517,13,20,65.0,Pass
952,1518,15,20,75.0,Pass
952,1519,15,20,75.0,Pass
952,1520,16,20,80.0,Pass
953,1521,16,20,80.0,Pass
953,1522,9,20,45.0,Fail
953,1523,15,20,75.0,Pass
953,1524,19,20,95.0,Pass
953,1525,16,20,80.0,Pass
953,1526,18,20,90.0,Pass
953,1527,16,20,80.0,Pass
953,1528,12,20,60.0,Pass
953,1529,15,20,75.0,Pass
953,1530,17,20,85.0,Pass
954,1531,13,20,65.0,Pass
954,1532,20,20,100.0,Pass
954,1533,18,20,90.0,Pass
954,1534,19,20,95.0,Pass
954,1535,20,20,100.0,Pass
954,1536,9,20,45.0,Fail
954,1537,11,20,55.0,Pass
954,1538,15,20,75.0,Pass
954,1539,9,20,45.0,Fail
954,1540,9,20,45.0,Fail
955,1541,14,20,70.0,Pass
955,1542,10,20,50.0,Pass
955,1543,12,20,60.0,Pass
955,1544,9,20,45.0,Fail
955,1545,9,20,45.0,Fail
955,1546,10,20,50.0,Pass
955,1547,12,20,60.0,Pass
955,1548,9,20,45.0,Fail
955,1549,19,20,95.0,Pass
955,1550,10,20,50.0,Pass
956,1551,15,20,75.0,Pass
956,1552,10,20,50.0,Pass
956,1553,11,20,55.0,Pass
956,1554,16,20,80.0,Pass
956,1555,18,20,90.0,Pass
956,1556,8,20,40.0,Fail
956,1557,12,20,60.0,Pass
956,1558,14,20,70.0,Pass
956,1559,18,20,90.0,Pass
956,1560,16,20,80.0,Pass
957,1561,10,20,50.0,Pass
957,1562,15,20,75.0,Pass
957,1563,13,20,65.0,Pass
957,1564,14,20,70.0,Pass
957,1565,15,20,75.0,Pass
957,1566,19,20,95.0,Pass
957,1567,18,20,90.0,Pass
957,1568,8,20,40.0,Fail
957,1569,12,20,60.0,Pass
957,1570,11,20,55.0,Pass
958,1571,9,20,45.0,Fail
958,1572,8,20,40.0,Fail
958,1573,20,20,100.0,Pass
958,1574,11,20,55.0,Pass
958,1575,16,20,80.0,Pass
958,1576,18,20,90.0,Pass
958,1577,13,20,65.0,Pass
958,1578,14,20,70.0,Pass
958,1579,17,20,85.0,Pass
958,1580,13,20,65.0,Pass
959,1581,18,20,90.0,Pass
959,1582,18,20,90.0,Pass
959,1583,20,20,100.0,Pass
959,1584,13,20,65.0,Pass
959,1585,15,20,75.0,Pass
959,1586,17,20,85.0,Pass
959,1587,18,20,90.0,Pass
959,1588,19,20,95.0,Pass
959,1589,16,20,80.0,Pass
959,1590,16,20,80.0,Pass
960,1591,15,20,75.0,Pass
960,1592,15,20,75.0,Pass
960,1593,12,20,60.0,Pass
960,1594,17,20,85.0,Pass
960,1595,10,20,50.0,Pass
960,1596,20,20,100.0,Pass
960,1597,12,20,60.0,Pass
960,1598,10,20,50.0,Pass
960,1599,20,20,100.0,Pass
960,1600,12,20,60.0,Pass
961,1601,11,20,55.0,Pass
961,1602,15,20,75.0,Pass
961,1603,13,20,65.0,Pass
961,1604,12,20,60.0,Pass
961,1605,20,20,100.0,Pass
961,1606,8,20,40.0,Fail
961,1607,10,20,50.0,Pass
961,1608,13,20,65.0,Pass
961,1609,12,20,60.0,Pass
961,1610,15,20,75.0,Pass
962,1611,10,20,50.0,Pass
962,1612,17,20,85.0,Pass
962,1613,10,20,50.0,Pass
962,1614,19,20,95.0,Pass
962,1615,16,20,80.0,Pass
962,1616,12,20,60.0,Pass
962,1617,10,20,50.0,Pass
962,1618,10,20,50.0,Pass
962,1619,19,20,95.0,Pass
962,1620,19,20,95.0,Pass
963,1621,18,20,90.0,Pass
963,1622,20,20,100.0,Pass
963,1623,10,20,50.0,Pass
963,1624,10,20,50.0,Pass
963,1625,11,20,55.0,Pass
963,1626,9,20,45.0,Fail
963,1627,8,20,40.0,Fail
963,1628,13,20,65.0,Pass
963,1629,17,20,85.0,Pass
963,1630,10,20,50.0,Pass
964,1631,15,20,75.0,Pass
964,1632,12,20,60.0,Pass
964,1633,13,20,65.0,Pass
964,1634,10,20,50.0,Pass
964,1635,11,20,55.0,Pass
964,1636,16,20,80.0,Pass
964,1637,19,20,95.0,Pass
964,1638,8,20,40.0,Fail
964,1639,18,20,90.0,Pass
964,1640,13,20,65.0,Pass
965,1641,13,20,65.0,Pass
965,1642,10,20,50.0,Pass
965,1643,13,20,65.0,Pass
965,1644,15,20,75.0,Pass
965,1645,16,20,80.0,Pass
965,1646,10,20,50.0,Pass
965,1647,16,20,80.0,Pass
965,1648,12,20,60.0,Pass
965,1649,9,20,45.0,Fail
965,1650,8,20,40.0,Fail
966,1651,14,20,70.0,Pass
966,1652,15,20,75.0,Pass
966,1653,20,20,100.0,Pass
966,1654,10,20,50.0,Pass
966,1655,15,20,75.0,Pass
966,1656,13,20,65.0,Pass
966,1657,10,20,50.0,Pass
966,1658,8,20,40.0,Fail
966,1659,19,20,95.0,Pass
966,1660,16,20,80.0,Pass
967,1661,16,20,80.0,Pass
967,1662,13,20,65.0,Pass
967,1663,18,20,90.0,Pass
967,1664,19,20,95.0,Pass
967,1665,12,20,60.0,Pass
967,1666,15,20,75.0,Pass
967,1667,12,20,60.0,Pass
967,1668,20,20,100.0,Pass
967,1669,17,20,85.0,Pass
967,1670,18,20,90.0,Pass
968,1671,10,20,50.0,Pass
968,1672,20,20,100.0,Pass
968,1673,17,20,85.0,Pass
968,1674,19,20,95.0,Pass
968,1675,15,20,75.0,Pass
968,1676,13,20,65.0,Pass
968,1677,19,20,95.0,Pass
968,1678,9,20,45.0,Fail
968,1679,19,20,95.0,Pass
968,1680,15,20,75.0,Pass
969,1681,8,20,40.0,Fail
969,1682,10,20,50.0,Pass
969,1683,18,20,90.0,Pass
969,1684,16,20,80.0,Pass
969,1685,9,20,45.0,Fail
969,1686,12,20,60.0,Pass
969,1687,8,20,40.0,Fail
969,1688,14,20,70.0,Pass
969,1689,17,20,85.0,Pass
969,1690,11,20,55.0,Pass
970,1691,15,20,75.0,Pass
970,1692,13,20,65.0,Pass
970,1693,9,20,45.0,Fail
970,1694,13,20,65.0,Pass
970,1695,8,20,40.0,Fail
970,1696,17,20,85.0,Pass
970,1697,18,20,90.0,Pass
970,1698,11,20,55.0,Pass
970,1699,17,20,85.0,Pass
970,1700,16,20,80.0,Pass
971,1701,11,20,55.0,Pass
971,1702,20,20,100.0,Pass
971,1703,20,20,100.0,Pass
971,1704,12,20,60.0,Pass
971,1705,11,20,55.0,Pass
971,1706,8,20,40.0,Fail
971,1707,9,20,45.0,Fail
971,1708,16,20,80.0,Pass
971,1709,15,20,75.0,Pass
971,1710,18,20,90.0,Pass
972,1711,18,20,90.0,Pass
972,1712,9,20,45.0,Fail
972,1713,16,20,80.0,Pass
972,1714,14,20,70.0,Pass
972,1715,11,20,55.0,Pass
972,1716,15,20,75.0,Pass
972,1717,13,20,65.0,Pass
972,1718,17,20,85.0,Pass
972,1719,17,20,85.0,Pass
972,1720,16,20,80.0,Pass
973,1721,8,20,40.0,Fail
973,1722,18,20,90.0,Pass
973,1723,13,20,65.0,Pass
973,1724,14,20,70.0,Pass
973,1725,10,20,50.0,Pass
973,1726,19,20,95.0,Pass
973,1727,14,20,70.0,Pass
973,1728,13,20,65.0,Pass
973,1729,14,20,70.0,Pass
973,1730,13,20,65.0,Pass
974,1731,8,20,40.0,Fail
974,1732,12,20,60.0,Pass
974,1733,13,20,65.0,Pass
974,1734,13,20,65.0,Pass
974,1735,12,20,60.0,Pass
974,1736,15,20,75.0,Pass
974,1737,16,20,80.0,Pass
974,1738,9,20,45.0,Fail
974,1739,11,20,55.0,Pass
974,1740,19,20,95.0,Pass
975,1741,15,20,75.0,Pass
975,1742,19,20,95.0,Pass
975,1743,14,20,70.0,Pass
975,1744,20,20,100.0,Pass
975,1745,15,20,75.0,Pass
975,1746,12,20,60.0,Pass
975,1747,10,20,50.0,Pass
975,1748,20,20,100.0,Pass
975,1749,19,20,95.0,Pass
975,1750,14,20,70.0,Pass
976,1751,19,20,95.0,Pass
976,1752,14,20,70.0,Pass
976,1753,10,20,50.0,Pass
976,1754,17,20,85.0,Pass
976,1755,17,20,85.0,Pass
976,1756,9,20,45.0,Fail
976,1757,10,20,50.0,Pass
976,1758,11,20,55.0,Pass
976,1759,12,20,60.0,Pass
976,1760,15,20,75.0,Pass
977,1761,16,20,80.0,Pass
977,1762,13,20,65.0,Pass
977,1763,9,20,45.0,Fail
977,1764,17,20,85.0,Pass
977,1765,20,20,100.0,Pass
977,1766,14,20,70.0,Pass
977,1767,9,20,45.0,Fail
977,1768,8,20,40.0,Fail
977,1769,14,20,70.0,Pass
977,1770,18,20,90.0,Pass
978,1771,12,20,60.0,Pass
978,1772,14,20,70.0,Pass
978,1773,10,20,50.0,Pass
978,1774,16,20,80.0,Pass
978,1775,15,20,75.0,Pass
978,1776,19,20,95.0,Pass
978,1777,17,20,85.0,Pass
978,1778,20,20,100.0,Pass
978,1779,10,20,50.0,Pass
978,1780,11,20,55.0,Pass
979,1781,10,20,50.0,Pass
979,1782,14,20,70.0,Pass
979,1783,12,20,60.0,Pass
979,1784,16,20,80.0,Pass
979,1785,15,20,75.0,Pass
979,1786,8,20,40.0,Fail
979,1787,12,20,60.0,Pass
979,1788,17,20,85.0,Pass
979,1789,12,20,60.0,Pass
979,1790,15,20,75.0,Pass
980,1791,16,20,80.0,Pass
980,1792,19,20,95.0,Pass
980,1793,15,20,75.0,Pass
980,1794,11,20,55.0,Pass
980,1795,8,20,40.0,Fail
980,1796,20,20,100.0,Pass
980,1797,8,20,40.0,Fail
980,1798,10,20,50.0,Pass
980,1799,12,20,60.0,Pass
980,1800,12,20,60.0,Pass
981,1801,18,20,90.0,Pass
981,1802,18,20,90.0,Pass
981,1803,15,20,75.0,Pass
981,1804,9,20,45.0,Fail
981,1805,18,20,90.0,Pass
981,1806,18,20,90.0,Pass
981,1807,12,20,60.0,Pass
981,1808,14,20,70.0,Pass
981,1809,10,20,50.0,Pass
981,1810,15,20,75.0,Pass
982,1811,19,20,95.0,Pass
982,1812,18,20,90.0,Pass
982,1813,11,20,55.0,Pass
982,1814,8,20,40.0,Fail
982,1815,9,20,45.0,Fail
982,1816,20,20,100.0,Pass
982,1817,12,20,60.0,Pass
982,1818,15,20,75.0,Pass
982,1819,9,20,45.0,Fail
982,1820,17,20,85.0,Pass
983,1821,19,20,95.0,Pass
983,1822,13,20,65.0,Pass
983,1823,17,20,85.0,Pass
983,1824,15,20,75.0,Pass
983,1825,17,20,85.0,Pass
983,1826,14,20,70.0,Pass
983,1827,12,20,60.0,Pass
983,1828,18,20,90.0,Pass
983,1829,18,20,90.0,Pass
983,1830,15,20,75.0,Pass
984,1831,19,20,95.0,Pass
984,1832,9,20,45.0,Fail
984,1833,13,20,65.0,Pass
984,1834,16,20,80.0,Pass
984,1835,19,20,95.0,Pass
984,1836,17,20,85.0,Pass
984,1837,8,20,40.0,Fail
984,1838,12,20,60.0,Pass
984,1839,10,20,50.0,Pass
984,1840,17,20,85.0,Pass
985,1841,8,20,40.0,Fail
985,1842,10,20,50.0,Pass
985,1843,13,20,65.0,Pass
985,1844,15,20,75.0,Pass
985,1845,19,20,95.0,Pass
985,1846,10,20,50.0,Pass
985,1847,13,20,65.0,Pass
985,1848,10,20,50.0,Pass
985,1849,8,20,40.0,Fail
985,1850,12,20,60.0,Pass
986,1851,13,20,65.0,Pass
986,1852,14,20,70.0,Pass
986,1853,18,20,90.0,Pass
986,1854,13,20,65.0,Pass
986,1855,8,20,40.0,Fail
986,1856,12,20,60.0,Pass
986,1857,12,20,60.0,Pass
986,1858,16,20,80.0,Pass
986,1859,18,20,90.0,Pass
986,1860,9,20,45.0,Fail
987,1861,16,20,80.0,Pass
987,1862,11,20,55.0,Pass
987,1863,20,20,100.0,Pass
987,1864,18,20,90.0,Pass
987,1865,10,20,50.0,Pass
987,1866,20,20,100.0,Pass
987,1867,9,20,45.0,Fail
987,1868,17,20,85.0,Pass
987,1869,20,20,100.0,Pass
987,1870,10,20,50.0,Pass
988,1871,16,20,80.0,Pass
988,1872,13,20,65.0,Pass
988,1873,13,20,65.0,Pass
988,1874,18,20,90.0,Pass
988,1875,20,20,100.0,Pass
988,1876,12,20,60.0,Pass
988,1877,12,20,60.0,Pass
988,1878,18,20,90.0,Pass
988,1879,19,20,95.0,Pass
988,1880,19,20,95.0,Pass
989,1881,13,20,65.0,Pass
989,1882,9,20,45.0,Fail
989,1883,16,20,80.0,Pass
989,1884,17,20,85.0,Pass
989,1885,13,20,65.0,Pass
989,1886,10,20,50.0,Pass
989,1887,8,20,40.0,Fail
989,1888,10,20,50.0,Pass
989,1889,16,20,80.0,Pass
989,1890,12,20,60.0,Pass
990,1891,13,20,65.0,Pass
990,1892,20,20,100.0,Pass
990,1893,15,20,75.0,Pass
990,1894,14,20,70.0,Pass
990,1895,13,20,65.0,Pass
990,1896,10,20,50.0,Pass
990,1897,9,20,45.0,Fail
990,1898,11,20,55.0,Pass
990,1899,10,20,50.0,Pass
990,1900,16,20,80.0,Pass
991,1901,11,20,55.0,Pass
991,1902,11,20,55.0,Pass
991,1903,20,20,100.0,Pass
991,1904,16,20,80.0,Pass
991,1905,17,20,85.0,Pass
991,1906,19,20,95.0,Pass
991,1907,16,20,80.0,Pass
991,1908,16,20,80.0,Pass
991,1909,19,20,95.0,Pass
991,1910,16,20,80.0,Pass
992,1911,19,20,95.0,Pass
992,1912,20,20,100.0,Pass
992,1913,20,20,100.0,Pass
992,1914,9,20,45.0,Fail
992,1915,14,20,70.0,Pass
992,1916,15,20,75.0,Pass
992,1917,9,20,45.0,Fail
992,1918,9,20,45.0,Fail
992,1919,10,20,50.0,Pass
992,1920,8,20,40.0,Fail
993,1921,15,20,75.0,Pass
993,1922,13,20,65.0,Pass
993,1923,12,20,60.0,Pass
993,1924,19,20,95.0,Pass
993,1925,13,20,65.0,Pass
993,1926,10,20,50.0,Pass
993,1927,15,20,75.0,Pass
993,1928,17,20,85.0,Pass
993,1929,16,20,80.0,Pass
993,1930,20,20,100.0,Pass
994,1931,13,20,65.0,Pass
994,1932,10,20,50.0,Pass
994,1933,19,20,95.0,Pass
994,1934,12,20,60.0,Pass
994,1935,8,20,40.0,Fail
994,1936,19,20,95.0,Pass
994,1937,9,20,45.0,Fail
994,1938,11,20,55.0,Pass
994,1939,10,20,50.0,Pass
994,1940,19,20,95.0,Pass
995,1941,10,20,50.0,Pass
995,1942,19,20,95.0,Pass
995,1943,11,20,55.0,Pass
995,1944,12,20,60.0,Pass
995,1945,10,20,50.0,Pass
995,1946,11,20,55.0,Pass
995,1947,10,20,50.0,Pass
995,1948,9,20,45.0,Fail
995,1949,14,20,70.0,Pass
995,1950,19,20,95.0,Pass
996,1951,20,20,100.0,Pass
996,1952,20,20,100.0,Pass
996,1953,9,20,45.0,Fail
996,1954,9,20,45.0,Fail
996,1955,8,20,40.0,Fail
996,1956,20,20,100.0,Pass
996,1957,15,20,75.0,Pass
996,1958,20,20,100.0,Pass
996,1959,14,20,70.0,Pass
996,1960,8,20,40.0,Fail
997,1961,11,20,55.0,Pass
997,1962,9,20,45.0,Fail
997,1963,8,20,40.0,Fail
997,1964,20,20,100.0,Pass
997,1965,18,20,90.0,Pass
997,1966,16,20,80.0,Pass
997,1967,17,20,85.0,Pass
997,1968,8,20,40.0,Fail
997,1969,15,20,75.0,Pass
997,1970,9,20,45.0,Fail
998,1971,12,20,60.0,Pass
998,1972,8,20,40.0,Fail
998,1973,9,20,45.0,Fail
998,1974,12,20,60.0,Pass
998,1975,18,20,90.0,Pass
998,1976,8,20,40.0,Fail
998,1977,20,20,100.0,Pass
998,1978,9,20,45.0,Fail
998,1979,20,20,100.0,Pass
998,1980,9,20,45.0,Fail
999,1981,17,20,85.0,Pass
999,1982,11,20,55.0,Pass
999,1983,17,20,85.0,Pass
999,1984,11,20,55.0,Pass
999,1985,10,20,50.0,Pass
999,1986,18,20,90.0,Pass
999,1987,13,20,65.0,Pass
999,1988,8,20,40.0,Fail
999,1989,9,20,45.0,Fail
999,1990,10,20,50.0,Pass
1000,1991,19,20,95.0,Pass
1000,1992,12,20,60.0,Pass
1000,1993,17,20,85.0,Pass
1000,1994,13,20,65.0,Pass
1000,1995,13,20,65.0,Pass
1000,1996,10,20,50.0,Pass
1000,1997,16,20,80.0,Pass
1000,1998,20,20,100.0,Pass
1000,1999,19,20,95.0,Pass
1000,2000,17,20,85.0,Pass
